code,label,imgid
00032831,makeup,1
0020714434878,makeup,1
0022796170156,haircare,3
0022796907240,haircare,1
0024057330590,makeup,1
0033000000954,makeup,1
0050051275131,skincare,2
0057800115816,skincare,2
0062600061065,skincare,1
0062600061515,skincare,1
0074170410556,makeup,1
0074170410952,makeup,1
0079400204370,haircare,2
0083800034284,skincare,2
0085805141943,skincare,1
0095008000978,makeup,2
0095008006246,makeup,1
0095008012872,makeup,1
0187132005247,haircare,1
0200030071050,haircare,3
0309975415018,makeup,1
0309977755006,makeup,1
0309978695325,haircare,1
0633911680032,haircare,3
0663350062854,haircare,1
0718334337432,skincare,2
07372186,skincare,1
0743877050630,haircare,1
0761828223308,haircare,2
07812133,skincare,2
0792850260009,skincare,8
0800897813727,makeup,7
0809219600267,haircare,3
0816820020711,haircare,1
0850629004107,haircare,2
0856642006104,haircare,1
08716491,skincare,2
09300507,skincare,1
12472482,skincare,1
13044211,makeup,1
1662937001575,skincare,1
1705770101177,haircare,1
1705770101184,haircare,2
2000000000043,makeup,1
2016316099995,skincare,2
2017017699996,skincare,1
2020408899998,makeup,1
2020619799995,makeup,1
2029204899997,makeup,1
20220464,haircare,2
20250867,haircare,1
20460938,haircare,2
20532734,skincare,1
20561765,haircare,2
20825430,haircare,1
2528318287336,makeup,1
26020358,makeup,2
26023038,skincare,1
26023069,haircare,2
26023229,skincare,2
26023717,skincare,2
29023295,haircare,1
29024353,skincare,1
3001000012502,haircare,2
30090910,makeup,1
30096189,skincare,2
3014230501524,haircare,2
3014230560019,haircare,1
3017563120998,skincare,1
3017566000495,skincare,2
3017566540014,makeup,1
3017568014094,makeup,1
3031443128003,skincare,1
3031449341550,makeup,2
3040690661546,skincare,2
3040690666015,makeup,2
3040690666022,skincare,2
3040690666206,skincare,2
3040690666213,skincare,2
3040690666220,skincare,2
3040690666237,skincare,2
3040690666244,skincare,2
3052503155104,makeup,1
3052503230467,makeup,1
3052503281315,skincare,2
3052503531281,makeup,2
3052503532301,makeup,1
3052503533902,makeup,1
3052503706283,makeup,2
3052503790909,makeup,1
3052503791029,makeup,1
3052503810393,makeup,2
3052503900674,makeup,3
3052503901602,makeup,3
3052505050339,makeup,1
3054080034377,haircare,2
3054080071105,skincare,1
3058320006001,skincare,2
3058320010176,haircare,2
3059944150002,skincare,2
3140100143058,haircare,5
3140100143089,haircare,2
3140100143119,haircare,1
3140100179347,haircare,2
3140100187342,haircare,2
3140100246506,haircare,2
3140100249194,haircare,2
3140100251197,haircare,2
3140100251296,haircare,2
3140100261301,haircare,2
3140100261318,haircare,2
3140100261325,haircare,2
3140100261349,haircare,2
3140100289343,haircare,2
3140100290202,haircare,1
3140100320916,haircare,2
3140100320923,haircare,2
3140100325713,haircare,1
3140100336979,haircare,2
3140100339581,haircare,2
3140100339598,haircare,2
3140100339604,haircare,2
3140100345902,haircare,2
3140100349689,haircare,2
3140100349849,haircare,2
3140700780868,haircare,2
3141380013000,skincare,1
3145891594553,makeup,2
3160920965005,haircare,2
3160920965012,haircare,1
3178040253070,skincare,2
3178040395329,haircare,4
3178040429949,haircare,1
3178040433809,skincare,2
3178040512832,haircare,2
3178040554931,skincare,3
3178040567207,haircare,5
3178040567283,haircare,2
3178040639898,haircare,4
3178040643819,haircare,3
3178040643826,haircare,3
3178040646452,haircare,2
3178040663312,haircare,3
3178040663329,haircare,4
3178040667518,haircare,2
3178040667600,haircare,2
3178040669536,haircare,1
3178040675278,haircare,2
3178040678811,haircare,2
3178040678859,haircare,2
3178040678866,haircare,2
3178040678873,haircare,4
3178040678880,haircare,2
3178040678897,haircare,2
3178040680876,skincare,1
3178040682405,haircare,1
3178040683167,haircare,2
3178040683822,haircare,2
3178040687059,haircare,1
3178040687790,skincare,5
3178040688513,haircare,2
3178040694149,skincare,2
3178040694156,skincare,2
3178040695160,skincare,2
3178040695627,haircare,2
3178040695825,haircare,4
3178040699021,skincare,2
3178041301145,haircare,2
3178041301404,haircare,2
3178041301534,haircare,1
3178041302036,haircare,4
3178041302104,skincare,1
3178041302111,skincare,1
3178041302135,skincare,2
3178041302531,haircare,2
3178041302579,haircare,2
3178041302586,haircare,2
3178041302630,haircare,3
3178041302654,haircare,1
3178041307116,skincare,1
3178041307147,haircare,1
3178041307505,haircare,2
3178041308076,haircare,2
3178041308410,skincare,2
3178041308694,haircare,3
3178041308922,haircare,2
3178041308939,haircare,3
3178041308960,haircare,10
3178041309011,haircare,2
3178041309097,haircare,2
3178041309127,haircare,3
3178041309134,haircare,2
3178041309578,haircare,2
3178041310062,haircare,1
3178041310642,haircare,8
3178041310994,haircare,4
3178041315098,haircare,3
3178041315319,haircare,2
3178041315494,skincare,2
3178041315791,haircare,2
3178041315807,haircare,2
3178041315814,haircare,2
3178041316323,haircare,5
3178041320221,haircare,2
3178041324090,skincare,2
3178064429628,haircare,2
3178514699564,haircare,2
3194660504293,skincare,1
3213844848777,haircare,1
3215660760127,skincare,2
3215661210041,haircare,1
3215661900010,haircare,2
3215666800018,haircare,1
3215666800049,haircare,1
3215666800070,haircare,1
3215666800087,haircare,2
3215666810048,haircare,2
3222471795187,haircare,2
3222472131434,haircare,1
3222472192787,skincare,2
3222474495312,haircare,1
3222475131356,skincare,1
3222475444654,haircare,1
3222475571121,haircare,1
3224055887493,skincare,2
3245411903237,haircare,2
3245678566909,makeup,2
3245678567159,makeup,2
3245678622582,skincare,3
3250390320678,haircare,2
3250390320807,skincare,2
3250390786122,haircare,2
3250391151844,haircare,2
3250391151905,haircare,2
3250391292790,haircare,2
3250391375318,haircare,2
3250391375349,haircare,2
3250391375370,haircare,2
3250391378012,haircare,2
3250391473700,haircare,2
3250391551071,skincare,2
3250391561919,skincare,1
3250391663682,haircare,2
3250391729715,haircare,1
3250391906611,haircare,2
3250391906642,skincare,2
3250391965762,makeup,2
3250391966806,haircare,1
3250392119423,haircare,2
3250392119485,haircare,2
3251241025605,skincare,1
3251241034775,skincare,3
3251241035130,haircare,1
3251241035154,haircare,2
3251241042053,skincare,1
3251241047676,haircare,1
3251241047966,haircare,1
3253581171820,skincare,1
3253581271155,haircare,2
3253581329832,makeup,2
3253581344873,skincare,1
3256221674286,haircare,2
3256223379622,haircare,1
3256224043997,haircare,1
3256224359203,skincare,1
3256224359418,skincare,2
3257980578938,haircare,1
3257981609006,haircare,2
3257982124898,haircare,2
3257982124935,haircare,2
3257982124980,haircare,2
3257982124997,haircare,2
3257982125000,haircare,2
3257982125017,haircare,2
3257982125024,haircare,2
3257983554489,skincare,1
3257984523514,haircare,2
3257984523521,skincare,2
3263855630229,haircare,2
3263855723228,skincare,2
3263855728919,skincare,2
3263855750729,skincare,2
3263855774114,haircare,2
3263855774213,haircare,2
3263855775333,haircare,2
3263855778518,skincare,2
3264680005206,haircare,4
3264680005589,skincare,1
3264680005619,skincare,2
3267822113135,haircare,2
3267822213132,haircare,2
3267822363134,haircare,1
3274872307001,makeup,1
3282770014112,skincare,1
3282770038965,haircare,1
3282770072907,skincare,1
3282770073478,skincare,3
3282770073676,haircare,2
3282770073782,haircare,3
3282770107739,haircare,2
3282779007504,haircare,1
3282779008686,haircare,1
3282779021197,skincare,1
3282779042673,skincare,1
3282779049535,haircare,1
3282779051200,haircare,3
3282779059848,skincare,1
3282779062671,haircare,2
3282779168519,skincare,1
3282779178624,skincare,1
3282779214490,haircare,2
3282779233699,haircare,1
3282779316392,skincare,1
3282779326834,haircare,1
3282779337526,skincare,1
3282779363815,skincare,2
3282779420716,skincare,1
3283950080057,skincare,2
3283950910910,skincare,2
3283950912594,haircare,2
3283950914819,skincare,2
3283950914826,skincare,2
3283950916776,skincare,2
3284410022129,skincare,1
3284410034917,skincare,2
3291960003508,haircare,1
3323037743588,makeup,1
3327520002855,haircare,2
3329310002113,skincare,2
3331300090987,skincare,2
3331300091229,skincare,1
3331300096460,skincare,2
3331849003820,skincare,1
3337872410345,skincare,3
3337872414145,skincare,1
3337872414527,skincare,1
3337873401243,skincare,1
3337875491419,skincare,1
3346470611016,skincare,1
3346470612020,skincare,1
3346470612068,skincare,1
3348070010572,haircare,1
3348070010602,haircare,1
3348070010633,haircare,1
3350031684692,skincare,2
3350031684708,skincare,2
3350031684722,skincare,2
3350031684739,skincare,2
3350031898143,skincare,3
3355312106528,haircare,1
3355312106610,haircare,1
3355312147125,haircare,2
3361370627073,skincare,1
3378872028321,makeup,1
3378872050919,makeup,1
3378872050933,makeup,1
3378872050940,makeup,2
3378872056225,makeup,1
3378872057529,makeup,2
3378872066927,makeup,2
3378872073369,makeup,1
3378872073673,makeup,2
3378872073697,makeup,1
3378872073703,makeup,2
3378872083498,skincare,1
3378872085201,makeup,1
3378872088813,makeup,1
3378872100072,skincare,1
3378872105329,skincare,1
3380380048043,haircare,3
3380380048081,haircare,1
3380380072734,haircare,2
3380390901154,haircare,2
3380810149661,skincare,1
3380810194784,skincare,4
3380811094106,skincare,1
3380811164106,skincare,1
3380813064107,skincare,3
3401347507264,haircare,2
3401353689053,skincare,1
3401360003750,skincare,2
3401360193208,skincare,3
3401397163496,skincare,5
3401563226963,haircare,3
3401597601613,haircare,2
3415900031448,skincare,1
3415900031462,skincare,1
3415900031479,skincare,2
3426354084935,haircare,2
3426354085017,haircare,1
3426354085024,haircare,1
3426354085031,haircare,2
3426354085994,haircare,1
3440814204596,skincare,1
3450601021978,haircare,2
3450601022036,haircare,1
3450870021136,haircare,1
3450970118651,haircare,2
3455270841216,haircare,1
3461922010206,haircare,2
3464660002021,haircare,1
3466761799381,makeup,1
3466762030414,skincare,1
3466762096038,skincare,1
3466762096045,skincare,1
3466762096069,skincare,1
3468080001718,skincare,1
3468080108325,skincare,1
3468080141001,haircare,2
3468080141261,haircare,3
3468080150157,haircare,2
3470320200317,haircare,2
3470860003201,haircare,1
3474393011085,makeup,1
3474393019470,makeup,2
3474394100009,makeup,1
3474630098251,haircare,1
3474630128903,haircare,2
3474630283626,haircare,1
3474630288072,haircare,2
3474630478244,haircare,1
3474630515499,haircare,4
3474630515628,haircare,3
3474630527584,haircare,1
3474630535053,haircare,2
3474630618435,haircare,1
3474630627017,haircare,2
3474630643161,haircare,3
3474630644786,haircare,4
3474630648456,haircare,4
3474630714601,haircare,1
3474635000952,haircare,1
3474636265558,haircare,2
3474636382842,haircare,2
3474636382880,haircare,5
3478820303453,skincare,1
3478821111033,haircare,2
3489940049237,haircare,1
3489940049251,haircare,3
3489940070569,haircare,6
3504105028312,skincare,1
3504108012936,skincare,3
3504108012950,skincare,3
3506770302001,skincare,2
3506770303015,skincare,2
3506770501008,skincare,2
3511720117970,skincare,1
3511720118908,skincare,1
3511720118915,skincare,1
3515775772108,haircare,2
3516170022751,skincare,2
3517360003314,skincare,1
3517360005998,skincare,2
3517360006162,skincare,2
3517360009552,haircare,2
3517360010831,makeup,1
3517360012538,haircare,1
3517360012743,skincare,1
3517360014327,makeup,2
3518301023132,skincare,1
3518646023415,haircare,1
3522930001577,skincare,2
3522930001812,skincare,1
3522930003526,skincare,1
3522930003731,haircare,2
3522932031787,skincare,2
3528280070706,skincare,3
3538394612730,haircare,1
3538394612839,haircare,2
3538394612938,haircare,2
3538394920033,haircare,1
3545234101019,makeup,1
3549620003093,skincare,2
3549620008203,haircare,2
3549620008227,haircare,1
3549620008265,haircare,3
3549620008296,haircare,1
3549620008302,haircare,2
3549620008319,haircare,2
3549620008333,haircare,1
3549620009033,skincare,1
3560070211623,haircare,2
3560070397921,haircare,2
3560070559008,haircare,2
3560070623693,skincare,2
3560070626274,skincare,3
3560070627714,haircare,9
3560070627950,haircare,2
3560070630776,haircare,2
3560070673018,skincare,2
3560070815470,haircare,2
3560070848621,skincare,1
3560070848898,skincare,2
3560070860425,haircare,1
3560070860517,haircare,2
3560070878888,skincare,2
3560070881253,skincare,6
3560070881581,skincare,1
3560070881673,skincare,3
3560070882090,skincare,1
3560070885466,haircare,3
3560070890330,skincare,1
3560070890637,skincare,2
3560070892662,makeup,2
3560070900336,haircare,3
3560070900367,haircare,3
3560070902675,haircare,3
3560070902736,haircare,2
3560070902798,haircare,2
3560070902828,haircare,2
3560070911370,haircare,2
3560070922208,haircare,6
3560070922963,haircare,2
3560070922994,haircare,2
3560070923021,haircare,2
3560070924165,makeup,3
3560070946730,haircare,2
3560070947607,haircare,2
3560070950461,haircare,2
3560070955039,skincare,3
3560070957934,skincare,2
3560070968862,haircare,1
3560070968985,haircare,4
3560070969012,haircare,1
3560070969104,haircare,1
3560070969135,haircare,1
3560070969166,haircare,2
3560070969197,haircare,2
3560070969227,haircare,1
3560071004781,skincare,1
3564700091395,haircare,2
3564700091449,haircare,2
3564700193358,haircare,2
356470043578602,haircare,1
3564700555521,skincare,1
3564700555644,skincare,1
3564700556009,skincare,2
3564700585054,haircare,1
3564700701096,haircare,1
3564700718513,haircare,2
3564700799598,haircare,1
3564700877739,haircare,7
3567730300147,haircare,1
3567730300185,haircare,7
3567730300239,haircare,1
3567730300246,haircare,2
3567730300253,haircare,2
3567730300260,haircare,2
3567730300420,haircare,2
3567730300437,haircare,1
3567730300444,haircare,2
3574660219623,skincare,3
3574660422542,skincare,1
3574660536522,haircare,2
3574661005904,haircare,2
3574661007113,haircare,1
3574661039060,haircare,2
3574661104874,haircare,1
3574661133102,haircare,2
3574661188751,haircare,2
3574661214771,skincare,2
3574661215341,skincare,2
3574661239279,makeup,2
3574661239439,makeup,2
3574661309682,haircare,2
3574661344621,haircare,2
3574661369426,skincare,1
3579488141491,skincare,1
3583788491132,skincare,1
3595899646028,skincare,2
3596205152127,haircare,1
3596205152158,haircare,2
3596209532659,skincare,1
3596710218370,haircare,2
3596710313389,haircare,2
3596710313419,haircare,2
3596710326969,haircare,2
3596710332571,skincare,2
3596710369614,haircare,2
3596710369621,haircare,2
3596710369645,haircare,1
3596710369683,haircare,1
3596710369928,skincare,2
3596710387076,haircare,2
3596710392391,haircare,2
3596710403936,skincare,2
3596710410095,haircare,2
3600520752327,haircare,1
3600520779324,makeup,1
3600520962788,haircare,2
3600520977775,haircare,4
3600521137888,haircare,1
3600521249390,skincare,1
3600521293850,skincare,1
3600521324424,haircare,2
3600521425053,skincare,2
3600521706022,haircare,2
3600521830147,haircare,3
3600521830444,haircare,1
3600521851722,haircare,1
3600521964705,makeup,2
3600522016229,haircare,2
3600522054085,skincare,2
3600522082651,makeup,2
3600522100836,haircare,2
3600522191094,haircare,2
3600522222040,makeup,2
3600522223498,haircare,1
3600522239857,haircare,2
3600522280897,haircare,1
3600522346173,skincare,2
3600522365884,skincare,2
3600522383703,haircare,2
3600522448471,haircare,2
3600522455967,skincare,1
3600522459552,makeup,2
3600522470946,haircare,2
3600522479321,haircare,2
3600522497035,haircare,2
3600522499442,haircare,2
3600522594277,haircare,2
3600522708087,makeup,2
3600522734468,skincare,2
3600522734574,makeup,2
3600522838876,skincare,1
3600522862703,haircare,2
3600522862710,haircare,2
3600522874805,skincare,3
3600522917205,haircare,2
3600522977216,haircare,3
3600522992455,haircare,2
3600523128150,haircare,2
3600523169863,haircare,2
3600523169894,haircare,2
3600523169900,haircare,2
3600523214938,haircare,2
3600523215553,haircare,2
3600523216246,haircare,2
3600523370931,haircare,1
3600523386215,haircare,1
3600523386314,haircare,1
3600523404612,makeup,2
3600523461103,skincare,1
3600523472321,haircare,2
3600523475780,skincare,1
3600523503292,makeup,3
3600523524617,haircare,1
3600523540136,haircare,2
3600523558469,haircare,1
3600523560509,haircare,1
3600523616916,haircare,5
3600530171910,makeup,1
3600530171972,makeup,2
3600530512232,makeup,2
3600530523641,makeup,2
3600530588039,makeup,2
3600530658152,makeup,1
3600530659661,makeup,3
3600530730353,makeup,1
3600530905461,makeup,1
3600530932757,makeup,2
3600531070281,skincare,1
3600531199098,makeup,2
3600531324872,makeup,1
3600531360993,makeup,2
3600540009012,skincare,1
3600540258557,haircare,4
3600540413383,haircare,2
3600540542069,haircare,2
3600540634832,haircare,1
3600540739575,haircare,1
3600540810595,haircare,2
3600540947680,haircare,3
3600540966001,haircare,1
3600540966056,haircare,2
3600540989253,haircare,2
3600541101999,haircare,2
3600541144019,skincare,2
3600541171183,haircare,2
3600541198210,haircare,2
3600541214644,haircare,2
3600541221604,haircare,1
3600541221680,haircare,2
3600541255029,skincare,1
3600541271814,skincare,1
3600541287334,haircare,2
3600541291447,haircare,2
3600541295742,skincare,2
3600541319769,haircare,2
3600541319806,haircare,1
3600541358638,skincare,2
3600541524415,haircare,1
3600541534735,haircare,2
3600541540262,haircare,2
3600541574083,haircare,2
3600541605817,skincare,2
3600541660465,haircare,2
3600541729452,skincare,2
3600541827868,skincare,3
3600541883550,haircare,2
3600541883567,haircare,2
3600541883598,haircare,1
3600541883604,haircare,2
3600541883611,haircare,2
3600541883642,haircare,2
3600541884274,haircare,2
3600541887930,haircare,2
3600541888555,haircare,2
3600541904460,haircare,2
3600541910041,haircare,3
3600541932227,haircare,1
3600541958418,skincare,2
3600541982307,haircare,2
3600541982826,haircare,1
3600541984059,haircare,1
3600542018531,skincare,1
3600542067720,skincare,1
3600542067942,skincare,2
3600542070898,haircare,3
3600550029253,haircare,1
3600550034394,haircare,2
3600550038736,haircare,5
3600550051117,haircare,7
3600550079227,haircare,2
3600550087536,haircare,1
3600550098228,haircare,2
3600550100693,haircare,2
3600550153491,haircare,1
3600550160666,makeup,1
3600550164008,skincare,2
3600550166545,haircare,1
3600550166828,haircare,2
3600550235784,haircare,2
3600550241914,haircare,1
3600550254211,haircare,2
3600550260069,haircare,2
3600550260267,haircare,2
3600550261219,haircare,2
3600550274707,haircare,2
3600550274745,haircare,2
3600550287448,haircare,2
3600550300628,haircare,2
3600550305791,haircare,2
3600550306774,haircare,2
3600550338027,haircare,2
3600550362039,haircare,2
3600550362534,skincare,3
3600550362718,haircare,2
3600550414080,haircare,2
3600550538175,makeup,3
3600550590036,haircare,2
3600550769180,haircare,3
3600550769197,haircare,2
3600550806083,haircare,2
3600550806304,haircare,2
3600550806526,haircare,1
3600550848359,skincare,1
3600550880687,skincare,4
3600550886962,haircare,2
3605970360757,skincare,5
3605970366018,skincare,1
3607092847437,haircare,2
3607340726682,skincare,1
3607342265011,haircare,6
3607342531055,makeup,2
3607342558250,makeup,3
3607343514941,skincare,2
3607343567893,haircare,2
3607343576406,makeup,2
3607343722278,skincare,2
3607343729086,makeup,2
3607343730341,skincare,2
3607345333588,makeup,2
3607346551349,skincare,1
3607348578184,haircare,2
3607348807215,makeup,1
3607349606053,skincare,2
3607349796754,skincare,4
3610340008467,haircare,2
3610340010248,haircare,2
3610340010279,haircare,2
3610340011658,haircare,2
3610340012969,haircare,1
3610340022586,haircare,3
3614221653814,haircare,1
3614222348535,haircare,2
3614222677789,makeup,1
3614223083169,makeup,1
3614223714490,makeup,1
3660005020778,skincare,1
3660005085166,makeup,1
3660005115160,haircare,1
3660005178011,haircare,1
3660005251530,skincare,3
3660005253794,haircare,2
3660005326405,makeup,1
3660005351827,skincare,2
3660005420394,haircare,2
3660005427256,haircare,2
3660005797595,skincare,3
3660005898322,makeup,1
3660176500130,haircare,4
3660749040582,haircare,3
3661434005459,skincare,4
3661467002128,skincare,1
3661500521975,skincare,1
3661596986436,haircare,1
3662076001304,haircare,1
3662076011006,haircare,1
3662076049146,haircare,1
3700206782041,makeup,1
3700281701715,makeup,2
3700311200034,haircare,1
3700311811858,skincare,2
3700426220651,makeup,1
3700446411596,skincare,1
3700454229541,skincare,1
3700502800425,haircare,2
3700568402823,skincare,2
3700677765154,skincare,3
3700743300234,makeup,1
3760020731403,skincare,2
3760020733100,skincare,2
3760075070939,skincare,2
3760096760215,skincare,1
3760096760697,skincare,1
3760099705671,skincare,4
3760100680096,haircare,2
3760100680171,haircare,2
3760100680805,haircare,1
3760100681079,haircare,2
3760100682304,haircare,2
3760100682526,skincare,2
3760100682724,haircare,2
3760131804348,haircare,1
3760143830540,skincare,3
3760171121023,skincare,1
3760201131404,haircare,1
3760207112186,haircare,3
3760214630185,skincare,1
3760242290016,skincare,1
3770002239063,skincare,2
3770002306062,skincare,1
3800042801248,haircare,3
4005370001004,haircare,3
4005800066351,skincare,2
4005808109586,skincare,2
4005808130573,haircare,3
4005808221691,skincare,2
4005808255788,haircare,1
4005808260683,haircare,1
4005808283804,skincare,2
4005808368341,skincare,2
4005808373734,skincare,1
4005808395330,skincare,2
4005808427635,skincare,2
4005808583546,skincare,2
4005808613380,skincare,2
4005808638512,skincare,2
4005808650064,skincare,1
4005808653713,skincare,2
4005808677702,haircare,2
4005808764044,haircare,2
4005808780969,haircare,3
4005808805648,haircare,2
4005808856053,skincare,2
4005808999675,skincare,1
4005808999712,skincare,1
4005900016850,haircare,3
4005900023094,skincare,2
4005900023346,haircare,2
4005900066015,skincare,1
4005900107589,skincare,2
4005900127013,haircare,2
4005900127365,skincare,2
4005900127525,skincare,1
4005900242020,skincare,1
4005900254498,skincare,2
4005900260857,haircare,2
4005900261038,skincare,4
4005900419453,skincare,2
4005900446428,skincare,2
4005900465481,skincare,2
4007295018938,haircare,1
4008233132945,haircare,2
4008666214423,haircare,2
4010355090669,haircare,1
4010355347282,haircare,1
4010355407580,skincare,4
4010355505804,skincare,3
4010355536303,skincare,1
4010355791436,haircare,2
4015000217095,haircare,2
4015000798457,haircare,2
4015600056155,haircare,3
4015600252601,haircare,3
4015600720957,haircare,2
4015600723415,haircare,2
4015600723446,haircare,2
4015600723583,haircare,2
4015600723613,haircare,1
4015600723644,haircare,2
4015600723675,haircare,2
4015600723736,haircare,1
4015600732653,haircare,1
4015600733520,haircare,1
4015600733810,haircare,1
4015600733988,haircare,2
4015600734350,haircare,2
4015600741204,haircare,1
4015600831868,haircare,1
4015600917876,haircare,2
4017645021099,haircare,2
4017645028579,haircare,1
4017645036802,haircare,2
4017645036857,haircare,2
4017645036871,haircare,2
4021457606641,haircare,2
4021457606658,haircare,2
4021457606665,haircare,2
4021457606672,haircare,1
4021457606689,haircare,2
4021457606726,haircare,4
4021457606733,haircare,1
4021457611218,makeup,1
4021457614134,skincare,1
4021457614219,haircare,2
4021457615278,skincare,1
4021457619481,skincare,1
4021457621811,skincare,1
4034348011097,haircare,2
4040218719574,haircare,2
4049775581914,makeup,3
4084500015722,haircare,1
4084500051003,haircare,2
4084500087378,haircare,3
4084500087460,haircare,4
4084500129030,haircare,2
4084500380622,haircare,1
4084500495838,haircare,2
4084500495869,haircare,2
4084500495890,haircare,2
4084500495920,haircare,2
4084500495951,haircare,2
4084500495982,haircare,2
4084500607095,haircare,1
4084500621671,haircare,2
4084500621701,haircare,2
4084500828001,haircare,2
4084500991385,haircare,2
4084500991446,haircare,1
4084500991507,haircare,2
4084500991569,haircare,2
40895208,skincare,1
42097879,makeup,1
42097976,makeup,1
42236498,haircare,2
4250587772173,makeup,3
4251232227277,makeup,1
4251347400329,skincare,1
4305615307725,haircare,1
4305615563510,haircare,1
4388844129023,skincare,1
4600171527380,haircare,8
4600702089745,haircare,3
4605319008332,skincare,2
4605966014601,haircare,1
4607040313334,haircare,3
4607086562987,haircare,1
4627090422336,haircare,5
4627090422350,haircare,2
4719264251160,skincare,1
5010724527504,haircare,5
5010934004628,haircare,1
5011321433991,haircare,1
5011321532939,haircare,1
5011522037059,makeup,1
5012008411103,skincare,2
5012008593106,haircare,1
5012583009665,haircare,2
5012874022441,skincare,1
5013692231541,haircare,2
5013965678684,haircare,1
5013965694547,haircare,2
5013965788055,haircare,3
5017634012557,haircare,1
5017634116088,haircare,2
5017634237080,skincare,2
5028197979546,skincare,1
5029066053879,haircare,5
5031413956726,skincare,1
5033102816755,makeup,1
5033102830461,makeup,1
5033102905022,makeup,1
5035832010274,haircare,2
5037156187106,haircare,3
5037156201314,haircare,2
5037156210330,haircare,2
5053264290743,makeup,1
5055757810254,haircare,2
5055936817661,haircare,1
5060056486789,haircare,1
5060082251344,skincare,1
5060120164391,makeup,1
5060128983963,skincare,2
5060303950049,haircare,1
5200393818243,skincare,1
5202236181521,makeup,1
53240231,haircare,1
5410076413195,haircare,2
5410076440351,haircare,1
5410076440436,haircare,1
5410076481279,haircare,2
5410076764754,haircare,2
5410076932535,haircare,2
5410091614041,skincare,2
5410091668297,skincare,2
5410091669874,haircare,1
5410091685027,haircare,2
5410091686383,haircare,2
5410091697693,haircare,2
5410091703059,haircare,2
5410091710897,skincare,4
5410091718299,haircare,2
5410091718350,haircare,2
5410091728304,haircare,2
5410091728335,haircare,2
5410306881411,haircare,2
5410306881428,haircare,2
5414971009354,haircare,2
56669213,haircare,1
5694520711123,haircare,2
5694520711130,haircare,2
5765228837894,skincare,6
5900249201549,haircare,2
5900652002368,haircare,2
5902101711876,haircare,4
5906439040073,skincare,1
5998466119174,haircare,1
6006174008730,haircare,3
6006174010559,haircare,3
6660015751805,makeup,1
6687310788787,skincare,1
6920177917618,haircare,1
7232726143058,haircare,2
7350045310194,haircare,1
7898952577588,haircare,1
7899572801992,haircare,1
8001090047151,haircare,1
8001090047489,haircare,2
8001090047700,haircare,2
8001090047809,haircare,2
8001090047861,haircare,2
8001090098054,haircare,3
8001090101228,haircare,1
8001090101341,haircare,2
8001090101372,haircare,1
8001090101617,haircare,2
8001090101679,haircare,2
8001090101730,haircare,2
8001090102843,haircare,1
8001090102997,haircare,2
8001090187888,haircare,2
8001090689443,haircare,3
8007376257023,haircare,1
8009350803509,haircare,2
8016744500104,haircare,1
8025272028059,makeup,1
8025272552530,makeup,1
8025272552561,makeup,1
8025272553537,makeup,1
8032680390722,haircare,1
8032680391019,haircare,1
80479826,haircare,1
8132100143096,haircare,1
8410385001196,haircare,1
8410436216364,haircare,1
8411126020674,haircare,1
8411126020766,haircare,2
8411126026966,haircare,2
8411126026980,haircare,1
8435102570380,makeup,1
8435102570595,makeup,3
8436097092505,haircare,3
8475782807871,haircare,1
8480017093837,haircare,1
8495814695832,haircare,4
8691190703066,makeup,1
8710908237966,haircare,2
8710908276484,haircare,3
8710908307188,haircare,2
8711600665781,haircare,1
8711600877948,haircare,1
8711700858106,haircare,1
8711700917735,haircare,2
8711700917773,haircare,2
8711700917834,haircare,1
8711700922326,haircare,5
8711700922425,haircare,11
8711700922449,haircare,1
8711700923255,haircare,3
8711700923354,haircare,3
8711700923361,haircare,2
8712333205879,makeup,1
8712561018050,haircare,2
8712561141468,haircare,2
8712561194365,haircare,3
8712561397650,skincare,1
8712561397759,haircare,2
8712561493031,haircare,3
8712561688475,haircare,1
8712566934041,haircare,2
8714789406220,haircare,1
8714789880471,haircare,2
8714789880495,haircare,2
8714789880518,haircare,1
8718114614250,haircare,1
8718924879818,skincare,2
8718951087521,haircare,2
8719134011203,haircare,1
8719238002596,skincare,1
87333131211107,makeup,1
8809255780338,skincare,2
8809255780376,makeup,1
9313880201001,makeup,1
9327693000805,haircare,1
9518174877218,skincare,1
96045138,skincare,1
96082416,haircare,7
9680150153491,haircare,2
3700281703238,skincare,1
3282770106329,haircare,2
3511720118601,skincare,1
8005610485911,haircare,1
3760162120677,skincare,1
4005900447937,skincare,1
3600522471127,haircare,2
3282770201260,haircare,4
12719594,haircare,1
3282770072730,skincare,1
8699921810045,skincare,1
3600530359370,makeup,1
0034285676124,haircare,2
3140100366488,haircare,3
3600550933536,haircare,1
3600523302901,haircare,1
4020829005037,skincare,1
3282770107579,skincare,3
15204300,haircare,3
3760201130483,haircare,1
0713708700492,haircare,2
3600541982260,haircare,3
4000307175803,skincare,1
3600523526994,haircare,1
3054080004349,haircare,1
3760220171788,makeup,3
4251232211535,makeup,1
4005800037535,haircare,6
3474636391202,haircare,1
3517360011302,haircare,3
8712561114875,haircare,1
3549620020403,skincare,1
7310181510209,haircare,1
3760194654324,haircare,1
3605971545672,skincare,1
7350069280176,skincare,1
4010355318626,haircare,4
0095008005713,makeup,3
4010355306555,haircare,2
3282779007603,haircare,1
3574661287898,skincare,1
3760201132142,haircare,4
23023062,haircare,4
3660005148038,skincare,2
5010724528938,haircare,6
3178041309516,haircare,1
3574661022543,skincare,3
4010355162564,skincare,1
3660005139357,haircare,4
3178041329026,skincare,2
3600523732548,skincare,1
8410412020299,skincare,1
4010355274151,haircare,1
4010355058959,haircare,1
4015001005677,haircare,1
4015001004656,haircare,1
4015000999922,haircare,1
4015100188134,haircare,1
4015001005370,haircare,1
4015001005400,haircare,1
4011700837205,haircare,1
4015001005592,haircare,1
05537761,haircare,1
23205123,haircare,1
4010355686466,haircare,1
4010355058997,haircare,1
4010355341297,haircare,1
3600531512088,makeup,1
4084500047693,haircare,1
4250035290839,skincare,1
4015001005462,haircare,1
4010355966100,skincare,1
4010355135377,skincare,1
4010355206381,haircare,1
4250587766011,skincare,1
9008189327650,makeup,1
3178040696983,skincare,1
3178041309776,skincare,2
8001090280404,haircare,1
3253581471876,skincare,1
4250587778830,makeup,1
4250947500989,makeup,1
3178040669574,haircare,1
2021092899998,skincare,1
02210245,skincare,1
20546533,skincare,1
4010355893079,skincare,1
3401360106994,skincare,8
4005900465726,skincare,1
3560070628469,haircare,3
3560070915880,haircare,1
3266191023595,skincare,2
3660005642185,skincare,1
5028197197230,skincare,1
3600542129251,haircare,1
5900286012627,haircare,3
0858380002066,haircare,2
3700578700452,skincare,3
3282770106299,haircare,1
3614051468664,skincare,3
3031449452386,makeup,1
4305615612393,haircare,4
8719497834952,skincare,1
8719874190008,skincare,1
3596205152196,haircare,1
3489941049748,haircare,2
3600523289851,haircare,1
3282770100402,skincare,1
3600531484606,makeup,3
3600522083702,skincare,3
3700677765598,skincare,1
4021354033571,skincare,1
4010355254207,skincare,2
5012008558402,haircare,1
3560071054977,skincare,2
3284410026158,haircare,1
40623405,skincare,1
3600542153256,haircare,2
3600541233324,haircare,1
4010355483737,skincare,4
4260370433662,skincare,3
3600550550030,skincare,3
3701063802873,skincare,1
4005808260973,skincare,3
8901030626173,makeup,2
8904023007539,haircare,1
3600523082254,skincare,1
3600542120449,haircare,1
4005808827770,skincare,1
3600521751879,haircare,1
3600541426047,skincare,1
3600522839019,makeup,2
3600520913117,haircare,1
3560070911462,skincare,1
3560070932047,haircare,1
3560070969258,haircare,1
3017563241808,skincare,1
4024009020766,skincare,1
3600542118958,haircare,1
0037000061991,haircare,2
5037156227512,haircare,2
3560071130299,skincare,3
6006174000284,haircare,1
3133200091633,skincare,2
4037067315675,haircare,2
4037067400814,haircare,2
4037067300442,haircare,2
24584791,skincare,1
3600530351244,makeup,1
0022796170125,haircare,1
0022796170026,haircare,1
0022796977014,haircare,1
0022796972415,haircare,1
0022796972408,haircare,1
3600550886788,haircare,1
3600550981346,haircare,1
3600550981360,haircare,1
3600550949278,haircare,1
3517360012880,haircare,1
3600550965704,haircare,2
3700562300019,skincare,1
3600530351190,makeup,2
8436025300221,skincare,1
3760207111080,haircare,1
3760207112193,haircare,1
3660005911571,makeup,1
8001841212388,haircare,3
0869380811008,haircare,5
30101661,makeup,1
3600523288830,haircare,3
4015100292428,haircare,3
4305615572901,skincare,1
3660005713816,haircare,2
20898922,skincare,1
4305615460857,skincare,1
4305615572888,skincare,1
4562323640104,skincare,8
93369473,haircare,2
3760201132623,skincare,1
7506078955035,haircare,8
9005800261041,skincare,2
4250587705461,makeup,1
3256224359692,haircare,5
3760211481421,skincare,9
9009827000560,haircare,1
9000101073249,haircare,1
3600523709649,haircare,1
3517360005066,skincare,1
3663787551875,haircare,2
0800897109134,makeup,2
3350031977985,haircare,1
3350033139954,haircare,1
3350033095199,haircare,1
3350031977954,haircare,1
3350031977947,haircare,1
3350033021372,haircare,1
3350031977978,haircare,1
3350031977961,haircare,1
3350033147003,haircare,1
3600523682676,haircare,1
3133200053129,skincare,4
4054495000614,makeup,1
8001841091495,haircare,2
42232216,skincare,3
4010355583154,skincare,4
4010355141934,skincare,1
4010355141873,skincare,1
3178040622326,haircare,1
3614270429835,skincare,1
4311501435496,haircare,1
10049013,haircare,3
4015100184587,haircare,1
3760007335419,haircare,4
3430750048415,skincare,1
3600550305807,haircare,1
4260167182797,skincare,2
4061458121422,skincare,5
8025272618434,makeup,2
3474636404391,haircare,2
3058320010169,haircare,1
4010355559036,skincare,1
8436008569799,skincare,7
4335718171909,haircare,3
4061458121439,skincare,1
3560071015732,haircare,1
12237623,skincare,5
5719807232297,skincare,2
3517360012675,haircare,1
9000101229196,haircare,3
4020829008793,skincare,1
3283950011006,skincare,1
3760114994295,skincare,4
0663963221044,skincare,1
3700276346280,skincare,1
3031449447153,skincare,1
3600531369408,makeup,5
4025089075233,haircare,6
6240000457037,skincare,2
4017645038813,skincare,6
3700562300156,skincare,1
3760220172198,makeup,1
0309974700016,makeup,1
4021457618170,makeup,1
3401561197715,skincare,1
7640114110887,skincare,1
3258561640518,haircare,1
8806358547059,makeup,2
4005800061691,skincare,2
3605971132988,skincare,4
3600550812695,haircare,1
0022400525785,haircare,1
3380380062117,haircare,1
4250947527153,makeup,1
3660005305561,makeup,1
0811913015209,haircare,1
8009518300734,makeup,1
4021457626250,makeup,1
8001090489135,haircare,2
4305615458977,skincare,1
3517360017649,haircare,1
4010355476395,skincare,5
4305615566290,skincare,3
4010355568717,skincare,1
4010355322852,skincare,1
8697926016479,haircare,1
4001638081870,skincare,4
8436097091911,skincare,3
0884486224170,makeup,2
3662217004805,makeup,4
4058172066153,skincare,5
6903148030363,haircare,2
4058172219832,haircare,2
3760239242035,skincare,1
7618900912205,skincare,1
3660005348070,makeup,3
2041403499990,haircare,1
4015000979634,haircare,1
3600542117050,haircare,1
0752830426238,haircare,1
3473311503008,skincare,5
4305615629896,skincare,3
4036221434825,skincare,4
4305615629902,skincare,3
3660005563718,haircare,3
3517360016147,haircare,1
3380380078330,haircare,1
5016155120031,haircare,1
8001090532183,haircare,1
3700076443998,makeup,1
8001090047014,haircare,3
3489940049213,haircare,1
3489940070538,haircare,1
4058172107511,haircare,3
3515450016527,skincare,5
4680038352171,haircare,7
5012254061183,haircare,1
4305615307596,skincare,1
3663109675806,skincare,4
8857123331137,skincare,1
4895186007365,skincare,3
7350016331579,haircare,1
6414504304931,skincare,3
3600523775637,skincare,3
23924055,skincare,1
3224055816479,skincare,1
0858380002196,haircare,4
3516170018242,haircare,1
8712561977074,skincare,5
9433230176558,makeup,1
8025272912716,makeup,2
10316658,makeup,1
20516536,skincare,4
4015100214260,skincare,1
3282770107913,skincare,1
0079656044966,skincare,4
4015001005653,haircare,1
5410091747565,haircare,1
7613269343820,skincare,4
3701028711776,haircare,1
4061458129749,skincare,2
4061458023696,skincare,2
5400606008694,skincare,1
8717163684863,haircare,3
4003583175727,skincare,3
2200031373380,skincare,1
4072600221563,haircare,2
24193641,skincare,3
5060176674868,haircare,4
4058172434082,skincare,3
4058172220135,haircare,2
4058172456312,skincare,1
3178040554894,skincare,6
4250947598313,makeup,3
8938510049191,haircare,3
4005808824830,skincare,1
3517360018981,haircare,1
3337875474900,skincare,4
3574661332611,skincare,2
0037000537076,haircare,1
3337875698696,skincare,3
3140100363982,haircare,3
7500435118293,haircare,5
4058172061516,skincare,4
04663441,skincare,1
3660005648712,haircare,1
4305615572765,skincare,2
3760205284823,skincare,3
4058172444746,skincare,3
8710198346157,skincare,7
8717333596309,skincare,1
7791293031132,haircare,1
4305615528533,makeup,1
7500435114912,haircare,1
3661434004322,skincare,6
3504750011028,skincare,3
8999999025038,haircare,2
8999999025007,haircare,2
8999999025021,haircare,3
8999999025014,haircare,2
8999999025052,haircare,1
4103040909763,skincare,1
4058172509032,haircare,1
8906009459998,skincare,1
3700172700179,skincare,1
0074170450996,makeup,1
0309971370564,skincare,1
3600531511630,makeup,1
4015001005455,haircare,1
30177673,haircare,5
3760096762141,skincare,1
3401353688513,skincare,1
3660005876047,skincare,1
3700928800153,skincare,2
4305615572536,skincare,2
4260556673691,haircare,1
8001090047342,haircare,2
8851932411400,haircare,2
8851932411387,haircare,1
5900525059710,skincare,3
3600523371105,haircare,2
5010525042923,haircare,4
8008277188638,haircare,2
8595641300111,haircare,1
3600523583331,haircare,1
3600542150415,haircare,4
3253581485491,skincare,1
4305615459004,skincare,1
3282779076029,haircare,1
3253581285886,skincare,1
4021457632824,skincare,1
4061458175814,skincare,1
4005900691811,skincare,1
4311596608089,skincare,1
7804920005175,haircare,1
5000000000002,skincare,2
5000000000001,skincare,2
7899846023723,skincare,3
4260037542676,skincare,1
4058172061776,haircare,1
3560071241865,haircare,1
4099200255224,skincare,1
4010355347329,haircare,1
4010355306517,haircare,3
4015100336764,haircare,1
4015100336689,haircare,3
3600531411107,makeup,1
8690637879531,skincare,1
4010355473301,haircare,1
4059729245861,makeup,1
0817513016769,haircare,1
3574669907897,haircare,4
8004395000036,skincare,3
4010355505347,skincare,1
4010355505903,skincare,3
4058172242984,skincare,1
4015100198133,haircare,1
4058172163975,haircare,3
4058172164309,haircare,1
3256226758035,skincare,1
20796709,skincare,3
4260378040107,haircare,1
4897080670461,haircare,3
4015100209389,haircare,1
7621500110452,haircare,1
4005900558176,haircare,2
3600550680089,skincare,1
5028197553128,haircare,1
4021609652151,haircare,1
3574661334929,haircare,3
8008277205083,haircare,3
3250392620844,skincare,2
3700871305156,haircare,1
3283950917766,haircare,2
3453810000017,haircare,1
3600541888234,skincare,2
7624900123640,haircare,1
7613269344544,haircare,1
3770006053429,makeup,1
3337872412431,makeup,1
4005900132444,skincare,1
20083410,haircare,1
3489940860245,skincare,1
8001841098722,haircare,1
8001841324227,haircare,1
4305615754253,haircare,2
3380810006681,skincare,1
8413400006688,skincare,1
7792640007640,haircare,1
3700322007615,skincare,3
3700067371927,skincare,2
8001090633323,haircare,4
8719238000790,skincare,1
3517360016925,skincare,4
4251347400107,skincare,1
8717612811116,skincare,2
3516170023598,skincare,2
3660005551241,skincare,1
3760126263358,skincare,2
3668076076007,haircare,1
4015100203547,haircare,1
4260378049285,haircare,1
3770020070006,skincare,1
3770020070013,skincare,1
3770020070020,skincare,1
8414002070398,haircare,2
3401360312746,haircare,1
3245678599235,skincare,5
3489941049762,haircare,3
3600521311479,haircare,3
3600523558520,haircare,1
8001090047069,haircare,1
8002110043832,haircare,1
8001841407227,haircare,3
4015100293135,haircare,3
4005900328946,skincare,2
4061458051248,skincare,3
4061458051293,skincare,1
4011061007934,haircare,1
8001090637062,haircare,3
3283950917841,haircare,5
4005808638802,haircare,1
8710198187644,skincare,1
4021457628537,skincare,1
0764302280200,haircare,1
4305615593371,skincare,1
4010355022196,skincare,1
4010355505361,skincare,1
4305615572604,skincare,1
4305615573519,skincare,1
7790010570633,haircare,3
5900017068183,skincare,3
3256224363316,skincare,1
4001638095556,haircare,1
3256224061199,haircare,1
3600540582768,haircare,1
7630028612683,skincare,2
4033981742054,skincare,1
4015100336566,haircare,1
4260664930594,haircare,3
8032947861477,haircare,1
7319861018509,skincare,3
4005808183234,skincare,2
4058172432675,skincare,3
4016083035309,skincare,1
7610848918516,haircare,1
3568312001278,haircare,2
8719324977432,skincare,1
3600523726707,haircare,1
4056489425236,skincare,2
8710847973208,haircare,1
4021457602667,haircare,2
20237882,skincare,1
8001280400865,haircare,3
8719179132437,skincare,1
2200243044818,skincare,3
4058172452734,skincare,1
0651986800216,makeup,7
7793008001041,haircare,1
7793008001850,haircare,1
7793008005452,haircare,1
3489940063011,haircare,1
3058320046120,haircare,3
5028197868918,haircare,1
3600541970717,haircare,4
4072600255254,haircare,1
0022400006741,haircare,2
5410076440276,haircare,1
3600551036724,haircare,1
4058172060113,skincare,4
3770022721012,skincare,4
3770022721036,skincare,1
3770022721050,skincare,1
3770022721074,skincare,1
3770022721098,skincare,1
3600521705773,haircare,1
8480000157164,skincare,3
4260556675671,skincare,1
8591113042954,haircare,1
1103093601037,haircare,1
5708048047029,skincare,3
8690506473860,skincare,1
3489940073065,skincare,1
7804945001121,haircare,1
4005808515592,skincare,2
7792143501621,haircare,2
3660005198576,makeup,1
3660005548890,skincare,1
05976669,skincare,1
8901526509386,haircare,1
3600542380546,haircare,2
6001378053814,haircare,1
91974518,haircare,1
4305615307787,haircare,3
4305615830834,haircare,1
4058172449314,haircare,1
4005808916887,skincare,3
3567730300277,haircare,1
4059729312648,skincare,1
8901162032583,skincare,1
5047622008439,haircare,1
4045612008439,haircare,1
4058172452239,haircare,1
4084500822856,haircare,1
6970470534227,skincare,1
6260494210635,skincare,1
3337875766326,skincare,1
8718951322875,haircare,1
3662217011759,haircare,1
0718334337098,haircare,2
7621500112159,haircare,1
4005900785886,haircare,1
7624841217477,haircare,4
0802535157156,haircare,1
8717953135704,skincare,1
6036000010231,skincare,1
4018874082004,skincare,6
3474393032769,makeup,4
3600523951444,makeup,2
01208559,makeup,1
92017887,skincare,1
3600542359610,skincare,1
4260351680368,skincare,1
8001090855787,haircare,1
4015100428407,haircare,1
7798130373882,skincare,3
5059605477521,haircare,1
4055482235866,haircare,1
4059729302809,makeup,1
0096619799794,haircare,1
4047196040775,skincare,1
30096585,makeup,4
3600521127490,haircare,1
3770006357459,haircare,1
0381370042679,skincare,1
3282770104592,skincare,3
7713042197951,skincare,4
8006540126134,haircare,2
4021457647859,haircare,1
4015100437522,haircare,1
3600542290098,haircare,1
3600542417822,haircare,1
3600542418577,haircare,4
4005800137662,skincare,1
3600542418836,haircare,4
4056489254805,haircare,2
8025272983693,makeup,1
3760339320176,haircare,1
0773602603084,skincare,1
4005900572912,skincare,2
8591113038551,skincare,1
3337875491822,skincare,1
3660005165011,skincare,1
0626232160352,skincare,3
0626232160437,skincare,1
0626232171334,haircare,1
30164369,haircare,1
4059729312563,makeup,2
3662217004867,skincare,1
8902979022781,haircare,1
8436542932493,skincare,3
8436542931908,skincare,3
8034076267694,haircare,1
7506306222021,haircare,1
8034076260275,haircare,1
8904132911567,makeup,1
7501056326166,skincare,1
4008666216168,haircare,1
3600542393713,skincare,6
4056489617419,skincare,4
0075486085025,skincare,1
0075486085018,skincare,1
4088500670769,skincare,1
4001638500029,skincare,1
4005900691996,skincare,4
0628467002711,haircare,1
0056599671978,skincare,1
0621732600278,haircare,1
0055451787109,haircare,1
2006050060801,skincare,2
4008890012109,haircare,2
4058172702013,skincare,1
3760201135976,haircare,3
3610340634185,haircare,1
7509552844245,makeup,2
4005900461551,skincare,1
7798130375046,makeup,4
7798177220088,skincare,2
7798178623604,skincare,2
7702433290838,makeup,2
7798130375404,skincare,2
7798178623352,skincare,2
7509552838862,makeup,2
7509552800968,makeup,3
3337875650397,skincare,3
0772618061000,skincare,1
0772618078008,skincare,1
4058172705243,skincare,1
0075724005129,haircare,1
3045204804181,skincare,1
3338221000507,haircare,1
7791819000024,haircare,1
7861112107208,haircare,1
02459776,skincare,1
3518646026782,haircare,1
0055451785259,haircare,1
0055451785105,haircare,1
4008890012086,skincare,1
3770006873294,haircare,1
0787790794998,haircare,6
0018084927946,haircare,1
3770003788324,haircare,2
3253581742518,skincare,1
3760211482343,skincare,4
0022796932204,haircare,1
0381519186844,haircare,1
0055451555708,haircare,1
0055451451093,haircare,1
0022796918116,haircare,1
0381519022876,haircare,1
3770008103054,skincare,1
0067990500293,haircare,1
4260558061601,skincare,1
0095008045269,makeup,1
0095008021409,makeup,1
0022796936974,haircare,1
8470001960924,skincare,3
0074170459425,makeup,2
0810905039742,haircare,1
0037000845928,haircare,1
0800897198046,makeup,1
15282709,haircare,1
0062600385192,haircare,1
0684742086937,skincare,1
4061458210737,haircare,1
0772618047103,skincare,1
0772618047202,skincare,1
0732013301446,skincare,1
0022796906717,haircare,1
0050428283127,makeup,1
4005900666031,skincare,2
0634084471403,skincare,2
4059729277107,makeup,2
8710908332234,haircare,1
4058172925856,skincare,1
6952938413190,makeup,2
9978135848778,makeup,5
8901207025563,haircare,1
4005900175816,haircare,2
8033564684906,haircare,1
5430000322416,skincare,1
3600542341493,haircare,1
5060669896470,skincare,1
6260008720117,skincare,1
4305615878201,haircare,1
5903864749137,skincare,1
4000196031976,skincare,1
7702433291200,makeup,4
7649991751039,skincare,1
3538396152500,haircare,1
3390150572838,skincare,3
7500435139571,haircare,1
0859975002317,skincare,1
3600541897694,skincare,2
8904355404082,skincare,1
7506306223202,skincare,1
4000196015396,skincare,1
7908371608821,makeup,2
7799054023693,makeup,2
7908132260534,makeup,3
4250035271180,makeup,3
4251232284324,makeup,3
4894532923502,haircare,2
4894532923519,haircare,4
4894532923526,haircare,2
8886467033056,haircare,2
8886467033070,haircare,2
6295125035608,makeup,2
7798317827108,makeup,3
7702433291903,makeup,6
3250390320791,skincare,2
7702031293620,haircare,1
7909189138517,haircare,1
3600551069449,haircare,3
4058172675379,skincare,1
42420125,skincare,1
7501056342999,haircare,6
5202663170396,skincare,1
5943048002788,skincare,1
4072600282274,haircare,1
4743318182933,haircare,1
5060072731214,haircare,1
4061462227479,skincare,1
4088600263328,haircare,1
3600542462914,haircare,2
4305615911052,skincare,2
42117612,skincare,1
3760148158540,haircare,4
8436025308081,skincare,1
3564700718445,haircare,6
0080878197637,haircare,1
3660005432212,skincare,9
4058172508394,skincare,1
4058172508417,skincare,1
5060120166432,haircare,2
7319866010157,skincare,1
7026110003284,haircare,1
4084500654860,haircare,1
3574661516332,makeup,1
7391715011423,skincare,1
4008890006467,haircare,1
7702277569343,haircare,1
42353782,haircare,1
0022400000473,haircare,1
3760324841488,haircare,1
0817513019883,haircare,2
3560071132774,skincare,2
0884486462404,haircare,1
30074576,makeup,2
3474630621084,haircare,2
3600541946613,haircare,1
4305615827858,skincare,3
8008277263304,haircare,1
3574661544830,haircare,4
7774900004507,haircare,1
3337875722520,skincare,1
7501056330347,skincare,1
8717763021662,skincare,5
8436097092536,haircare,1
0022796900920,haircare,2
3574661574394,haircare,1
5902811786904,skincare,1
3282770145175,skincare,8
8720674126098,haircare,1
5901761958836,skincare,1
8009518248913,makeup,1
3760354680019,skincare,1
4058172936029,haircare,1
4058172936197,haircare,3
3760354680248,skincare,1
3760354680163,skincare,1
3760354680187,skincare,1
3760354680231,haircare,1
4059729231635,makeup,1
3616302463916,makeup,2
4066447106251,skincare,1
7509552843026,haircare,1
0628451857860,haircare,1
3600540877444,skincare,1
3600542418522,haircare,1
3760075070724,skincare,3
8720674130347,skincare,1
3468080009028,skincare,6
5903416006695,skincare,1
9327693007071,haircare,1
7908240506937,skincare,1
4066447105650,skincare,3
8719238033378,haircare,1
4066447220438,haircare,1
8680512633044,haircare,1
4005808467549,skincare,1
3600542397902,haircare,1
4066447108835,haircare,1
7627534532666,skincare,1
4021457647644,haircare,1
4021457647989,haircare,1
3614273490559,skincare,1
4061464491267,skincare,1
0764505190351,skincare,1
0062600380579,skincare,1
0303162013148,skincare,1
3282770141436,haircare,1
0884486041876,haircare,1
8470001549990,skincare,1
0782353223038,makeup,1
6933836107527,makeup,3
3600542452618,skincare,1
4066447106275,skincare,2
4066447105957,skincare,2
8901296049464,skincare,1
8904109498923,skincare,1
4008233153599,haircare,1
4305615826103,skincare,5
8714789895536,haircare,1
7319866009519,skincare,1
4005900462060,skincare,5
8720182608925,haircare,1
3468080008670,skincare,2
4005900363602,skincare,4
4005900368560,haircare,1
4005900458711,skincare,4
4005900602077,skincare,1
0810020173413,skincare,4
3574661685144,haircare,2
4005900597243,skincare,3
3282770206760,haircare,1
3564700718421,haircare,1
3574661365305,skincare,7
5057621442356,skincare,2
7643022210298,haircare,1
3264680028878,skincare,2
4012400800612,skincare,1
0071249317488,skincare,2
0062600953674,skincare,2
5010724527467,haircare,2
5010724529836,haircare,2
0062600063731,skincare,1
5200393867890,skincare,1
0810006942477,haircare,1
0860002624006,haircare,1
8006540687505,haircare,1
8906087775713,skincare,1
3348901614900,makeup,1
5701058006925,skincare,2
3378872217763,skincare,1
7643022210366,haircare,2
0095008028903,makeup,1
0074170443172,makeup,1
3614228115179,makeup,1
4005900009135,skincare,1
19043258,makeup,1
8410412029209,skincare,1
3560071277000,skincare,3
0800897129781,makeup,1
0800897828370,makeup,2
0800897813710,makeup,4
4059729277084,makeup,3
3616302748822,makeup,2
4005900649027,skincare,1
0817513015472,haircare,2
0817513015465,haircare,2
0817513015441,haircare,2
0817513019890,haircare,2
0817513015434,haircare,3
0817513019906,haircare,2
3600522248996,skincare,2
3600524063122,haircare,1
3600521893500,makeup,1
3600523635610,makeup,2
3600523723485,makeup,1
3600523503285,makeup,1
3600522471141,haircare,1
3600541744554,skincare,3
3600531143459,makeup,1
3178040695153,skincare,5
6988795213369,makeup,1
0634084471502,skincare,1
3600542525770,haircare,1
6952938456685,makeup,2
6972858366994,makeup,2
6295125036773,makeup,1
8712561485548,skincare,2
5012583203261,haircare,1
5012583210900,makeup,2
4005900720092,skincare,2
42438731,skincare,1
3600531465230,makeup,3
6932159604674,makeup,1
3178041351348,haircare,2
3660005338682,haircare,1
3600542525657,haircare,2
0086100013614,makeup,1
0800897129880,makeup,1
4066447233889,haircare,1
7649990771588,skincare,1
3660005906867,haircare,1
4250338427970,makeup,1
0810374027561,haircare,1
4005900701503,skincare,4
20179069,skincare,1
4059729422064,makeup,2
4897097266428,haircare,1
3350033199835,skincare,1
5410091755317,haircare,1
3564700559581,skincare,1
4005900602008,skincare,3
8411114087276,haircare,4
8436568460093,skincare,1
3600531662219,makeup,2
3600551125275,skincare,5
3600542513005,skincare,2
3600551119816,haircare,6
3574669907903,haircare,1
3760209541809,skincare,1
0800897250027,makeup,2
4059729203250,makeup,3
4251232256116,makeup,2
4056489254744,haircare,1
0079656049718,skincare,1
0667553897497,skincare,1
7500435209663,haircare,2
4005808745708,makeup,10
5391510478775,skincare,1
3600542518352,skincare,1
4305615826097,skincare,3
4061462663512,haircare,1
9316542146504,makeup,1
3574661593951,haircare,4
08131850,skincare,1
5099821001902,skincare,1
4005900695826,skincare,1
4099100244809,skincare,1
4005900363633,skincare,1
0859748001134,skincare,2
4005808189625,skincare,1
00840916,makeup,1
3506770001027,skincare,1
3600551142142,haircare,2
0034285699123,haircare,2
0096619558452,haircare,1
0603084459384,haircare,5
3068320012490,makeup,2
3468080008359,skincare,1
3511018826027,haircare,1
3600531609719,makeup,1
4005900370525,skincare,3
4894532923496,haircare,4
8851932411394,haircare,2
8886467033018,haircare,2
8886467033032,haircare,2
8470001960917,skincare,1
8009518285864,makeup,1
8009518110586,makeup,1
4056489405177,skincare,1
8904406220418,haircare,1
4016369464922,skincare,1
0800897240318,makeup,2
0810071910647,makeup,1
4056489235620,haircare,1
8700216156097,haircare,1
7627535303630,haircare,1
4005800294778,skincare,1
5902539710427,skincare,1
3564700739631,haircare,4
00012282,skincare,4
0021457610105,makeup,1
00016165,skincare,1
0018250500003,skincare,1
00022844,skincare,2
0291960003515,haircare,1
0030997864001,makeup,2
00034572,skincare,1
00036768,haircare,2
06010699,skincare,3
00060293,skincare,2
06148011,haircare,2
00066656,haircare,3
00070794,haircare,3
0714847735489,skincare,1
07581365,skincare,1
0779579000348,skincare,1
0886467033025,haircare,2
00089434,haircare,3
3600542159654,haircare,1
3701154701481,skincare,1
5410091728922,skincare,1
7046110032329,skincare,2
06147198,skincare,1
5099821002718,skincare,2
4021609028499,haircare,1
4021609028956,haircare,2
4021609061397,haircare,2
4056489318460,haircare,1
4056489368182,skincare,3
0621732002003,haircare,1
6281006423268,haircare,1
8710847963469,skincare,3
4059729371713,makeup,1
8414227050151,haircare,1
8414227691743,haircare,1
3600542461511,haircare,2
3600542463096,haircare,1
3600542520263,skincare,1
3600542520300,skincare,1
8904256020473,makeup,1
8936104220575,skincare,1
4015100451054,haircare,1
0800897233921,makeup,1
3519590262929,skincare,1
3282770141351,skincare,4
4059729466242,makeup,7
30144187,makeup,2
8717931601160,haircare,2
3574661575209,haircare,2
6111056012986,haircare,7
3600531324483,makeup,2
7340011429265,skincare,2
3600522862543,makeup,1
4005900833006,haircare,1
3600551125305,skincare,2
0838623301798,skincare,1
8719179784872,skincare,3
6921201304398,makeup,1
4005900901514,skincare,7
4059729274953,makeup,2
8713745786192,skincare,1
6976770390204,haircare,1
3760095250410,haircare,3
0799439301573,haircare,1
4005900598721,skincare,1
0832992012675,skincare,1
8719134152777,skincare,1
3600524026660,makeup,1
3600523503384,makeup,1
3600523560837,makeup,5
3600523591831,makeup,2
3600523611928,makeup,1
3600523614523,makeup,1
3600523724635,makeup,1
3600523796854,makeup,2
3600523827763,makeup,2
3600523951741,makeup,1
3600523951895,makeup,1
3600523957408,makeup,1
3600523957422,makeup,2
3600523957453,makeup,2
3600523959860,makeup,1
3600523959877,makeup,2
3600523989898,makeup,1
3600523989911,makeup,2
3600523989935,makeup,2
4005900691521,skincare,2
5021320154353,skincare,4
4059729277091,makeup,4
7500435193733,haircare,1
8904417306521,skincare,1
3600542525626,haircare,1
4052136005202,makeup,8
3474637069155,haircare,2
4066447502725,skincare,1
3600520815725,makeup,6
8717591561989,skincare,2
3574661672373,makeup,1
3600551142197,haircare,2
8697589643623,haircare,1
6932511228403,skincare,2
8591113042947,haircare,1
3499320006972,makeup,1
0302993914303,skincare,1
4021457645022,skincare,1
4059729446671,makeup,1
3574661687049,skincare,1
8901207044472,haircare,2
4260602127925,skincare,1
8901526603473,haircare,1
0073930568964,skincare,1
5028197252533,skincare,1
8592297006367,skincare,1
4305615304229,skincare,1
3600542159647,haircare,1
4066447241310,skincare,1
8719668020245,makeup,1
30096592,makeup,2
3600531609726,makeup,2
3600531533694,makeup,1
30096639,makeup,1
3054080055846,makeup,2
3600522862499,makeup,2
3054080009061,makeup,2
3600522862567,makeup,1
20760403,skincare,9
7290011521196,haircare,2
3560071162115,skincare,2
0817513015311,haircare,1
3282770145069,haircare,1
3600522862598,makeup,1
3600531396855,makeup,2
3600522860747,makeup,1
3600522840114,makeup,2
3600531469498,makeup,2
3600531384173,makeup,3
30179493,makeup,1
3600520881799,makeup,1
30176218,makeup,2
3600531513436,makeup,1
3600531579463,makeup,2
3600530733842,makeup,1
3600531605667,makeup,2
3600522862475,makeup,1
3600531579067,makeup,1
3600531465247,makeup,1
3600551058603,makeup,1
7509552841794,haircare,2
0007166100104,skincare,1
30176201,makeup,1
30166974,makeup,3
3600521342015,makeup,2
3600520772042,makeup,1
30101692,makeup,2
3600522862413,makeup,1
3600522862420,makeup,2
30171558,makeup,2
3600522862581,makeup,1
3600522862406,makeup,4
3600522862529,makeup,3
3600520932897,makeup,1
30079236,makeup,2
3600522860822,makeup,2
3600520277363,makeup,1
3600531469467,makeup,2
3600521961216,makeup,1
3600531531164,makeup,1
3600531544652,makeup,2
3600531609696,makeup,1
3600531047795,makeup,1
3600530733859,makeup,1
3600531513429,makeup,2
3600531584696,makeup,1
3600531531065,makeup,2
3600522862505,makeup,1
3600531230906,makeup,1
3600520772004,makeup,1
3600521377024,makeup,2
3600531324520,makeup,3
3600530730308,makeup,2
3600531465193,makeup,1
3600531609733,makeup,1
3600531609764,makeup,2
3600531579456,makeup,2
3600521627402,makeup,1
8699367127851,haircare,1
0080878192694,haircare,1
8710908779145,haircare,1
3600531411176,makeup,1
7791293046396,haircare,8
0080878193707,haircare,1
3600542159678,haircare,1
0012044045985,haircare,1
0381519186646,haircare,1
4550516478429,haircare,1
8713551710466,skincare,3
3574661799438,haircare,2
8904091145669,skincare,1
3574661685977,skincare,1
8901088047265,haircare,1
2000000151894,skincare,1
5060518886928,skincare,1
3616301295396,skincare,9
8906165782886,haircare,1
3574661685960,skincare,1
9344021002010,skincare,1
4305615908175,skincare,1
3760349310594,haircare,3
3616302463893,makeup,1
4902430856492,haircare,1
3760349310174,haircare,3
9767014005810,haircare,1
8004608236580,haircare,1
4250338487516,makeup,7
4250338487769,makeup,1
8034094014485,haircare,1
4909978204440,skincare,1
3600542441162,haircare,1
8719238042103,skincare,1
0800897197148,makeup,2
6111242926486,haircare,6
0192333246313,skincare,1
4066447467895,haircare,1
9713527011213,makeup,1
8710276400412,skincare,1
6974191892147,makeup,1
0062600380357,skincare,1
5055810037932,haircare,1
3337875684118,skincare,3
3337875696838,skincare,1
3337875799348,skincare,1
3337875522786,haircare,2
3600542525800,haircare,1
5601059062534,haircare,1
3600531609771,makeup,1
0075486091125,skincare,2
0075486087609,skincare,1
4005900516893,skincare,2
3401395596319,skincare,1
0750850658998,skincare,1
0075724473188,haircare,2
3253581768648,skincare,1
0852415001802,haircare,1
4332541063333,haircare,1
8720674306209,haircare,1
3600541233072,haircare,1
3600542020855,haircare,1
7862101533954,haircare,1
3760346072747,haircare,4
6916790273613,haircare,2
4059729419606,makeup,3
8908002126068,haircare,4
4061464490499,haircare,1
0799439316478,haircare,1
7862114192728,haircare,1
6972049996641,haircare,1
4260189522816,skincare,1
8001090965721,haircare,2
8721073602626,makeup,4
5060651240168,skincare,1
0045924615701,skincare,1
4823110302859,skincare,1
0812154038248,skincare,1
8904352003950,skincare,1
3600523036349,haircare,1
0626232111286,haircare,1
5060570314988,haircare,3
7791293050232,haircare,1
3770000717549,skincare,1
3770000717006,skincare,1
0194093013082,haircare,1
4066447331202,haircare,1
8809844997604,skincare,1
7509552889550,haircare,1
3474630620025,haircare,1
3600542310512,haircare,1
5060022303393,skincare,1
3760114994493,skincare,1
8720181413377,haircare,2
5057566826907,makeup,1
0065338054767,haircare,1
0628467002766,haircare,1
0609332820043,makeup,2
0062428007870,haircare,1
0066000020578,haircare,1
0609332828469,makeup,1
0609332838109,makeup,1
3331300062656,haircare,6
5060725476752,skincare,1
8904320722814,makeup,2
4058172319976,skincare,1
8001090899873,haircare,1
5028197313982,skincare,1
8720674353920,skincare,1
42438724,skincare,2
3858892694367,haircare,1
8006540154151,haircare,1
0053076202649,haircare,2
3600524150587,makeup,1
42431916,haircare,1
8054615472631,haircare,1
3253581754481,skincare,1
3838824208985,haircare,1
6942349728204,skincare,1
4904015314298,skincare,1
5901761971903,makeup,1
8804815514712,haircare,1
4059729518613,makeup,3
3600542624343,haircare,1
8001841054940,haircare,1
8720604319866,skincare,1
5011321362406,haircare,2
8858696820165,skincare,1
3600551125282,skincare,1
8718951432536,haircare,2
4335619008397,haircare,1
5060188000808,skincare,1
23296046,skincare,1
4006000060682,skincare,1
7630028634500,skincare,1
3701129804773,haircare,1
8904352002250,skincare,1
0810071910616,makeup,1
6111103022425,haircare,1
3760016581159,skincare,2
8809784601340,skincare,1
8001090662200,haircare,3
3517360025750,skincare,1
8470003808996,skincare,1
5045098116597,makeup,1
6417128150076,haircare,1
4005808181377,skincare,2
3666065918604,skincare,1
4059729394521,makeup,1
0639277279583,makeup,1
0810071910692,makeup,1
0639277946355,makeup,1
0081555566128,makeup,1
3574661799049,skincare,1
6222019612218,haircare,1
8904035421583,haircare,3
8700216528863,haircare,1
8015700165913,haircare,1
4059729421937,makeup,4
6001087378888,haircare,1
0606786030325,haircare,1
5907377528067,skincare,1
5901887016601,haircare,1
8720181336041,haircare,1
8707560908747,haircare,1
3610340671005,haircare,3
8964001374268,skincare,1
3838980606069,haircare,1
3253581735497,skincare,1
3600523193462,haircare,2
0603084560691,haircare,4
8001120596864,haircare,3
5056050208267,skincare,2
8717496448248,haircare,1
8700216208598,haircare,1
5900717311077,skincare,1
3600542524230,skincare,1
3474630621206,haircare,1
7611480007798,skincare,1
3474637103569,haircare,1
7707305543203,skincare,2
8904256020572,skincare,1
0650240035166,haircare,1
4005808855926,skincare,1
0863765000087,haircare,1
2000000152355,skincare,1
2000000152356,skincare,1
7310610029050,haircare,1
8901138821234,skincare,1
8719324667999,skincare,1
0080878195657,haircare,1
0858380045124,haircare,1
4908474775881,skincare,1
4005808134427,haircare,4
0080878199853,haircare,1
4064666594040,haircare,1
5050136751685,skincare,1
3600541938939,haircare,1
2000000152404,skincare,1
2000000152405,skincare,1
0850018802260,haircare,1
0896364002947,haircare,1
4051424600068,skincare,1
4067796079432,haircare,1
8904220502684,haircare,1
4066447468038,haircare,6
4059729222978,makeup,1
3600523814046,haircare,1
3600523799442,haircare,1
7702026178062,skincare,1
4066447468076,haircare,5
3666057332968,skincare,2
3504105036751,skincare,1
4823015942686,skincare,1
9310692031154,haircare,1
7792640000320,haircare,1
3378872234500,skincare,1
8901030996528,haircare,1
0606682729903,haircare,1
4066447786460,skincare,1
4005900921857,haircare,3
8715342036885,skincare,1
0615908431599,haircare,1
7709729122811,haircare,1
3600550975369,skincare,1
3661434003424,skincare,1
3401353738461,skincare,1
8006540944660,haircare,2
5719806324900,skincare,1
3600542512473,haircare,2
3600541595125,skincare,1
8009150104202,skincare,1
8809689376640,skincare,1
3337875895781,skincare,1
7313272135275,skincare,1
8690131104726,skincare,1
7313272150834,skincare,1
0694419061358,makeup,1
6132288000879,skincare,1
8807502375955,haircare,1
8681217236035,makeup,1
5397256457500,skincare,1
8809301767566,skincare,1
3600542520768,skincare,1
6111267180016,skincare,1
7332531117531,haircare,1
3661434008511,skincare,1
4066447577938,skincare,1
3612623851692,skincare,1
3600523723577,makeup,1
8700216266772,haircare,1
8809598454613,skincare,4
5430002928432,skincare,1
3600551103006,haircare,1
0302994111008,skincare,1
8003170094741,haircare,1
7974545929047,makeup,1
0079400263919,haircare,1
0312444374365,skincare,1
5201109002710,haircare,1
6132425800096,haircare,1
8700216307826,haircare,1
4068134024947,haircare,1
4056489602200,skincare,1
3253581763124,makeup,1
4262391990025,haircare,1
4066447105575,skincare,1
4005900897848,skincare,1
6414504642125,haircare,1
0792850649620,skincare,1
3600542520454,skincare,1
80593865018516,makeup,2
8719327023860,skincare,1
8001120704474,skincare,1
0022796971111,haircare,1
3701129804445,skincare,1
4806515161511,haircare,1
4902430333597,haircare,1
3760123183505,skincare,2
8031377036493,haircare,2
8424818169520,haircare,1
8470003165549,haircare,1
3337875586115,skincare,1
8470001748768,haircare,2
7480793488460,skincare,1
7313272153712,skincare,1
7313272135244,skincare,1
8015700169317,haircare,1
6262719701645,haircare,1
7350104248277,skincare,1
3616306343870,makeup,1
0858034603328,skincare,1
7703378003323,skincare,1
0303162046450,skincare,3
5060422297346,skincare,3
77275271,skincare,1
0850452007696,skincare,1
0381371164509,skincare,1
0800897233938,makeup,1
4072600221754,haircare,2
4005900694287,skincare,1
4823109700611,skincare,2
3282770202120,skincare,4
50297627,haircare,1
0198715773637,haircare,2
5704947005665,skincare,3
4005800268748,skincare,3
77942647,haircare,3
7640148840866,skincare,1
5053249278551,skincare,2
4305615625584,haircare,1
9339341037507,haircare,1
4005800119361,skincare,3
3574661464978,skincare,1
5035832023489,makeup,1
0609332820050,makeup,1
3282770149289,haircare,1
4005900911919,skincare,1
42449010,skincare,1
4005900998996,skincare,2
4005900458773,skincare,1
3600531640378,makeup,1
8003170094772,haircare,1
4005900693419,skincare,3
8904187004481,skincare,1
3600542613323,haircare,1
42397236,skincare,2
0381519188831,haircare,1
8700216233286,haircare,1
0381519189548,haircare,2
8001120595096,skincare,1
8054042630277,haircare,1
8054042630178,haircare,1
0817891025254,haircare,1
4550668265885,skincare,1
8710447321720,haircare,1
3760293232164,skincare,1
3595895323916,skincare,1
3600542628563,skincare,1
5017634293277,skincare,1
3264680037115,haircare,1
4059729245854,makeup,2
3600542370110,haircare,5
4066447467871,haircare,1
0022796974211,haircare,1
6281006423442,haircare,3
8414227050175,haircare,1
6192000718307,haircare,2
6281006534704,haircare,2
6281006602724,haircare,2
0817513019920,haircare,1
3282779008693,haircare,1
5765228836866,haircare,5
8710908178399,haircare,1
0654749361269,haircare,2
5410076514397,haircare,1
3474636954766,haircare,2
7595335000953,haircare,1
6001067089315,haircare,1
8901030945427,haircare,1
5011321361027,haircare,1
8901138002466,haircare,1
3600542543439,haircare,1
5410076230068,haircare,2
4045787426649,haircare,1
20208851,haircare,1
4008666211224,haircare,7
4064666003672,haircare,1
8719134027099,haircare,1
5011321594296,haircare,1
0896364002428,haircare,1
4008666218285,haircare,1
7643022213336,haircare,1
8690131105501,haircare,1
8710908181092,haircare,1
0735379430133,haircare,1
8710908177057,haircare,1
0708002200427,haircare,1
5016155119806,haircare,1
0090174088171,haircare,1
0022796170019,haircare,1
6291069208221,haircare,1
7506306237315,haircare,1
0820645006966,haircare,1
5028197978853,haircare,1
2224565690001,haircare,1
5025416030422,haircare,1
0799439301795,haircare,1
3282779392549,haircare,1
6222014510380,haircare,1
8429014014841,haircare,1
0689784884008,haircare,4
5765228838037,haircare,1
0810021202129,haircare,1
5060593000110,haircare,1
4045787725353,haircare,1
7702113034127,haircare,1
4088600255682,haircare,1
8901030899768,haircare,1
7791001000276,haircare,1
8901030984709,haircare,1
3222473374717,haircare,1
6001067011019,haircare,1
6281006534940,haircare,1
8904091128419,haircare,1
0099482459598,haircare,2
4056489176350,haircare,1
8710447246771,haircare,1
3770010568247,haircare,5
6291107860435,haircare,1
0078522000785,haircare,2
0096619519828,haircare,1
0827755012009,haircare,2
8004120903045,haircare,1
6192319100411,haircare,1
6281031260395,haircare,1
0022796631510,haircare,1
8033928505267,haircare,1
4894532997534,haircare,1
0843536101151,haircare,2
7500435185691,haircare,2
0071249395349,haircare,1
6916790262372,haircare,1
8901030929663,haircare,1
0810888025558,haircare,2
9346627000087,haircare,1
7332531063739,haircare,1
4008666210609,haircare,1
0190679005151,haircare,1
0008080089823,haircare,1
8850006481332,haircare,1
0022796640918,haircare,1
6221009001452,haircare,1
10522768,haircare,1
8698898454054,haircare,1
10448696,haircare,3
8420282047548,haircare,1
0080878192854,haircare,1
0606110417617,haircare,1
8901030702020,haircare,2
8850006936092,haircare,1
0079400202444,haircare,1
8906105613157,haircare,1
8596048006354,haircare,1
6001067089155,haircare,1
8994993012503,haircare,1
8908006722419,haircare,1
6001067011057,haircare,1
9556111981994,haircare,1
8684252692019,haircare,1
6928001834179,haircare,1
7310610022549,haircare,1
8961014261073,haircare,1
10583707,haircare,4
8904378106598,haircare,1
7791293050393,haircare,1
0080878195671,haircare,1
8901088038799,haircare,2
6924832228989,haircare,1
8908011235706,haircare,1
10583706,haircare,4
10583709,haircare,1
8851932355025,haircare,1
8001280013386,haircare,1
7310610022570,haircare,3
8906087775829,haircare,1
0022796913111,haircare,1
0000110128867,haircare,2
10426955,haircare,3
7804920006158,haircare,2
8906015000023,haircare,1
0022796916112,haircare,1
8901030928741,haircare,1
0000110184243,haircare,3
8901030929656,haircare,1
6281031260272,haircare,2
8902979053990,haircare,1
7443015851596,haircare,1
8901030928734,haircare,1
6294019000029,haircare,1
8904352004520,haircare,3
0080878195565,haircare,1
0854554006090,haircare,1
9327693009020,haircare,2
7314571151010,haircare,1
3600542234740,haircare,1
6294019000050,haircare,1
7310610019716,haircare,1
8710908694745,haircare,1
3600542234764,haircare,1
0012044047729,haircare,1
0052800673007,haircare,1
7310610022655,haircare,2
5012254060735,haircare,1
7332531080460,haircare,1
0041167618035,haircare,1
3574661531656,haircare,2
4017645031654,haircare,1
3574669907057,haircare,1
7340011490197,haircare,1
7310610022594,haircare,2
8058150422243,haircare,1
7311041084977,haircare,1
0381519188527,haircare,1
0630996253700,haircare,1
8698898454023,haircare,1
7500435019880,haircare,1
8714100184943,haircare,1
7702031293569,haircare,1
6912383648561,haircare,1
0080878194414,haircare,1
7332531075015,haircare,1
0052800676633,haircare,1
8436567044379,haircare,1
0214914610204,haircare,1
0080878180868,haircare,1
5012583209065,haircare,1
0742797773322,haircare,1
0065743321263,haircare,1
0071249651001,haircare,2
0012044045978,haircare,1
0764302271420,haircare,1
8901030655081,haircare,1
0603084565771,haircare,1
0810058743831,haircare,1
6281006424302,haircare,1
6281006424548,haircare,1
3600542234757,haircare,1
3600542020534,haircare,1
3600542131933,haircare,1
7046110073773,haircare,1
7072463002160,haircare,1
7310610015749,haircare,1
3600542020411,haircare,1
7322540360486,haircare,1
5701058006543,haircare,1
7310610022617,haircare,1
7332531068109,haircare,1
3600542234733,haircare,1
6951083600110,haircare,1
7090023086771,haircare,1
7702031293194,haircare,1
8001090896216,haircare,1
4015100860344,haircare,1
7702006208666,haircare,1
7702031293248,haircare,1
3596710525706,haircare,1
4710022102991,haircare,1
8906041744502,haircare,2
7509546667225,haircare,1
5601182013007,haircare,2
0850008525681,haircare,2
4064666301945,haircare,1
0840191600722,haircare,1
0343165985646,haircare,1
6111242926455,haircare,1
33333366,haircare,1
0072140021092,haircare,1
8692857014105,haircare,1
4084500943827,haircare,1
8851932478441,haircare,2
3600531589455,makeup,1
3600530559749,makeup,1
3600531589318,makeup,1
3600531589431,makeup,1
3661434004421,makeup,6
3600531129231,makeup,1
0041554496925,makeup,1
3600531589424,makeup,1
5704947002725,skincare,2
6957148425582,skincare,1
0077043104736,skincare,2
0019100127791,skincare,1
4800888223128,skincare,2
6291069700435,skincare,1
5012251013437,skincare,2
3141389959309,skincare,3
0381370023401,skincare,1
5060565106246,skincare,1
0071249339190,skincare,1
8906147701010,skincare,1
4809012902045,skincare,1
0028367840640,skincare,1
9341053008539,skincare,1
5059018044402,skincare,1
0381370035725,skincare,1
4800067642696,skincare,1
9315937063273,skincare,1
8719327312872,skincare,1
01133479,skincare,2
09753215,skincare,1
0722510026003,skincare,1
5060022308176,skincare,3
0019100109940,skincare,1
0761736170060,skincare,1
0022796180322,skincare,1
5704947001162,skincare,1
3600531324513,makeup,3
3574661563312,haircare,2
0817513015656,haircare,1
0034285696153,haircare,6
0681131002462,skincare,1
0802535118294,haircare,2
7897042005024,haircare,3
0850018802659,haircare,1
8699863459265,skincare,1
0074140021065,skincare,1
0019100269958,skincare,1
8717931605007,haircare,1
0850034311166,haircare,1
0748378004212,haircare,1
6948225078012,makeup,1
3610340651731,haircare,2
8683420170045,skincare,8
0574660085563,skincare,2
4016208854846,skincare,1
7340011470243,skincare,2
0898220003273,skincare,1
3600522203100,makeup,2
3600540587206,skincare,1
3600522862512,makeup,1
8710447474426,skincare,2
0020714324667,makeup,2
8710537042474,skincare,4
5025135116599,skincare,4
4056489834830,skincare,1
3600542034227,skincare,3
8851932399517,haircare,1
99941208,haircare,1
3760095255224,skincare,2
4640145087526,skincare,1
4630079562770,haircare,1
4823115503282,haircare,1
5903794192096,haircare,1
8033564688928,haircare,1
5709954034202,skincare,1
0381519183379,haircare,1
7700304143955,haircare,1
8720181397400,haircare,1
8697420539887,skincare,1
6130601012172,haircare,1
0813277019916,skincare,1
3700292880584,haircare,1
0795847161532,haircare,1
3600542624688,skincare,1
8052862440090,skincare,1
7643022209094,haircare,2
3616303990893,makeup,1
6111262400447,haircare,1
0815166025350,haircare,1
3701129806623,skincare,1
5017371148250,skincare,1
8719743401181,haircare,1
8906007670593,haircare,1
0990312067108,haircare,2
3600542453127,skincare,1
3178041365819,haircare,1
8999777017880,skincare,3
8032956791413,haircare,1
5901887010173,skincare,8
8700216449632,skincare,2
9314839014611,skincare,1
6922829049081,haircare,1
4806509662840,haircare,1
8911725073106,skincare,1
8719238054618,haircare,2
4056489889182,skincare,2
7509552849523,haircare,1
8800241501777,skincare,2
0810400037267,skincare,1
3522930004639,skincare,1
7010708112267,skincare,1
4066447806861,haircare,1
6191428601024,haircare,1
42417484,skincare,1
4059729518873,makeup,1
8000137015627,haircare,1
8683130108000,haircare,1
4008233129518,haircare,1
9856063290008,haircare,1
0674986034313,haircare,2
0813424024305,haircare,1
8901030868702,haircare,1
8719134163100,haircare,1
8850722201900,skincare,1
3118301003358,haircare,1
6191428603035,skincare,1
0005524455466,haircare,1
8906117259633,skincare,1
8682943404521,skincare,1
6136908000522,skincare,1
4630039535622,skincare,2
8901207045813,haircare,1
9339341017387,haircare,1
8901030977657,skincare,1
6118000120582,skincare,1
5410103002095,haircare,1
8682631441487,makeup,1
7500435242615,haircare,1
0022700581139,makeup,1
0810006942460,haircare,4
6150640575575,skincare,1
0850026256154,skincare,1
8904417317282,haircare,1
8697448180771,skincare,1
8809563102600,skincare,1
8700216208543,haircare,1
4056489965435,skincare,2
4062300253926,skincare,1
3600524059156,haircare,1
8801619052037,skincare,1
8017331092019,haircare,1
0371661829478,skincare,1
8053732104500,haircare,1
3600542617741,haircare,1
3770010160236,skincare,1
3468080009615,skincare,1
7703819261336,makeup,1
5200309852163,haircare,1
4305615827469,skincare,1
8720181458972,haircare,1
3600551125268,skincare,1
3610340670978,haircare,8
8902979029025,haircare,3
7791293046365,haircare,1
8436097096688,skincare,3
0673914243902,haircare,1
6111271522055,skincare,1
0800897003968,makeup,3
9000101290875,haircare,2
0044386129764,makeup,4
8901030861703,haircare,3
3600551151496,skincare,1
8721073626417,skincare,1
9300607563283,skincare,1
3600524153465,haircare,1
8906121801187,skincare,1
8906087776604,skincare,1
0192333164525,skincare,1
6224010520509,haircare,1
8032568303707,skincare,1
8886950035048,haircare,1
8425850039772,haircare,1
4335619130685,skincare,1
3612622659374,skincare,1
8909106013087,haircare,1
3564706517004,haircare,1
0079656024326,skincare,1
3337875597364,skincare,1
3600551125206,skincare,1
3600551143248,skincare,1
3600542624909,skincare,1
3600551143231,skincare,2
8809373570026,skincare,2
8007674851015,haircare,1
3760211481414,skincare,2
3700343046082,skincare,1
3700343046112,skincare,1
3600542512886,skincare,1
4005900370655,skincare,1
4005900370716,skincare,1
4005900370556,skincare,1
8004120911514,skincare,1
3348901737319,makeup,1
6928001831741,haircare,1
8025796000104,haircare,1
5201314185314,haircare,1
8680690700835,haircare,1
4005900702661,skincare,1
4005900602114,skincare,1
4006000132303,skincare,1
8480024540188,skincare,1
4005900253668,skincare,1
8906065544171,skincare,1
0669203926731,skincare,2
4059729487926,makeup,1
4006000132242,skincare,1
5709954015256,skincare,1
3600542159623,haircare,1
4987176230829,haircare,1
4006000136264,skincare,1
7340191125582,skincare,1
8715342052878,haircare,1
26315744,skincare,1
9556171000086,haircare,1
3517360020793,skincare,2
3468080411234,skincare,1
8718801819234,skincare,1
3574661799797,skincare,1
7340191139626,skincare,1
0854102006381,haircare,1
3662361001699,skincare,1
8905640000521,skincare,1
4005900480392,skincare,1
4056489602194,skincare,1
8710444221597,haircare,1
4260380014592,haircare,1
8904092136956,haircare,1
5213007440617,skincare,1
4066447793574,skincare,3
8683130082973,haircare,2
5709404579932,skincare,1
7313272150896,skincare,1
9120064117030,skincare,1
3282770396331,skincare,1
8002410038828,skincare,1
4006000085036,skincare,1
8029041101233,skincare,1
01678832,makeup,1
6111273490154,haircare,1
6224010337053,haircare,2
08036759,haircare,1
5410091775070,haircare,1
0839186088522,makeup,1
3282770395372,skincare,1
7350104490225,haircare,1
7350104490232,haircare,1
7350104490287,haircare,1
3574661469928,skincare,1
7340191126237,skincare,1
4603023067492,skincare,1
42467069,skincare,1
5709954039719,skincare,1
3600542638784,haircare,1
8720182608949,haircare,1
0800897266776,makeup,1
6942349738203,skincare,1
8808739000504,skincare,1
4005900605498,skincare,1
42361244,skincare,1
7032069103432,skincare,1
7700304333462,skincare,1
4250587723588,makeup,2
3760424731245,skincare,1
5310153028611,skincare,1
4600104032264,haircare,1
3468080155442,haircare,1
0077043003497,skincare,1
0190679009098,haircare,1
7340011429319,skincare,2
7340011429234,skincare,2
7640183491009,skincare,1
7640183490101,skincare,1
7640183490651,skincare,1
7640183490330,skincare,1
7640183490637,skincare,1
7640183490613,skincare,1
7640183490583,skincare,1
7640183490118,skincare,1
7640183490620,skincare,1
7640183490712,skincare,1
7640183490859,skincare,1
7640183490279,skincare,1
7640183490415,skincare,1
7640183490422,skincare,1
7640183491177,haircare,1
7640183490293,skincare,1
7640183491191,skincare,1
3600541660564,haircare,1
5060083165664,makeup,1
7640183490187,skincare,1
7640183490286,skincare,1
7640183490699,skincare,1
7640183490675,skincare,1
7640183490262,skincare,1
7640183490798,skincare,1
7640183490026,skincare,1
7640183490750,skincare,1
7640183490057,skincare,1
7319866009694,skincare,1
0609332829985,makeup,2
4260167188645,skincare,1
5900525062789,skincare,1
4250947598306,makeup,2
6972755025574,skincare,1
8001090895158,haircare,1
7506110684930,skincare,1
3595890250538,skincare,1
3770000717174,haircare,1
0810105630213,haircare,1
7774904260466,haircare,3
8903380037555,skincare,1
8710729015842,skincare,3
4305615827896,skincare,3
3760209542509,skincare,1
4066447434040,skincare,1
4066447237429,haircare,1
3600542512534,haircare,1
0724742004002,skincare,1
4001638580267,skincare,1
4001638589611,skincare,1
4072600221204,haircare,6
7612449131059,skincare,1
8431876349610,skincare,6
5901018021122,haircare,1
5904858674268,haircare,1
7640176425653,makeup,1
0708002400612,haircare,1
76169991,skincare,1
5907618131377,haircare,1
4005900904881,skincare,1
3145891457667,makeup,1
40060507,skincare,1
4012400800711,skincare,1
8700216318426,haircare,1
3770019886267,skincare,1
3468080009288,skincare,1
4066447109399,haircare,1
4103040117335,haircare,3
6932511224511,haircare,1
6941205313066,haircare,2
4005900601902,skincare,1
4006000132273,skincare,1
4006000056784,skincare,1
5099821048990,skincare,1
5099821049799,skincare,1
8809472905712,haircare,1
5099821048976,skincare,1
5099821002213,skincare,1
4005900983947,skincare,1
5099821002275,skincare,2
42467045,skincare,1
4005900604965,skincare,1
9019404800711,skincare,1
4305615827636,skincare,1
3600541313057,skincare,2
4045787723557,haircare,1
3600542226295,skincare,1
7708162555606,haircare,1
3538396153200,haircare,1
4006000137995,skincare,1
4005900601971,skincare,1
4311596019427,haircare,1
8809080821503,skincare,4
4066447235579,skincare,1
3600542578585,skincare,1
4005900129987,skincare,1
8719281075912,haircare,1
4005900694003,skincare,1
4005900717191,skincare,2
8904109401879,haircare,1
6221039305018,skincare,1
8030582022697,haircare,1
4059729382665,makeup,2
7793008017462,haircare,2
8720181606786,skincare,1
2000000153021,haircare,2
7509552844221,haircare,1
3600524139025,haircare,4
5601312613091,skincare,1
0022796916129,haircare,2
6132360000032,skincare,1
3538396527100,skincare,1
3600524139599,haircare,3
4335619238817,skincare,1
0635131118159,haircare,1
8680985004686,skincare,1
4061464973220,skincare,1
3600551068459,skincare,1
4954835114257,haircare,1
3600531691936,makeup,3
4006000077963,skincare,6
8480000441683,haircare,4
8022328104729,skincare,1
4058172623868,haircare,5
7702354951757,haircare,1
0222288111111,skincare,1
7690606062194,haircare,1
4034348013046,haircare,1
8700216421102,haircare,1
3468080798212,haircare,2
4005900759214,skincare,1
0081555541859,makeup,1
0681619700651,makeup,1
5907222404669,haircare,1
3701052403623,skincare,1
4311501010914,haircare,1
8059015606174,haircare,1
6181100536553,skincare,1
8008970054520,skincare,1
8009518491937,skincare,1
40061337,skincare,1
40062075,skincare,1
8001120772794,skincare,1
9002154733118,skincare,1
8004283112438,skincare,1
0035713077704,makeup,1
42429128,skincare,1
4008666209016,haircare,1
4987176162168,haircare,1
4005808654024,skincare,2
7501054503095,skincare,5
30149649,makeup,2
8909106030534,skincare,1
4006000062891,skincare,1
0681131081641,skincare,1
8700216157599,haircare,1
3700322000098,skincare,1
3600523201501,skincare,1
4006000128689,skincare,1
8001120704467,skincare,1
4006000103488,skincare,1
4006000138022,skincare,1
8001120704788,skincare,1
7313272139747,skincare,1
7313272150940,skincare,1
7313272111552,skincare,1
7319861023640,skincare,1
3616303999469,makeup,3
8006540115886,haircare,4
3600542625029,skincare,2
6111255617913,haircare,1
0812154035353,haircare,1
7630028634371,skincare,1
7313272135268,skincare,1
3607940032008,skincare,1
4680040410371,haircare,1
4059729207241,makeup,2
4066447785715,skincare,1
5694230167203,skincare,1
5694230167036,skincare,1
7319861018523,skincare,1
7319861018585,skincare,1
4005800264887,skincare,1
2050001419545,skincare,1
8809414192170,skincare,1
4005808919574,skincare,1
1600126433073,haircare,1
6130072001934,skincare,1
0071409543528,haircare,1
8717931607872,haircare,1
3600542365833,skincare,1
8710447174739,haircare,1
3348901680028,makeup,1
4067796173673,haircare,1
4084500944138,haircare,1
3701616410104,haircare,1
8997241850766,skincare,1
8999338169881,haircare,1
4008666701510,haircare,1
4582469490807,haircare,1
8809532221707,skincare,1
8700216322546,haircare,1
3023190006826,skincare,2
3701436911430,haircare,1
4064666847887,haircare,1
8006540650318,haircare,1
4001638589727,skincare,1
3760254960419,skincare,1
3600524103330,skincare,1
0299040042372,skincare,1
3522930003717,skincare,1
8058268660728,haircare,1
8054615474024,skincare,1
8402001021046,skincare,1
6203910208106,makeup,1
4059729447395,makeup,2
5060528325622,haircare,1
0634084471700,skincare,1
5060120176134,haircare,6
7467345281618,haircare,4
0724742003890,skincare,1
0261197123242,skincare,1
8901138506391,makeup,1
4059729445438,makeup,3
6130548017704,haircare,1
3600551172316,haircare,1
3600551172323,haircare,1
0764302231530,haircare,1
9359130000147,skincare,1
4067796002737,haircare,3
5944732011949,skincare,1
5943000103812,haircare,1
0850001265492,haircare,3
0381371167258,skincare,1
0075609202940,skincare,1
4066447531770,makeup,1
8904422708990,haircare,2
6192017323914,haircare,1
0884486289438,haircare,1
4072600282380,haircare,1
4064666321493,haircare,1
4064666043371,haircare,1
0850018802796,haircare,1
5012008738101,haircare,1
0850056933285,haircare,2
4901301333384,skincare,1
9330344001670,skincare,2
8721073613677,skincare,1
8690091125359,haircare,1
0685428030305,haircare,1
3549620008432,haircare,1
3614273962100,makeup,1
3701129803738,skincare,2
7798140256762,haircare,8
3468080082533,skincare,1
3286010096692,skincare,1
3606000607019,haircare,1
4560401461436,skincare,1
3516170027060,makeup,1
0887167582873,makeup,1
3600542525787,haircare,1
6975050660938,makeup,1
42485346,skincare,1
0810005414456,haircare,1
8017990167752,skincare,1
3600541029323,skincare,1
0735546530130,skincare,1
3517360025170,haircare,1
3564706747753,haircare,1
3564706754348,haircare,1
4059729327024,makeup,2
8591113042282,haircare,2
8700216444101,haircare,1
0815413023405,haircare,1
0815413022781,haircare,1
4006000013428,skincare,1
0098132573882,makeup,1
0773602544172,makeup,1
8809052581497,skincare,1
3661434009310,haircare,1
4897097266404,haircare,1
0878639002517,haircare,1
8809625870096,skincare,1
8057018245581,makeup,3
8681701001675,haircare,1
4806518334578,skincare,1
0079656603248,skincare,1
5949087402466,skincare,1
3600542617727,haircare,1
8054042630291,haircare,1
0810135730082,haircare,2
4059729441973,makeup,2
8680540173840,skincare,2
4005900458681,skincare,1
4005900460240,skincare,1
4006000063362,skincare,1
4015100865219,haircare,1
5601312611394,haircare,1
4002448047889,skincare,1
4004704104305,skincare,2
6970779600777,makeup,1
4064666316208,haircare,1
4103040051653,haircare,1
8028997977251,makeup,2
6281031267158,haircare,1
4059729515070,makeup,2
0057800990451,skincare,1
4059729518521,makeup,1
30146754,makeup,2
4059729384232,makeup,2
8809093097100,haircare,1
8054615472600,skincare,1
8700216185356,haircare,1
4742616000659,haircare,1
8720289261542,skincare,1
6974370521264,haircare,1
0816218026110,skincare,2
8436097095339,haircare,1
4006000037660,skincare,1
8904352004414,haircare,1
8720181537868,haircare,1
5030834000926,haircare,1
4015100860986,haircare,1
4021457655137,haircare,1
4058172258732,skincare,1
4066447331295,haircare,1
4059729034359,makeup,2
0800897233976,makeup,2
7621500114153,haircare,1
7791293049793,haircare,6
0633911651216,haircare,2
0870929002900,haircare,1
7765353100694,haircare,2
8480010184396,skincare,2
0859220010357,skincare,1
5014516001210,haircare,1
8006540810538,haircare,2
8700216351546,haircare,1
5902539722536,skincare,2
5902046370039,skincare,1
4660120111428,haircare,1
8410412490351,skincare,1
8906157900076,haircare,1
6253506426049,haircare,1
5901887035442,haircare,1
5201143725606,haircare,1
8680512634362,haircare,1
8904281900863,haircare,1
8904281900467,haircare,1
7709522594839,skincare,1
3140100394368,haircare,1
3282770396881,skincare,1
0670729301100,haircare,1
4068134100061,haircare,1
3662217010691,makeup,1
4066447097795,makeup,1
07173608,haircare,1
8901030868719,haircare,1
8906157900762,haircare,1
5903919039190,skincare,1
4067796082838,skincare,1
0030346032878,skincare,1
7708547315283,skincare,1
7441014607916,haircare,1
8054042630208,haircare,4
3600542500333,haircare,1
5034511005419,makeup,1
8906171510039,skincare,1
6973152332845,makeup,1
4305615569253,skincare,1
7640140383316,skincare,1
4800888283122,haircare,1
9310263000701,skincare,1
0773602657070,makeup,1
0773602690183,makeup,1
0773602736850,makeup,1
3337872413575,skincare,7
0817939018590,haircare,1
4056489254775,haircare,1
5281018089125,makeup,1
3253581735411,skincare,1
5740500004898,haircare,1
6972550801151,skincare,1
4006000065182,skincare,1
8713745786383,skincare,3
3660005926018,skincare,1
6414505197129,haircare,1
6009709824348,makeup,1
3600524173579,haircare,1
4072600221631,haircare,4
8710198421410,skincare,1
8719134163469,haircare,1
42438755,skincare,1
3760270361634,skincare,1
6902395830542,makeup,2
7709844639478,haircare,1
4305615624945,haircare,1
3600542159661,haircare,3
8901247571921,haircare,1
0875010002708,haircare,1
6972430491410,makeup,1
3600542571951,haircare,1
3282770396515,haircare,1
0628942555732,skincare,1
0628942555541,skincare,1
30189010,makeup,1
0800897250072,makeup,2
8901030840821,skincare,1
4084200772901,skincare,2
3600542617734,haircare,1
4335619134515,skincare,1
3600523764259,haircare,1
5056379590548,haircare,1
8054615475946,haircare,1
8697926026645,haircare,1
0616762026112,skincare,1
3061375781052,haircare,1
8906015580402,makeup,1
6955470951472,skincare,1
3600542573771,skincare,2
3616826020527,skincare,2
4056489458333,skincare,2
6422068000596,skincare,1
3600542143585,haircare,1
3616303459048,haircare,1
8710919023428,haircare,1
6003311000398,haircare,1
0022796936707,haircare,1
0796554567549,haircare,1
6972038416341,skincare,2
8053630590016,skincare,1
8053630590009,skincare,1
8004608274865,haircare,1
4068134039743,haircare,1
4066447746693,haircare,1
3800233684094,skincare,1
7595335001646,haircare,1
4902430396028,haircare,1
8719238044145,makeup,1
3600542159883,haircare,2
8422823653140,haircare,1
3838824421551,haircare,1
3600524137380,haircare,1
3760378510415,haircare,1
3760378510453,haircare,1
3760378510408,haircare,1
8435438600706,skincare,1
8001841326153,haircare,1
0889628223844,haircare,1
3600542576291,skincare,1
4800888180124,skincare,3
4068134094438,skincare,1
3574661765976,skincare,1
8684252211500,skincare,1
7680676139841,skincare,2
8809625246136,skincare,2
4066447492804,skincare,1
0086800005964,makeup,1
3760123181648,skincare,1
8000836311082,haircare,1
3145891410709,skincare,1
4015100682977,haircare,1
8901248428248,skincare,3
5060968412944,skincare,2
5017634256739,skincare,4
6423602005121,skincare,1
7750243083140,haircare,2
7750243083171,haircare,2
8700216307253,haircare,1
3600542543446,haircare,1
3600542513876,skincare,1
4005900986139,skincare,4
8904352003905,skincare,1
6654600027130,haircare,1
0674810174666,skincare,1
8904245716875,skincare,1
3610340673887,haircare,1
7509552849714,haircare,1
4066447467796,skincare,2
8004608256632,haircare,1
0774498601543,skincare,1
3770028605408,skincare,1
3770028605385,skincare,1
3770028605378,skincare,1
7791293021270,haircare,1
3600524223335,haircare,1
3760359080593,haircare,1
3346130419013,skincare,2
8700216442558,haircare,3
0381519188787,haircare,4
8697420539214,skincare,1
8436559713238,skincare,4
5202663198376,skincare,1
8437017754862,skincare,1
0764302312437,haircare,1
30090085,makeup,1
8720181601569,skincare,1
2200302343456,skincare,3
3564706633292,haircare,1
6122286410572,skincare,1
0353935000004,skincare,2
5901887032199,skincare,1
4005900363848,skincare,2
7627535579080,haircare,2
0022400011813,haircare,1
0022400011776,haircare,1
9005800375519,skincare,1
0754590015844,skincare,1
3760359081620,skincare,3
9335006005218,haircare,1
8058253239861,makeup,1
4305615860954,haircare,1
8700216557689,haircare,1
8025916127933,haircare,1
16005413,haircare,3
0041507050365,skincare,1
8006540733134,haircare,1
0800897003777,makeup,3
4008233131054,haircare,5
9300830032204,haircare,1
23123342,skincare,1
3600542653749,haircare,1
7896111998205,makeup,1
4607099642928,skincare,1
0600002561419,skincare,1
3430750401104,skincare,1
9421008707592,haircare,1
3662263220037,makeup,1
5060955141178,skincare,1
5060955140805,skincare,1
3571940004245,skincare,1
9359702000797,skincare,1
7391681038301,haircare,1
3600542416177,skincare,1
5060565108424,skincare,1
3178041365772,haircare,1
0198168299166,haircare,3
8720181477560,haircare,1
4059729518644,makeup,3
4059729490667,makeup,3
3770009015103,haircare,1
4049775000859,makeup,2
4059729446978,makeup,1
4059729421401,makeup,2
4059729419248,makeup,2
0059709302908,makeup,1
4251232221619,makeup,2
4250338494392,makeup,2
4250338494415,makeup,1
3574661715926,haircare,1
3760343010407,haircare,1
4250587739084,makeup,1
4250947528426,makeup,3
4059729302908,makeup,3
5900779385351,skincare,1
4250947598283,makeup,4
4250587768367,makeup,2
8909106072534,haircare,1
7702277140764,skincare,1
8052400936702,skincare,1
0964448610620,skincare,1
0800897255145,makeup,1
4660120523054,haircare,2
4305615851891,skincare,1
4001638589598,skincare,1
4605370015997,haircare,1
0723934376460,skincare,3
3522930004394,skincare,2
8803348045373,skincare,1
3415900031769,skincare,1
5901887047520,skincare,1
3600551119809,haircare,1
0810006943900,haircare,3
8009518383492,makeup,1
3303210028114,skincare,1
8719179621856,skincare,5
3537090018853,skincare,1
8906090575645,haircare,1
3760359082337,haircare,1
6009802260111,skincare,1
8710198315245,skincare,1
5999565231149,haircare,2
0850034669007,skincare,1
6130072000661,haircare,1
3253581770399,skincare,3
4005900701473,skincare,1
8032947861460,haircare,1
5060955140997,skincare,1
8690506554019,skincare,1
3760320410725,haircare,3
3031443128034,skincare,1
6972148235610,makeup,1
6130024166896,haircare,1
8904391103970,skincare,1
0746747247222,skincare,1
8720181270185,skincare,1
5902838924082,makeup,1
5901887041795,haircare,1
3760020736118,skincare,1
3605972333667,skincare,1
0815402021337,haircare,1
9300633755454,skincare,3
5903031259841,skincare,1
0817513016202,haircare,1
0062400254469,skincare,1
8904430201070,skincare,1
5011321857018,haircare,1
4987176208637,haircare,1
2399900859565,haircare,1
4901417722454,haircare,1
8025916127902,haircare,2
8025916127896,haircare,1
4066447523621,haircare,1
3760215878241,skincare,1
4084500610699,haircare,1
8718906830783,skincare,2
8719238063375,skincare,2
3264680015854,skincare,2
4068134111142,skincare,1
4005808789382,skincare,1
11207887,haircare,1
8699931333008,skincare,1
4005900308832,skincare,1
3574661686509,skincare,1
4897097266329,haircare,3
8059016840195,skincare,1
8684190135395,skincare,1
3253581767559,skincare,1
8680690706714,haircare,1
4894819704015,haircare,1
3574661450933,skincare,1
00611903,skincare,1
9321299104530,skincare,1
8683517124067,skincare,1
8809674690720,skincare,1
4305615625010,haircare,1
5057566072137,makeup,2
3474636800377,haircare,1
4005900289056,skincare,1
3838824421599,haircare,1
8684252207343,skincare,1
8690937011648,skincare,1
0445000015980,haircare,1
3337875702478,skincare,1
8699956514185,skincare,1
8683130052129,skincare,1
8682773091250,skincare,1
8684576001023,skincare,1
3600523473977,skincare,1
8684225266063,skincare,1
88095338180747114355,skincare,1
3346470618459,skincare,1
0604454914892,haircare,1
4006000180847,skincare,1
8699449100246,skincare,1
8690637981265,haircare,1
8682397031960,skincare,1
3574661687032,skincare,1
8690131774097,skincare,1
8695077122766,haircare,1
8680760510098,haircare,4
3274872446120,makeup,1
8680512633532,skincare,1
8691988009431,haircare,1
8681717006800,skincare,2
8682257407072,skincare,1
8682276607170,skincare,2
0764302022985,skincare,1
3600542461887,haircare,3
8682009368958,haircare,1
7350104248536,skincare,1
8696814061843,makeup,1
8683476332015,skincare,2
8683649153164,skincare,1
8685119260006,skincare,1
0802535596382,haircare,1
4058172420641,skincare,1
8809328326098,skincare,1
42438809,skincare,1
8699300250066,haircare,1
20270425,skincare,1
8684149131485,skincare,1
8699956513676,skincare,1
8700216181457,haircare,1
8684180515114,skincare,1
8684438670008,skincare,1
8683675682201,skincare,1
3701129802052,skincare,1
8684149131676,skincare,1
8680512632801,haircare,1
8680018048038,haircare,1
3600523319862,haircare,1
4006000076638,skincare,1
8695077122704,skincare,2
8681410000358,skincare,1
8700216200769,haircare,1
8700216200868,haircare,1
9005800341866,skincare,1
3760215879576,skincare,1
4260167189161,skincare,1
4311501630808,skincare,1
0040056520640,haircare,1
8720354016107,makeup,1
8720354016190,makeup,1
8720354887301,makeup,1
8720354887370,makeup,1
8721245124703,makeup,1
8721245014820,makeup,1
8718537564217,makeup,1
8721245014806,makeup,1
8718537564088,makeup,1
4059729585790,makeup,1
8690506520083,skincare,1
3600531712792,makeup,5
5710226717334,skincare,1
8690506520052,skincare,1
3800232739757,haircare,1
8684990400242,makeup,1
3660005210186,haircare,1
8323175016570,makeup,1
8690595214177,skincare,1
5902719419027,haircare,1
5900116106908,skincare,1
4061458051309,skincare,1
8683130111116,haircare,1
5701058011608,haircare,1
8004608227830,haircare,1
3770022150003,haircare,1
8681925608742,skincare,1
3600542129268,haircare,1
8700216219372,haircare,1
8684441801161,skincare,1
3574661648316,skincare,2
4897056133303,haircare,1
00497401,haircare,2
4059729445414,makeup,2
8680690706851,haircare,1
0013456703616,haircare,1
5010959979055,haircare,3
4066447876031,skincare,1
4006000064123,skincare,1
5609221310278,skincare,1
4305615627427,haircare,1
4015100893700,haircare,1
8681769002003,haircare,2
7798333840662,haircare,1
4088700147344,haircare,1
9316542149048,skincare,1
8721073622013,skincare,1
0811913011683,haircare,1
5901887042211,skincare,1
5902357004890,skincare,1
0697013011828,skincare,1
8682276602496,skincare,2
0601001034768,skincare,1
6430559713221,skincare,1
0667008073254,haircare,1
8906147702383,skincare,1
00646567,haircare,1
3600542221061,haircare,1
8690605061050,haircare,1
8859082306485,skincare,2
5060453450826,skincare,1
4056489323099,skincare,1
4987176038388,haircare,1
5060176674684,haircare,1
9005800398815,skincare,1
0682223040027,skincare,1
6974619575386,makeup,1
4015100865097,haircare,1
8700216557245,haircare,1
5713600211411,makeup,1
8906005275189,skincare,1
4068134078254,skincare,1
8906101654116,skincare,1
4902430345927,haircare,1
30147485,makeup,1
3574661373577,skincare,1
4262391990018,haircare,1
4006000152363,skincare,1
8683829431365,skincare,5
8806133615317,skincare,1
6001374064548,haircare,1
8680540171259,skincare,1
8699118061205,skincare,1
3253581764657,skincare,1
4059729543011,makeup,2
4059729585417,makeup,2
0735546024257,skincare,1
3600524197322,haircare,1
8684306079575,skincare,1
4680607210253,haircare,1
8000137007257,haircare,2
3600551172293,haircare,1
4006000233826,skincare,1
3600524250140,haircare,1
4059729518712,makeup,1
0000500008297,skincare,1
0002010001476,haircare,1
0820056776045,skincare,1
3256226757953,skincare,1
8000137016884,skincare,1
8480017323668,skincare,1
4337185856129,haircare,1
7290015284189,haircare,1
0660957015610,skincare,1
8700216677660,haircare,1
8719238065621,skincare,1
8690937010993,haircare,1
3468080401693,skincare,1
0850023403506,makeup,1
8714319245275,skincare,2
4987176073440,haircare,1
5060593000431,haircare,1
3662217014637,skincare,1
8700216557139,haircare,1
8414227097569,haircare,1
6192017323105,haircare,1
7891150095588,haircare,1
3499320018357,skincare,2
3800013521892,haircare,2
0850056288279,haircare,1
3600542525893,haircare,1
3600541232877,haircare,1
3522930004349,skincare,1
3614274315448,makeup,1
9310714225134,haircare,1
4059729348548,makeup,1
5000101844997,haircare,1
0750007290910,haircare,1
8710447290910,haircare,1
5010724533628,haircare,1
8690937016124,haircare,1
4894532991501,skincare,1
4894819702707,skincare,1
0718207522514,skincare,1
8480017242679,skincare,1
3600551182711,skincare,1
3564700667941,skincare,1
3045204802859,skincare,1
8906190533279,haircare,1
0020714922689,makeup,1
7640105474684,skincare,1
4056489121381,haircare,1
3600531658106,makeup,1
8690529009855,skincare,1
0785364134355,skincare,1
8683143845435,haircare,1
8684000493318,haircare,1
3538396116106,haircare,2
3700216023400,haircare,1
0810208300143,skincare,1
4005900325846,skincare,1
8053732093729,skincare,1
0638827779504,skincare,1
0194249405235,skincare,1
8479350755618,makeup,1
8001090825681,haircare,1
8719134164183,skincare,1
8901030978630,skincare,1
0860013773571,skincare,1
5285009295045,skincare,1
3700036902947,skincare,1
7899572810000,haircare,1
6941553022245,skincare,1
4008666272232,haircare,1
84461032,haircare,1
0077315009103,haircare,1
3605970720858,skincare,1
3770013219344,skincare,1
4059729521088,makeup,5
4066447965414,haircare,1
0061398401534,skincare,1
5410091775421,haircare,3
3522930005377,skincare,1
7500435162913,haircare,1
3378872234487,skincare,1
4066447785845,skincare,1
8720674479798,haircare,3
6130548016745,skincare,1
4039401751002,skincare,1
3600523614431,makeup,1
3600521796221,makeup,2
3662361005499,skincare,1
4059729541857,makeup,1
30148093,makeup,1
4059729419545,makeup,2
0800897818586,makeup,1
0800897267049,makeup,1
3474636968701,haircare,1
4059729518262,makeup,2
4305615700496,makeup,1
8719134143348,skincare,1
3178041314282,haircare,1
8017331072325,skincare,2
3610340651410,haircare,1
5600829361082,skincare,1
5060453453452,skincare,1
6260344941207,skincare,1
8683130089743,haircare,1
4902430985932,skincare,1
0736140999149,haircare,1
0628467002803,haircare,1
5907653810725,haircare,1
08315939,haircare,1
3145891812404,makeup,1
3348901607339,makeup,1
5904917482346,skincare,1
3600524163808,haircare,1
4066447332322,haircare,1
3145891870169,makeup,1
4019674029107,makeup,1
8710624258078,skincare,2
0044600008899,skincare,1
0070481010300,skincare,1
4058172935862,haircare,1
8699943340001,skincare,1
4066447814958,skincare,1
0690864505263,skincare,1
0812154033243,haircare,1
3600542652933,haircare,1
8029352460043,haircare,1
3760162125221,haircare,1
3282770140972,haircare,1
5430004121527,skincare,1
3701129805008,skincare,1
3600542503136,haircare,1
0080878195077,haircare,1
0743877051460,haircare,1
3282770390179,skincare,1
8904352003974,skincare,1
5900017071787,haircare,1
5900017071756,haircare,1
5900017101989,haircare,4
3474637303365,haircare,1
0056594811058,skincare,1
3499320015431,skincare,1
3560071277093,haircare,1
5900057010166,haircare,1
4262351040319,skincare,1
5060447948674,skincare,1
4262351040364,skincare,1
4262351040340,skincare,1
4262351040302,skincare,1
4262351040296,skincare,1
2200267164042,skincare,1
3760319342822,skincare,1
3760319342839,skincare,1
3286010097057,haircare,1
9005800369549,skincare,1
3574669907200,haircare,1
00000311,haircare,1
00002979,haircare,1
00002980,haircare,1
00027606,skincare,1
00673037,skincare,1
20057060,skincare,8
20208844,haircare,2
20231460,skincare,1
20277246,skincare,1
20283131,skincare,2
20382933,skincare,4
20434182,skincare,4
20490379,haircare,1
20654825,skincare,9
20864774,skincare,11
20864781,skincare,1
22130518,skincare,4
26023458,skincare,2
29023004,haircare,1
30070349,skincare,3
50064861,skincare,5
0010181033056,haircare,2
0022796970060,haircare,4
0022796976017,haircare,1
0022796976024,haircare,2
0022796976116,haircare,4
0022796977519,haircare,5
0041167066218,skincare,1
0055451789400,haircare,1
0057990062532,skincare,1
0070501113424,skincare,1
0190679000187,haircare,1
0302993917564,skincare,1
0305212750003,skincare,4
0748378001112,haircare,4
0748378003154,haircare,2
0764302021506,haircare,3
0764302290629,haircare,1
0773602103515,makeup,3
0792850259997,skincare,2
0817513010002,haircare,1
0817513015328,haircare,3
0856017000126,haircare,8
0858380002141,haircare,1
2000000002057,haircare,1
2000000004891,makeup,2
2000000151466,makeup,1
3054080004028,haircare,2
3054080011569,haircare,2
3054080053293,haircare,2
3054080074335,skincare,2
3058320048117,skincare,2
3140100047820,haircare,2
3140100047875,haircare,2
3140100143065,haircare,1
3140100323047,haircare,2
3140100366419,haircare,1
3160920402005,skincare,4
3178040429628,haircare,1
3178040643802,haircare,4
3178040683181,haircare,3
3178040687042,haircare,2
3178040696433,haircare,2
3178041301138,haircare,2
3178041301183,haircare,1
3178041321792,skincare,1
3178041344319,haircare,1
3215662980011,skincare,2
3215666800162,haircare,2
3250390448730,skincare,2
3251241003016,haircare,1
3264680004117,skincare,10
3264680004964,haircare,1
3282770072815,skincare,10
3282770100747,skincare,9
3282770100778,skincare,2
3282779348850,skincare,1
3282779402927,skincare,1
3282779416139,skincare,4
3286010022042,haircare,1
3286010022059,haircare,2
3326100000557,skincare,1
3329310012495,skincare,3
3331849020391,skincare,4
3337872412684,skincare,7
3337872414015,skincare,2
3337872420696,skincare,1
3337875201360,skincare,2
3337875549530,skincare,2
3337875597333,skincare,14
3337875722827,skincare,2
3337875743563,skincare,4
3348070010589,haircare,2
3350031992612,skincare,2
3355312146401,haircare,4
3378872067566,makeup,1
3380380058561,haircare,3
3401360167841,skincare,1
3401363855738,skincare,4
3401573670053,skincare,1
3401575645851,skincare,1
3415900030427,skincare,3
3415900031486,skincare,6
3426354085000,haircare,3
3433422401907,skincare,1
3450601028878,haircare,1
3450970142731,haircare,1
3464660002007,skincare,2
3474636612666,haircare,1
3474636974221,haircare,1
3504105036768,skincare,1
3506770001010,skincare,1
3516170021655,skincare,2
3517360008661,skincare,2
3517360008685,skincare,2
3517360014181,haircare,4
3518646023132,skincare,2
3522931003761,skincare,1
3549620033052,skincare,2
3549621020426,skincare,2
3549621033174,skincare,1
3549629000024,skincare,2
3560070911349,haircare,2
3560070947485,haircare,9
3560070965977,haircare,2
3560070968893,haircare,3
3564700701058,skincare,1
3574660085563,skincare,4
3574660149807,skincare,9
3574660154344,skincare,2
3574660258288,skincare,3
3574660260052,skincare,20
3574660325492,skincare,2
3574660504293,skincare,1
3574660600124,skincare,5
3574661034805,skincare,3
3574661186269,haircare,2
3574661287201,skincare,4
3574661288802,haircare,4
3574661334912,haircare,1
3574661574554,haircare,1
3574661574561,haircare,1
3574661687018,skincare,2
3574669907842,haircare,1
3595890243547,skincare,2
3595897688518,skincare,3
3596202092938,skincare,2
3596206332825,skincare,2
3596710166404,haircare,2
3600520297118,skincare,2
3600522215370,haircare,5
3600522410874,haircare,7
3600523128174,haircare,1
3600523160853,haircare,2
3600523614455,makeup,1
3600531324506,makeup,2
3600531411121,makeup,1
3600540556448,skincare,3
3600541128484,haircare,1
3600541173620,haircare,1
3600541187825,haircare,3
3600541204638,haircare,2
3600541358485,skincare,1
3600541594968,skincare,1
3600541599017,haircare,2
3600541672710,haircare,1
3600541738508,skincare,1
3600541883635,haircare,2
3600542015172,haircare,2
3600542074704,haircare,2
3600542074858,haircare,2
3600542097024,skincare,1
3600542120487,haircare,3
3600542133531,haircare,1
3600542221054,haircare,1
3600542359696,skincare,1
3600542359764,skincare,1
3600542525831,haircare,4
3600550038071,skincare,2
3600550153453,haircare,2
3600550199291,skincare,1
3600550216592,skincare,3
3600550240276,skincare,3
3600550258301,skincare,1
3600550258691,haircare,3
3600550274783,haircare,1
3600550456035,haircare,3
3600550805369,haircare,3
3600550806700,haircare,3
3600550817584,haircare,6
3600550845570,haircare,1
3600550937374,haircare,1
3600550937381,haircare,1
3600550972153,skincare,3
3600551020419,skincare,4
3600551032078,haircare,6
3606000537750,skincare,1
3607345064505,makeup,1
3614271701510,skincare,6
3660005217468,haircare,1
3660005240718,skincare,1
3660005542904,skincare,1
3660005545325,skincare,1
3660005984537,skincare,1
3662361002146,skincare,1
3770000717587,skincare,1
3770004051007,skincare,1
4000196012098,skincare,2
4000196020956,skincare,1
4005800001192,skincare,4
4005800027932,skincare,1
4005800137556,skincare,1
4005800137655,skincare,1
4005808183043,skincare,3
4005808425365,skincare,4
4005808801053,skincare,13
4005808846610,skincare,1
4005900127167,skincare,2
4005900246905,skincare,1
4005900249401,skincare,6
4005900363756,skincare,5
4005900363879,skincare,3
4005900399427,haircare,1
4005900597489,skincare,1
4005900597519,skincare,1
4005900756152,skincare,1
4005900773845,skincare,2
4010355336040,skincare,1
4010355340115,skincare,1
4010355341372,haircare,1
4010355348401,skincare,3
4012273123009,skincare,1
4015100292022,haircare,3
4015100292374,haircare,1
4015100292411,haircare,1
4015100404548,haircare,1
4017645036949,haircare,3
4017645046290,haircare,2
4021609012733,haircare,2
4025089081319,skincare,3
4049639412507,makeup,1
4056489234081,skincare,1
4058172002144,skincare,1
4058172009013,haircare,4
4058172192449,skincare,5
4058172446535,haircare,1
4058172618994,skincare,3
4058172880292,haircare,1
4058172934988,skincare,1
4059729395177,makeup,1
4066447106404,skincare,2
4084500526792,haircare,2
4250587735543,makeup,2
4250947516027,makeup,2
4255582800104,skincare,1
4305615307763,haircare,3
4305615537153,skincare,2
4305615566115,haircare,2
4305615566184,haircare,1
4305615609997,skincare,5
4305615610054,skincare,1
0990312338444,haircare,3
0990312212805,haircare,1
5000119810236,skincare,1
5000207007159,skincare,1
5000262137006,skincare,2
5010724526798,haircare,3
5010724527443,haircare,4
5010724527474,haircare,4
5012583201885,haircare,3
5017634238483,skincare,2
5022496103534,haircare,7
5057753324841,haircare,2
5099802150117,skincare,4
5410076390830,haircare,8
7501056346195,skincare,1
7509552828962,haircare,1
7509552874952,haircare,1
7509552904819,haircare,1
7790010570626,haircare,1
7891010009250,skincare,2
8001090582133,haircare,4
8001090661999,haircare,2
8001090662231,haircare,3
8001841054988,haircare,1
8006540476307,haircare,1
8436024790016,skincare,4
8480000420947,skincare,4
8480000465702,haircare,1
8710444217408,skincare,5
8710444220828,skincare,1
8710908238505,haircare,7
8711700922340,haircare,4
8711700956796,haircare,4
8714100597347,skincare,3
8714789880488,haircare,2
8714789880501,haircare,1
8717163525555,haircare,4
8717931601832,haircare,4
8718114621371,haircare,2
8718951087569,haircare,3
8719134096279,skincare,1
8806334369514,skincare,1
8809416470511,skincare,4
8906087778462,skincare,2
3600524030315,haircare,1
4024009008696,haircare,3
8690644035722,makeup,1
5010934005021,haircare,1
5203069054587,haircare,1
3600542563888,haircare,1
0811847037421,haircare,1
3701129812112,skincare,1
7509552979558,haircare,2
8030243021144,haircare,1
4061458023726,haircare,1
3600542534314,makeup,1
7750075057920,haircare,1
00320590,skincare,1
8718951576919,haircare,1
3605973079571,skincare,1
5059605622624,skincare,1
3662217015108,makeup,1
3760100683004,skincare,1
3574669907385,haircare,1
3178041338387,haircare,1
3600550367188,haircare,1
3600531648725,skincare,1
4971710378498,makeup,1
8720964894164,skincare,1
8809389032150,skincare,1
5060565104761,haircare,1
6924372665459,skincare,1
3574661428093,skincare,1
5900017102061,haircare,2
5709954024333,haircare,1
0071249153789,haircare,1
5280270017488,haircare,1
8002410067279,skincare,1
3160920964701,haircare,1
6974998720971,skincare,1
8909106065932,haircare,1
5102108900017,haircare,1
5903116756579,haircare,4
5906649498242,haircare,1
5600551154459,haircare,1
5902853066996,haircare,1
8480010207170,skincare,3
4061461877149,skincare,4
3600524231286,haircare,1
3700563203005,skincare,1
8429420264106,skincare,1
8859362515620,skincare,1
8051811451538,haircare,1
3574661748368,skincare,1
8056386602200,skincare,1
8700216212786,haircare,1
6414505192254,haircare,1
0672153411516,makeup,1
8696961800395,haircare,1
4047247998093,haircare,1
3506770001041,skincare,1
3140100366440,haircare,5
5900017040035,skincare,1
4047196052631,haircare,1
4047196052648,haircare,1
2000000157861,haircare,1
2000000157862,haircare,1
2000000157869,skincare,1
8436617752667,skincare,1
2200291116956,skincare,1
0729238169807,skincare,1
4335619112025,skincare,1
3564700877203,haircare,1
0857724008979,skincare,3
1937013660657,haircare,1
3701436913199,haircare,1
8909106076419,haircare,1
5061087560738,skincare,1
5060879821989,skincare,1
5017634247843,skincare,1
5407005691625,haircare,1
4061459883626,skincare,1
3600551142135,haircare,1
8904409719926,makeup,1
0075609199202,skincare,1
3537090019119,haircare,1
3701129812426,skincare,1
4061461233051,skincare,1
3253581491393,haircare,1
3700390875079,skincare,1
3700390873051,skincare,1
3600551055008,haircare,1
3701129805060,haircare,1
0830372000465,haircare,1
5202888400193,skincare,1
0071249283714,makeup,1
7340074775385,haircare,1
4068706887949,skincare,1
8690595028064,haircare,1
4066447909319,haircare,1
8017331065051,skincare,1
8017331051610,skincare,1
8006530139403,haircare,1
0024843639883,skincare,1
8017596114570,haircare,1
8901526603442,haircare,1
8009518492545,skincare,1
8007827094856,skincare,1
4066447107371,haircare,1
5045091051628,skincare,1
0075371003936,skincare,1
4015100864977,haircare,1
7896235354185,skincare,1
8906117254850,skincare,1
3760349312772,skincare,1
42269663,skincare,8
0850046839153,skincare,1
0850046839351,skincare,1
5709557949248,skincare,1
8435534412616,haircare,1
5901887030355,skincare,1
8699708260216,haircare,2
3517360020267,haircare,3
8015700166897,skincare,1
3264680042003,skincare,1
6132321304810,skincare,1
6214000451111,haircare,1
8719497835201,skincare,1
4335619356313,skincare,1
4067796069402,haircare,1
3760162125122,haircare,1
3337875810890,skincare,1
0641628611492,skincare,1
8680057427023,haircare,1
3660005880495,haircare,1
8690937011372,haircare,1
8690506544089,haircare,1
3600523699148,haircare,1
8690506492076,skincare,1
0010181053351,skincare,1
0810025927752,skincare,1
7899572806799,haircare,1
6902395682974,makeup,1
3337875923859,haircare,1
7630028643823,haircare,1
3600541729476,skincare,1
8480017249852,skincare,2
4316268622912,haircare,1
7331162013915,skincare,1
6902395979012,makeup,1
8809437396593,makeup,1
0030772166192,haircare,1
8809625246082,skincare,1
8809625246099,skincare,1
8809625246105,skincare,1
8809625246129,skincare,1
3474636994007,haircare,1
8809625246143,skincare,1
6902395979098,makeup,1
8809437399990,makeup,1
3474637195809,haircare,1
0609332836761,makeup,1
8908027247007,skincare,2
7629999091795,skincare,1
3537090019287,haircare,1
3504105035808,skincare,1
3770008149069,haircare,1
8432729040197,skincare,1
6192346000012,haircare,1
7290015284431,skincare,2
0041167043660,skincare,1
4260199892268,skincare,1
4260199892572,skincare,1
4260199895917,skincare,1
4260199892473,skincare,1
4260199896983,skincare,1
4260199894279,skincare,1
6130548016981,haircare,1
7709183563502,skincare,3
30096608,makeup,2
0087300560076,skincare,1
0300009368874,skincare,1
0038276005108,haircare,1
0858511001135,haircare,1
0681131199995,skincare,1
8904091190256,skincare,1
3567730300130,haircare,1
3610340675430,haircare,1
3760026151861,makeup,2
4066447756500,skincare,2
