code,imgid,pred,keyword,strong,product_name_text,generic_name_text
0018787931356,1,skincare,savon,True,Savon Bio Multi-usage à La Menthe,
0018787943304,1,skincare,savon,True,Savon Liquide Bio à La Menthe - Dr Bronner,
0018787943359,2,skincare,savon,True,Savon De Castille Menthe Poivree,
0020714001100,1,makeup,bronzer,True,Face bronzer,
0062400195984,1,skincare,nettoyant,True,Nettoyant en profondeur au charbon pour les pores,
0079245851715,1,makeup,lip gloss,True,sparitual Lip Gloss,
0086800100393,1,skincare,sunscreen,True,Ultra sheer body mist sunscreen,
0180551000411,1,skincare,sunscreen,True,FACE & BODY SPF 27 SUNSCREEN ,
0615908424874,1,haircare,hair oil,True,S Factor True Lasting Colour Hair Oil 3.4oz,
0626232140972,1,skincare,hand soap,True,Natural hand soap,
0635494310207,1,skincare,serum,True,Skinceuticals - Serum 10,
0651986101207,1,makeup,lipstick,True,Metallic Sparkle Lipstick,
0651986502882,1,makeup,gloss,True,Gloss magic effet,
0667534781098,1,skincare,hand cream,True,Nourishing hand cream,
0688047130265,1,haircare,conditioner,True,not your mother's beach babe conditioner,
0697045150755,1,skincare,hand cream,True,Ahava Mineral Hand Cream 5.1 Oz.,
0718334337074,1,skincare,essence,True,Shampoing Framboise - 237 ML - Desert Essence,
0724742010133,2,haircare,shampoo,True,Hawaiin Shampoo,
0735303381050,4,skincare,deodorant,True,soft & dri deodorant,
0738678240755,3,skincare,body wash,True,American Crew Classic Body Wash,
0751672010520,1,skincare,cleanser,True,Foaming Facial Cleanser,
0764302231042,1,haircare,shampoo,True,INTENSIVE HYDRATION SHAMPOO,
0764560540023,1,skincare,sheet mask,True,Cranberry & Apple Sheet Mask,
0809280134869,1,skincare,nettoyant,True,Crème nettoyante au soja,
0815151024573,1,haircare,conditioner,True,Amika Bust Your Brass Cool Blonde Conditioner Sea Buckthorn Berry (Obliphica),
0815921017101,1,haircare,shampoo,True,Volumising shampoo,
0815921017118,1,haircare,conditioner,True,Volumising conditioner,
0816657022872,3,makeup,fond de teint,True,fond de teint satiné longue tenue,
0817574015831,1,haircare,shampoo,True,Amika Triple Rx Shampoo Sea Buckthorn Berry (Obliphica),
0817574018801,2,haircare,conditioner,True,Amika Triple Rx Conditioner Sea Buckthorn Berry (Obliphica),
0817574019808,1,skincare,serum,True,eva nye hair serum,
0817939012475,1,skincare,nettoyant,True,Nettoyant Multi-usages Spray écologique Pamplemousse Rose ? ? Method?,
08227973,2,makeup,bb cream,True,Lift me Up Anti Aging BB Cream 10in1,
0834893002328,1,makeup,foundation,True,Phyto-Pigments Flawless Serum Foundation,
0840749002213,4,makeup,nail polish,True,Nail Polish Remover,
0884486282453,2,haircare,shampoo,True,Raw Uplift Shampoo,
0890397002684,1,skincare,sunscreen,True,SPF 50+ sunscreen for healthier babies,
0890397002790,1,skincare,sunscreen,True,SPF 50+ sunscreen for healthier athletes,
09597761,1,makeup,mascara,True,longeyes+ Active Mascara,
15681132,2,skincare,deodorant,True,Cedrat stick deodorant,
2023730999992,1,skincare,body cream,True,Go With The Flow Body Cream,
20477127,1,skincare,shower gel,True,Orange Shower Gel,
20696443,1,makeup,primer,True,SUPPRIMER,
20978464,1,haircare,shampoo,True,Après shampooing fantastic volume,
22136473,1,haircare,shampoo,True,Shampoo Mandelmilch,
24047357,1,haircare,shampoo,True,Shampooing Classic,
2601010701505,1,haircare,shampoo,True,Shampooing soin clarifiant,
26015682,1,makeup,primer,True,SUPPRIMER,
27041499,3,skincare,savon,True,Savon liquide anti bactérien ,
27044759,1,skincare,deodorant,True,Deodorant Aldi MARE for Men,
30095298,1,makeup,vernis à ongles,True,Vernis à ongles,
3010354000011,1,skincare,savon,True,Savon de marseille,
30136304,1,makeup,vernis à ongles,True,Vernis à ongles,
3052503602318,1,makeup,anticernes,True,bourjois happy light anticernes ultra unifiant ,
3052503702124,1,makeup,mascara,True,mascara Twist up the Volume,
3052503757438,1,makeup,blush,True,Bourjois blush rose ambré 74,
3052505240211,1,makeup,eye shadow,True,Frosty eye shadow - ombre à paupières,
3058320047042,1,skincare,lait corps,True,Mixa Intensif peaux sèches lait corps réparateur ,
3058320060010,1,haircare,gel coiffant,True,Vivelle DOP Gel coiffant aux vitamines fixation forte,
3140100149241,3,makeup,blush,True,Blush Satiné,
3140100366525,1,haircare,shampoo,True,Shampooing expert anti pelliculaire,
3141380352642,1,skincare,lait corps,True,Lait corps extra-nourissant,
3165830003304,1,skincare,savon,True,Savon miel propolis,
3178041308793,2,skincare,essence,True,Teraxyl - 2 en 1 - Dentifrice + Bain de Bouche - Non-Stop Fresh aux essences de Menthe,Dentifrice
3181730201459,1,skincare,savon,True,savon au lait et aux amandes douces,Pains de toilette
3182611231466,1,skincare,savon,True,Savon de provence,
3182611234504,1,skincare,savon,True,savon de marseille,
3182611235112,1,skincare,savon,True,Savon de Marseille,
3182611351010,1,skincare,savon,True,Savon aux sels de la mer morte,
3183943607073,1,skincare,savon,True,Savon de marseille bicarbonate,
3221774788773,1,makeup,primer,True,a_supprimer_Revlon,
3224056064596,3,haircare,gel coiffant,True,gel coiffant,
3245678612590,1,haircare,gel coiffant,True,Gel coiffant,
3245678622766,4,skincare,mousse à raser,True,Mousse à raser,Mousse à raser
3250391438136,6,skincare,deodorant,True,Deodorant 24h,
3250391813186,1,skincare,savon,True,Savon Amande douce,
3253581264096,1,skincare,lait corps,True,Lait Corps Verveine,
3253581321645,2,skincare,lip balm,True,Cherry Blossom Lip Balm,
3253581535325,1,haircare,shampoo,True,Réparation intense - shampooing,
3254560527225,2,skincare,essence,True,Eau de cologne naturelle* aux essences naturelles,Eau de cologne
3256220516341,1,haircare,gel coiffant,True,"Gel Coiffant Fixation Extrme Acier By U, 250ml",
3256221674293,1,skincare,nettoyant,True,Eau nettoyante,
3256224353898,1,haircare,shampoo,True,shampooing sec doux by U,
3256224359395,1,skincare,nettoyant,True,Gel nettoyant visage,
3258561640532,1,haircare,laque,True,Laque 300 Forte B. F,
3263855673332,1,skincare,savon,True,Crème Lavante Aux Savons De Marseille Et Huile d Olive,
3263855820514,1,skincare,mousse à raser,True,Mousse à raser,
3264680009488,1,skincare,lait corps,True,Prodigieux lait parfumé Lait corps sublimateur,
3264680014871,1,skincare,essence,True,Lotion essence aquabella,
3273818841623,1,skincare,savon,True,SAVON TRADITIONNEL D'ALEP,
3273818841814,1,skincare,savon,True,Savon Fruits rouges givrés,
3282770030143,2,skincare,gel douche,True,Gel douche Surgras,
3282770038194,1,skincare,lait corps,True,Lait corps hydratant,
3282770073812,1,skincare,gel douche,True,Klorane Gel Douche Surgras Mûre Mystère,
3282770074161,1,haircare,shampoo,True,Klorane Shampooing à L'extrait Essentiel D'olivier,
3282779024549,1,skincare,mousse à raser,True,mousse à raser,
3282779051514,1,skincare,cleanser,True,Gentle Milk Cleanser,
3282779061216,1,skincare,gel douche,True,René Furterer Initia Gel Douche Tonique 200ML,
3282779077118,4,skincare,gel douche,True,Gel douche surgras Oxygène,
3282779286800,1,skincare,gel douche,True,gel douche surgras jardin aquatique,
3282779326889,1,skincare,cleanser,True,Klorane Bebe Cleansing Micellar Water No Rinse Formula 750ML (cleanser),
3282779330091,1,haircare,shampoo,True,Extra Doux Shampooing Traitant Usage Fréquent - 400ML Ducray,
3283950911153,1,skincare,lait corps,True,Lait corps,
3283950917704,1,skincare,lait corps,True,Lait corps,
3283950920766,1,skincare,nettoyant,True,Lingettes nettoyantes bebe,
3284410027902,1,skincare,nettoyant,True,Gelée Nettoyante Et Purifiante - 200 ML - Melvita,
3286010008985,1,haircare,shampoo,True,Biolane Shampooing Douceur  ,
3286010021243,1,skincare,cleanser,True,Body hair cleanser,
3286010031075,1,skincare,gel douche,True,Gel douche nourrissant,
3286010035387,1,haircare,gel coiffant,True,Gel coiffant,
3286011059702,4,skincare,cleanser,True,Body hair cleanser,
3287570401025,1,skincare,savon,True,Savon de Marseille liquide,
3326240023812,2,skincare,lait corps,True,Varens & Co N°09 Lait Corps 50 ML,
3337871325220,1,skincare,serum,True,vichy Aqualia Serum,
3337875542654,1,skincare,essence,True,Aua hypnotica. Essence botanique défatigante yeux & cils,
3337875543248,3,skincare,booster,True,Mineral 89,Daily Booster
3350033025554,2,haircare,laque,True,Bain de bouche multi-protection antiplaque,Bain de bouche antiplaque
3350033025561,1,haircare,laque,True,Bain de bouche Multi-Protection Antiplaque,
3350033156678,1,haircare,laque,True,Laque fixation extra forte,
3350033188396,1,skincare,gel douche,True,Gel douche hydratant parfum citron,
3350033362123,1,skincare,nettoyant,True,Eau nettoyante,
3355999000652,1,skincare,mousse à raser,True,mousse à raser,
3361370640492,1,skincare,gel douche,True,Gel douche Fraîcheur d'eau,
3365000012659,1,skincare,savon,True,Savon De Marseille Liquide Starwax - Flacon Pompe 300 ML,
3373365002222,1,skincare,savon,True,Véritable savon liquide de Marseille,
3378872090748,1,makeup,vernis à ongles,True,Vernis à ongles Séphora - Lazy afternoon,
3378872099994,1,skincare,face mask,True,Sephora Collection Face Mask Green Tea 0.78 Oz,
3378872112600,1,makeup,maquillage,True,palette de  maquillage ,
3380810185249,5,makeup,primer,True,CLARINS SOS PRIMER 00 - Booste l'éclat ,
3380810232424,1,haircare,shampoo,True,ClarinsMen Shampooing Douche,
3387101121207,2,haircare,shampoo,True,Shampooing Poils longs,
3401320353857,2,skincare,nettoyant,True,Neostrata Skin Active Mousse Exfoliante Nettoyante 125 ML,
3401397176274,1,haircare,shampoo,True,"Shampooing réparateur cheveux abîmés, cassants",
3401520717831,1,skincare,savon,True,Savon Liquide De Marseille Fleur D'oranger,
3401599487697,4,skincare,nettoyant,True,Bioderma Abcderm Lingettes Nettoyantes Visage Et Corps. BT,
3474393013201,1,skincare,gel douche,True,Gel Douche Framboise-Grenade,
3474630219991,3,haircare,shampoo,True, Serie Expert Paris Silver Shampoo ,
3474633002156,1,makeup,gloss,True,Gloss protect system,
3478820044035,2,skincare,savon,True,Savon Recette D'Alep - Grand Format,
3489940035223,3,skincare,savon,True,Savon de beauté lavande au lait d'ânesse bio,Savon
3489940035315,1,skincare,savon,True,Savon Au Lait D'anesse + Miel Frais - 100 G - Cosmo Naturel,
3489940061598,1,haircare,shampoo,True,Gravier Bio Shampooing Douche Fruits D'ete,
3489940070590,1,haircare,shampoo,True,Shampooing Douche Fruits D'été Bio - 1L - Ce'Bio,
3504105028596,3,haircare,shampoo,True,Mustela Shampooing Mousse Nourrisson,
3511018800744,1,skincare,savon,True,Savon Liquide De Marseille Citron Menthe Le Comptoir Du Bain,
3515450013601,2,skincare,deodorant,True,Bio Secure Pierre D'alun Grenade 50ML (deodorant),
3517360003673,2,skincare,nettoyant,True,Gel nettoyant purifiant,
3517360009767,2,skincare,gel douche,True,Natessance Gel Douche Jasmin,
3517360010978,1,skincare,nettoyant,True,Mousse nettoyante clarifiante,
3517360011425,2,skincare,gel douche,True,Natessance Gel Douche Argan Fleurs D'oranger,
3517360012859,1,skincare,gel douche,True,Gel douche,
3517360016161,1,haircare,shampoo,True,Shampooing Huile Ricin Et Jojoba - 250ML,
3519590252289,1,skincare,savon,True,Savon Liquide,
3522930000693,5,skincare,gel douche,True,Caudalie Gel douche fleur de vigne,
3522930000785,1,skincare,body lotion,True,CAUDALIE Nourishing Body Lotion,
3532662030004,1,makeup,mascara,True,Mascara allongeant,
3537090011304,1,skincare,savon,True,Savon Liquide Neutre,
3538394920026,2,skincare,gel douche,True,Gel Douche Protecteur à L'Olive - 1L - Coslys,
3538396121100,2,haircare,gel coiffant,True,Gel Coiffant,
3545230141347,1,makeup,maquillage,True,Miss Cop Palette De Maquillage 30 Couleurs,
3548752085328,1,makeup,fond de teint,True,Fond de teint couvrance invisible - R330,
3551780120053,1,skincare,gel douche,True,gel douche,
3551780820168,2,skincare,savon,True,savon de marseille liquide a l'orange confite,
3558421015006,1,skincare,savon,True,Savon Liquide De Marseille - Bio,
3560070743209,1,skincare,nettoyant,True,Spray nettoyant ,
3560070881406,3,skincare,creme mains,True,Creme mains réparatrice,
3560070885251,3,haircare,laque,True,Laque fixation normale,
3560071010430,1,skincare,gel douche,True,gel douche au monoï de Tahiti,
3564700091432,1,haircare,shampoo,True,"Shampooing Soin Volumateur, 250 Millilitres",
3564700389232,1,skincare,nettoyant,True,Eau nettoyante hydratante,
3564700667781,1,skincare,mousse à raser,True,Mousse à raser,
3564700716717,1,skincare,gel douche,True,Carré Homme - Gel Douche Séduction / Duschgel For Men Verführung,
3567730300376,1,haircare,shampoo,True,Shampooing Douche Provence - 1 L - Dermaclay,
3574660156324,1,skincare,nettoyant,True,Visibly Clear gel nettoyant exfoliant douceur,
3574660618440,1,skincare,nettoyant,True,Eau nettoyante,
3574661012582,1,skincare,gel douche,True,Gel douche flor de laranjeira,
3574661039732,1,skincare,nettoyant,True,Visibly clear shine & pore gel nettoyant matifiant,
3574661184128,1,skincare,lait corps,True,Lait corps,
3574661185699,1,skincare,nettoyant,True,Visible clear spot control gel nettoyant,
3574661193137,2,skincare,gel douche,True,Gel douche cheveux et corps Menthe et Agrumes,
3583262404719,4,skincare,nettoyant,True,Gel Nettoyant Purifiant,
3593290027217,1,skincare,lait corps,True,Lait corps fleur de jasmin,
3596209936310,5,skincare,lait corps,True,Lait corps vivifiant Citrus,
3596710177479,1,skincare,mousse à raser,True,Mousse à raser Auchan,
3596710190980,1,skincare,mousse à raser,True,Mousse à raser hydratante a l'allantoïne,
3596710191116,1,skincare,mousse a raser,True,Mousse a raser peaux fragiles,
3600520461427,1,makeup,fond de teint,True,Fond de teint accord parfait,
3600521625262,2,haircare,shampoo,True,Elvive Energizzante Shampoo Delicato Citrus.Cr,
3600522081906,1,makeup,bb cream,True,BB Cream / CC Cream Nude Magique BB Cream,
3600522727941,2,haircare,shampoo,True,Elvital Soin Defense Schützendes Sommer-Shampoo,
3600522838906,1,makeup,fond de teint,True,Accord parfait - Fond de teint fondant unifiant perfecteur,
3600523161522,1,makeup,fond de teint,True,Fond De Teint Cushion Nude Magique,
3600523176168,1,makeup,blush,True,Blush Sculpt,
3600523232499,1,skincare,gel douche,True,Gel douche bois agrumes,
3600523426492,1,haircare,shampoo,True,Shampooing apaisant Phytoclear Antipelliculaire,
3600530768424,1,makeup,fond de teint,True,Dream nude mousse fond de teint ,
3600540569035,1,makeup,bronzer,True,Natural. Bronzer,
3600540809902,1,haircare,shampoo,True,Shampooing ,
3600541660489,1,haircare,shampoo,True,Garnier Fructis Shampoo,
3600541933927,1,skincare,gel douche,True,Gel douche Miel,
3600542023870,1,haircare,shampoo,True,Wahre Schätze Shampoo Grüner Tee,
3600550518054,1,haircare,gel coiffant,True,Gel coiffant aux vitamines ,
3600550944341,1,haircare,laque,True,Eclat laque,
3600550945010,1,haircare,shampoo,True,Shampooing à l'huile d'argan,
3605970754099,1,skincare,sunscreen,True,Kiehls - Sunscreen #mineral,
3605971345746,1,skincare,cleanser,True,Kiehl's Blue Herbal Blemish Cleanser Treatment,
3605971764141,1,skincare,micellar,True,herbal infused micellar cleansing water,
3610340008672,1,haircare,hair mask,True,Dark & Amla Legend Deep TreatmentHair Mask,
3614271567765,3,makeup,mascara,True,Mascara volume effet faux cils ,
3660005129419,1,skincare,hand cream,True,Yves Rocher Candied Orange & Almond Hand Cream,
3660005152486,1,skincare,hand cream,True,Blackberries Hand Cream,
3660005386164,1,skincare,gel douche,True,Gel douche gommant canneberge et amande,
3660005423081,1,skincare,gel douche,True,gel douche fleur de tiaré ylang-ylang,
3660005438542,1,skincare,serum,True,Serum végétal rides & éclat roll-on illuminateur regard,
3660005562117,1,skincare,nettoyant,True,sensitive végétal crème nettoyante démaquillante ,
3660005570075,1,skincare,nettoyant,True,seb végétal gel nettoyant ,
3660005770826,1,skincare,serum,True,Serum végétal rides & éclat Nuit,
3660005780313,1,skincare,savon,True,Savon exfoliant energisant,
3660005788616,1,skincare,nettoyant,True,Nettoyant démaquillant surgras,
3660005843711,1,skincare,gel douche,True,Gel douche concentré,
3661434000423,2,skincare,cleanser,True,Uriage 1ere Eau No Rinsing Cleanser  (cleanser),
3661434002335,1,skincare,nettoyant,True,xémose huile nettoyants apaisante ,
3661467002227,3,skincare,booster,True,Sérum Booster à l’Acide Hyaluronique,
3661467002234,1,skincare,booster,True,Booster vitamine C,
3661467002326,2,skincare,nettoyant,True,Nettoyant lacté,
3661596986405,1,haircare,shampoo,True,Shampooing cheveux colorés,
3662076019002,1,skincare,mousse à raser,True,Mousse à raser peaux sensibles,
36623846,1,makeup,fond de teint,True,Fond de teint hydratant,
3700281702040,1,skincare,nettoyant,True,Gel nettoyant surgras,
3700479107244,2,skincare,savon,True,Savon d'alep alepia,Savon d'Alep
3700479110138,1,haircare,shampoo,True,Shampooing d'Alep Original à l'huile de Nigelle ,
3700599200917,1,skincare,savon,True,Savon extra doux,
3700599201037,1,skincare,savon,True,Savon Miel Pamplemousse Orange Douce,
3700599201105,1,haircare,shampoo,True,Shampooing Douche,
3700599201266,1,skincare,savon,True,Savon extra doux,
3700599201389,2,skincare,savon,True,savons nourrissants et surgras amande et miel,
3700601503319,1,skincare,savon,True,La maison du savon de marseille,
3700601504378,1,skincare,savon,True,Savon noir liquide,
3700668700225,2,skincare,nettoyant,True,Eau nettoyante hypoallergénique,
3700743357801,1,makeup,primer,True,face primer,
3701120000266,1,skincare,serum,True,Hair serum,
3760013822477,2,skincare,lait corps,True,Lait corps pour tous,
3760062882255,1,skincare,savon,True,Savon liquide de Marseille,
3760075070045,1,skincare,nettoyant,True,Alphanova Bébé Eau Nettoyante,
3760087903539,1,skincare,savon,True,3 savonnettes naturelles à l'abricot,
3760089422823,3,skincare,lait corps,True,Lait corps centella,
3760099594367,1,skincare,nettoyant,True,Bébé Cadum Lait de Toilette Nettoyant et Hydratant ,
3760100173079,1,haircare,shampoo,True,Shampooing protecteur douceur d'amande,
3760100682717,2,haircare,shampoo,True,Shampooing argan,
3760117511444,1,haircare,shampoo,True,Après-shampooing thé vert bio & huile essentielle de citron,
3760135010035,1,skincare,cleanser,True,Advanced cleanser,
3760141877462,1,haircare,shampoo,True,Shampooing purifiant,
3760162120424,1,skincare,savon,True,MKL Savon De Marseille the Vert 1 Litre,
3760163291338,1,skincare,savon,True,Sapophile,Savon surgras
3760172446583,1,skincare,gel douche,True,Gel Douche Karité Format Familial 1 Litre - Bio Seasons,
3760172620242,1,haircare,shampoo,True,Shampooing Les TINCTORIAUX,
3760182264511,1,haircare,shampoo,True, shampooing douche,
3760189190066,2,skincare,savon,True,Savon surgras bio au lait de chèvre alpine ,Savon surgras
3760230250022,1,skincare,savon,True,Savon noir MULTI usage,
3760230251265,1,skincare,savon,True,Savon noir bain douche à l'huile d'olive bio,
3770000175271,1,haircare,shampoo,True,Poil à degratter shampooing doux ultra apaisant ,
3770005171100,1,skincare,savon,True,Savon d'Alep,
3770005798062,1,skincare,savon,True,Savon à Froid Le Suisse Neutre 100GR Clémence Et Vivien,
3770006098116,1,skincare,savon,True,Savon,
4001638075107,2,haircare,shampoo,True,Weleda Kids Douche & Shampooing 2-en-1 Citron Vert Pétillant,
4005800636516,1,skincare,mousse à raser,True,Mousse à raser,
4005808825462,1,skincare,lait corps,True,Nivea lait corps douche ,
4005808891641,6,skincare,deodorant,True,Deodorante Talc sensation,
4005900273994,1,skincare,nettoyant,True,Nivea Baby Lait Nettoyant,
4010355141859,1,haircare,shampoo,True,babylove shampoo,
4015000995030,1,skincare,gel douche,True,fa men - Attraction force,gel douche
4017645011243,3,makeup,nail polish,True,Natural nail polish remover,
4021457607914,1,haircare,shampoo,True,Organic Aloe Vera wash lotion & shampoo,
4021457614233,1,skincare,savon,True,Savon liquide,
4021457620005,2,haircare,shampoo,True,Shampooing éclat & Souplesse Bio Fleurs De Mauve & Extrait De Perle - 250ML - Lavera Hair,
4021457621538,1,skincare,nettoyant,True,nettoyant gommage masque,
4040218130065,2,haircare,shampoo,True,Methode Sensitive Lipokerine E,shampooing concentré pour cuirs chevelus sensibles
4045787387773,1,haircare,shampoo,True,Osis+ shampooing sec gainant,
4051089883110,1,haircare,shampoo,True,Shower + Shampoo,
4084500128880,2,haircare,shampoo,True,Clearly Naked Moisture Shampoo,
4084500272088,1,haircare,shampoo,True,H&S shampoo,
4103040019448,1,haircare,shampoo,True,Antischuppen Shampoo,
4260198091754,1,skincare,body lotion,True,Body lotion,
4260198091907,3,skincare,hand cream,True,hand cream classic -sensitive,
4305615481593,1,skincare,serum,True,Q10 Lifting Serum,
4335896491806,1,haircare,shampoo,True,Baby mildes Shampoo,
4389554945958,1,haircare,shampoo,True,DOP shampooing aux oeufs,
4511413501511,4,skincare,cleansing oil,True,Deep Cleansing Oil,
4710094102998,1,skincare,body wash,True,Dove gentle exfoliating body wash,
4901872895830,1,haircare,shampoo,True,Super mild shampoo,
4902430574051,2,skincare,cleanser,True,Revitalising Cream Cleanser,
5022545078448,2,haircare,conditioner,True,Disney Frozen Conditioner,
5028197121990,1,makeup,bb cream,True,The Body Shop Vitamin E Cool BB Cream,
5028197479534,1,skincare,shower gel,True,Coconut Bath Shower Gel / Cream,
5028197527204,3,skincare,gel douche,True,Gel douche virgin mojito,
5028197751418,3,makeup,foundation,True,Mate clay skin clarifiying foundation,
5045498902158,1,makeup,blush,True,My Burberry - Blush - Eau de Parfum,
5055586604970,1,haircare,conditioner,True,Conditioner,
5060110223718,1,makeup,primer,True,SUPPRIMER,
5060120165794,1,haircare,conditioner,True,Kératine Classic conditioner,
5060176673458,3,skincare,face mask,True,Face mask virgin olive oil,
5099821001261,2,skincare,body butter,True,Hawaiian Tropic Aftersun Body Butter Exotic Coconut,
5163913807403,1,haircare,shampoo,True,Shampooing douche energisant,
5201109623632,1,haircare,shampoo,True,Olivia Classic Shampoo Droog Haar,
5203069043260,2,skincare,gel douche,True,gel douche figue,
5203069066139,1,skincare,nettoyant,True,emulsion nettoyante thé de l'Olympe,
5283157084559,2,haircare,shampoo,True,Amika Bust Your Brass Cool Blonde Shampoo Sea Buckthorn Berry (Obliphica),
5410091718329,3,haircare,shampoo,True,Shampoo,
5410443814501,1,makeup,primer,True,SUPPRIMER,
5413525201107,1,haircare,shampoo,True,Shampooing lavande,
5413525211106,1,skincare,gel douche,True,Shampooing gel douche romarin,
6291100410088,2,haircare,shampoo,True,Henna shampoo,
6903148213469,1,haircare,shampoo,True,Shampoo,
6907376501299,1,haircare,shampoo,True,Baby shampoo,
6920177917489,1,haircare,conditioner,True,Hydro Collagen Conditioner,
6928820029572,5,skincare,micellar,True,Garnier Skin Naturalis Micellar Cleansing Water All-in-1,
6942074216533,1,skincare,hand cream,True,Collagen by watsons - moisturising and firming hand cream,hand cream
72789254,1,haircare,shampoo,True,Syoss Repair Shampoo,
7630028604947,1,skincare,body lotion,True,Body lotion ,
7790010915199,1,haircare,shampoo,True,Gohmso's baby shampoo,
7891150033580,1,haircare,shampoo,True,Shampoo tresemme oil radiante 400ml,
7899572806164,1,makeup,mascara,True,mascara CPA Lola cosmetics,
8001090328809,1,skincare,essence,True,Herbal Essences,
8011502006713,1,skincare,nettoyant,True,Lingettes nettoyantes avec eau active d’orange douce et extrait de ficus,
8420649140073,1,skincare,lotion corporelle,True,Lotion corporelle,
8431876069952,1,skincare,nettoyant,True,Baby Lingette Bebe Eco Recharge Rectangulaire 72ctnettoyant Et Adoucissant Epaisse Aloe Vera,
8710447250686,5,skincare,gel douche,True,Dove Gel Douche Coco,Gel Douche
8710447274651,3,skincare,gel douche,True,Dove Gel Douche Mousse Peau Sensible 24h Douceur Pompe,Gel Douche Mousse
8710908238482,1,haircare,laque,True,Timotei Laque Volume de Reve,Laque Capillaire
8710908445699,1,skincare,gel douche,True,Axe Sacoche Eau de Toilette Déodorant Gel Douche Black x1,Axe sacoche 3p black
8711231103485,2,haircare,shampoo,True,Shampooing pour peaux irritées,
8711231150229,1,haircare,shampoo,True,Shampooing pour chien ,
8711341465022,2,haircare,laque,True,Bain de Bouche Anti Plaques,
8711600954595,1,skincare,mousse à raser,True,Williams expert Gel Peau sensible,Mousse à Raser Gel
8711700917759,1,haircare,shampoo,True,Shampooing Blond Lumière 0% Parabens,
8712561013215,1,haircare,shampoo,True,Shampooing Blond Lumière - Timotei,
8712561631112,1,skincare,body wash,True,Dove Purely Pampering Coconut Milk With Jasmine Petals Nourishing Body Wash,
8712561772075,2,skincare,gel douche,True,Dove Gel Douche Amande et Hibiscus,Gel Douche
8714100011379,1,skincare,micellar,True,Simple Shower Gel Micellar Water,
8714319174605,1,skincare,shower gel,True,Zen White Lotus,Foaming Shower Gel
8714789999203,1,skincare,lait corps,True,DermoRestore lait corps ,
8715342021744,1,skincare,hand cream,True,Vitamine e hand cream,
8716716054856,1,skincare,body cream,True,Rituals Ultra Rich Whipped Body Cream Touch of Happiness,
8718951153547,1,skincare,gel douche,True,Gel douche passion,
8718951156838,1,skincare,gel douche,True,Gel Douche - Coco Nourrissante,
8719238000554,1,skincare,micellar,True,Micellar Cleansing Water,
8733311216304,1,makeup,eyeshadow,True,24 eyeshadows palette,
8850006493151,1,haircare,shampoo,True,Shampoo,
8858971800035,2,skincare,body lotion,True,Face & body lotion Coconut Aloe Vera,
8888300281082,1,skincare,hand soap,True,Kirei Kirei Antibacterial Foaming Hand Soap,
8901138836153,1,haircare,hair cream,True,Himalaya protein hair cream,
8906015080605,2,skincare,savon,True,Savon Ayurveda,
8908007288730,1,haircare,hair wax,True,Gabru hair wax,
9192292141316,1,skincare,body cream,True,go with the flow Body Cream,
9327693004438,3,skincare,serum,True,facial recovery serum,
9341571002552,1,haircare,shampoo,True,Goats milk shampoo,
9427182008708,1,skincare,nettoyant,True,Crème nettoyant visage ,
9557327003845,1,haircare,shampoo,True,Baby shampoo,
96148402,17,skincare,savon,True,Monsavon Déodorant Femme Spray Compressé Vanille Toute Délicate 100ml,Déodorant
96169322,3,skincare,lip balm,True,Organic help speed oil lip balm,
3600550928013,1,haircare,shampoo,True,Shampooing très doux à la betterave,
3596490001827,8,skincare,savon,True,Savon surgras extra-doux,
3600550809619,1,skincare,savon,True,Mixa dry skin expert,Savon douche
3256220691321,6,skincare,mousse à raser,True,Mousse à raser peaux sensibles by U homme,
3574661368528,1,skincare,nettoyant,True,Gel micellaire nettoyant,
3600550135732,3,haircare,shampoo,True,Shampooing,
4025089071112,1,makeup,mascara,True,Mascara volume sensation,
3596490000288,1,skincare,savon,True,Savon sur gras extra-doux visage/corps,
3579481412611,2,makeup,lipstick,True,Magic lipstick,
8806173507207,3,skincare,hand cream,True,Jeju lotus hand cream,
4250947564257,1,makeup,blush,True,essence mosaic blush,
3245678612682,1,skincare,deodorant,True,Deodorant voluptuous time,
4021457613793,1,skincare,savon,True,Savon pour les mains,
8901030640575,1,makeup,foundation,True,Argan oil serum foundation spf45,
3380390900690,1,skincare,savon,True,Savon de Marseille,
8710908627323,1,skincare,essence,True,Derma Spa - Nutri essence 3,
9321299200065,1,skincare,sunscreen,True,Ultra extra care sunscreen,
3273818841616,2,skincare,savon,True,Savon traditionnel d'Alep,
0769915190762,1,makeup,primer,True,Primer fixateur à base de silicone,
4305615543772,4,haircare,shampoo,True,Washgel and shampoo,
30156487,1,skincare,creme mains,True,Creme mains nourissante aromatique,
5028197449285,1,skincare,body butter,True,Body butter,
3365000210642,1,skincare,savon,True,Savon noir,
3298651710516,1,skincare,savon,True,Savon liquide de Marseille,
2010055300299,1,skincare,gel douche,True,LE GEL DOUCHE Cactus/Citron vert,
8718951156593,1,skincare,gel douche,True,Gel douche,
3522930001966,1,skincare,gel douche,True,Caudalie gel douche,
8436097093571,1,skincare,gel douche,True,Gel douche,
3284410017279,2,skincare,savon,True,savon extra riche,
8719238009465,1,skincare,shower gel,True,Oil shower gel,
8410761000188,1,skincare,savon,True,Savon,
3760238410190,1,skincare,savon,True,Savon,
3383482299030,1,skincare,savon,True,Savon noir,
3489940035308,1,skincare,savon,True,Savon de beauté au lait d ânesse bio,
3401360094505,1,skincare,savon,True,Savon de Marseille Corps & Mains,
3256630010033,1,skincare,savon,True,Savon Noir Mou,
3453810001021,1,skincare,savon,True,Savon de toilette extra doux,
3282770112436,1,skincare,gel douche,True,Gel douche au beurre de Cupuaçuu bio,
3282770074710,1,skincare,nettoyant,True,Trixera nettoyant nutri-fluide visage et corps,
27050323,2,skincare,nettoyant,True,BIOCURA lait nettoyant,
3145891595253,1,makeup,vernis à ongles,True,Vernis à ongles,
3545230142054,1,makeup,primer,True,make-up primer,
4005808583775,1,skincare,micellar,True,Dermo clean mizzelen-reinigungsfluid lozione struccante micellare,
3401351277979,1,makeup,bb cream,True,Créatine AR BB Cream Anti Rougeurs,
3760100173086,2,haircare,shampoo,True,Shampooing réparateur délice de karité,
3660005297347,1,makeup,fard à paupières,True,Fard à paupières,
3700756606514,1,makeup,vernis à ongles,True,Vernis à ongles couleur prune,
8712561397551,2,skincare,gel douche,True,Williams Gel Douche Homme 3 en 1 Ice Fresh 250ml,Gel Douche Homme
3600550945072,1,haircare,shampoo,True,Shampooing 2 en 1 très doux au Karité,
11920588,2,skincare,deodorant,True,Deodorant,
15653857,1,skincare,savon,True,Biogommant savon,
3760020732448,1,skincare,savon,True,Savon noir hammam,
3182612703016,1,skincare,savon,True,Savon de Marseille,
3245678613023,3,skincare,deodorant,True,Cosmia deodorant homme atomiseur corps fraicheur 75 ml,Cosmia deodorant homme atomiseur corps fraicheur 75 ml
4250947592281,3,makeup,concealer,True,Camouflage 2in1 make-up & concealer,
5028197769079,1,skincare,body wash,True,Tahitian Tiaré Body Wash,
3567730700046,3,skincare,lait corps,True,Lait corps intensif,
3660005823348,1,skincare,gel douche,True,Gel douche concentré,
3770004599486,1,skincare,nettoyant,True,Gel main nettoyant,
5028197948276,1,skincare,nettoyant,True,Gel nettoyant mains,
5413525201909,2,haircare,shampoo,True,Shampooing,
3474630130418,1,haircare,shampoo,True,Shampooing tonique,
3140100199925,1,haircare,shampoo,True,Après-shampooing consitioner 10 minéraux essentiels,
3256224359289,1,skincare,lait corps,True,Lait corps hidratant raffermissant,
2021121299997,1,skincare,deodorant,True,Sensitive deodorant,
5400113583257,3,skincare,micellar,True,Micellar water eyes face & lips,
3178040681163,1,skincare,booster,True,White booster,
00941709,1,skincare,shower gel,True,Shower gel,
3178047210007,1,skincare,savon,True,Savons de Marseille,
5410091712310,1,haircare,conditioner,True,Ultimate repair conditioner,
5765228835852,1,skincare,shower gel,True,Shower gel no parfume,
5765228837979,1,skincare,shower gel,True,Shower gel aloe vera,
8710908472336,2,skincare,savon,True,Dove Savon Pain de Toilette Soin et Huile Surgras,Savon Pain de Toilette
0020714932077,2,makeup,mascara,True,Mascara impact optimal,
7613035058248,1,haircare,shampoo,True,Sanfte Lieblinge. SHAMPOO & Duschgel sensitiv,
5028197414634,2,skincare,gel douche,True,Gel douche pamplemousse rose,
3661596985408,1,haircare,shampoo,True,shampooing argan et karité,
07492969,4,haircare,shampoo,True,Shampooing + douche,
3600523381203,2,haircare,hairspray,True,Hairspray,
20168810,1,skincare,savon,True,savon de Marseille,
07668104,1,skincare,shower gel,True,Strawbery Shower Gel,
7391223911130,1,skincare,liquid soap,True,Fsshionline liquid soap,
1748567444460,1,skincare,bar soap,True,Neutral bar soap,
3515450020708,1,haircare,shampoo,True,Shampoo,
3273816531786,3,skincare,gel douche,True,Gel douche surgras monoï de Tahiti AO,
0857423001301,3,haircare,hair treatment,True,Tribal chocolate self cleansing hair treatment,
4005808130146,1,skincare,shower gel,True,Nivea Men energy shower gel,
3257983156218,3,skincare,savon,True,Savon bio nature,
4015100196108,2,haircare,shampoo,True,Gliss Kur Hair Repair Wunder Pflege Shampoo,
3600550928037,3,haircare,shampoo,True,La crème d'avocat après shampooing,
5037156251241,3,makeup,correcteur,True,Sheer blonde correcteur couleur,
8411126039638,1,skincare,gel douche,True,Gel douche miel coco,
3517360010145,1,haircare,shampoo,True,natessance kids shampooing douceur,
02118305,1,skincare,savon,True,Savon,
8901153010187,1,skincare,body wash,True,Body wash neem protect,
80058045,1,haircare,shampoo,True,Baby shampoo & bath,
0817939001653,2,skincare,savon,True,Savon,
5011321003606,1,makeup,loose powder,True,Loose powder,
4010355558381,3,skincare,serum,True,Augenserum,
3052350893860,1,skincare,savon,True,Copeaux de savon naturel a l'huile d'olive,
7898583350444,1,haircare,shampoo,True,SHAMPOO ARGILA BRANCO,
5012008641500,9,haircare,conditioner,True,Nourish Me Almond Conditioner,
3683080013893,3,skincare,savon,True,Savon surgras le tout doux,
5037156228144,1,makeup,concealer,True,concealer Root Blur,
4039175007398,4,makeup,nail polish,True,Nail Polish,
4250947512173,1,makeup,nail polish,True,the gel nail polish 31 electriiiiiic,
8710908226465,1,skincare,body lotion,True,body lotion pray & go,
3607340779039,1,makeup,eyeshadow,True,Magic Duo Eyeshadow,
4250587785906,1,makeup,nail polish,True,show your feet toe nail polish,
4260198093680,1,skincare,lip balm,True,Natural Lip Balm,
0773602403936,3,makeup,mascara,True,Mascara recourbant,
8001090392114,1,skincare,micellar,True,Pantene PRO-V Micellar Purify & Nourish,
4251232220445,1,makeup,gloss,True,shine shine shine wetlook lipgloss 03 friends of glamour,Lipgloss
9000101220780,1,haircare,shampoo,True,Tropical shampoo,
3600542061315,2,haircare,conditioner,True,Goodbye Damage conditioner,
4250947512135,1,makeup,nail polish,True,the gel nail polish 27 don't be shy!,
4250947512197,1,makeup,nail polish,True,the gel colour nail polish intesiyeing base 33 wild white base,
4250947512142,1,makeup,nail polish,True,the gel nail polish the matt 28 hello sunshine,
4068400004390,1,makeup,nail polish,True,Nagellack nail polish with vitamine,
4250947512265,1,makeup,nail polish,True,the gel nail polish 40 play with my mint,
0764302271314,1,skincare,toner,True,Matcha green tea and probiotics soothing toner,
42288923,1,skincare,deodorant,True,Deodorant,
3564700850688,1,haircare,gel coiffant,True,Gel coiffant effet mouillé,
3466762103422,1,skincare,lait corps,True,Lait corps hydratant souplesse & confort,
3383482294134,1,skincare,savon,True,Savon noir,
0666151061811,1,skincare,serum,True,C 12 pure bright serum,
8719827000576,1,makeup,eyeshadow,True,"Eyeshadow Quattro, 609 Galactic Sands",
4058172024382,1,haircare,shampoo,True,Trockenshampoo Fruity Dreams,
0809280117954,3,skincare,hand cream,True,Seaberry hand cream,
9005800223452,1,haircare,styling mousse,True,Styling mousse,
5765228838990,1,haircare,conditioner,True,Spray Conditioner Leave In Aloe Vera,
9005800273464,3,skincare,micellar,True,MicellAIR skin breathe micellar water,
6947790799704,2,skincare,essence,True,Hyaluronic acid essence,
3770002381168,1,skincare,savon,True,copeaux de savon de Marseille,
7291067014922,1,skincare,hand cream,True,Hand Cream Violet Amber,
0309971113062,11,makeup,eye shadow,True,Cream to powder eye shadow,
1212182227123,2,skincare,savon,True,Savon de toilette,
9421008702610,1,skincare,toner,True,Rosehip - Certified Organic Mist Toner,
8016225940689,2,skincare,essence,True,Savon naturel à l'huile d'olive et essence de laurier,
3760121213518,1,haircare,shampoo,True,Shampooing Douche,
3522931002344,1,skincare,nettoyant,True,Mousse nettoyante fleur de vigne,
3770007655011,1,skincare,nettoyant,True,Nettoyant visage,
8710447495643,2,skincare,body lotion,True,Awakening ritual body lotion,
0037000918776,2,skincare,deodorant,True,Deodorant,
4005808247127,1,skincare,body lotion,True,Body lotion,
4010355364241,1,makeup,lipstick,True,Ultra matte lipstick,
3700599204564,3,skincare,savon,True,Vent de Liberté,savon
0603084563401,2,skincare,micellar,True,Micellar Cleansing Watrt,
4017645038554,1,haircare,shampoo,True,Apres-shampooning age energy cafeine bio,
0720260691779,3,haircare,shampoo,True,Shampoo,
0720260691786,1,haircare,conditioner,True,Conditioner,
3256224359616,1,haircare,shampoo,True,Après shampooing doux,
3253581491379,5,haircare,shampoo,True,Shampooing pure fraîcheur,
0018084813362,2,haircare,shampoo,True,"Shampure, shampooing fortifie, arôme calmant",
0018084807132,1,haircare,shampoo,True,"Color conserve, shampooing",
3361370705863,1,skincare,savon,True,Savon douceur senteur pêche de vigne,
3256220991384,2,haircare,creme décolorante,True,Creme décolorante,
4017645014282,1,skincare,nettoyant,True,Lait nettoyant pur,
7610079004101,1,haircare,shampoo,True,"Gliss Kur, Ultimate Color Shampoo",
8716716059622,1,skincare,gel douche,True,Gel douche,
3700763535982,2,skincare,nettoyant,True,Eau nettoyante 3 en 1,
3600523614493,2,makeup,fond de teint,True,Fond de teint infaillible oxygène technologie,
0823168002088,2,skincare,body butter,True,Body Butter Cream Triple Citrus Blend,
0834639000601,2,skincare,nettoyant,True,Gel nettoyant aloès sensible,
3519590111302,2,skincare,savon,True,Savon de Marseille,
3337875489867,3,skincare,serum,True,Liftactiv Serum 10 Supreme,Anti-aging serum
4010355436436,1,makeup,nail polish,True,N°1 Nail Polish 291,
3760100682410,1,skincare,creme mains,True,Creme mains surgras,
3700194711719,3,skincare,toner,True,Calendula herbal-extract toner,
3596710337422,1,skincare,savon,True,Savon de toilette à l'huile d'olive,
5705873773079,1,haircare,shampoo,True,shampooing volumisant,
1116452767336,1,makeup,bronzer,True,Australian Gold Sonnenschutz Spray with  Bronzer,
4021457619320,1,skincare,gel douche,True,Men Sensitiv - Gel douche 3 en 1,
4021457615513,1,skincare,lait corps,True,Lait corps douceur rose sauvage bio,
3282770037050,1,skincare,nettoyant,True,Eau micellaire nettoyante et purifiante Phys AC,
3468080149311,1,skincare,gel douche,True,gel douche 2en1 corps et cheveux,
20157753,1,skincare,savon,True,savon liquide,
4010355426116,3,makeup,gloss,True,"Glossy blond Spülung, naturblondes und blondiertes Haar",
67776597,1,skincare,savon,True,Savon gommant éclaircissant aux noyaux d'abricot,
8809576260120,2,skincare,toner,True,Madagascar centella toning toner,
8710624257507,1,haircare,shampoo,True,Shampoo 2 in 1 (aloe vera),
7891150014121,1,haircare,shampoo,True,Shampoo Anticaspa com Eucalipto e Melaleuca,
3760230251487,1,skincare,savon,True,Savon doux visage,
3660005538174,3,skincare,serum,True,Serum vegetal,
0062600700599,2,skincare,nettoyant,True,Nettoyant anti-visage acné,
8718951189287,5,skincare,lait corps,True,ZERO% lait corps hydratant,
4010355744098,4,haircare,shampoo,True,alverde men Duschgel + Shampoo,
3600542010733,1,skincare,micellar,True,Micellar cleasing gel wash,
8717591561880,3,haircare,conditioner,True,Daily lip conditioner,
8719134027167,1,haircare,shampoo,True,Après shampooing The Ritual Of Ayurveda,
8719134034509,1,skincare,gel douche,True,Gel douche moussant Ritual Of Samurai,
21445804,4,skincare,lip balm,True,Macadamia Ultra Hydrating Lip Balm,
3760172446620,1,skincare,gel douche,True,Gel douche extra doux agrumes,
3660005443591,3,skincare,savon,True,Savon douceur vanille bourbon,
01518614,1,makeup,bb cream,True,BB cream,
3600541875296,3,skincare,toner,True,Garnier Wahre Schätze Tonerde ubd Zitrone,
3701154720093,1,skincare,nettoyant,True,Nettoyant Visage,
3600550102291,1,skincare,lait corps,True,Lait corps nourrissant Effet Soleil,
6950865402140,3,makeup,eyeshadow,True,Eyeshadow,
5712870865935,2,skincare,shaving,True,lovena Men Shaving Foam,
3614223576562,2,makeup,fond de teint,True,Healthy Mix Fond de teint anti-fatigue,
3282770108682,6,skincare,gel douche,True,gel douche avoine Rhealba peaux fragiles,
3518646027772,1,skincare,savon,True,Savon parfumé,
3760194652177,2,skincare,savon,True,Savon Genet à l'huile essentielle d'Helichryse,savon en pain
3700227707009,1,makeup,correcteur,True,Correcteur pores dilatés,
3665113019140,1,skincare,nettoyant,True,Gel Nettoyant Visage,
3178041315432,1,haircare,shampoo,True,Shampooing longueurs sublimes,
3660005908724,1,makeup,correcteur,True,Correcteur peau parfaite,
4059729209511,1,makeup,eyebrow,True,"the eyebrow pen, semi-permanent, 04 dark brown",
0696770010242,1,skincare,shaving,True,Shaving Cream for Sensitive Skin,
7290015284097,4,haircare,conditioner,True,Conditioner for normal to dry hair,Conditioner
3665032000083,2,makeup,lipstick,True,liquid matte lipstick yvette,
3347430012959,1,skincare,savon,True,Savon au lait d anesse,
4015100209266,1,skincare,body lotion,True,Nature Box Body Lotion,
0713708421038,1,skincare,body butter,True,Smoothing body butter coconut,
3140100349818,2,haircare,shampoo,True,Shampooing doux,Shampooing
0062400207793,1,skincare,nettoyant,True,Nettoyant exfoliant au bicarbonate de soude,
4021457620104,1,haircare,shampoo,True,Lavera Shampoo capelli brillanti & in piega,
4010355348746,4,haircare,shampoo,True,Feuchtigkeits Shampoo,
8718951273719,3,skincare,deodorant,True,Sanex men 0% deodorant,
3701063805799,1,skincare,savon,True,Savon a barbe,
3450870020399,2,haircare,shampoo,True,Shampooing reviviscence,
8436534962071,2,haircare,shampoo,True,Silver Active Shampooing,
3770002220276,5,skincare,savon,True,Savon artisanal du Val d'Argent,
5050136854737,1,skincare,hand cream,True,Hand cream nourishing with cocoa butter,
0750958279620,3,skincare,savon,True,Savon liquide,
8572590252357,1,skincare,savon,True,Savon liquide de Marseille,
4305615438672,3,haircare,shampoo,True,Dusche & Shampoo sensitiv,
0768614138129,1,skincare,nettoyant,True,Benefiance mousse nettoyante confort absolu,
3282770201147,1,haircare,shampoo,True,Shampooing à la quinine,
5907506515807,1,haircare,shampoo,True,Hello Nature Shampoo Kokosöl,
8712561423717,1,skincare,gel douche,True,AXE Gel Douche Homme Gold Temptation,Gel Douche Homme
5037156225457,1,haircare,conditioner,True,Frizz ease Traumlocken conditioner,
5037156225181,1,haircare,conditioner,True,Sheer blonde go blonder aufhellender conditioner,
8001090047236,1,haircare,shampoo,True,Anti-Schuppen Shampoo apple fresh,
3178041329033,1,skincare,booster,True,Lift + booster anti rides,
3517360012835,2,skincare,savon,True,Savon détachant à l'huile d'olive bio,savon détachant
4088700074435,1,haircare,shampoo,True,Organic Elements Normal Care Shampoo,
4015100292312,2,haircare,shampoo,True,Schauma for men shampoo,
4058172320705,2,makeup,gloss,True,Haarspray glossy & shine für jedes Haar 3,
0077043236383,1,skincare,lotion corporelle,True,Lotion corporelle concombre melon,
3662217001101,2,makeup,vernis à ongles,True,Vernis à ongles,
5057566163798,1,makeup,eyeshadow,True,Chilled eyeshadow palette,
3466762240707,1,makeup,vernis à ongles,True,"Vernis à ongles, Stay & Care Gel - White Queen",
3564700435748,4,haircare,shampoo,True,Après-Shampooing Réparateur,
8717163752395,9,haircare,shampoo,True,Timotei Bio Shampooing Femme infusé au Lait d'Amande Douce Cosmebio 250ml,Shampooing Femme
4051089815166,1,skincare,body lotion,True,Body Lotion,
3600530733248,2,makeup,correcteur,True,Instant anti age effaceur correcteur multi usages beige rose,
8717163673072,3,skincare,body lotion,True,Sensitive Body Lotion,
4005900389039,1,skincare,deodorant,True,deodorante,
3770010811282,1,skincare,savon,True,Savon shampoing ortie & menthe poivrée,
9002070002107,2,haircare,shampoo,True,Shampoo & Duschbad mit Ringelblumenextrakt,
3700479109248,3,skincare,savon,True,Savon d'Alep Excellence,
7506195160435,3,haircare,shampoo,True,Shampoo restauración,
02472429,1,haircare,shampoo,True,Shampoo extracto de miel & manzanilla,
4260198093833,4,skincare,lip balm,True,Natural Lip Balm classic,Hidratante labial
8009518198317,1,makeup,primer,True,Face perfect primer,
42389354,2,skincare,deodorant,True,NIVEA fresh pure 0% Aluminium 48h Deodorant Protection,
3373360060029,1,skincare,savon,True,Savon de marseille,
4260365851228,3,skincare,body lotion,True,Coffee body lotion,
9300830026159,1,skincare,body wash,True,Triple moisturising nourishing body wash,
3595894213829,3,makeup,fond de teint,True,Fond de teint,
3253581513026,2,skincare,savon,True,Savon solidaire,
3700462160539,2,skincare,savon,True,Savon au lait d'ânesse frais,
0663963233443,1,skincare,cleanser,True,Cleanser,
4744183015876,2,skincare,shower gel,True,Moisturising Natural Shower Gel,
3760125130248,10,skincare,nettoyant,True,Gel nettoyant mains,
3770014568007,2,haircare,shampoo,True,umaï shampooing solide doux,
3380380023743,6,skincare,savon,True,La savonnette d'Alep à la boue de la mer Morte,
20516475,1,skincare,body lotion,True,Regenerating Body Lotion,
0192040514613,1,skincare,face mask,True,pineapple enzyme clay face mask,
5060144641243,3,skincare,deodorant,True,Original Deodorant,
5060144644077,3,skincare,body lotion,True,Original Body Lotion,
0381370033615,1,skincare,cleanser,True,Deep action cream cleanser,
3570564900001,7,skincare,gel douche,True,Gel douche tonifiant aux actifs marins,
1760475677860,1,skincare,gel douche,True,Gel douche petit grain cédrat,
25417708,1,haircare,shampoo,True,Shampooing reflets dorés,
0737052471051,3,skincare,body lotion,True,MOISTURIZING BODY LOTION,
3286010050649,3,skincare,gel douche,True,Gel douche gourmand,
59081456,1,skincare,savon,True,Activated Charcoal,Savon
4052136001327,1,makeup,rouge à lèvres,True,Rouge à lèvres,
3401396545071,1,haircare,shampoo,True,Nodé A Shampooing,
3178041344272,1,haircare,shampoo,True,Shampooing solide,
3600523606801,1,haircare,shampoo,True,Magic shampoo invisible dry shampoo,
4059729024060,1,makeup,highlighter,True,Highlighter palette,
8606019175511,1,makeup,foundation,True,Flat foundation brush,
5201641704653,1,makeup,concealer,True,Liquid concealer,
3607345452142,1,makeup,eye shadow,True,Eye shadow,
4011700821143,1,skincare,deodorant,True,Deodorant Stick,
4058172181313,4,skincare,deodorant,True,deodorant sensitiv,
3760106470233,1,skincare,nettoyant,True,Nettoyant multi-usages,
6180412012700,1,skincare,savon,True,SAVON DE SAFOU CLARIFIANT,
3401320655418,1,skincare,toner,True,Sensibio toner,
8717163683651,2,skincare,savon,True,Monsavon Déodorant Femme Brume Senteur Rose soupçon de Thé Vert,Déodorant Femme Brume
3760201130728,4,haircare,shampoo,True,Shampoo solido,
5900116052939,3,skincare,essence,True,Miceral water with white flower essence,
3760248680330,3,skincare,serum,True,Serum Soie Royale Royal Silk Organic Silky Cure Hydrating Intense Shine Hair Face Body Care,Serum Soie Royale Royal Silk Organic Silky Cure Hydrating Intense Shine Hair Face Body Care
3760248680347,1,haircare,shampoo,True,Organic Shampoo Soie Royale BIO Cure Soyeuse 300 ml Intense Shine Hair Face Body Care,Organic Shampoo Soie Royale BIO Cure Soyeuse 300 ml Intense Shine Hair Face Body Intense Shine Hair Face Body Care
4017645016248,2,haircare,shampoo,True,Logona Pur Shampoo Duschgel,
3600542289740,1,haircare,shampoo,True,Papaya hair food Shampoo,
8712561342612,7,skincare,savon,True,Monsavon Anti-Transpirant Femme Spray Compressé Fleur de Coton Toute Légère 2x100ml,Déodorant Femme Compressé Spray
8711700965040,3,skincare,savon,True,Monsavon Déodorant Femme Bille Grenade Tellement Fraîche,Déodorant Femme Bille
4017645020115,1,haircare,shampoo,True,Festes Pflege-Shampoo Bio-Hanf & Bio-Holunder,
0745114958297,2,skincare,body lotion,True,Magic Men Women,super moisturizing body lotion
0745114958181,3,skincare,body lotion,True,Magic Caramel,clarifying body lotion
3574661308388,1,haircare,shampoo,True,Après Shampooing fraîcheur détox,
4680038352904,2,haircare,hair mask,True,Ultra Nourishing Hair Mask,
8851932355315,2,haircare,conditioner,True,Soft & Smooth Conditioning Smoothies Clean & Fresh,Conditioner
5907506515906,2,haircare,shampoo,True,Hello nature shampoo,
8003670896715,1,skincare,deodorant,True,Deodorante,
4010355235671,1,haircare,shampoo,True,Balea MEN Power Effect Anti-Schuppen Shampoo,
3401360094581,3,skincare,savon,True,Savon corps & mains,Savon de Marseille Corps & mains Lavande
4025089085034,1,haircare,shampoo,True,Festes Glanz Pflege-Shampoo,
3600550184921,5,haircare,gel coiffant,True,Gel coiffant green fix,
7624841027762,5,skincare,savon,True,Savon crème - Almond & Honey,
4015100328622,6,haircare,shampoo,True,Festes shampoo,
4003583200863,1,skincare,body lotion,True,Vitality Body Lotion,
3700479100092,5,skincare,lait corps,True,Lait corps hydratant beurre de karité,
3661985300805,8,skincare,savon,True,Savon de Marseille Passion,
8719238019846,2,skincare,hand cream,True,Hand cream,
3760099180065,3,skincare,savon,True,Savon d’Alep,
4058172508851,5,skincare,body lotion,True,Leichte Body Lotion,
3574669907736,3,haircare,shampoo,True,Johnson baby shampoo 750ml,
5010525042954,1,haircare,shampoo,True,Strawberry 2 in 1 shampoo & conditioner,
8717496478511,2,skincare,savon,True,Savons liquide pour les mains,
03113271,2,skincare,serum,True,Good vibes vitamin c and vitamin b3 serum,
3355313145724,1,skincare,savon,True,Savon de Marseille,
5712873216338,1,skincare,hand soap,True,lovena Hand Soap Milk & Honey,
6928064920123,1,skincare,savon,True,hygiénix savon,
3600521571385,1,haircare,laque,True,Laque,
5430000153485,1,haircare,shampoo,True,shampoo bar,
3596490002817,1,skincare,gel douche,True,Gel douche,
6025614922894,1,skincare,savon,True,Savon curcuma,
3600523900787,2,skincare,gel douche,True,"BarberClub gel douche, corps, cheveux & barbe","Gel douche corps, cheveux & barbe"
0669316401699,2,skincare,serum,True,Beard Serum,
8859527700175,1,skincare,serum,True,Mahad body serum,
9556126667739,1,skincare,serum,True,Rexona dry serum roll on,
8711700963503,3,skincare,body lotion,True,Body Lotion Hydro Pflege,
4058172184765,1,haircare,shampoo,True,Dusche & Shampoo Cool Moon,
4008666203700,4,haircare,shampoo,True,GreenTec Anti-Schuppen Shampoo,
3323036492821,4,haircare,shampoo,True,Shampoo ecrinal with plant extracts,
5028197946937,3,skincare,serum,True,Pepins de raisin Serum brillance,
50440542,3,skincare,face wash,True,Moisturising Face Wash,
4104260070929,2,haircare,shampoo,True,Shampoo arganöl,
3378872135012,1,skincare,cleanser,True,White Clay Mattifying Cleanser,
3378872143468,1,skincare,toner,True,Gentle pH Balancing Toner,
8022328111116,3,skincare,micellar,True,"Acqua micellare addolcente, i colori dell'orto",
3549620006094,1,skincare,savon,True,Pur savon liquide de Marseille,
8431876282207,1,skincare,booster,True,Mascarilla facial hidratación sos booster plan,
8431876282191,1,skincare,booster,True,Mascarilla facial de arcilla booster plan,
8431876282184,1,skincare,booster,True,Booster regenerador les cosmetiques nº9 booster plan,
8431876282177,1,skincare,booster,True,Booster relax les cosmetiques nº8 booster plan,
8431876282160,1,skincare,booster,True,Booster detox les cosmetiques nº7 booster plan,
8431876282153,1,skincare,booster,True,Booster efecto barrera les cosmetiques nº6 booster plan,
8431876282146,1,skincare,booster,True,Booster ultra hidratante les cosmetiques nº5 booster plan,
8431876282139,1,skincare,booster,True,Booster tonificante les cosmetiques nº4 booster plan,
8431876282122,1,skincare,booster,True,Booster radiante les cosmetiques nº3 booster plan,
8431876282115,1,skincare,booster,True,Booster antifatiga les cosmetiques nº2 booster plan,
8431876282108,1,skincare,booster,True,Booster iluminador les cosmetiques nº1 booster plan,
8431876282092,1,skincare,serum,True,Serum booster plan,
8431876282085,1,skincare,booster,True,Gel contorno de ojos aplicador frio booster plan,
8431876282078,1,skincare,booster,True,Crema para contorno de ojos booster plan,
8431876282061,1,skincare,booster,True,Crema antiedad intensiva de noche booster plan,
8431876282054,1,skincare,booster,True,Crema antiedad de día para piel normal y seca booster plan,
8431876282047,1,skincare,booster,True,Crema antiedad de día para piel mixta y grasa booster plan,
8431876282030,1,skincare,booster,True,Crema antiedad de día para todo tipo de pieles booster plan,
3560071257293,5,haircare,shampoo,True,Solid shampoo,
4025089060260,1,makeup,gloss,True,Lip duo contour & gloss,
4021457640829,2,haircare,shampoo,True,Shampooing Volume & Vitalité,
8714100138649,7,skincare,savon,True,Monsavon Anti-Transpirant Femme Spray Compressé Vanille Toute Délicate 2x100ml,Déodorant Femme Spray Anti Transpir
59081531,4,skincare,savon,True,Monsavon Déodorant Femme Spray Compressé Bergamote Très Pétillante 100ml,Déodorant
8710522481691,2,skincare,savon,True,Monsavon Déodorant Femme Spray Compressé Bergamote Très Pétillante 2x100ml,Déodorant Femme
8710447332917,2,skincare,gel douche,True,Monsavon Gel Douche Mousse Légèreté Fleurie Pivoine & Freesia 200ml,Gel Douche Mousse
8711600536661,2,skincare,savon,True,Dove Savon Lavant Antibactérien Exfoliant Doux 2x100g,Savon Lavant Antibactérien
3181730272565,10,skincare,bar soap,True,Monsavon bar soap 4x100gr,Savon Lavant Antibactérien
8712561715508,3,skincare,gel douche,True,Axe Gel Douche Homme Black 12h Parfum Frais 2x250ml,Gel Douche Homme
8710522784983,5,haircare,shampoo,True,Timotei Shampooing Purifiant 750ml,Shampooing
8717163752401,5,haircare,shampoo,True,Timotei Bio Après-Shampooing Femme Douceur infusé au Lait d'Amande Douce Cheveux Normaux 250ml,Après-Shampooing Femme
8711700891219,1,skincare,gel douche,True,AXE Gel Douche Homme Apollo 250ml Lot de 2,Gel Douche Homme
8711700889902,1,skincare,gel douche,True,AXE Gel Douche Homme Apollo 400ml Lot de 2,Gel Douche Homme
8711600477438,3,skincare,gel douche,True,Axe Gel Douche Homme Provocation 12h Parfum Frais 2x250ml,Gel Douche Homme
8710447307540,2,haircare,shampoo,True,Timotei Kids Shampooing Démêlant 2en1 Senteur Pomme Ne Pique Pas les Yeux,Shampooing Démêlant 2en1
3181730117804,5,skincare,mousse à raser,True,Williams Mousse à Raser Homme Hydratant 200ml,Mousse a raser
8710447329191,1,skincare,gel douche,True,AXE Gel Douche Gold Lot 2x250ml,Gel Douche
8710447491300,1,skincare,gel douche,True,Monsavon Gel Douche Bio Rose Thé Vert,Gel Douche Bio
8710447332979,1,skincare,gel douche,True,Monsavon Gel Douche Mousse Douceur Fruitée Pêche & Tilleul,Gel Douche Mousse
8710447332948,1,skincare,gel douche,True,Monsavon Gel Douche Mousse Fraîcheur Agrume Pamplemousse & Jasmin 200ml,Gel Douche Mousse
8710447394656,1,haircare,shampoo,True,Timotei Détox Shampooing Femme aux extraits de Baie de Goji Cheveux Ternes,Shampooing Femme
59079682,6,skincare,savon,True,Monsavon BIO Déodorant Femme Bille Rose Thé Vert 50ml,Déodorant Femme
8710522758120,2,skincare,savon,True,MONSAVON BIO Déodorant Femme Bille Rose Thé Vert 2x50ml,Deo roll on
59019114,6,skincare,savon,True,Monsavon Déodorant Femme Bille Lait d'Avoine 50ml,Deo bille
8710522754634,2,skincare,savon,True,Monsavon BIO Déodorant Femme Bille Lait d'Avoine 2x50ml,Deo roll on
8710522754610,1,skincare,savon,True,MONSAVON BIO Déodorant Femme Bille Citron Touche de Verveine 2x50ml,Deo roll on
8710522754597,1,skincare,savon,True,MONSAVON BIO Déodorant Femme Bille Aloé Vera Vanille 2x50ml,Deo roll on
8710447329214,1,skincare,gel douche,True,AXE Gel Douche Homme Gold Lot,Gel Douche Homme
8710447280065,1,skincare,gel douche,True,Dove Surgras Gel Douche Mousse Nourrissante Huile de Rose 24h,Gel Douche Mousse
3181730272510,1,skincare,savon,True,Monsavon Savon Lait & Amande Douce 2x100g,Savon
8717163947739,1,skincare,gel douche,True,AXE Gel Douche Wild Mojito & Bois de Cèdre,Gel Douche Homme
8717163747216,1,skincare,gel douche,True,Dove Nutrition Intense Gel Douche Mousse à l'Huile de Coton 24h de Douceur Douche & Rasage,Gel Douche Mousse
8710908858567,2,skincare,savon,True,Monsavon Déodorant Femme Bille Vanille Toute Délicate 50ml,Déodorant Femme Bille
8710847972706,5,skincare,gel douche,True,DOVE Gel Douche Pouvoir des Plantes Gingembre 250ml,Huile de Douche
8710522754658,2,skincare,savon,True,Monsavon BIO Déodorant Femme Bille Lait d'Amande 2x50ml,Deo bille
8710522403907,1,skincare,gel douche,True,Dove Gel Douche Surgras à l'Huile d'Amande,Gel Douche
59019107,4,skincare,savon,True,Monsavon BIO Déodorant Femme Bille Lait d'Amande 50ml,Deo bille
3400930087787,3,haircare,shampoo,True,Shampooing ciclopirox olamine,
8717163752418,6,haircare,shampoo,True,Timotei Shampooing 2en1 Purifiant 250ml,Shampooing 2en1
8717163661574,2,skincare,gel douche,True,Dove Surgras Gel Douche Mousse Infusée à l'Huile d'Açaï 24H de Douceur,Gel Douche Mousse
8710847963988,3,haircare,shampoo,True,Timotei Bio Après-Shampooing Femme Éclat Cheveux colorés Grenade & Karité 250ml,Après Shampoing Femme
8710847963971,5,haircare,shampoo,True,Timotei Bio Shampooing Femme Éclat Cheveux colorés Grenade & Karité 250ml,Shampooing Cheveux Colorés
8710847998584,2,skincare,gel douche,True,Monsavon Gel Douche Femme Concentré Vanille 100ml,Gel Douche
8710522707616,1,skincare,gel douche,True,Monsavon Gel Douche Femme Concentré Vanille Lot 2x100ml,Gel Douche Femme
8710847998577,7,skincare,gel douche,True,Monsavon Gel Douche Femme Concentré Fleur de Patchouli 100ml,Gel Douche
8710522707593,1,skincare,gel douche,True,Monsavon Gel Douche Femme Concentré Perle Patchouli lot 2x100ml,Gel Douche Femme
8710847998591,10,skincare,gel douche,True,Monsavon Gel Douche Femme Concentré Amande 100ml,Gel Douche
8710522707579,1,skincare,gel douche,True,Monsavon Gel Douche Femme Concentré Amande Très Douce Lot 2x100ml,Gel Douche Femme
8710908735523,1,skincare,gel douche,True,Dove Gel Douche Mousse Soin Hydratant,Gel Douche Mousse
3348901408745,1,makeup,rouge à lèvres,True,Rouge à lèvres,
8717163748374,6,skincare,savon,True,Msv pdt bio abricot 100g,Savon Pain de Toilette
8710908437137,5,skincare,gel douche,True,Dove Gel Douche Surgras à l'Huile d'Argan 400ml,Gel Douche
8717163648643,4,skincare,gel douche,True,Axe Gel Douche Homme 3en1 Ice Cool Fraîcheur Glaciale 250ml,Gel Douche Homme 3en1
8710522682319,1,haircare,shampoo,True,Timotei Shampooing Femme Illuminant 2x300ml,Shampooing
8710522682289,1,haircare,shampoo,True,Timotei Shampooing Femme Huiles Précieuses 2x300ml,Shampooing
8710522682296,3,haircare,shampoo,True,Timotei Shampooing Femme Hydratant 2x300ml,Shampooing
8710522682272,1,haircare,shampoo,True,Timotei Après-Shampooing Femme Nourrissant 2x300ml,Apres-shampooing
8710522464922,1,haircare,shampoo,True,"Timotei Huiles Précieuses Shampooing Femme aux Huiles d'Argan Bio, d'Amande, Fleur de Jasmin Cheveux Secs et Ternes Lot 6x300ml",Shampooing Femme
8717163947715,10,skincare,gel douche,True,AXE Gel Douche Homme Wild 12h Parfum Frais 250ml,Gel Douche Homme
8710908650062,1,skincare,gel douche,True,Axe Gel Douche You 250ml,Gel Douche Homme
8710847953040,10,skincare,gel douche,True,Axe Gel Douche Homme 3en1 Origines Cactus & Bois de Santal 250ml,Gel douche
8710447284117,5,skincare,gel douche,True,Axe sg black 400ml,Gel Douche Homme
8710522643938,4,haircare,shampoo,True,Timotei Shampooing 2 en 1 Douceur 300ml,Shampoing Femme
3770004868131,1,skincare,savon,True,savon nuit de cannelle,
4045612004554,1,haircare,shampoo,True,2in1-Bart-Shampoo,
4015001005608,1,haircare,shampoo,True,Aktiv-Coffein Aktivierungs-Shampoo,
3450601036538,1,skincare,lait corps,True,Lait corps hydratant,
8710522644065,9,haircare,shampoo,True,Timotei Shampooing Éclat 300ml,Shampoing Femme
8710522644003,1,haircare,shampoo,True,Timotei Shampooing Detox 300ml,Shampoing Femme
20982744,1,skincare,shower gel,True,Cien Shower Gel Orange with Orange extract,
4011700436002,1,skincare,shaving,True,Shaving soap,
0817513016783,1,haircare,pomade,True,Shea Butter Cream Pomade,
8710447437322,1,skincare,lait corps,True,Dove Nourishing Secrets Spray Lait Corps Invigorating Avocat,Spray Lait Corps
8717163668863,1,skincare,gel douche,True,AXE Gel Douche Homme Carbon 3en1 Lot 2x250ml,Gel Douche Homme
8717163668856,3,skincare,gel douche,True,AXE Gel Douche Homme Ice Cool Lot 2x250ml,Gel Douche Homme
8717163648636,3,skincare,gel douche,True,AXE Gel Douche Homme Carbon 3en1,Gel Douche Homme
8712561715300,1,skincare,gel douche,True,AXE Gel Douche Homme Black,Gel Douche Homme
8710447396520,1,skincare,lait corps,True,Dove Lait Corps Original Pompe 250ml,Lait Corps
8710447329207,1,skincare,gel douche,True,AXE Ice Gold Gel Douche Homme Air de la Montagne et Senteur Bois Frais 3 en 1 Lot 2x250ML,Gel Douche Homme
8710447297667,1,skincare,gel douche,True,AXE Gel Douche Mousse Dark Temptation,Gel Douche Homme Mousse
8710447253779,2,skincare,gel douche,True,Axe Gel Douche 3en1 Ice Gold 250ml,Gel Douche Homme
40133218,12,skincare,essence,True,Dove DermaSpa Crème Hydratante Corps Nutri Essence Pot 300ml,Crème Hydratante Corps
8710522668757,1,haircare,shampoo,True,Timotei Shampooing 2 en 1 Nourrissant 300ml,Shampoing Femme
8004395001231,3,skincare,shaving,True,"Shaving Cream (Sensitive Skin, with Green Tea and Oatmeal)",
3770016038027,2,skincare,savon,True,savon crème à l'huile d'amande douce,savon à l'huile d'amande douce
8710447381472,1,skincare,savon,True,"Persil Au Savon de Marseille Lessive Liquide Bouquet de Provence Bouteille 4,2L 84 Lavages",Lessive Liquide
8710447245484,1,skincare,nettoyant,True,Skip Nettoyant Lave-Linge 3 Doses,Nettoyant lave vaisselle
09600033,1,makeup,lipstick,True,Lipstick,
4260285396311,1,haircare,shampoo,True,Festes Shampoo mit Aloe vera,
8714100146262,2,skincare,savon,True,MONSAVON Déodorant Femme Bille Vanille Toute Délicate 2x50ml,Déodorant Femme Bille
8710447342497,3,skincare,gel douche,True,Axe Gel Douche Homme Dark Temptation 12h Parfum Frais 2x400ml,Gel Douche Homme
3181730213452,1,skincare,savon,True,Monsavon Déodorant Femme Bille Fleur de Lotus Presque Divine 50ml Lot de 2,Déodorant Femme Bille
59086703,2,skincare,gel douche,True,Dove Désinfectant Mains Nutrition Intense 50ml,Gel douche
4010355475244,3,skincare,serum,True,Aqua Feuchtigkeits Serum,
9120082226103,1,haircare,shampoo,True,Festes Shampoo Pflegewunder,
3660005616995,1,skincare,serum,True,Serum végétal,
3605970879570,1,skincare,serum,True,Super multi corrective eye opening serum,
9339341004868,1,haircare,leave-in,True,Leave-in.repair,
7340011437383,1,skincare,hand soap,True,hand soap,
3450601026591,1,skincare,savon,True,Savon doux aux extraits de Jasmin bio,
3564700718384,1,haircare,shampoo,True,Shampooing extra-doux à l’extrait d’amande,
7630028610931,1,skincare,shower gel,True,Fanjo shower gel weather melon,
3298651700913,1,skincare,savon,True,Savon liquide de Marseille,
8719238003944,1,skincare,savon,True,Studio savon,
3612060007485,1,skincare,savon,True,Savon Parfumé,
3770002220139,1,skincare,savon,True,savon artisanal,
8719238009403,1,skincare,shower gel,True,Bath & shower gel,
6130793000643,1,skincare,savon,True,savon de Marseille,
7640136290062,1,haircare,shampoo,True,Shampoo für normales Haar,
6111254878827,2,skincare,savon,True,savon liquide,
3401381349646,1,skincare,nettoyant,True,Lingettes nettoyantes à huit olive vierge,
8801051342536,1,skincare,essence,True,Whoo 秘貼 essence,
8715342026442,1,skincare,hand cream,True,Hand cream,
5028197521097,1,skincare,cleanser,True,Tea Tree Skin Clearing Foaming Cleanser,
5028197200503,1,makeup,bb cream,True,Tea Tree Flawless BB Cream,
3253581548523,1,skincare,hand cream,True,Hand cream collection,
3700210040274,1,skincare,savon,True,savon,
3182611234511,2,skincare,savon,True,Savon de Marseille,
3564700734759,1,skincare,savon,True,Douceur savon nourrissant,
3700593600164,1,skincare,savon,True,savon de marseille,
3496344214147,1,skincare,savon,True,SAVON,
4744183014831,1,haircare,shampoo,True,Volumen Shampoo,
3701120016007,1,haircare,shampoo,True,Shampooing,
3614227552999,1,skincare,body lotion,True,Her body lotion,
3700969801225,1,haircare,masque cheveux,True,masque cheveux nuit,
3251241034935,1,makeup,primer,True,A Supprimer,
3596490004866,1,skincare,gel douche,True,Gel Douche Surgras Rogé Cavailles,
3511720118250,1,skincare,lait corps,True,Lait corps au lait d’ânesse,
8713551703413,2,skincare,hand cream,True,snail hand cream,
3273819232048,1,makeup,correcteur,True,Correcteur intensif imperfections,
3700388986565,1,makeup,fard à paupières,True,Fard à paupières WET&DRY,
3350033137264,1,skincare,lait corps,True,huile d'argan (lait corps),
3583788429043,1,skincare,gel douche,True,Gel douche,
3489940035230,1,skincare,savon,True,savon lait anesse,
8901138507558,2,haircare,hair cream,True,himalaya hair cream,
3663395031355,1,skincare,savon,True,Savon de Marseille padblabla,
8715342027883,1,skincare,eye cream,True,Repair eye cream,
4010355307231,4,haircare,shampoo,True,Active Nature Shampoo,
8710444211277,1,skincare,savon,True,Savon mains lavande,
4021457619986,1,haircare,shampoo,True,Shampooing protection couleur & soin,
4973167286890,1,makeup,eyebrow,True,Kanebo Kate lsting eyebrow W BR3,
4550002845537,1,skincare,essence,True,MUJI booster essence lotion,
4936968663673,1,makeup,eyeliner,True,Maybelline eyeliner BE -1,
4005900488404,1,skincare,nettoyant,True,Eau micellaire nettoyante,
3178040671867,1,skincare,gel douche,True,SCORPIO gel douche parfumé NOIR ABSOLU,
3245678622865,3,haircare,laque,True,Laque force et volume,Laque force et volume
3614225545016,1,skincare,gel douche,True,Coffret 2en1 gel douche parfum,
3563210011701,1,skincare,savon,True,Savon au lait d’ânesse Bio,
3600550972412,1,skincare,savon,True,savon bio,
3760162120417,1,skincare,savon,True,Savon liquide de marseille,
3596490000981,1,skincare,savon,True,Savon liquide de Marseille,
3600523670079,1,makeup,mascara,True,UNLIMITED mascara Waterploof,
6679077756819,1,skincare,savon,True,SAVON MARBRE AU MIEL,Savon marbré
7350070870502,1,skincare,cleanser,True,Cetaphil Facial Cleanser,
5037156227499,1,haircare,shampoo,True,Go Blonder shampooing éclaircissant,
5028197521080,1,skincare,nettoyant,True,Nettoyant purifiant visage Tea Tree,
4902430401012,3,haircare,shampoo,True,Pantene Pro-V Shampoo Anti Dandruff,
5901845500487,1,haircare,shampoo,True,o`herbal shampoo,
5060528313124,1,haircare,shampoo,True,Sleek & Smooth Shampoo plant keratin & plum,
5425015920368,1,haircare,shampoo,True,shampoo sapindus soapnuts,
7506267908897,1,haircare,shampoo,True,shampoo ludwing,
42355533,1,skincare,hand cream,True,nivea hand cream,
4005808956555,1,skincare,deodorant,True,Nivea deodorant,
3560070986101,3,skincare,lait corps,True,Lait corps hydratant réparateur,
3182611232029,1,skincare,savon,True,Savon de provence extra doux amande,
3253581491461,1,skincare,nettoyant,True,Mousse en crème nettoyante,
3700187411046,1,makeup,fond de teint,True,Fond de teint  crème haute couvrance,
3660005635330,1,skincare,lait corps,True,Lait Corps parfume Thé doré,
20778347,1,haircare,shampoo,True,Shampooing,
8716716098669,1,skincare,gel douche,True,Yogi Flow Gel Douche,
4464230388837,1,skincare,ampoule,True,Mag 2 ampoules,
8710447285336,1,skincare,deodorant,True,"Anarchy for her, deodorant & bodyspray",
3401320523373,1,skincare,gel douche,True,gel douche sur gras marque verte,
7500435128698,1,skincare,booster,True,pantene booster,
3700998202093,2,skincare,savon,True,savon de Marseille à l'huile d'avocat,
8001090488893,1,skincare,essence,True,herbal essences,
3245678689509,1,skincare,nettoyant,True,Gel nettoyant intime fraîcheur,Gel nettoyant intime fraîcheur
3045206392976,1,skincare,nettoyant,True,nettoyant desinfectant,
3286010050359,1,skincare,lait corps,True,lait corps hydratant biopha,
3760232870259,1,skincare,savon,True,Vrai cube de savon de Marseille,
3593290025206,1,skincare,savon,True,savon alep exfoliant argan bio,
3393190016980,3,skincare,savon,True,Savon Végétal.   Parfum  Mirabelle,
3770010560555,2,skincare,savon,True,Savon au Miel,
3770010560548,2,skincare,savon,True,Savon à la Propolis 100g,
3770010560326,2,skincare,savon,True,Savon à la Gelée Royale,
3596490001711,1,skincare,gel douche,True,Gel douche sur gras,
8717163699263,2,skincare,gel douche,True,Love Beauty And Planet Gel Douche Oasis Nourrissante 400ml,Gel Douche
3263855952598,1,skincare,gel douche,True,Gel douche crème et nutrition,
8025272610780,3,makeup,mascara,True,Luxurious lashes Waterproof mascara,
4059729226921,1,skincare,essence,True,crystal powder essence,
4059729198648,1,skincare,essence,True,essence nude,
7502212293889,1,haircare,shampoo,True,shampoo de chile Medina,
18172768,1,haircare,shampoo,True,Shampoo Medina,
8051414384356,1,haircare,shampoo,True,shampoo capelli ricci,
7805000161491,1,haircare,shampoo,True,Linic shampoo,
8901030703607,2,haircare,shampoo,True,Dove nutritive Solutions dryness Care shampoo,
8719874198240,4,haircare,hair mask,True,hair mask,
6173611771196,6,skincare,serum,True,serum integral CEB7,
42316640,1,skincare,deodorant,True,deodorant,
3178041326391,1,skincare,body lotion,True,Nutritive body lotion,
7506267910401,1,skincare,body wash,True,body wash,
5397205078657,1,skincare,face wash,True,gentle face wash,
71196466,1,haircare,hair oil,True,Love nature body & hair oil,
7630028603117,2,skincare,body lotion,True,Body lotion hydratante,
3760026150512,1,skincare,savon,True,douche hypoallergenique surgras dans savon,
3662217007202,1,skincare,nettoyant,True,Nettoyant 3 en 1,
3661596986481,1,haircare,shampoo,True,shampooing régule et hydrate,
6135262002463,1,makeup,nail polish,True,piove nail polish remover,
3222477068568,1,skincare,lait corps,True,Lait corps,
4058172483394,1,skincare,savon,True,Savon,
3511720128303,1,skincare,savon,True,savon pomme d amour,
8027881803805,1,skincare,lait corps,True,mekako lait corps mon teint naturel,
8719827001535,1,makeup,primer,True,Face primer,
8710908180460,1,haircare,shampoo,True,Tresemme Botanic Shampoo,
8001090911704,1,haircare,shampoo,True,Head & Shoukders 2 in 1 Shampoo,
17264745,1,skincare,lip balm,True,Palmer's Lip Balm,
8001090590145,1,skincare,essence,True,herbal essences champu,
7509552908527,3,haircare,shampoo,True,Elvive oleo extraordinario shampoo,
8436551471235,1,haircare,hair mask,True,naturalium extra nourishing keratin hair mask,
4744183010505,1,skincare,body butter,True,Sauna & Spa thick natural body butter,
5397182401080,1,makeup,nail polish,True,Flamazing   NAIL POLISH COLECTION,
8435327628101,1,makeup,maquillage,True,Plaisance Esponga de maquillage con mango,
3380810060447,1,makeup,mascara,True,Mascara supra volume,
6952938337366,1,makeup,eyeliner,True,pink 21 eyeliner liquid,
8420212331181,1,haircare,shampoo,True,Shampoo,
7774904281799,1,haircare,shampoo,True,Clarissa shampoo,
5524105031714,1,skincare,essence,True,naturnua energy essence,
18194412,1,haircare,shampoo,True,shampooing brillance,
8411047143186,1,skincare,body cream,True,"Aloe Vera, body cream / Crema corporal",
8719238020958,1,skincare,hand soap,True,hand soap citrus,
3600521997574,1,haircare,shampoo,True,l'oréal paris elvital shampoo,
25241112,2,skincare,body lotion,True,st Ives Body Lotion,
8719179197115,1,makeup,primer,True,BE creative make up eye primer,
3760170660097,1,makeup,maquillage,True,Coffret maquillage,
5033102907453,1,haircare,conditioner,True,ion moustuizer  conditioner,
3489940063004,1,haircare,shampoo,True,Shampooing solide,
3770002220832,2,haircare,shampoo,True,shampooing solide à l'argile et shikakai,
6192442100746,1,skincare,gel douche,True,Gel douche gelcoline,
3563210022462,3,haircare,shampoo,True,shampooing douche coco Bio dermatologique,
3181730117880,6,skincare,mousse à raser,True,Williams Mousse à Raser Homme Peau Fragile 200ml,Mousse à Raser
8710447445983,1,skincare,gel douche,True,Monsavon Gel Douche Lavande Si Authentique,Gel douche
8710447445938,1,skincare,gel douche,True,Monsavon Gel Douche Coco Tellement Craquante,Gel Douche
8710522355237,1,skincare,gel douche,True,Monsavon Au Lait Gel Douche Grenade Tellement Fraîche 300ml Lot de 2,Gel Douche
8710522355183,1,skincare,gel douche,True,Monsavon Gel Douche Fleur D'oranger Si Belle 300ml Lot de 2,Gel Douche
3181730272589,10,skincare,savon,True,Monsavon Savon Lavant Antibactérien L'Authentique 4x200g,Savon
3181730272572,13,skincare,savon,True,Monsavon Savon Lavant Antibactérien L'Authentique 6x100g,Savon Lavant Antibactérien
8710447204313,1,skincare,gel douche,True,AXE Gel Douche Mousse Copper,Gel Douche
8710447342503,1,skincare,gel douche,True,AXE Gel Douche YOU Lot,Gel Douche Homme
8710447307557,1,haircare,shampoo,True,Timotei Kids Shampooing Démêlant 2en1 Senteur Rose Ne Pique Pas les Yeux,Shampooing Démêlant 2en1
8717163710876,1,haircare,shampoo,True,Timotei Détox Shampooing Femme aux extraits de Baie de Goji Cheveux Ternes Lot,Shampooing Femme
8710522643914,1,haircare,shampoo,True,Timotei Après-Shampooing Pure 300ml,Shampoing Femme
8710522646212,4,haircare,shampoo,True,Timotei Après-Shampooing Illuminant 300ml,Après Shampoing Femme
8717163710869,1,haircare,shampoo,True,Timotei 2en1 Shampooing Femme Huille d'Amande Douce Cheveux Normaux Lot de,Shampooing Femme
8710908663185,1,skincare,gel douche,True,Dove Gel Douche Nutrition Intense 720ml Flacon Pompe,Gel Douche
8710447319369,1,skincare,savon,True,Dove Sensitive Savon Lavant Antibactérien Micellaire,Savon Pain de Toilette
8710447250679,1,skincare,gel douche,True,Dove Secrets de Soin Gel Douche Lavande,Gel Douche
8710447326817,1,skincare,savon,True,Dove Savon Pain de Toilette Micellaire 2x100g,Savon Pain de Toilette
8710447326824,1,skincare,savon,True,Dove Savon Pain de Toilette Pink Lot 2x100g,Savon Pain de Toilette
8710447381045,1,skincare,gel douche,True,Dove Gel Douche Eau Micellaire Anti-Stress 400ml Lot de 2,Gel Douche Eau Micellaire
7630028603162,1,skincare,body lotion,True,Body lotion,
4043662190159,1,skincare,serum,True,Vitamin C Serum,
8809393401713,1,skincare,clay mask,True,Green Tea purifying clay mask,
5943000102846,2,haircare,shampoo,True,Shampoo,
7621500110353,1,haircare,shampoo,True,Ei-Öl Nähr-Shampoo,
3273818840152,5,skincare,savon,True,Savon traditionnel de Marseille. Verveine,
3182611239202,1,skincare,savon,True,Savon liquide de Marseille,
8720143125393,1,skincare,sheet mask,True,Facial Sheet Mask,
3551780003462,1,skincare,savon,True,Savon Liquide Marseille,
0811748030613,1,skincare,deodorant,True,Yes to charcoal detoxifying tea tree natural charcoal deodorant,
4008233156132,6,skincare,sheet mask,True,Sheet Mask Detox Care,
8410436354622,1,haircare,shampoo,True,Shampoo Bar Repairing,
3700100712021,1,skincare,nettoyant,True,Gel nettoyant douceur,
3574660412277,2,skincare,hand cream,True,Neutrogena fast absorbing hand cream,
8710447425015,1,skincare,gel douche,True,AXE Gel Douche Dark Temptation Lot 6x400ml,Gel Douche Homme
8809323737486,1,skincare,toner,True,Nutrition Toner,
7506295302322,1,skincare,essence,True,Herbal Essences,
8410751036074,2,skincare,body lotion,True,Body Lotion,
7804945062412,1,haircare,shampoo,True,shampoo,
3770018167008,2,skincare,savon,True,savon saponifié à froid,
8717163680155,1,haircare,shampoo,True,shampoo,
6180412012717,1,skincare,savon,True,savon de safou,
8710447448007,1,skincare,gel douche,True,AXE Gel Douche Homme Music 250ml Lot de 2,Gel Douche Homme
4021457614363,2,skincare,lait corps,True,Lait corps hydratant jojoba et aloe vera bios,
4021457617517,4,skincare,eye cream,True,Illuminating eye cream,
4250587733808,1,makeup,eyeshadow,True,Absolute Nude Eyeshadow Palette,
8710847971365,2,skincare,gel douche,True,AXE Gel Douche Black Lot 2x400ml,Gel Douche
8720181136399,2,skincare,gel douche,True,Axe Gel Douche 3en1 Homme Re-Load Frais et Vivifiant Lot 2x400ml,Gel douche
8720181140372,1,skincare,gel douche,True,Axe Gel Douche Magnum Billionaire 12h Parfum Frais Lot 2x250ml,Gel douche
8720181140365,4,skincare,gel douche,True,Axe Gel Douche Homme Magnum Gold Caramel Billionaire 12h Parfum Frais 250ml,Gel douche
3606000552593,3,skincare,nettoyant,True,nettoyant moussant visage,
8710847972607,1,skincare,gel douche,True,AXE Gel Douche Homme Wild Mojito & Bois de Cèdre Lot 6x400ml,Axe gel douche wild 400ml 4+2
8717163730645,1,skincare,gel douche,True,AXE Collision Gel Douche Homme Cuir & Cookies Lot 4+2 offerts,Gel Douche Homme
8720181133022,2,skincare,gel douche,True,Axe sg skate&rose 2x250ml,Gel douche
8720181133015,3,skincare,gel douche,True,Axe sg skate&roses 250ml,Gel douche
3700601501261,1,skincare,savon,True,Savon Litchee-Mangue,
8710847954979,1,skincare,gel douche,True,"AXE Trousse Dark Temptation Eau de Toilette 100ml, Déodorant 150ml & Gel Douche 250ml x1",Mixed
8710847977954,1,skincare,gel douche,True,"AXE Trousse Homme Black Eau de Toilette 100ml, Déodorant 150ml & Gel Douche 250ml x1",Mixed
8710447442364,5,skincare,lait corps,True,Love Beauty And Planet Lait Corps Hydratation Sublime 400ml,Lait Corps
8710447442296,5,skincare,lait corps,True,Love Beauty And Planet Lait Corps Nutrition Veloutée 400ml,Lait Corps
8710847977930,1,skincare,gel douche,True,"AXE Trousse Homme Wild Eau de Toilette 100ml, Déodorant 150ml & Gel Douche 250ml x1",Mixed
8720181141690,4,skincare,gel douche,True,MONSAVON BIO Gel Douche certifié Bio Abricot Pointe de Basilic 300ml,Gel douche
8710522754726,1,skincare,gel douche,True,Monsavon Gel Douche Bio Au Lait de Riz Lot 2x300ml,Pw liquids
8717163714348,1,skincare,gel douche,True,Dove Gel Douche Soin Infusée à l'Huile d'Argan Lot 2x400ML,Dove Gel Douche
8710847955730,1,skincare,gel douche,True,Dove Gel Douche Soin Hydratant Lot 2 x 400ml,Gel Douche
8720181089985,3,skincare,gel douche,True,DOVE Gel Douche Hypoallergénique 2x400ml,Gel douche
8710908706332,1,skincare,savon,True,Dove Savon Pain de Toilette Original 2x100g Lot de 3,Savon Pain de Toilette
8720181109409,1,skincare,savon,True,MONSAVON Gel Lavant Main Mandarine & Thé Blanc,Gel main
8720181109393,1,skincare,savon,True,MONSAVON Gel Lavant Main Rose & Jasmin,Gel hydroalcoolique
8710522942628,1,skincare,gel douche,True,DOVE Gel Douche Pouvoir des Plantes Arbre à Thé 2x250ml,null
8710522436127,2,skincare,gel douche,True,Dove Gel Douche Surgras Argan 2x750ml,Gel Douche
8710522431160,1,skincare,gel douche,True,Dove Gel Douche Nutrition Intense 750ml Lot de 2,Gel Douche
8717163689837,9,haircare,shampoo,True,Love Beauty and Planet Après-Shampooing Oasis Réparatrice 400ml,Après-Shampooing
8710847935930,7,haircare,shampoo,True,Love Beauty and Planet Après-Shampooing Femme Vague d'Hydratation 400ml,Apres-shampooing
8717163689844,10,haircare,shampoo,True,LOVE BEAUTY AND PLANET Shampoing Éclosion de Couleur 400ml,Shampooing
8717163689851,11,haircare,shampoo,True,Love Beauty and Planet Après-Shampooing Éclosion de Couleur 400ml,Après-Shampooing
8720181108884,1,skincare,gel douche,True,Lifebuoy Gel Hydroalcoolique Mains Tube 50ml,Gel douche
8720181136405,1,skincare,gel douche,True,Axe Gel Douche 3-en-1 Homme Re-Load Frais et Vivifiant 6x400ml,Gel douche
8710447365656,1,haircare,masque cheveux,True,LOVE BEAUTY AND PLANET Masque Cheveux Oasis Réparatrice 300ml,Masque Cheveux
8714100016794,1,skincare,gel douche,True,Axe gd 250x2 you clfresh,Gel Douche Homme
8710847977916,1,skincare,gel douche,True,AXE Trousse Provocation Eau de Toilette 100ml - Déodorant 150ml & Gel Douche 250ml x1,Mixed
8710447365342,10,haircare,shampoo,True,Love Beauty and Planet Après-Shampooing Hydratation Radieuse 400ml,Après-Shampooing Femme
8710447365304,9,haircare,shampoo,True,Love Beauty And Planet Shampooing Hydratation Radieuse 400ml,Shampoing Femme
8717644937129,1,haircare,shampoo,True,Dove Après-Shampooing Réparation Intense 2x200ml,Après Shampoing
0764302016946,1,haircare,shampoo,True,Emerge It’s Knot Happening Sulfate-Free Shampoo,
3760100682748,2,haircare,masque cheveux,True,Masque cheveux Fortifiant,
4260167185729,7,haircare,shampoo,True,Volumen Shampoo,
5037200081701,2,haircare,hair mask,True,hair mask,
8710444219044,2,skincare,hand soap,True,Hygienic hand soap,
5055443637745,1,skincare,lip balm,True,Lip Balm,
8697419548715,1,haircare,hair mousse,True,Dalize hair mousse,
0070942508247,1,haircare,laque,True,Red Cote (révélateur plaque dentaire,
5901887032120,1,skincare,body lotion,True,body lotion,Body lotion
6130024166087,3,skincare,gel douche,True,Gel douche smithies,
3564700756935,1,skincare,nettoyant,True,Nettoyant pour appareils dentaires,
3577056023576,4,haircare,laque,True,antiplaque,
5765228836545,1,skincare,body lotion,True,body lotion,
02337876,2,skincare,savon,True,Savon traditionnel de Marseille,
8718537747511,2,skincare,sheet mask,True,Anti-imperfection  sheet mask,
3760169790255,3,skincare,savon,True,Savon d'alep 8% Alepo soap,
3760217370583,1,haircare,shampoo,True,Après shampooing Avoine et sauge,
8002295084132,1,haircare,shampoo,True,winni's naturel shampoo uso frequente melograno e mirtillo nero,
3660005573304,1,haircare,shampoo,True,yves rocher shampoo riparazione,
8710604799638,6,skincare,gel douche,True,Love Beauty And Planet Gel Douche Femme Vague d'Hydratation 400ml,Gel douche
4690302431754,2,skincare,serum,True,serum,
4045787132199,1,haircare,shampoo,True,Hydrating Colour Shampoo,
5948874121818,2,skincare,gel douche,True,Gel douche,
6291107220994,1,haircare,shampoo,True,Shampooing 2en1,
0768563309212,2,haircare,conditioner,True,Cosmic Wave Leave in Conditioner,
4260376297398,2,haircare,shampoo,True,Shampooing,
8720181083037,1,skincare,nettoyant,True,Lifebuoy Expert Lingettes Nettoyantes Mains x10,Lingettes
8710847929083,10,skincare,gel douche,True,Dove Gel Douche Soin Hydratant 750ml,Gel Douche
0856556004111,1,skincare,serum,True,C-Firma™ Vitamin C Day Serum,
8718951430921,3,skincare,gel douche,True,Gel douche,
8718951430167,3,skincare,gel douche,True,Gel douche,
8718951426207,3,skincare,gel douche,True,Gel douche,
0871760007895,2,makeup,primer,True,Tinted SPF30 Face Unscented Matte Finish Primer,
0056599677550,2,makeup,mascara,True,Ultimate Volume Mascara,
0855586004375,2,makeup,lipstick,True,Velvet Hug Luxe Matte Lipstick,
1625325468220,2,skincare,face mask,True,huda beauty lemon face mask,
0808124174252,1,skincare,hand soap,True,Mrs. Meyer's Clean Day Hand Soap,
0764302231059,1,haircare,conditioner,True,Manuka Honey & Mafura Oil Conditioner,
0052800673779,1,haircare,conditioner,True,Deeply Restoring Pracaxi Recovery Oil Conditioner,
0086800211549,2,skincare,sunscreen,True,UltraSheer Dry-Touch Sunscreen,
4058172738197,2,haircare,shampoo,True,Balea m'en fresh Shampoo,
4027800020553,2,skincare,savon,True,Savon à barbe,
0885492857437,1,skincare,cleanser,True,Renewing SA Cleanser,
6909122263956,1,skincare,cleanser,True,Purity Made Simple One-Step Facial Cleanser,
0850003310312,1,skincare,cleanser,True,The Cult Classic Purifying Face Cleanser,
0787734793087,1,skincare,cleanser,True,Foaming Facial Cleanser,
0688098772469,1,skincare,cleanser,True,Toleriane Hydrating Gentle Face Cleanser,
0707129221810,1,skincare,cleanser,True,Renewing Cleanser,
0767332100531,1,skincare,cleanser,True,Acne Control Clarifying Cleanser,
5765228837900,1,skincare,deodorant,True,Coconut Cream Deodorant,
0840797140622,1,skincare,body lotion,True,Naturally derived body lotion,
0207146744762,1,skincare,face wash,True,Clinique For Men Charcoal Face Wash,
0736032631508,1,skincare,face wash,True,Clinique For Men Face Wash,
0767332108902,1,skincare,cleanser,True,Prebiotic 4-In-1 MultiCleanser,
0815517026746,1,skincare,cleanser,True,Pure Skin Deep Cleanser with Red Clay,
0687735305046,1,skincare,face wash,True,Wake Up Beautiful Dream Jelly Face Wash,
0880917938852,1,skincare,cleanser,True,Positively Radiant Brightening Facial Cleanser,
0809280149078,1,skincare,cleanser,True,Travel Size Soy Face Cleanser,
3380810427325,1,skincare,cleanser,True,Hydrating Gentle Foaming Cleanser,
0687735302366,1,skincare,face wash,True,Coconut Milk Cream to Foam Face Wash,
0603084512843,1,skincare,face wash,True,SkinActive Micellar Foaming Face Wash,
0850016280015,1,skincare,cleanser,True,Balancing Cleanser: Oil Control,
0687735302793,1,skincare,face wash,True,Rose Kombucha Flower Powered Face Wash,
3380810427318,1,skincare,cleanser,True,Purifying Gentle Foaming Cleanser,
0687735301727,1,skincare,face wash,True,Kale Detox Deep Cleaning Face Wash,
3605971634321,1,skincare,cleanser,True,Clearly Corrective Brightening Exfoliating Daily Cleanser,
0687735303905,1,skincare,face wash,True,Cosmic Hemp Balancing Face Wash,
0578303697260,1,skincare,cleanser,True,Makeup Melt Jelly Cleanser,
0702685964737,1,skincare,face wash,True,Purifying Face Wash,
0651473710028,1,skincare,cleanser,True,Vitamin C Ester Citrus Brightening Cleanser,
0717334136052,1,skincare,cleanser,True,A Perfect World Antioxidant Cleanser with White Tea,
0816645029012,1,skincare,cleanser,True,Gentle Gel Cleanser,
5045096475795,1,skincare,cleanser,True,The Fab Pore Purifying Foam Cleanser,
0676280041783,1,skincare,cleanser,True,CBD Clean Sweep Foaming Facial Cleanser,
0182289000046,1,skincare,face wash,True,Glacial Face Wash,
0846733031467,1,skincare,face wash,True,Sugar Rush - Mini Squeezy Clean Face Wash,
0651473705673,1,skincare,cleanser,True,High Potency Classics Nutritive Cleanser,
0701853046145,1,skincare,face wash,True,Travel Size Checks and Balances Frothy Face Wash,
0794628317960,1,skincare,face wash,True,Fantastic Face Wash,
7602005480745,1,skincare,cleanser,True,Pore Cleaner Foam Cleanser,
0651473707714,1,skincare,cleanser,True,Acne Relief Gentle &amp; Soothing Cleanser,
3605971482144,1,skincare,cleanser,True,Cucumber Herbal Conditioning Cleanser,
0609332599901,1,skincare,cleanser,True,Holy Hydration! Daily Cleanser,
8809370696286,1,skincare,cleanser,True,Clean It Zero Foam Cleanser,
0182289000985,1,skincare,face wash,True,Travel Size Glacial Face Wash,
0813424023070,1,skincare,cleanser,True,Ultra Hydrating Green Juice Cleanser,
0846733034703,1,skincare,face wash,True,Sugar Rush - Squeezy Clean Face Wash,
0809280138300,1,skincare,face wash,True,Travel Size Sugar Strawberry Exfoliating Face Wash,
8809598451926,1,skincare,cleanser,True,Hydrium Triple Hyaluronic Moisturizing Cleanser,
0810022912010,1,skincare,cleanser,True,Calm On Foaming Cream Cleanser,
0609332822177,1,skincare,cleanser,True,SuperClarify Cleanser,
0808144295005,1,skincare,cleanser,True,Cryosea Firming Icy-cold Cleanser,
0689551340072,1,skincare,cleanser,True,The Balance pH Balancing Gel Cleanser,
0651986704897,1,skincare,cleanser,True,Hangover Wash The Day Away Gentle Foaming Cleanser,
0687735304469,1,skincare,cleanser,True,Vegan Cream Creamy Gel Cleanser,
0289841361833,1,skincare,face wash,True,Working Man&#39;s Face Wash,
0814627025007,1,skincare,cleanser,True,Melt Away Vitamin C Triple Action Cleanser,
0869519000020,2,haircare,pomade,True,Reuzel Hollands finest pomade,
7502245181474,2,skincare,serum,True,serum,
8809080823408,2,skincare,ampoule,True,EGF Collage Ampoule,
3760175170041,1,skincare,savon,True,Savon au lait d'ânesse,savon
3380810427332,1,skincare,cleanser,True,Soothing Gentle Foaming Cleanser,
3614229376777,1,skincare,cleanser,True,Nature In A Jar Gentle Detoxifying Cleanser With Agave,
0180510400122,1,skincare,micellar,True,Kiwi &amp; Pomegranate Micellar Cleansing Water,
3605975080865,1,skincare,cleanser,True,Ultra Facial Oil-Free Cleanser,
5203069091056,1,skincare,cleanser,True,Travel Size Greek Yoghurt Foaming Cream Cleanser,
0666151010734,1,skincare,cleanser,True,Travel Size Skin Resurfacing Cleanser,
0815921016876,1,skincare,cleanser,True,Tomatoes Detoxifying Charcoal Cleanser,
0651043300482,1,skincare,cleanser,True,Clear Genius Clarifying Gel Cleanser,
0813920019126,1,skincare,cleanser,True,DeliKate Soothing Cleanser,
4511413519479,1,skincare,face wash,True,Face Wash Powder,
0735379340012,1,skincare,face wash,True,Refreshing Face Wash,
0302990220506,1,skincare,cleanser,True,Daily Refreshing Cleanser,
0682223020463,1,skincare,cleanser,True,Acne Remedy Balancing Foam Cleanser,
0717897060771,1,skincare,cleanser,True,SkinSoak Foaming Cleanser,
0722301639207,1,skincare,cleanser,True,Watermint Gin Daily Face Cleanser,
0813920016217,1,skincare,cleanser,True,Travel Size ExfoliKate Cleanser Daily Foaming Wash,
0852569003561,1,skincare,micellar,True,Peach &amp; Papaya Micellar Cleansing Water,
0651473710691,1,skincare,cleanser,True,Hypoallergenic CBD Sensitive Skin Therapy Gentle Cleanser,
0874316000630,1,skincare,cleanser,True,White Tea Purifying Cleanser,
0785364010352,1,skincare,cleanser,True,Travel Size Glycolic Foaming Cleanser,
0810016292548,1,skincare,cleanser,True,Sea Minerals + Collagen Facial Cleanser,
0689574962282,1,skincare,cleanser,True,No Makeup Easy Rinse Makeup-Removing Cleanser,
0885302032887,1,skincare,cleanser,True,Dr. Andrew WEIL for Origins Mega-Mushroom Skin Relief Micellar Cleanser,
0810425035873,1,skincare,cleanser,True,Magic Gel-to-Milk Cleanser,
0855275007106,1,skincare,micellar,True,Micellar Cleansing Water,
8806190718730,1,skincare,cleanser,True,Namaste Kitten Clarifying Cannabis Sativa Hemp Seed Oil Cleanser,
3337875674942,1,skincare,micellar,True,Pureté Thermale Mineral Micellar Water for Sensitive Skin,
0688941763491,1,skincare,face wash,True,Travel Size Sea Foam Complete Face Wash,
0811748035014,1,skincare,cleanser,True,Watermelon Super Fresh Facial Cleanser,
0302993921288,1,skincare,cleanser,True,Travel Size Gentle Skin Cleanser,
3614229839456,1,skincare,cleanser,True,Purity Made Simple One-Step Facial Cleanser with Turmeric Extract,
5051167917576,1,skincare,cleansing balm,True,Pro-Collagen Cleansing Balm,
3605971307928,1,skincare,cleansing oil,True,Midnight Recovery Botanical Cleansing Oil,
0641628501731,1,skincare,cleansing balm,True,Pro-Collagen Rose Cleansing Balm,
8809653230879,1,skincare,cleansing oil,True,Pore Cleansing Oil - PHA,
5045098699724,1,skincare,cleansing balm,True,Glow Your Mind Nourishing Cleansing Balm,
0602573665466,1,skincare,cleansing oil,True,Cleansing Oil,
0641628001736,1,skincare,cleansing balm,True,Travel Size Pro-Collagen Cleansing Balm,
0887167222243,1,skincare,cleansing balm,True,Advanced Night Micro Cleansing Balm,
0729238119895,1,skincare,cleansing oil,True,Perfect Cleansing Oil,
0716170225418,1,skincare,cleanser,True,Soothing Cleansing Oil Face Cleanser,
8809115025937,1,skincare,cleansing oil,True,Gentle Black Deep Cleansing Oil,
0857334005788,1,skincare,cleanser,True,Oil to Milk Cleanser,
0785364010178,1,skincare,cleansing oil,True,Cleansing Oil,
3605972076168,1,skincare,cleanser,True,Cannabis Sativa Seed Oil Herbal Cleanser,
8809653230930,1,skincare,cleansing balm,True,Pore Cleansing Balm - AHA,
8809448637357,2,skincare,cleansing oil,True,Pore Cleansing Oil - BHA,
3760239240987,1,skincare,cleansing oil,True,Solid Cleansing Oil,
0834893006067,1,skincare,cleansing oil,True,STEM CELLULAR Cleansing Oil,
0814627025137,1,skincare,cleansing oil,True,Bare Face Beauty Skin-Hydrating Cleansing Oil,
0792850894099,1,skincare,cleansing oil,True,Facial Cleansing Oil,
0850003721378,1,skincare,cleanser,True,Gel Balm Cleanser,
8809427864293,1,skincare,cleansing oil,True,Black Sugar Perfect Cleansing Oil,
8809653230947,1,skincare,cleansing balm,True,Pore Cleansing Balm - PHA,
0819793010253,1,skincare,cleansing oil,True,Olive &amp; Rosehip Face Cleansing Oil,
0670367935507,1,skincare,cleansing oil,True,Anti-Aging Cleansing Oil Makeup Remover,
0717334221499,1,skincare,cleansing oil,True,Modern Friction Cleansing Oil with Radiance-Boosting White &amp; Purple Rice,
8809532446759,1,skincare,cleansing oil,True,Mineral Pink Salt Deep Cleansing Oil,
0819793010291,1,skincare,cleansing oil,True,Olive &amp; Tea Tree Cleansing Oil,
8809255783865,1,skincare,cleansing oil,True,Black Cleansing Oil,
0888265602036,1,skincare,cleansing oil,True,Truffle Therapy Cleansing Oil,
0794866353386,1,skincare,cleansing oil,True,Argan Cleansing Oil,
3605972264602,1,makeup,foundation,True,Bye Bye Foundation Oil-Free Matte Full Coverage Moisturizer with SPF 50+,
3605972298522,1,skincare,serum,True,Hello Results Wrinkle-Reducing Daily Retinol Serum-in-Cream,
8719189416398,1,skincare,shower gel,True,Marcel's Green Soap Shower Gel &quot;Argan & Oudh&quot;,
3574661601618,3,skincare,gel douche,True,Gel douche énergisant Orange Pamplemousse,
3538396120509,1,skincare,gel douche,True,Gel douche tonifiant verveine bio et citron,
0816218026530,1,skincare,sunscreen,True,Unseen Sunscreen,
3760189190042,2,skincare,savon,True,savon bio,
6923700934472,1,skincare,essence,True,Revitalift crystal micro essence,
8002410009613,2,haircare,shampoo,True,Doccia shampoo energizzante con cedro & zenzero,
4036221432302,1,skincare,toning,True,XSmall Vivifying Toning Lotion,
8710847935961,1,haircare,conditioner,True,Planet Marine Moisture Conditioner,
5414635102292,2,makeup,maquillage,True,crayons de maquillage,
4710363803960,2,makeup,makeup remover,True,Makeup remover,
3600522356868,2,skincare,serum,True,aqua serum,
8682232500248,1,skincare,savon,True,Savon au safran,
3770022269019,2,skincare,savon,True,Savon liquide pour mains,
3770022038011,2,skincare,gel douche,True,Gel douche écologique et bio,
0071249263907,2,skincare,cleanser,True,Extreme Cleanser,
3253581373422,1,skincare,deodorant,True,Citrus Verbena Stick Deodorant,
8710847949470,1,haircare,shampoo,True,LOVE BEAUTY AND PLANET Shampooing Solide Vague Volumisante Eau de Coco & Fleur de Mimosa 90g,Shampooing Solide
3605972154842,1,makeup,primer,True,Oil Free Makeup Primer,
0098132562954,1,makeup,foundation,True,Performance Wear Liquid Foundation,
4010355473028,2,skincare,serum,True,vital serum,
7611916001420,3,skincare,deodorant,True,Deodorante limone,
0187132005209,1,haircare,shampoo,True,Everyday Shea Shampoo Lavender,
0022400006758,2,haircare,conditioner,True,Light Moisture Conditioner Pro Pure,
3350033678453,1,skincare,gel douche,True,Gel Douche Fleur d'Oranger,
8717163714355,1,skincare,gel douche,True,Dove Gel Douche Soin à l'Huile d'Amande Lot 2x400ml,Gel Douche
10881105,2,skincare,sheet mask,True,fruits face sheet Mask,
4809010740038,1,skincare,toner,True,rdl toner,
8717163699249,1,skincare,gel douche,True,Love Beauty And Planet Gel Douche Pluie Rafraîchissante 400ml,Gel Douche
8717163699270,1,skincare,gel douche,True,Love Beauty And Planet Gel Douche Cascade Détox 400ml,Gel Douche
59081463,1,skincare,savon,True,Schmidt's Savon Rose et Vanille,Savon
8717163889947,11,skincare,gel douche,True,Love Beauty And Planet Gel Douche Femme Aurore Éclatante 400ml,Gel Douche Aurore éclatante 400ml
6111103001161,1,skincare,savon,True,Savon liquide,
8710847951237,1,skincare,gel douche,True,Love Beauty And Planet Gel Douche Femme Hydratation Radieuse 400ml,Gel Douche
4897099080930,1,skincare,eye cream,True,eye cream,
3600541599048,1,haircare,shampoo,True,Shampooing sec purifiant,
3770005872427,1,skincare,gel douche,True,Gel douche pulpe exotique,
8717163924167,1,haircare,shampoo,True,Love Beauty And Planet Shampooing Aurore Éclatante 400ml,Shampooing Femme
8710447365649,1,haircare,masque cheveux,True,Love Beauty And Planet Masque Cheveux Eclosion de couleur,Masque Cheveux
59081487,1,skincare,savon,True,Schmidt's Savon Cèdre et Genévrier,Savon
12162314055800013,1,skincare,hand cream,True,hand cream,
3660005761855,2,skincare,gel douche,True,Gel Douche Parfumé,
3700155352920,2,makeup,maquillage,True,Palette Maquillage,
5346474760138,1,makeup,lipstick,True,mate lipstick,
15812278,1,skincare,serum,True,biome balancing repair serum,
4005900855848,1,skincare,deodorant,True,Dark Forest Deodorant,
0764302204183,1,haircare,conditioner,True,Shea moisture daily hydration conditioner,
42419488,1,skincare,deodorant,True,Deodorant,
4800888209603,1,skincare,deodorant,True,deodorant,
5726512173111,2,haircare,shampoo,True,shampoo,
8935006101630,1,skincare,face wash,True,Face wash,
91911298,1,haircare,conditioner,True,Balm conditioner Pantene Pro-V,
5710404603114,1,haircare,shampoo,True,shampoo anti-frizz,
0071164304112,2,haircare,shampoo,True,hask curl creme moisturizing shampoo,
3660005533902,1,skincare,body lotion,True,Yves Rocher SO Elixir Purple Body Lotion,
8809386880266,1,skincare,hand cream,True,moisture milk hand cream,
3760100183443,2,skincare,gel douche,True,Gel douche karité Evoluderm,
4007547203037,1,skincare,savon,True,Savon détachant au fiel,
3263855988399,1,skincare,savon,True,savon enrichi en lait,
4058172784989,1,haircare,shampoo,True,TROCKEN SHAMPOO,
4680012390113,1,skincare,shaving,True,Shaving cream,
3700281702774,1,skincare,face wash,True,face wash,
8809568743938,1,haircare,shampoo,True,Shampoo,
9000100663410,1,haircare,shampoo,True,Ultimate reapair strenght shampoo,
5901887036388,1,skincare,hand cream,True,ziaja hand cream,
6932874125364,2,skincare,essence,True,vibrant glamour essence liquid,
3760100682694,3,skincare,lait corps,True,Lait corps argan Evoluderm,
4001638526708,1,skincare,body butter,True,Weleda Skin food body butter,
8809598453661,1,skincare,cleanser,True,salicylic acid daily gentle cleanser,
5060120167620,6,haircare,shampoo,True,Restoring clay shampoo,
0764302204213,5,haircare,leave-in,True,daily hydration leave-in treatment,
7290011521806,1,haircare,shampoo,True,Shampoo hidratante,
3600540044921,2,skincare,serum,True,ciracle pore serum,
3600531411152,1,makeup,lipstick,True,Maybelline superstay matte lipstick,
4010355507280,3,skincare,serum,True,Rough Nature Bartserum,
0820645226050,2,haircare,hair oil,True,Black Vanilla Hair Oil-Amazon,
8904256002479,2,skincare,body lotion,True,Nivea Body Lotion,
0602989879747,3,makeup,eyeshadow,True,Return of The Jet Eyeshadows: Book 4,
0852200005008,1,skincare,face wash,True,face wash,
3264680023323,1,skincare,serum,True,super serum,
0682353010211,1,makeup,lip liner,True,eye & lip liner pincle,
4032061211831,1,skincare,body butter,True,Relaxing Body Butter,
6971710950746,2,skincare,body lotion,True,rose body lotion,
3567730300161,1,haircare,shampoo,True,Shampooing spécifique bio capilargil,
4792081019762,1,skincare,body lotion,True,vaseline body lotion,
3600523330034,1,skincare,micellar,True,Micellar water,
91158985,2,haircare,shampoo,True,shampoo,
3596200062117,4,skincare,lait corps,True,Skin Food Lait Corps,
4260365850566,1,skincare,body lotion,True,Coconu Body Lotion,
6151013000205,5,haircare,hair cream,True,Beautiful you miracle hair cream,
6412600835083,1,skincare,serum,True,Overnight care LASH & EYEBROW SERUM,
3474636857845,1,haircare,shampoo,True,shampoo,
6412600834659,5,makeup,foundation,True,BLUR 16H LONGWEAR FOUNDATION,
3661163405865,1,skincare,deodorant,True,Natural Vitality Perfumed Deodorant Spray,
5059605477538,3,haircare,conditioner,True,Aloë Vera Conditioner Bar,
7791001009668,2,haircare,shampoo,True,"Champú con extracto de oliva, Eco certificado, Bio amigable",Shampoo
8714100917541,1,haircare,shampoo,True,Shampoo,
3700593603936,1,skincare,savon,True,Persavon lessive 0%,
8720354199138,1,skincare,shower gel,True,Peach shower gel,
4056489424147,2,haircare,shampoo,True,Anti Dandruff Shampoo,
3612622861333,3,haircare,shampoo,True,Shampoo Ultra Suave Água de Coco,
5701058006048,1,skincare,body lotion,True,Body Lotion Wild Lemongrass,
8712561036276,2,haircare,shampoo,True,Dove shampoo,
0877917005295,2,skincare,serum,True,Serum Eclaircissant,
3355313146530,1,haircare,shampoo,True,shampoo ma Provence argile verte,
3596200062063,2,skincare,lait corps,True,Lait corps hydration,
4015000718479,1,skincare,deodorant,True,bac Deodorant Classic Men,
8710447365724,1,haircare,shampoo,True,Droogshampoo,
6221155062345,2,haircare,shampoo,True,Honey Anti-Breakage Shampoo,
7640163065473,1,skincare,liquid soap,True,Hand Nourishing Liquid Soap,
5037378010220,2,skincare,cleanser,True,gental skin cleanser,
3614226150356,1,makeup,concealer,True,Concealer,
3600523902026,2,skincare,serum,True,Frizz killer serum,
8904035417487,2,skincare,lip balm,True,joy lip balm,
8906028061196,1,makeup,eyeliner,True,Eyeliner,
3010351753064,1,skincare,savon,True,savon surgras,
6264707004578,1,skincare,booster,True,age control booster,
8718537746453,1,skincare,hand cream,True,Sensitive hand cream,
6903072375486,1,makeup,lipstick,True,lipstick,
6955545460854,2,makeup,blush,True,Blush Kit,
4005900098313,2,skincare,body lotion,True,body lotion,
5998889508432,2,haircare,shampoo,True,Kallos Keratin Shampoo,
3282770148282,1,haircare,shampoo,True,shampooing dermo-protecteur extra-doux,
8021983812680,2,haircare,shampoo,True,Fisio Shampoo,
8710447334621,1,skincare,micellar,True,sensitieve skin micellar water,
5060176675148,2,haircare,shampoo,True,Organic virgin coconut oil shampoo,
8057968992214,2,haircare,shampoo,True,shampoo,
90014128,1,haircare,shampoo,True,Shampooing  végan lait de coco cheveux secs,
05886409,1,skincare,antiperspirant,True,Fruity Melon Fresh Infusions Invisible Antiperspirant,
0012044389812,1,skincare,deodorant,True,Timber Deodorant,
0037000789307,1,skincare,deodorant,True,Wilderness Deodorant with Lavender,
0792850157002,1,skincare,lip balm,True,Pomegranate Moisturizing Lip Balm,
6928001839969,1,skincare,essence,True,blossom essence,
0056599671961,1,makeup,makeup remover,True,Gentle Makeup Remover Pads for Sensitive Eyes,
3700256376665,1,skincare,booster,True,Booster with collagen,
0057800814214,1,makeup,nail polish,True,Nourishing Nail Polish Remover,
0884486453358,1,haircare,shampoo,True,redken extreme shampoo,
8809547410196,2,skincare,sunscreen,True,Sunscreen lotion,
4800888223104,1,skincare,cleanser,True,ponds hydrating jelly cleanser,
4059729192189,3,makeup,loose powder,True,Glow Illusion Loose Powder translucent radiance,
3600542418775,1,haircare,shampoo,True,Shampooing démélant,
3563210022523,2,haircare,shampoo,True,Shampooing douche aloé vera bio,
8006540498576,3,haircare,conditioner,True,REPAIR Argan oil vegan conditioner,
8006540497067,8,haircare,shampoo,True,Purify & Hydrate Silicone Free Shampoo,
0750007492185,1,skincare,deodorant,True,deodorant,
8713745109960,2,makeup,eyebrow,True,Eyebrow pencil,
3660005919485,1,makeup,fond de teint,True,Fond de teint perfection Yves rocher Zero defaut,
0810029313957,3,haircare,conditioner,True,Pro-Growth Castor conditioner,
01217285,2,skincare,deodorant,True,old spice fresh deodorant,
8809470122043,2,skincare,ampoule,True,N.M.F AQUARING AMPOULE MASK EX.,
7891033926329,2,makeup,mascara,True,MASCARA ACELERA O CRESCIMENTO,
0022796672001,1,haircare,shampoo,True,Shampoo purifying+ charcoal detox,
0022796972217,3,haircare,conditioner,True,Damage remedy Coconut oil conditioner,
3760099591496,1,skincare,savon,True,Cadum Savon Doux,
8809035140956,1,haircare,hair wax,True,Python Therapy Mart Hair Wax,
8717644384329,1,haircare,shampoo,True,Shampoo Sunsilk Aloe Vera tutti i capelli,
4005900418135,4,skincare,body lotion,True,Body Lotion,
0079400017437,1,skincare,deodorant,True,Sexy Intrigue Invisible Solid Antiperspirant & Deodorant Stick,
3468080082007,7,skincare,savon,True,Savon Surgras extra-doux bio,
7613312377468,2,skincare,mousse à raser,True,Mousse à raser,
4028841133240,2,haircare,shampoo,True,Après-shampooing au Jojoba,
4041700398406,2,makeup,mascara,True,mascara,
3600523329847,3,skincare,micellar,True,Micellar Water,
7798177225557,2,skincare,serum,True,Hyaluronic 4D serum,
0071164371282,1,haircare,shampoo,True,Coconut dry shampoo,
0309970107925,4,makeup,foundation,True,Colorstay Full Cover Foundation,
0079400122681,3,skincare,deodorant,True,Deodorant Extra Fresh,
5060176671560,1,skincare,deodorant,True,Deodorant,
0065743085417,1,haircare,shampoo,True,Hypoallergenic Shampoo,
13958830,1,haircare,shampoo,True,12 reasons shampoo,
8050046480061,1,haircare,shampoo,True,Renovase shampoo,
0065743085080,4,haircare,shampoo,True,Shampoo 2in1 kiwi and avocado,
3600542389204,4,haircare,shampoo,True,Fructis shampoo (watermelon),
03622612,1,haircare,shampoo,True,extra ordinary onion shampoo,
0814655020388,1,skincare,face mask,True,Collagen face mask,
8432583831382,1,skincare,savon,True,Savon,
6052415002012,1,haircare,pomade,True,bergamote pomade,
4066447110548,1,skincare,body lotion,True,Leichte Body Lotion,
7702277869658,1,haircare,shampoo,True,Ultra Nutrit Shampoo Restaura Max,
3245678671139,11,skincare,savon,True,Savon doux à l'huile d'olive,Savon doux à l'huile d'olive
4058172921087,1,haircare,shampoo,True,Shampoo,
4025089075202,1,haircare,shampoo,True,Family repair shampoo,
3605054557707,2,makeup,gloss,True,l'oreal Paris casting creme gloss conditionner,
3522930003823,2,skincare,gel douche,True,thé des vignes gel douche,
7501026006609,2,skincare,savon,True,Savon de coiffeuse à la rose,
7506267923791,1,skincare,savon,True,Savon liquide pour les mains à la mangues,
6001087012768,2,skincare,toner,True,Flawless radiance refreshing toner,
6971764151083,1,haircare,hair wax,True,Hair wax,
8809738316511,1,skincare,body lotion,True,Lavendar Hand and Body Lotion,
4103040392015,1,haircare,shampoo,True,SebaMed Every-Day Shampoo,
3600522230953,1,haircare,conditioner,True,Elvive Colour Protecting Conditioner,
3600520433424,1,haircare,shampoo,True,Elvive colour protect shampoo,
8717163924174,1,haircare,shampoo,True,Love Beauty and Planet Après-Shampooing Aurore Éclatante 400ml,Après-Shampooing
0061972002362,1,makeup,blush,True,CG cheekers blush,
0052800674875,2,haircare,shampoo,True,Shampoo,
6001087003537,1,haircare,shampoo,True,Organics shampoo,
60023834,2,skincare,deodorant,True,Men 48H Deodorant,
4021457619771,1,haircare,shampoo,True,Lavera Glanz Shampoo,
8720604312447,1,skincare,sheet mask,True,FACIAL SHEET MASK,
8022297064253,1,haircare,shampoo,True,shampoo,
8961014003284,1,haircare,shampoo,True,Shampoo,
3494800017363,1,skincare,body lotion,True,body lotion,
8690239035168,1,makeup,nail polish,True,Nail polish remover,
5901887023111,2,skincare,body lotion,True,Cocoa Butter Body Lotion,
3549620008388,1,haircare,shampoo,True,Shampooing karité,
8717163648667,3,skincare,shower gel,True,Ice chill shower gel,
8710908657092,1,skincare,bar soap,True,Dove baby bar soap,
11046240,1,skincare,body lotion,True,Moisture blend body lotion,
4806520632099,1,skincare,cleanser,True,Marine caviar facial cleanser,
8690131100490,1,skincare,hand cream,True,hand cream farmasi naturelle sea therapy,
3859892751197,1,skincare,hand cream,True,oliva hand creame with lavander,
3574660527452,1,skincare,body lotion,True,Deep Moisture Body Lotion,
7898582394128,3,haircare,shampoo,True,Génoma ortho reconstruction shampoo,
3286010064615,2,haircare,shampoo,True,Shampooing Anti-pelliculaire,
3264680023279,2,skincare,nettoyant,True,Poudre de noyaux - masque nettoyant,
5017634005979,1,haircare,conditioner,True,John Frieda FRIZZease Dream Curls Conditioner,
0058738999394,1,skincare,nettoyant,True,Lingettes nettoyantes,
4010355306494,1,haircare,shampoo,True,Nutri-Care Shampoo Bio Mandel,
3600522713203,1,haircare,shampoo,True,"Elvive, extraordinary oil shampoo",
4084500910119,1,haircare,shampoo,True,Golden Raspberry and Mint Shampoo,
0022796170514,1,haircare,shampoo,True,Nourish & moisture   coconut milk shampoo,
8003510028191,1,haircare,shampoo,True,bagno doccia shampoo al tè verde,
20250904,2,haircare,shampoo,True,cien shampoo pro vitamin,
5601182015001,2,haircare,shampoo,True,Shampoo,
5011321595200,1,haircare,shampoo,True,Shampoo,
7891150062788,1,haircare,shampoo,True,Shampoo ritual de crecimiento,
0056100020561,1,haircare,shampoo,True,Head and Shoulders Classic Clean Shampoo,
0883484002476,3,haircare,shampoo,True,Pert Shampoo and conditioner,
0022400525761,5,haircare,shampoo,True,Tresemme Shampoo coconut milk and aloe vera,
7804920018779,1,haircare,shampoo,True,Shampoo ballerina,
7501022103173,1,haircare,shampoo,True,baby shampoo,
7610067472073,1,haircare,shampoo,True,Shampoo care,
3600523597468,1,haircare,shampoo,True,Elvive Dream Lengths Restoring Shampoo,
0079400313416,1,haircare,shampoo,True,Dove Shampoo,
0065743085684,1,haircare,shampoo,True,Argan Oil Therapy Shampoo,
8436533671004,1,haircare,shampoo,True,India shampoo,
4902430267724,1,haircare,shampoo,True,Shampoo,
3600542040037,3,haircare,shampoo,True,Shampoo,
0079400470799,1,haircare,shampoo,True,Shampoo,
8719281041313,1,haircare,shampoo,True,Shampoo,
4045612007630,1,haircare,shampoo,True,Festes Shampoo,
0022796940919,1,haircare,shampoo,True,Nourishing coconut milk shampoo,
400246592473000799,1,haircare,shampoo,True,Hemp Castor Oil Shampoo,
7709990584561,1,haircare,shampoo,True,Shampoo Hidratante Coco,
6937854918035,1,haircare,shampoo,True,shampoo Vrizz,
7899572810826,1,haircare,shampoo,True,Shampoo Chá Latte,
4800888169693,1,haircare,shampoo,True,Sunsilk shampoo,
8033331430019,1,haircare,shampoo,True,Liperol Olio shampoo,
0079400478863,2,skincare,body wash,True,"Suave kids 3 in 1 Shampoo, Conditioner, Body Wash",
6171575941020,1,haircare,shampoo,True,zenential solid shampoo,
9348159000276,1,haircare,shampoo,True,Petway skin care shampoo,
0671570001645,1,haircare,shampoo,True,Aquage Smoothing Shampoo,
0713708451042,2,haircare,shampoo,True,smooth operator shampoo,
4056489586852,1,skincare,shower gel,True,shower gel coconut,
4056489586845,3,skincare,shower gel,True,Shower Gel Melon for a bright Star yo tour day Marca Cien,
8720143126109,1,skincare,lip balm,True,101 Dalmatians Lip Balm Strawberry Scent,
0017000046211,2,skincare,face wash,True,Dial mens body and hair and face wash,
6133630000530,1,skincare,savon,True,Savon Liquide Main Amir,
0071249214817,1,makeup,fond de teint,True,fond de teint,
0035000996312,1,skincare,deodorant,True,"Speed Stick Zero Deodorant for Men, Fresh Woods",
4610082710894,1,skincare,hand cream,True,Hand cream ?8B0B5,
3245678090480,4,skincare,lait corps,True,Lait corps hydratant nourrissant,Lait corps hydratant nourrissant
8480000226327,5,skincare,serum,True,Serum oil Curl Perfect,
0810020173697,1,skincare,body lotion,True,SPF 50+ Body Lotion,
8006540438794,1,skincare,micellar,True,micellar purify & nourish,
7441115001408,1,haircare,shampoo,True,h5 ZERO Shampoo,
22307101,1,skincare,antiperspirant,True,antiperspirant magnolia,
0829576999873,2,makeup,nail polish,True,nail polish remover,
5057566076609,1,makeup,primer,True,primer,
8714100016961,1,skincare,gel douche,True,AXE Gel Douche Homme Provocation Lot 6 X 400ML(dont 2 offerts),Gel Douche Homme
3700538600501,1,skincare,savon,True,savon,
7331162255100,1,haircare,shampoo,True,shampoo dandruff treatment,
4005900910226,1,haircare,shampoo,True,Haarmilch Shampoo,
7502260490544,1,haircare,shampoo,True,Mora azul shampoo matizador,
5765228835807,5,haircare,shampoo,True,Shampoo no perfume,
4008890006429,1,haircare,shampoo,True,ANTI SCHUPPEN SHAMPOO,
0041220963522,1,skincare,body lotion,True,lavender & vanilla body lotion,
5000174149944,1,haircare,shampoo,True,Shampoo,
4250947564226,2,makeup,blush,True,mosaic blush,
4005900709394,1,haircare,shampoo,True,Shampoo,
4015100213324,1,haircare,shampoo,True,Shampoo,
5000174244823,1,skincare,antiperspirant,True,Antiperspirant cream stick,
3701154700941,2,skincare,deodorant,True,Deodorant protection 12h,
4305615808901,1,haircare,shampoo,True,Nutricare Shampoo,
3770015082007,1,haircare,shampoo,True,Shampooing Solide au Ricin,
7640163065589,1,haircare,shampoo,True,Prija shampoo,
8001841590943,1,haircare,shampoo,True,Pantine shampoo 190ml,
3600523540730,3,haircare,shampoo,True,total repair 5 low shampoo,
8711661000576,1,makeup,nail polish,True,Caring nail polish remover,
0079400716019,1,haircare,shampoo,True,Dove shampoo,
0079400866608,1,haircare,shampoo,True,Dove ultra care shampoo,
6221155058522,4,haircare,shampoo,True,shampoo,
0079400649492,1,haircare,shampoo,True,dove shampoo,
0022796916792,2,haircare,shampoo,True,thick & full biotin & collagen shampoo,
5765228837474,1,haircare,shampoo,True,Shampoo rosemary,
2200269415098,1,haircare,shampoo,True,Shampoo,
0022400528434,1,haircare,shampoo,True,Tresemme shampoo collagen,
0071164303160,1,haircare,shampoo,True,Argan oil repairing shampoo,
0022796180711,1,haircare,shampoo,True,"Maui moisture shampoo
Maui moisture shampoo",
5201279049669,3,haircare,shampoo,True,Oily dandruff shampoo,
4021457605033,1,haircare,shampoo,True,Lavera Apfel Shampoo,
7501199418360,1,haircare,shampoo,True,Shampoo Pert,
37510001,1,skincare,body lotion,True,Hand & Body Lotion,
60203345,1,skincare,cleanser,True,Facial Cleanser,
8720289261115,1,skincare,hand cream,True,YOU'RE A GODDES - HAND CREAM,
8058664129386,1,skincare,shower gel,True,Bath and shower gel Baby Moments Kids,
8009518324983,1,makeup,lipstick,True,LIPSTICK LINER,
4305615700984,3,makeup,nail polish,True,Nail polish remover,
4260602120223,1,haircare,conditioner,True,repair conditioner,
8999999549305,1,skincare,serum,True,Vaseline Super Food Skin Serum,
8710522495858,1,skincare,gel douche,True,"Love Beauty And Planet Coffret Shampooing, Gel douche, Masque en Tissu Beurre de Muru Muru et Rose x1","Coffret Shampooing, Gel douche, Masque Tissu"
4015100719130,1,haircare,shampoo,True,Silbershampoo,
3574661680996,5,skincare,savon,True,Savons soin surgras huile d'amande douce,2 savons soin surgras huile d'amande douce
8809738310960,1,skincare,essence,True,ginseng essence water,
6414505158083,5,skincare,body cream,True,Lv Oat Rich Body cream,
8058664129126,3,skincare,body lotion,True,Body Lotion,
3600542462143,2,haircare,shampoo,True,Creme-Shampoo Argan Mandelcreme,
4060390602983,1,skincare,hand cream,True,Rose bud hand cream,
8002340013230,1,skincare,shaving,True,Noxzema Schiuma da barba (burro di cacao) Shaving Cream Cocoa butter,
0037000680994,5,skincare,deodorant,True,Deodorant,
8436097095537,1,haircare,shampoo,True,Après-shampooing coco,
8058647641584,1,haircare,shampoo,True,shampoo antiforfora,
8411126066429,1,haircare,shampoo,True,Shampooing,
8906105611962,1,skincare,body lotion,True,body lotions Himalayan rose wow skin science,
4058172951244,1,makeup,nail polish,True,easy & speed Nail polish 200,
3600551100760,1,skincare,lait corps,True,lait corps nourissant,
3298651716945,2,skincare,savon,True,savon à l'huile d'olive Santal,
7898430170423,2,makeup,mascara,True,mascara,
4005808232529,1,skincare,body lotion,True,Nivea Irresistibly Smooth Body Lotion Moisturiser + Shea Butter 400mL,
4005808237487,2,skincare,body lotion,True,Nivea Body Lotion 400ml,
0045929696507,1,skincare,deodorant,True,Cocopits deodorant,
8904035417111,1,skincare,sunblock,True,Joy Hello Sun sunblock & anti-tan loyion,
8006540739136,1,haircare,shampoo,True,Shampoo,
8693495033497,1,skincare,savon,True,Savon Lavender & Chamomille,
4800888210470,1,skincare,serum,True,Rexona serum sakura,
9556126668248,1,skincare,serum,True,Rexona dry serum,
4800888210401,1,skincare,serum,True,Dove Serum pink,
4800888210395,1,skincare,serum,True,Dove serum blue,
4005808867202,1,skincare,toner,True,Nivea extra white toner,
4005800314520,1,skincare,serum,True,Extrawhite serum lotion,
4005900196156,1,skincare,body lotion,True,Nivea body lotion,
9316542120412,1,makeup,primer,True,Natio Ageless Illuminating Primer,
3245678159989,3,skincare,nettoyant,True,Nettoyant salle de bain anticalcaire 500ml,Nettoyant salle de bain anticalcaire 500ml
3701159001852,1,skincare,savon,True,Balia / savon huile olive,
3380810205190,1,skincare,cleanser,True,Gentle Foaming Cleanser (with cottonseed),
3245678562215,3,skincare,gel douche,True,Gel douche gourmand à la guimauve,Gel douche gourmand à la guimauve
3245678562246,3,skincare,gel douche,True,Gel douche gourmand au tendre caramel,Gel douche gourmand au tendre caramel
3245678562307,2,skincare,gel douche,True,GEL DOUCHE ET BAIN A LA MÛRE SAUVAGE et A LA GRENADE,GEL DOUCHE ET BAIN A LA MÛRE SAUVAGE et A LA GRENADE
3245678562338,1,skincare,shower gel,True,Shampoo bath and shower gel 3 in 1 monoï,Shampoo bath and shower gel 3 in 1 monoï
3245678562512,3,skincare,gel douche,True,Gel douche et bain Cerise et Jasmin,Gel douche et bain Cerise et Jasmin
4005900209726,1,skincare,lait corps,True,Nivea Body milk  Lait corps,
4005900444554,2,skincare,body lotion,True,Express Hydration body lotion,
4005900499257,1,skincare,micellar,True,micellar,
3061376202983,1,haircare,shampoo,True,Gernier shampoo,
8022297064932,2,haircare,shampoo,True,Semi Dilino Illuminating Low Shampoo (Diamond - Normal Hair),
4056489234708,2,skincare,body lotion,True,Cien lightweight body lotion,
3245678068014,6,skincare,gel douche,True,Gel douche shampooing à l'amande douce bio,Gel douche shampooing à l'amande douce bio
8714100512043,1,haircare,shampoo,True,Dove Après Shampoing Strengthening,Apres-shampooing
3245678033098,2,skincare,gel douche,True,Cosmia - gel douche et bain lait - à l'avoine - 750 ml,Cosmia - gel douche et bain lait - à l'avoine - 750 ml
3245678106518,7,skincare,gel douche,True,Gel douche a l'eau de coco,Gel douche a l'eau de coco
3245678044490,2,skincare,gel douche,True,Cosmia gel douche et bain lait hydratant a la noix de coco,Cosmia gel douche et bain lait hydratant a la noix de coco
3245678075890,3,skincare,gel douche,True,Cosmia - gel douche et bain - instant mystérieux - 750ml,Cosmia - gel douche et bain - instant mystérieux - 750ml
3245678075883,3,skincare,gel douche,True,Gel douche et bain INSTANT VOLUPTUEUX,Gel douche et bain INSTANT VOLUPTUEUX
3245678044384,1,skincare,gel douche,True,Cosmia gel douche lait hydratant a la vanille,Cosmia gel douche lait hydratant a la vanille
3245678044360,2,skincare,gel douche,True,Cosmia gel douche lait hydratant a l'amande douce,Cosmia gel douche lait hydratant a l'amande douce
3245678044469,2,skincare,gel douche,True,Cosmia gel douche et bain lait hydratant a la vanille,Cosmia gel douche et bain lait hydratant a la vanille
3245678044445,1,skincare,gel douche,True,Cosmia gel douche et bain lait hydratant a l'amande douce,Cosmia gel douche et bain lait hydratant a l'amande douce
3245678044414,2,skincare,gel douche,True,Cosmia gel douche lait hydratant a la noix de coco,Cosmia gel douche lait hydratant a la noix de coco
3245678044377,1,skincare,gel douche,True,Cosmia gel douche lait hydratant a la peche,Cosmia gel douche lait hydratant a la peche
3245678042175,7,skincare,gel douche,True,Cosmia bio gel douche relaxant amande douce,Cosmia bio gel douche relaxant amande douce
3245677725345,5,skincare,gel douche,True,Cosmia bio gel douche tonifiant citron verveine,Cosmia bio gel douche tonifiant citron verveine
3245678069202,2,skincare,gel douche,True,Gel douche soin,Gel douche soin
8710522467749,1,skincare,gel douche,True,Dove Gel Douche Mousse Douceur Gourmande Lot,Gel Douche Mousse
3564700743461,7,haircare,shampoo,True,Natïis Après shampooing extra doux huile d'argan camélia,
3140100394344,1,haircare,shampoo,True,Shampooing anti pelliculaire aux tea tree et dandrilys,
3760162121667,1,haircare,shampoo,True,shampooing solide,
3178041351164,2,haircare,shampoo,True,Shampooing solude RÉPARATION,
41508282,1,haircare,shampoo,True,shampooing solide N. A. E bio,
3178041351188,1,haircare,shampoo,True,Shampooing solide nutrition,
3245677725352,6,skincare,deodorant,True,Deodorant doux bio hibiscus,Deodorant doux bio hibiscus
3245678622841,2,haircare,laque,True,COSMIA - LAQUE À LA PROVITAMINE B5 ET VITAMINE PP - FORCE et BRILLANCE - 300ML/ VOLUME NOMINAL405ML ?,COSMIA - LAQUE À LA PROVITAMINE B5 ET VITAMINE PP - FORCE et BRILLANCE - 300ML/ VOLUME NOMINAL405ML ?
3298656600799,1,skincare,savon,True,savon de Marseille en tranches,
3245678671245,1,skincare,savon,True,Savon doux à l'extrait de fleur de jasmin,Savon doux à l'extrait de fleur de jasmin
3596710514458,2,skincare,savon,True,Boite porte savon solide,Boite porte savon solide
3596710520114,1,skincare,savon,True,Capsules 2 en 1 au savon de Marseille,Capsules 2 en 1 au savon de Marseille
3245678042151,1,skincare,savon,True,Cosmia bio,Bio savon liquide mains a l'amande douce bio
3701436910037,1,skincare,savon,True,savon bienfaisant,
3245678671214,2,skincare,savon,True,Savon doux à l'huile d'amande douce,Savon doux à l'huile d'amande douce
6132154700193,1,skincare,savon,True,savon mains,
3245678671184,2,skincare,savon,True,Savon doux au beurre de karité,Savon doux au beurre de karité
3245678671207,10,skincare,savon,True,savon de Marseille brut,savon de Marseille brut
3245678075876,1,skincare,shower gel,True,Shower gel mysterious time,Shower gel mysterious time
3245678691496,4,skincare,nettoyant,True,Lingettes nettoyantes à l'huile d'olive,Lingettes nettoyantes à l'huile d'olive
3245678691489,1,skincare,nettoyant,True,Lingettes nettoyantes à l'aloe vera bio,Lingettes nettoyantes à l'aloe vera bio
8436097094134,1,skincare,nettoyant,True,lingeries nettoyantes,
3245678709085,2,skincare,nettoyant,True,Lingettes nettoyantes,Lingettes nettoyantes
3222472863427,1,skincare,savon,True,gel l'avant savon de Marseille feuilles d olive,
0712221734328,1,skincare,savon,True,Savon argan bio,
3010351760123,1,skincare,savon,True,savon bébé,
3564706621169,2,skincare,savon,True,copeaux de savon de marseille,
3660050015408,1,skincare,savon,True,savon certifié au lait de chèvre bio,
3489940081169,2,skincare,savon,True,"savon liquide, certifié bio",
3010351750421,1,skincare,savon,True,savon,
3770010742067,1,skincare,savon,True,savon api,
3700599202744,1,skincare,savon,True,Savon extra doux,
8710908719615,1,skincare,savon,True,Dove Savon Pain de Toilette Soin et Huile Surgras 2x100g Lot de 3,Savon Pain de Toilette
20168797,4,skincare,savon,True,Savon de Marseille amande,
5712873282302,1,skincare,shaving,True,"Shaving Gel, Sensitive, with Aloe Vera & Vitamin E",
0711381309339,1,skincare,hand soap,True,Stonewall Kitchen - Herbes de Provence Hand Soap 16.9 oz,
3614224874407,1,makeup,vernis à ongles,True,Vernis à ongles Red Carpet,
2100003054517,1,makeup,vernis à ongles,True,Vernis à ongles lait,
3245678671283,3,skincare,savon,True,Savon,Savon
3245678704394,1,skincare,nettoyant,True,Cosmia b - eau nettoyante - à l'huile d'amande douce - bébé - 250ml,Cosmia b - eau nettoyante - à l'huile d'amande douce - bébé - 250ml
3660005104607,2,skincare,lait corps,True,Lait Corps Énergisant Framboise Menthe Poivrée,
7110534393127,1,skincare,savon,True,savon surgras karité- avocat,
8004608242666,1,skincare,serum,True,Minu/hair serum,
8006540097144,1,haircare,conditioner,True,coconut milk conditioner,
4058172926204,2,haircare,shampoo,True,Natural Beauty Shampoo,
0072151452991,1,skincare,clay mask,True,Clay Mask,
5010724526774,2,haircare,shampoo,True,Original Dry Shampoo,
5010724527375,2,makeup,blush,True,Dry Shampoo blush,
5010724527498,1,haircare,shampoo,True,Dry Shampoo,
5010724528105,1,haircare,shampoo,True,Batiste Dry Shampoo,
5010724532973,1,haircare,shampoo,True,dry shampoo,
5010724535950,1,haircare,shampoo,True,Batiste Dry Shampoo,
8025272627276,1,makeup,mascara,True,mascara violet,
8901012116913,1,haircare,shampoo,True,Johnson's no more tears baby shampoo,
5050456522460,1,skincare,shower gel,True,Endless Night shower gel,
4059729287359,1,makeup,foundation,True,Pretty natural foundation,
8809851670620,1,skincare,serum,True,ceremoist glow lip serum,
10727946,1,skincare,lip balm,True,Apollo Lip Balm,
01897166,1,makeup,nail polish,True,acetone free nail polish remover,
5045091726632,3,skincare,eye cream,True,Boots No7 Men - Protect & Perfect Intense Advanced Eye Cream,
93035184,4,skincare,sunscreen,True,Sunscreen Lotion,
0017000068152,1,skincare,deodorant,True,Deodorant,
5000169618813,1,haircare,shampoo,True,Anti Dandruff 2 - in 1 Shampoo and Conditioner,
4063528009708,2,haircare,shampoo,True,Festes Shampoo für trockenes Haar,
5060453457139,1,skincare,sunscreen,True,sunscreen whitening and vanishing,
5060144647726,1,skincare,deodorant,True,Natural Deodorant Skincare,
5060528326964,1,haircare,shampoo,True,happy naturals curl defining shampoo,
4005900917829,1,haircare,shampoo,True,Shampoo Classic mild,
96190807,2,haircare,pomade,True,Clay Pomade,
6928820029558,1,skincare,micellar,True,Garnier Micellar,
8710198369453,1,skincare,face wash,True,Gentle Face Wash,
4260602120872,1,skincare,body wash,True,hand & body wash Rosemary/Rosemary Duft,
4011700435074,1,haircare,shampoo,True,TABAC'S original bartshampoo & conditioner,
0877917000214,1,skincare,savon,True,FAIR & WHITE SAVON,
4025089084914,1,haircare,shampoo,True,Shampoo,
4063528001412,1,haircare,shampoo,True,Shampoo Bar,
8001120704504,1,haircare,shampoo,True,shampoo antiforfora,
0859475006075,2,skincare,deodorant,True,Life doesn’t stink Deodorant Unscented,
0859475006051,2,skincare,deodorant,True,Life Doesn’t Stink Deodorant Tangerine Spice,
5050456522293,1,skincare,shower gel,True,"Playboy New York, Shower Gel & Shampoo",
3327520005054,1,makeup,gloss,True,actigloss,
2006050164141,1,haircare,shampoo,True,Shampooing,
8901012116944,1,haircare,shampoo,True,Johanson baby shampoo,
4005900909428,1,haircare,shampoo,True,Sensitive Power - Shampoo,
7331121404150,1,skincare,hand soap,True,Silky Vanilla - Hand Soap,
8008970048703,2,haircare,shampoo,True,Wash and Go Shampoo and Conditioner,
8720181336188,1,skincare,shower gel,True,Radox strawberry and rasberry shower gel,
3504105028183,1,skincare,nettoyant,True,mustela gel nettoyant,
4005808369867,1,skincare,lip balm,True,Nivea lip balm strawberry shine,
4005808182589,2,skincare,toner,True,nivea toner,
4005808236879,1,skincare,body lotion,True,Nivea body lotion,
3560071235963,1,skincare,nettoyant,True,Nettoyant M.S Savon de Marseille carrefour,
3760254813166,1,skincare,savon,True,Savon visage à l acide hyaluronique,
6111224000661,1,skincare,savon,True,Savon doux nature,
6132123400208,1,skincare,savon,True,savon liquide,
3461640094014,1,skincare,savon,True,Savon au miel,
0630500663360,1,skincare,savon,True,Savon à vaiselle Coriandre et Lime,
5400141411256,1,skincare,savon,True,Savon pour les mains,
3560071073725,1,skincare,savon,True,savon délicat crème hydratante carrefour,
3560071423025,8,haircare,shampoo,True,Solid SHAMPOO cheveux normaux,
3468080081444,3,haircare,shampoo,True,Baby bio organic shampoo,
5012008733007,1,haircare,shampoo,True,shampoo,
3337875598774,1,skincare,cleanser,True,Foaming Cleanser,
8901030943355,1,haircare,conditioner,True,Dove intense repair conditioner,
2004060025063,5,skincare,serum,True,serum facial,
0033200005469,2,skincare,deodorant,True,Essentials with NATURAL DEODORIZERS JUNIPER BERRY DEODORANT,
6001067089827,1,haircare,shampoo,True,Palmolive apple shampoo,
4063367263378,1,skincare,body lotion,True,Med Body Lotion mit 15% Urea,
8901247573277,1,haircare,hair oil,True,vasmol black hair oil,
8901247573956,1,skincare,serum,True,Serum,
6902395482369,1,makeup,lipstick,True,"Maybelline lipstick 903, 657, 660",
8901526592326,1,skincare,face mask,True,Vitamin c face mask,
8906118412495,1,skincare,toner,True,Plum Alcohol Free and fragrance free green tea  toner,
07005800,1,haircare,shampoo,True,nioxin shampoo,
0793596799440,1,skincare,micellar,True,acqua micellare cleanup,
0079400448002,1,skincare,deodorant,True,dove deodorant,
0079400462770,1,haircare,shampoo,True,sauve tropical coconut shampoo,
0080878189229,1,haircare,shampoo,True,Pantene Shampoo,
7319861016888,1,haircare,shampoo,True,Shampoo. Dry scalp moisturising,
3600541126046,2,skincare,hand cream,True,7 day hand cream,
0665138000386,1,skincare,savon,True,savon vert pour les mains,
6130601006447,1,haircare,shampoo,True,shampooing,
8961014238150,1,haircare,shampoo,True,Shampoo,
0081555774806,2,makeup,lipstick,True,cream lipstick,
8993137685429,1,makeup,foundation,True,Foundation,
0812154031720,4,skincare,deodorant,True,native deodorant,
0078522090656,4,skincare,deodorant,True,jason calming lavinder deodorant,
3600523434596,1,skincare,body wash,True,Hydra Sensitive Body Wash,
3222475427664,2,skincare,lait corps,True,Lait corps nourrissant Ysiance,
8710447474419,1,skincare,face wash,True,Simple Purifying Face Wash,
4056489329770,2,haircare,shampoo,True,Shampoo vegan Aloe Vera,
0381371177301,1,haircare,shampoo,True,Johnson’s Baby Shampoo,Baby Shampoo
5060144643964,1,haircare,shampoo,True,Original Beard Shampoo & Conditioner,
0667535863816,1,skincare,body cream,True,Body Cream,
7630028603216,1,skincare,body lotion,True,Urea Body Lotion,
03920038,1,skincare,body lotion,True,dove body lotion,
0062600062925,1,skincare,body wash,True,Skin Relief Body Wash,
0072140026165,2,skincare,body wash,True,body wash,
0022796170811,1,haircare,shampoo,True,Hibiscus Shampoo,
4058172626159,1,haircare,shampoo,True,Shampoo Feuchtigkeit,
0708002400414,1,haircare,shampoo,True,Lavender and Geranium Shampoo,
4015100336825,1,haircare,shampoo,True,Syoss Shampoo,
8710908352188,1,haircare,shampoo,True,Men+Care Fortifying Shampoo Conditioner,
50398997,1,haircare,shampoo,True,Shampoo Luxurious Moisture,
4084500019195,6,skincare,deodorant,True,deodorant stick,
4084500124165,1,haircare,conditioner,True,Conditioner,
5711914175764,1,makeup,eyeshadow,True,"Mineral waterproof eyeshadow, vanilla highlight",
3614228413442,2,makeup,foundation,True,Always fabulous foundation,
5902082552833,1,makeup,bb cream,True,Aloe BB cream,
5902082553267,1,makeup,pressed powder,True,Aloe pressed powder,
3616303397173,1,makeup,foundation,True,Healthy mix foundation,
4059729308177,1,makeup,foundation,True,Stay all day 16h foundation,
5057566656931,1,makeup,pressed powder,True,Pressed powder,
4059729282026,1,makeup,foundation,True,True skin hydrating foundation,
5056369117175,1,makeup,concealer,True,Nice touch concealer,
3616302990146,1,makeup,foundation,True,"Kind & Free, foundation",
0800897123277,1,makeup,concealer,True,HD Photogenic Undereye Concealer Wand,
0800897157210,1,makeup,foundation,True,Can't Stop Won't Stop 24Hr Full Coverage Matte Finish Foundation,
0800897157395,1,makeup,foundation,True,full coverage foundation,
4059729382863,3,skincare,essence,True,"STUFF! HELLO, GOOD essence PORE MINIMIZING SER",
4059729340900,1,skincare,booster,True,Beauty booster,
4059729340917,1,skincare,booster,True,Beauty Booster Collagen drink,
4059729277404,1,makeup,nail polish,True,Catrice More than Nude nail polish,
4059729195715,1,makeup,nail polish,True,Shine Last & Go Gel Nail Polish 46 Black Is Back,
4059729271808,1,makeup,primer,True,Jelly primer,
4059729208675,1,makeup,eyeshadow,True,Eyeshadow 09 morning glory,
4059729233301,1,makeup,lipstick,True,Crystal power lipstick,
3616302735617,2,skincare,cleanser,True,Hydrating cream cleanser,
5057566295468,1,skincare,toner,True,Revolution Prevent Blemish Targeting Toner,
5057566229593,1,makeup,nail polish,True,High gloss nail polish,
5057566509688,1,skincare,eye cream,True,Miracle Eye Cream,
5057566328814,1,skincare,cleanser,True,Salicylic Acid Daily Facial Cleanser,
5057566654487,1,makeup,lip gloss,True,Chocolate Swirl Lip Gloss Vanilla Gelato,
4056489498896,2,skincare,serum,True,Cellintense face serum,
5028197957780,1,skincare,cleanser,True,Guarana and Coffee Energising Cleanser for Men,
5055586605298,2,haircare,shampoo,True,Kukui oil shampoo,
8901030841439,3,skincare,body lotion,True,Vaseline body lotion,
8904330602199,2,haircare,hair wax,True,Hair wax,
0856017000010,1,haircare,shampoo,True,CANTU S/B MOIST SHAMPOO 400Ml,
0302993921820,1,skincare,cleanser,True,Gentle Skin Cleanser,
5055402978780,1,makeup,primer,True,Pro Base Hyaluronic Acid jelly primer,
5060242152290,2,skincare,face mask,True,face mask,
6914371210576,1,makeup,bronzer,True,Highlighter and Bronzer,
4056489458340,2,skincare,body lotion,True,Caring moments Body lotion w argan oil and peony,
0887167616844,2,makeup,lip liner,True,Double Wear 24h Stay-in-Place Lip Liner,
8699296625923,1,haircare,shampoo,True,Shampooing,
8998866108492,2,makeup,loose powder,True,AZZURA Loose Powder resh Look light beigi 01,
8410935055631,1,skincare,cleanser,True,Creamy jelly cleanser,
5045098694521,1,skincare,face mask,True,Tea Tree And Witch Hazel Peel Off Face Mask,
5098928123319,1,haircare,shampoo,True,Elave Shampoo,
8717953245434,2,skincare,sunscreen,True,Dermatologist Sunscreen SPF 50,
3600523733088,2,haircare,hair oil,True,Elvital Trockenes Haar,Hair oil for tangled hair
3600523881611,1,skincare,body wash,True,Total Clean Total Action 5 In 1 Body Wash,
3600523967834,1,skincare,ampoule,True,Collagen Ampoules,
3600522230557,1,haircare,conditioner,True,Elvive Triple Resist X3 Conditioner,
3600524025502,1,skincare,serum,True,L'Oréal Paris Revitalift Filler Oogserum,
3600523582259,1,skincare,deodorant,True,Stress Resist Deodorant,
3600523074228,1,makeup,primer,True,Primer Infaillible,
3600523232529,1,skincare,shower gel,True,Hydra Energetic Shower gel,
3600520984001,2,makeup,gloss,True,Casting crème gloss 834,
3600522634133,1,skincare,antiperspirant,True,Men Expert antiperspirant,
3600523557325,3,skincare,serum,True,"Stylista, the sleek serum",
3600541970533,1,haircare,shampoo,True,garnier shampoo,
3600541744516,2,skincare,micellar,True,micellar water,
3600541887602,1,haircare,shampoo,True,Shampoo wahre Schätze,
3600542462150,1,haircare,conditioner,True,Wahre Schätze Honig Schätze Spullung,Conditioner
0309977809013,2,makeup,eyeliner,True,Revlon eyeliner,
0752830779389,2,skincare,cleanser,True,Cleanser,
3596200062094,3,skincare,lait corps,True,Lait corps apaisant,
8718951433083,1,skincare,shower gel,True,Sanex Zeron % dry skin shower gel,
07802782,1,skincare,body cream,True,Superdrug Vitamin e intesive all over body cream,
8480000790590,1,makeup,bb cream,True,BB cream SPF30,
3433422406834,1,skincare,toner,True,Clarifying Toner,
3538394920217,1,haircare,shampoo,True,shampooing nutrition intense mirabelle de Lorraine,
8414227057679,2,skincare,savon,True,savon main,
8904035426649,1,skincare,face wash,True,ubtan face wash,
9310692415145,1,haircare,dandruff,True,anti dandruff scalp care,
4008233131573,1,skincare,body lotion,True,Body Lotion,
8718951389120,1,skincare,body wash,True,Body Wash,
8718951388468,1,skincare,shower gel,True,Biomeprotect Dermo Shower Gel,
8906105615045,1,skincare,body lotion,True,Body Lotion,
0717489950015,1,makeup,blush,True,Milani Rose Powder Blush,
7896044954989,1,haircare,shampoo,True,Shampoo Antirresíduos Lima-da-Pérsia,
7500435154222,1,haircare,shampoo,True,Shampoo Bambu Nutre e Cresce,
7891150050129,1,haircare,shampoo,True,Shampoo Dove Ritual de Reparação,
2200251559212,1,haircare,shampoo,True,Shampoo lang,
7640127416808,1,haircare,shampoo,True,Romulsin Shampoo Weizenkeim,
8698898444802,1,skincare,shower gel,True,BIOTOL HYGIENE SHOWER GEL,
6001374079306,1,skincare,body cream,True,BODY CREAM,
6001374079368,2,skincare,body cream,True,BODY CREAM,
6001374067105,1,skincare,body lotion,True,Play girl body lotion 400ml,
6001374079429,1,skincare,body cream,True,Play girl body cream 400ml,
3048841618272,1,skincare,face wash,True,King.C. Gillette beard & face wash,
0192598994271,3,skincare,body lotion,True,Lemon verbena scented body lotion,
8992304073458,1,skincare,shaving,True,PowerWhite shaving,
0022796172204,1,skincare,body wash,True,Extra Hydrating  Shea Butter Body Wash for Very Dry Skin 577ml,
4059729371874,1,makeup,primer,True,Redness reducer primer,
3614221187418,1,makeup,rouge à lèvres,True,Rouge à lèvres,
3607349610258,1,makeup,rouge à lèvres,True,Rouge à lèvres,
8936035203289,1,skincare,clay mask,True,Clay mask,
8017596115485,2,haircare,shampoo,True,Shampoo fior di magnolia,
8710908710773,3,skincare,micellar,True,Gel micellar wash,
3606000537194,1,skincare,cleanser,True,Foaming Facial Cleanser,
3606000534957,1,skincare,cleanser,True,Foaming Facial Cleanser,
3606000554832,2,skincare,sunscreen,True,CereVe hydrating sheer sunscreen,
3606000577138,1,skincare,cleanser,True,Acne Control Cleanser,
3606000471146,1,skincare,cleanser,True,Gentle Cleanser Cream,
8809301766170,1,skincare,essence,True,Ariul hand essence,
0718334221137,5,skincare,deodorant,True,Natural deodorant Lavender+sage,
6001087362757,1,skincare,body wash,True,radox body wash,
6001087362764,1,skincare,body wash,True,radox body wash,
6001087373784,2,skincare,body lotion,True,Legacy body lotion,
8017596122803,1,skincare,deodorant,True,Deodorante Spray Talco,
4025089079774,2,haircare,shampoo,True,Après shampooing,
8710908506321,1,haircare,shampoo,True,Pure shampooing,
8710447310601,1,skincare,body lotion,True,Dove body lotion,
3596710510979,3,skincare,nettoyant,True,Eau nettoyante visage et corps à l'extrait de calendula,Eau nettoyante visage et corps à l'extrait de calendula
5060406143843,1,makeup,foundation,True,HD foundation,
3256228934239,3,haircare,gel coiffant,True,Gel coiffant,
7896307304780,1,haircare,shampoo,True,Shampoo Vegano Vitaminado,
8059602240767,1,haircare,shampoo,True,Eloderma Shampoo - Capelli normali,Shampoo Eloderma per capelli normali (normal hair)
8000036024300,2,skincare,deodorant,True,Neutro Sensazioni Naturali Spray Fragranza Marina,Deodorante Spray Neutro Sensazioni Naturali Fragranza Marina Antimacchia Infasil
3251248047655,2,skincare,liquid soap,True,"Le Petit Marseillais - Traditional Pure Liquid Soap Pump, 300ml (10.6oz)",
4005808113460,1,skincare,body lotion,True,Nivea Body Lotion Express Hydration,
4005808274666,1,skincare,hand cream,True,attix hand cream,
4005808369928,1,skincare,lip balm,True,Nivea Hydrocare Lip Balm SPF 15 4.8g,
0094000459166,1,skincare,deodorant,True,"Wild country, roll-on deodorant",
0381371175680,1,haircare,shampoo,True,Johnson's Head to Toe Wash and Shampoo,
7290015714549,1,haircare,shampoo,True,Black caviar total repair shampoo,
9551345259789,1,haircare,shampoo,True,Spray shampoo,
5050136235840,1,skincare,cleanser,True,Nutraeffects refreshing gel cleanser,
0034285250126,1,haircare,shampoo,True,shampoo,
4058172958816,1,skincare,serum,True,Lash Repair Over Night Serum,
10299887,1,skincare,deodorant,True,Deodorant cristal gel musk,
8480000442918,1,haircare,shampoo,True,Men Shampoo Fortificante,
3574661587721,1,skincare,body wash,True,JOHNSON'S ANTI BACTERIAL BODY WASH,
3245678589694,3,haircare,shampoo,True,Extra gentle shampoo with chamomile & honey,
8961014007183,1,haircare,shampoo,True,dove nutritive shampoo,
3245678612613,1,haircare,gel coiffant,True,Gel coiffant fixation extrême,Gel coiffant fixation extrême
3245678069189,1,skincare,gel douche,True,Gel douche soin,Gel douche soin
3245678044407,1,skincare,gel douche,True,Cosmia gel douche lait hydratant a la fleur de coton - flacon avec capsule,Cosmia gel douche lait hydratant a la fleur de coton - flacon avec capsule
3245678561799,1,skincare,gel douche,True,GEL DOUCHE MÛRE SAUVAGE et GRENADE,GEL DOUCHE MÛRE SAUVAGE et GRENADE
3245678671153,7,skincare,savon,True,Savon doux à l'extrait de fleur de jasmin,Savon doux à l'extrait de fleur de jasmin
3245678612620,1,haircare,gel coiffant,True,Gel coiffant fixation béton,Gel coiffant fixation béton
3245678590287,3,skincare,serum,True,Cosmia - serum soin expert repair + - à l'huile d'onagre - cheveux secs et abimés - 50ml,Cosmia - serum soin expert repair + - à l'huile d'onagre - cheveux secs et abimés - 50ml
3245678671276,4,skincare,savon,True,Savon soin sensation d'hydratation,Savon soin sensation d'hydratation
3245678622834,1,haircare,laque,True,COSMIA - LAQUE À LA PROVITAMINE B5 ET VITAMINE PP - FORCE et BRILLANCE - 75ML/VOLUME NOMINAL 110ML ?,COSMIA - LAQUE À LA PROVITAMINE B5 ET VITAMINE PP - FORCE et BRILLANCE - 75ML/VOLUME NOMINAL 110ML ?
3245678590294,3,skincare,serum,True,Cosmia - serum soin expert liss + - à l'extrait d'argan anti frizz - cheveux secs ou difficiles à lisser - 50ml,Cosmia - serum soin expert liss + - à l'extrait d'argan anti frizz - cheveux secs ou difficiles à lisser - 50ml
3245678671146,7,skincare,savon,True,Savon doux à l'huile d'amande douce,Savon doux à l'huile d'amande douce
3245678671221,9,skincare,savon,True,Savon doux à la fleur d'oranger et huile d'argan,Savon doux à la fleur d'oranger et huile d'argan
0850001265515,1,haircare,conditioner,True,Pomegranate and honey leave-in conditioner,
5283022011437,1,makeup,makeup remover,True,ELSADA XOXO MAKEUP REMOVER,
3600523959600,1,skincare,micellar,True,L'OREAL MICELLAR WATER,
8906007676984,1,skincare,face wash,True,JOVEES FACE WASH,
3700206705842,1,skincare,savon,True,savon à raser,
0022796976710,5,haircare,conditioner,True,Biotin & collagen conditioner,
3600523379545,1,haircare,hairspray,True,Elnett Satin Hairspray,
3574660123425,1,skincare,body lotion,True,Daily Moisturing Body Lotion Normal To Dry Skin,
8720181022548,1,skincare,body lotion,True,body lotion,
0072140019433,2,skincare,body lotion,True,Skin Calming Body Lotion for Dry and Itchy Skin,
3050000022097,1,skincare,body lotion,True,Vaseline body lotion,
0667552223587,2,skincare,body lotion,True,japanese cherry blossom body lotion,
0724742003708,2,skincare,body lotion,True,Very emollient body lotion,
0667557939551,1,skincare,body lotion,True,daily nourishing body lotion,
4001638096829,1,skincare,body lotion,True,Baby body lotion,
0072785138131,1,skincare,body lotion,True,hand body lotion,
0667553789341,2,skincare,body lotion,True,vanilla bean body lotion,
4025089085201,1,skincare,body lotion,True,Body lotion,
0654749352007,1,skincare,body lotion,True,Nourishing lavender hand and body lotion,
0718334337449,1,skincare,essence,True,dessert essence Bulgarian lavender hand and body lotion,
5021320126589,1,skincare,body lotion,True,CBD Alchemist - Coconut infusion - moisturising body lotion,
5017402018521,1,skincare,body lotion,True,Tisserand lavender & white mint body lotion,
0010181046803,1,skincare,body lotion,True,palmers hemp oil relief body lotion,
0811068019336,1,skincare,body lotion,True,Dr Teals Body Lotion,
8857123700568,1,skincare,body lotion,True,Koji Acid Body Lotion,
8714572936866,1,skincare,body lotion,True,Body lotion,
5201720030420,1,skincare,body lotion,True,oliviamo body lotion,
6001224249484,1,skincare,body lotion,True,Body Lotion,
7290113146600,1,skincare,body lotion,True,Moroccan oil body lotion,
7332531084055,1,skincare,body lotion,True,nae fig hibiscus body lotion,
0062600234216,1,skincare,body lotion,True,aveeno active naturals positively radiant body lotion,
8809863720054,1,skincare,body lotion,True,Anti-Blemish body lotion,
14059506,1,skincare,body lotion,True,AVON natural bodycare papaya & soy milk hand &body lotion,
8901248126373,1,skincare,body lotion,True,Boro plus body lotion,
0810021200286,1,skincare,body lotion,True,Dr teals hemp body lotion,
0811966010923,2,skincare,body lotion,True,out of Africa shea butter body lotion,
0810333026581,1,skincare,body lotion,True,Coconut milk & vitamin E body lotion,
0077043236406,1,skincare,body lotion,True,24 Hour Restoring Almond and Flaxseed Oil Body Lotion,
7702031311218,3,skincare,body lotion,True,Body lotion,
0811068019312,2,skincare,body lotion,True,Nourishing Coconut Oil Body Lotion,
0667551169091,1,skincare,body lotion,True,Vanilla bean noel shimmer fizz body lotion,
8710198129248,1,skincare,body lotion,True,Body lotion,
8712561488297,1,haircare,shampoo,True,DOVE SHAMPOO COLOUR CARE,
8712561488280,1,haircare,shampoo,True,Intensive Repair Shampoo,
3610340653827,1,haircare,shampoo,True,L'OREAL ELVIVE KERATIN SHAMPOO,
8682232500965,1,haircare,shampoo,True,COSMOLIV OLIVE OIL SHAMPOO,
0888711875205,1,makeup,eyeshadow,True,Eyeshadow,
8901030962653,1,haircare,shampoo,True,Dove shampoo,
5012583200741,1,skincare,deodorant,True,Total Defence Deodorant,
5012583208785,1,skincare,hand soap,True,Liquid hand soap,
5012583210764,1,haircare,hairspray,True,got2b Plump’d Volumising Hairspray,
0018787920046,1,skincare,lip balm,True,Naked Lip Balm,
0773602048717,1,makeup,rouge à lèvres,True,612 Russian Red rouge à lèvres mat,
3245678704400,1,skincare,nettoyant,True,Eau nettoyante,Eau nettoyante
3245678704431,1,skincare,nettoyant,True,Lait nettoyant,Lait nettoyant
3596710525690,3,skincare,shower gel,True,Cosmia shower gel blackberry pomegranate 750 ml,Cosmia shower gel blackberry pomegranate 750 ml
3596710516872,1,skincare,savon,True,Savon liquide mains,Savon liquide mains
3596710516896,1,skincare,savon,True,Savon liquide mains,Savon liquide mains
3596710516889,1,skincare,savon,True,Savon liquide mains,Savon liquide mains
3245678612583,1,haircare,gel coiffant,True,Gel coiffant fixation forte,Gel coiffant fixation forte
3596710497553,7,skincare,savon,True,Savon de marseille,Savon de marseille
4005900917744,1,haircare,shampoo,True,Volume Wonder Shampoo mit Bambus-Extrakt,
8719189451184,1,skincare,body lotion,True,Softening Body Lotion,
0309976414508,1,makeup,lipstick,True,Lipstick,
5901887053507,1,skincare,shower gel,True,Natural Care Shower Gel,
3770026747056,1,skincare,gel douche,True,Duo shampoing gel douche,
3760194652948,1,skincare,gel douche,True,Gel douche Mure de Bretagne,
5037156227376,1,haircare,shampoo,True,John Frieda Purple Shampoo,
9321299301007,1,skincare,sunscreen,True,Cancer Council Everyday Value SPF50 Sunscreen,
5902730835400,1,skincare,shower gel,True,Shower gel for men 8 in 1,
0079400189455,5,haircare,shampoo,True,Shampoo and Conditioner,
0041388000466,2,skincare,lip balm,True,Medicated lip balm,
0070501060902,2,skincare,cleanser,True,Deep Clean Facial Cleanser,
3600542371957,1,haircare,shampoo,True,Shampoo 2 in 1,
3600542289757,1,haircare,shampoo,True,Aloe Vera Shampoo,
5011451104020,1,skincare,face wash,True,Face Wash,
8901644000147,1,haircare,shampoo,True,Shampoo,
3760209542530,1,skincare,lait corps,True,Crème solaire Lait Corps Spf 50,
8901030704307,1,haircare,shampoo,True,Dove shampoo,
7899706244107,1,haircare,shampoo,True,Shampoo,
8993137699549,1,skincare,clay mask,True,Wardah nature daily MINERAL + clarifying clay mask,
4010355411266,2,makeup,gloss,True,Jelly Pudding Lipgloss 40 addicted to red,
8809057518474,1,skincare,serum,True,ROJUKISS HYA PORELESS SERUM,
4006000048765,1,skincare,deodorant,True,Fresh Aktive Deodorant Men,
5028197850821,1,skincare,body butter,True,Hemp body butter,
5028197749170,1,skincare,body butter,True,Frosted plum body butter,
5028197590000,1,skincare,body butter,True,50ml Body Butter Strawberry,
5012254061190,2,haircare,shampoo,True,Luxurious Moisture Shampoo,
3178041343619,2,haircare,shampoo,True,N.A.E Riparazione Shampoo 250ml (8.8oz),
4260198093703,1,skincare,lip balm,True,Natural lip balm orange,
8717163762011,1,skincare,body wash,True,Gentle Scrub Body Wash,
3600542430722,1,haircare,leave-in,True,Leave-in cream,
4800888210418,1,skincare,serum,True,Dove serum green,
0079400588531,1,haircare,shampoo,True,Suave Clarifying Shampoo,
8999999025427,1,haircare,dandruff,True,Brylcreem anti dandruff,
3600542137294,1,skincare,micellar,True,Micellar Milky Cleansing Water,
3574661604732,2,skincare,body lotion,True,Aveeno body lotion,
5060391846743,1,skincare,serum,True,Guava eye serum,
0012044039847,2,skincare,deodorant,True,Deodorant Swagger,
3600522496038,1,haircare,shampoo,True,Shampoo,
8006540662335,1,haircare,hair mask,True,Deep moisture hair mask,
3600541116382,1,makeup,bb cream,True,Skin Active BB Cream,
3600542461429,1,haircare,shampoo,True,Garnier Hafermilch Shampoo,
3600524055332,1,haircare,conditioner,True,Colour Protecting Conditioner,
8718114627007,1,haircare,conditioner,True,Dove conditioner,
8901030902628,1,haircare,shampoo,True,Sunsilk shampoo of jojoba oil and onion extract,
8901030794599,1,haircare,shampoo,True,Shampoo,
8001090895981,1,haircare,shampoo,True,Shampoo,
8901277013125,1,haircare,shampoo,True,BEER SHAMPOO DAMAGE FREE,
4806515163737,1,skincare,deodorant,True,DEOplus deodorant powder,
4809010508898,1,skincare,deodorant,True,Milcu DEODORANT POWDER,
3600551100722,6,skincare,lait corps,True,Lait corps nutritif,
20014261,1,haircare,shampoo,True,SHAMPOO GEL AND BUBBLE BATH,
8858994418385,1,makeup,eyeliner,True,Sivanna eyeliner,
8710447224342,2,haircare,shampoo,True,Shampoo,
8710447304044,2,haircare,conditioner,True,Restoring Ritual Conditioner,
8435102552881,1,makeup,nail polish,True,Nail Polish Bordeaux,
8435102551686,1,makeup,nail polish,True,Nail Polish,
8710908769085,1,skincare,body lotion,True,DoveBody Lotion,
8858994430288,1,makeup,mascara,True,Sivanna mascara,
0735745796221,1,skincare,gel douche,True,Gel Douche Metisse FLB,A la bave d'escargot
0735745796207,1,skincare,gel douche,True,Gel Douche Anti Age FLB,"Vitamines A,C et E"
0056719905044,1,skincare,savon,True,Savon Ananas charbon activé,
3596710524112,4,skincare,masque visage,True,Glow masque visage eclat,Glow masque visage eclat
3596710524105,10,skincare,serum,True,Serum expert duo age,Serum expert duo age
3596710524150,9,skincare,serum,True,Serum eclat a la vitamine c,Serum eclat a la vitamine c
7798111210762,1,skincare,serum,True,Serum humectante Dadatina,
7798111211226,1,skincare,serum,True,REFILL SERUM REPARADOR DADATINA,
0797715211134,1,skincare,serum,True,Serum reparador Dadatina,
4015100336702,1,haircare,shampoo,True,Kosmetik - Haare - Shampoo Syoss Keratin,
7798216220390,1,skincare,serum,True,SERUM FACIAL VEGANIS ACIDO HIALURONICO,
4001638080040,1,skincare,serum,True,WELEDA Serum Reafirmante,
6009695583847,1,skincare,body wash,True,gynaeguard body wash,
4743318139630,1,skincare,serum,True,SERUM FACIAL NATURA SIBERICA ILUMINADOR,
4743318140438,1,skincare,serum,True,SERUM FACIAL NATURA SIBERICA CALMANTE,
4743318148083,1,makeup,mascara,True,MASCARA RENOVADORA ANTI-OX SIBERICA,
8901138508159,1,skincare,body lotion,True,Himalaya cocoa butter body lotion,
7790740000332,1,haircare,shampoo,True,Shampoo,
4800888169709,3,haircare,shampoo,True,sunsilk shampoo (g) aloe vera 15ml,
0840821181942,2,haircare,shampoo,True,SHAMPOO,
4066447410822,1,haircare,shampoo,True,Shampoo,
3600523682768,1,haircare,shampoo,True,loreal purple shampoo,
8710908657979,1,haircare,shampoo,True,Baby dove shampoo,
4063367117251,1,haircare,shampoo,True,Kinder Shampoo,
3282779384117,1,haircare,shampoo,True,Shampoo wüstendattel,
0810333028660,1,haircare,shampoo,True,Tea Tree And Rosemary Plant-Based Shampoo,
3574661474915,1,haircare,shampoo,True,Baby Shampoo,
4021457647620,1,haircare,shampoo,True,Shampoo Frische,
4021457646586,1,makeup,eyebrow,True,Eyebrow Powder Duo,
3574661596105,1,haircare,shampoo,True,shampoo,
3574661561905,2,skincare,gel douche,True,Gel douche extra doux,
5998889516093,1,haircare,shampoo,True,Coconut shampoo,
6009679063617,1,haircare,shampoo,True,Shampoo,
8470001638151,1,skincare,sunscreen,True,Sunscreen,
3560071444112,1,skincare,gel douche,True,gel douche pure 0%,
3614222915744,1,makeup,bb cream,True,bb cream,
9555250007312,1,makeup,foundation,True,Silkygirl Skin Perfect Liquid Foundation,
3701436908348,2,skincare,nettoyant,True,Cleansing foam/Mousse nettoyante,
0070330364370,1,makeup,highlighter,True,Marking highlighter grip,
0381371157648,1,skincare,face wash,True,Night Relaxing Oil-Free Deep Cleaning Face Wash,
0079400244079,1,skincare,deodorant,True,Deodorant Arctic Edge,
0022796972200,3,haircare,shampoo,True,Coconut miracle shampoo,
0011111014145,2,skincare,body wash,True,Deep Clean Body Wash,
0079400312792,3,haircare,conditioner,True,Dove Conditioner,
0011111016538,3,skincare,face wash,True,Body+Face Wash,
8961014248890,1,skincare,face wash,True,Acne control face wash,
8718951377103,1,haircare,shampoo,True,PALMOLIVE APPLE SHAMPOO,
8718951377073,1,haircare,shampoo,True,PALMOLIVE GREEN TEA SHAMPOO,
3606000559950,1,skincare,cleanser,True,Hyrdrating Cream To Foam Cleanser,
4005800151514,1,skincare,shaving,True,shaving cream,
4063528071545,2,haircare,shampoo,True,Foamie BHA Scalp Shampoo,
20179007,1,skincare,hand cream,True,Cien Hand Cream,
5060144648754,1,haircare,shampoo,True,Original Shampoo,
5060144646224,1,skincare,shower gel,True,Shower gel,
5060144647733,1,skincare,deodorant,True,Vetivier & Black Pepper Deodorant,
5060144644008,1,skincare,face wash,True,Oil Control Face Wash,
5060144646217,1,skincare,shower gel,True,Shower Gel,
5060144642240,1,skincare,face wash,True,Original Face Wash,
8852788061467,1,skincare,hand cream,True,Hand Cream,
7613379432858,1,haircare,shampoo,True,Shampoo Conditioner,
8906005274106,2,skincare,cleanser,True,Gentle Skin Cleanser,
3700194708573,1,haircare,shampoo,True,Shampoo,
8886467020124,4,skincare,body cream,True,Nourishing body cream,
3616826026086,2,skincare,creme mains,True,creme mains,
3596710516971,4,skincare,gel douche,True,gel douche mure grenade,Gel douche parfum mûre et grenade
3596710516964,9,skincare,gel douche,True,Gel douche parfum mûre et grenade,Gel douche parfum mûre et grenade
3596710516940,1,skincare,gel douche,True,Gel douche parfum marshmallow,Gel douche parfum marshmallow
3596710517015,4,skincare,gel douche,True,Gel douche parfum olive,Gel douche parfum olive
3596710516926,5,skincare,gel douche,True,Nutri gel douche soin,Nutri gel douche soin
3596710517039,6,skincare,shower gel,True,Shower gel tropical,Shower gel tropical
3596710517008,1,skincare,gel douche,True,Gel douche oriental,Gel douche oriental
3596710517046,5,skincare,gel douche,True,Gel douche comcombre et aloe vera,Gel douche comcombre et aloe vera
3596710516995,5,skincare,gel douche,True,Gel douche oriental,Gel douche oriental
3596710517183,10,haircare,shampoo,True,SHAMPOOING et DOUCHE AU SEL MARIN,SHAMPOOING et DOUCHE AU SEL MARIN
3596710517213,4,skincare,gel douche,True,Cosmia shampoing et gel douche 2 en 1 monoi 750 ml,Cosmia shampoing et gel douche 2 en 1 monoi 750 ml
3596710517190,4,skincare,gel douche,True,shampooing et Gel douche sel marin,SHAMPOOING et DOUCHE AU SEL MARIN
3596710517220,5,skincare,shower gel,True,Shampoo and shower gel monoï,Shampoo and shower gel monoï
3596710517343,8,skincare,gel douche,True,Shampoing et gel douche power,Shampoing et gel douche power
3337875787222,1,haircare,shampoo,True,PSOlution Kerato-reducing treating shampoo,Shampooing traitant kératoreducteur hypoallergénique
3770005798031,3,skincare,savon,True,Savon surgras Le Gecko Romarin & Citron,
6920523508026,1,makeup,eyebrow,True,BB Eyebrow,
8830000025466,1,makeup,mascara,True,Hearty heart mascara,
8858910617441,1,makeup,mascara,True,ODBO mascara,
8830000024230,1,makeup,eyebrow,True,Hearty heart eyebrow,
8433295062576,1,skincare,serum,True,Serum capilar,
4001638502481,1,skincare,serum,True,WELEDA Serum Redensificante Antiedad,
5903991430854,1,skincare,serum,True,Serum Cara y Manos EDOA,
8904263800105,1,skincare,lip balm,True,Lip Balm,
3450601036552,3,skincare,lait corps,True,Lait corps nourrissant à l'huile de coco & beurre de mangue,
0840797157613,1,skincare,deodorant,True,Hey Humans Cucumber Kiwi Deodorant,
4005900370983,1,skincare,deodorant,True,Nivea Black & White Invisible Fresh Antiperspirant Deodorant 250mL,
4311501666203,1,skincare,deodorant,True,Fresh Deodorant,
0035000968425,1,skincare,deodorant,True,toms deodorant,
8720181292118,1,skincare,deodorant,True,gofresh Deodorant,
96137130,1,skincare,deodorant,True,Dove Go Fresh Deodorant,
4058172453687,1,skincare,deodorant,True,deodorant,
8720181192043,1,skincare,deodorant,True,Deodorant,
87342512,1,skincare,deodorant,True,Roll On Deodorant,
8710847909542,1,skincare,deodorant,True,Deodorant bodyspray 150ml Fresh skateboard.,
3607343211413,3,skincare,deodorant,True,Deodorant cream,
0079400433879,2,skincare,deodorant,True,Deodorant night,
96009598,1,skincare,deodorant,True,Deodorant,
0023400076864,1,skincare,deodorant,True,anti-perspirant & Deodorant,
0856650006172,1,skincare,deodorant,True,The healthy deodorant,
0812154032130,1,skincare,deodorant,True,Vanilla & Chai Deodorant,
5012008667203,1,skincare,deodorant,True,Dry Deodorant,
42348634,1,skincare,deodorant,True,Deodorant Fresh,
18863341,1,skincare,deodorant,True,Tom's deodorant,
0731177812102,1,skincare,deodorant,True,Natural Deodorant,
0196566140004,1,skincare,deodorant,True,deodorant,
0017000211299,1,skincare,deodorant,True,Sport Fresh Deodorant,
06112714,1,skincare,deodorant,True,secret deodorant,
0850696008923,1,skincare,deodorant,True,Unscented planet-base deodorant baking soda free aloe vera gel glide + calendula infused,
0077326665251,1,skincare,deodorant,True,Tom's of Maine natural deodorant,
8717163640937,1,skincare,deodorant,True,Deodorant and Bodyspray,
05877100,1,skincare,deodorant,True,Speed Stick Fresh Deodorant,
50574483,1,skincare,deodorant,True,Deodorant,
5205962004096,1,skincare,deodorant,True,GARDEN MEN anti-perspirant deodorant,
0079400013439,1,skincare,deodorant,True,Deodorant,
0079400451743,1,skincare,deodorant,True,Deodorant Cool Rush,
0309975122299,1,skincare,deodorant,True,Men Mitchum 48hr sport deodorant,
0079400013422,1,skincare,deodorant,True,Deodorant Intense Sport,
0309975122091,1,skincare,deodorant,True,Roll-on Antiperspirant and Deodorant,
0079400026743,1,skincare,deodorant,True,Deodorant Cool Impact,
0079400507402,2,skincare,deodorant,True,dove sensitive deodorant,
0813424021168,1,skincare,deodorant,True,Deodorant,
0079400725080,1,haircare,shampoo,True,daily moisture shampoo,
0071249665671,1,haircare,shampoo,True,72h hydrating shampoo,
0071249666203,1,haircare,shampoo,True,72h hydrating shampoo,
0079400118028,1,skincare,deodorant,True,Antiperspirant deodorant,
3600524075712,1,skincare,serum,True,Power Age Serum,
3600530746507,1,makeup,foundation,True,Fit me foundation,
3600542227360,2,skincare,deodorant,True,Mineral protection,Deodorant
3600542050579,1,skincare,toner,True,Rose soothing toner,
3600531401870,1,makeup,foundation,True,SuperStay foundation,
3600542359146,2,haircare,hair mask,True,"Garnier - Ultra Doux Honey Treasure Hair Mask, 320ml (11.3oz)",
3600542231572,1,haircare,hair mask,True,Hair food - 3 in 1 hair mask,
3600542133487,1,haircare,conditioner,True,Ultimate blends conditioner,
3600542133678,1,haircare,conditioner,True,Ultimate Blends Conditioner,
3600542326698,2,skincare,micellar,True,Micellar Cleansing water,
3600542342650,1,haircare,conditioner,True,Repairing Hair Food Papaya And Coconut conditioner,
8720181336034,1,skincare,shower gel,True,Radom Feel Awake Shower Gel,
3662217006182,1,skincare,masque visage,True,Masque visage purifiant,
8712561405737,1,haircare,shampoo,True,Baby shampoo,
4056489688082,1,haircare,shampoo,True,Anti schuppen Shampoo,
6291060704067,1,haircare,hair oil,True,Dabur Vatika hair oil 300ml,
3350900001360,1,makeup,mascara,True,mascara sourcil volumateur,
3770011315048,2,skincare,booster,True,SKIN BOOSTER,
3263855630397,3,haircare,shampoo,True,Shampooing Antipelliculaire,
3401329447748,1,skincare,essence,True,Hydrabio essence lotion,
4066447376715,1,haircare,hairspray,True,Balea Hairspray Gloss & Shine,
4066447241198,2,haircare,hair oil,True,Balea Professional Lock Hair Oil,
5410091727734,1,skincare,shower gel,True,Fa Shower gel cream & oil silk magnolia,
3284410031077,1,haircare,shampoo,True,Shampooing Soin Douceur - Miel de Fleurs & Fleurs d'Oranger,
0792850025004,1,skincare,lip balm,True,Coconut & Pear Moisturizing Lip Balm,
0099482503178,3,haircare,shampoo,True,Volume & Thickness shampoo,
0071249406922,5,haircare,conditioner,True,bond repair Conditioner,
3564700718469,2,haircare,shampoo,True,shampooing extra-doux,
2099970145833,3,haircare,shampoo,True,Bella Beauty DAMAGED HAIR SHAMPOO PROFESSIONNAL PERFORMANCE,
3600542527118,3,haircare,shampoo,True,Ultra doux shampooing reconstituant Trésors de miel,
3549169165382,1,skincare,savon,True,Savon vaisselle fleur d'oranger,
5391510478737,1,skincare,cleanser,True,2 in 1 Cleanser + Toner,
3178041360951,1,haircare,shampoo,True,Après-shampooing à l'huile d'argan,Après-shampooing nourrissant et adoucissant
3474630620926,1,haircare,shampoo,True,Smoothproof Shampoo Kamelie,Shampoo
3616302498567,1,skincare,shower gel,True,Shower Gel,Duschbad
8032274060734,1,haircare,shampoo,True,Normalizing Daily Shampoo,
3474637103545,1,haircare,conditioner,True,Strength Recovery Conditioning Cream,Conditioner
3474637103576,1,haircare,shampoo,True,Strength Recovery Shampoo,
8719033561571,1,skincare,hand soap,True,Believe in Happy Hand Soap,
4005900679178,1,skincare,deodorant,True,Fresh Comfort,Deodorant
8032274060871,2,haircare,pomade,True,No. 302 Clay Pomade,Haarwachs
96081754,1,skincare,deodorant,True,Dove,Deodorant
3600542011044,1,skincare,micellar,True,garnier micellar gel,
3760100683097,1,haircare,masque cheveux,True,masque cheveux,
4043662190166,1,skincare,serum,True,Beauty Glam Clear Skin Serum,
8006540422083,1,skincare,essence,True,Herbal Essences,
80000000256654,1,skincare,sheet mask,True,sheet mask,
0071164301111,1,haircare,shampoo,True,Tea Tree Shampoo,
3760162122114,1,skincare,gel douche,True,Gel douche surgras,
3283950924344,1,haircare,shampoo,True,Kids - Shampooing douche 2 en 1,
3337875829007,6,skincare,serum,True,CeraVe Retinol Serum Tegen Post-Acne Vlekjes,
4005900917706,1,haircare,shampoo,True,Nivea Anti Schuppen Shampoo,
4005808247431,1,skincare,body lotion,True,NIVEA BODY LOTION 5in1,
4005808588701,1,skincare,shaving,True,Shaving cream sensitive,
4005808685844,1,skincare,body cream,True,NIVEA MEN BODY CREAM,
4005808713059,1,skincare,body lotion,True,Nivea Body Lotion Cocoa Butter 625 ml,
4005808713257,1,skincare,serum,True,Extra White Body Serum Care & Protect,
4005808776269,1,skincare,body lotion,True,NIVEA MEN BODY LOTION,
8720181157110,3,skincare,serum,True,Vitamins C+E+F booster serum,
4001499943973,1,skincare,shower gel,True,Frosch Senses Aloe Vera Sensitive Shower Gel,Shower Gel with Aloe Vera
4005900022639,1,skincare,body lotion,True,Nivea men revitalizing body lotion,
6001051003129,1,skincare,body lotion,True,NIVEA MEN BODY LOTION,
4005900378187,1,skincare,body cream,True,"Nivea body cream, Express hydration",
4005900629937,1,skincare,body lotion,True,Body lotion,
4005900929044,1,skincare,serum,True,Clear up daily serum,
42439233,1,skincare,antiperspirant,True,"NIVEA Antiperspirant Deo Roll-on Joy of Life with roses & lilies fragrance, 50 ml",
42299837,2,skincare,deodorant,True,"Nivea for Men Cool Kick Anti-Transpirant Deodorant ROLL-ON, 50 ML",
0059323082101,2,skincare,hand cream,True,kamil hand cream,
2000228623058,1,skincare,hand cream,True,hand cream,
0460006013037,1,skincare,body cream,True,Trader Joe's Hand & Body Cream,
0840044700319,1,skincare,hand cream,True,EOS Shea Better hand cream,
0070501194928,1,skincare,cleanser,True,Neutrogena ultra gentle daily cleanser with pro vitamin B5,
3574661199894,1,skincare,hand cream,True,Visibly renew Hand Cream,
3574661288345,1,skincare,cleanser,True,Hydro Boost Cleanser Water Gel,
3574661292014,1,skincare,cleanser,True,Hydro Boost Cleanser,
0070501051054,2,makeup,makeup remover,True,Makeup Remover Cleansing Towelettes & Face Wipes,
9311679293268,1,skincare,lip balm,True,Acai Berry Lip Balm,
5060391841410,1,skincare,lip balm,True,Dr organic khemp oil lip balm,
0190430023998,1,skincare,lip balm,True,swedish fish flavored lip balm,
0792850140998,3,skincare,lip balm,True,BEESWAX LIP BALM,
8588006036978,2,skincare,lip balm,True,"Lip balm, honey and vanilla",
0725364630464,1,skincare,lip balm,True,Lip Balm,
0857866007151,1,skincare,lip balm,True,Unscented Lip Balm,
3517360019711,2,skincare,lait corps,True,Lait corps surgras karité bio,
3700599202041,1,skincare,savon,True,Savon surgras douceur,
8006540446485,1,skincare,serum,True,Face serum luminous cica promo,
0009531112855,1,skincare,serum,True,super skinny serum,
0011111125186,1,skincare,body wash,True,body wash,
0019962085215,1,skincare,deodorant,True,Ylang-Ylang + Calendula Deodorant naturel,
0022400393681,1,haircare,shampoo,True,tresemme shampoo,
0022796936110,1,haircare,shampoo,True,Argan Oil Shampoo,
0037000733331,1,haircare,shampoo,True,head and shoulder's shampoo,
0037000748366,1,skincare,savon,True,Savon a veisselle,
0037000878100,1,skincare,savon,True,Savon Dawn Platinum,
0037836092787,1,skincare,hand cream,True,hand cream,
0041260010781,1,makeup,nail polish,True,Nail Polish Remover,
0054402510537,2,skincare,sunscreen,True,Australian gold sunscreen,
0055086002516,1,skincare,bar soap,True,Dignity Bar Soap,
0055451001021,2,haircare,shampoo,True,Tresemme Shampoo,
00590471,1,skincare,body wash,True,citrus body wash,
0065743322048,1,haircare,shampoo,True,Live clean healthy scalp shampoo,
0070018112620,2,haircare,shampoo,True,nioxin shampoo,
0072151169523,1,skincare,toning,True,toning body lotion,
0075724251991,2,haircare,shampoo,True,Argan oil shampoo,
0079400052483,2,haircare,shampoo,True,dove daily moisture shampoo,
0079400588524,1,haircare,shampoo,True,sauve shampoo,
0079400599384,1,skincare,antiperspirant,True,Dry spray antiperspirant,
0079400720115,1,haircare,conditioner,True,dove conditioner,
0080878040315,1,haircare,shampoo,True,smoothing shampoo,
01277528,1,haircare,shampoo,True,shampooing nutrition légère,
01627787,2,haircare,conditioner,True,Palmer's Olive Oil Formula Deep Conditioner,
0190679000064,1,skincare,essence,True,Shampoo herbal essences,
0190679004772,1,haircare,conditioner,True,Hello Hydration Conditioner,
0190679004956,1,haircare,shampoo,True,shampoo,
0381370036579,2,skincare,hand cream,True,Aveeno skin relief hand cream,
0381371161362,1,skincare,cleanser,True,Clean and Clear Day/Night Cleanser,
0381519186462,1,haircare,shampoo,True,aussie shampoo,
04467052,1,haircare,hair gel,True,Hair gel GUMMY Spiky,
0603084491865,1,haircare,shampoo,True,Garnier Fructis Shampoo,
0603084547456,1,haircare,shampoo,True,Garnier Fructis Shampoo Grow Strong,
0615908427004,1,haircare,shampoo,True,Fashionista shampoo,
0667542532217,1,skincare,body lotion,True,Bath and Body Works Sugar Plum Swirl Body Lotion,
0667549315554,1,skincare,shower gel,True,gingham shower gel,
0667549315578,1,skincare,body cream,True,gingham bath ultra shea body cream,
0667552822094,1,skincare,hand cream,True,hand cream bbw,
0681131050937,1,skincare,body wash,True,equate body wash,
0685428010697,1,haircare,hair gel,True,Bumble and Bumble hair gel,
0708783603622,1,skincare,savon,True,Persavon,
0717897059515,2,makeup,eye shadow,True,Utla River North Eye Shadow,
0752754015242,1,skincare,mousse a raser,True,mousse a raser,
0792850155008,1,skincare,lip balm,True,Bert's Bees Beeswax Lip Balm,
0800897835439,2,makeup,blush,True,High definition blush - Intuition,
0808124700468,2,skincare,hand soap,True,meyers hand soap,
0811068015994,1,skincare,body lotion,True,Dr. teals body lotion. coconut oil,
0812729005019,1,haircare,shampoo,True,shampoo,
0814513023865,1,haircare,conditioner,True,viral colorconditioner,
0817939005187,2,skincare,hand soap,True,Method Green tea and Aloe hand soap,
08137395,1,haircare,conditioner,True,Smoothing Deep Conditioner,
0820645226067,2,haircare,shampoo,True,Black Vanilla Moisture & Shine Sulfate Free Shampoo for Dry Hair,
0827553100052,1,skincare,hand cream,True,Hand Cream collection,
0832630000057,1,skincare,nettoyant,True,Lait nettoyant,
0850426006083,3,haircare,shampoo,True,Dry shampoo,
0878639000117,1,skincare,bar soap,True,Every Man Jack Bar Soap,
0883484333532,1,haircare,shampoo,True,pert shampoo,
0884486225672,1,haircare,shampoo,True,matrix shampoo,
0884486331199,1,skincare,face wash,True,Daily face wash,
0895697002075,1,skincare,hand soap,True,Raw Sugar Hand Soap,
0895697004833,1,skincare,body cream,True,bolero Beverly hills moisturizing body cream,
09497696,1,haircare,shampoo,True,shampoo,
13436094,1,skincare,hand soap,True,Care Cream hand soap,
29023172,1,haircare,shampoo,True,Shampoo 2 in 1,
3140100251203,1,haircare,shampoo,True,SHAMPOOING GRIS ECLATANT DEJAUNISSANT,
3140100355628,1,haircare,shampoo,True,Shampooing anti chute,
3140100405101,1,skincare,gel douche,True,Gel douche hydratant,
3222477321557,1,skincare,savon,True,savon de Marseille,
3250391571673,2,skincare,lait corps,True,Lait corps nourrissant peau sèche à très sèche,
3323030000619,1,makeup,mascara,True,triple action black mascara,
3337875583657,1,skincare,serum,True,Hyalu B5 serum,
3346029200296,1,skincare,savon,True,pain dermatologique sans savon,
3466762418915,1,skincare,serum,True,Serum anti âge,
3529311212201,1,skincare,nettoyant,True,Gel moussant nettoyant mains,
3538396131406,2,skincare,gel douche,True,Gel douche haute tolérance mélisse bio,
3538396150506,2,haircare,shampoo,True,shampooing,
3560071014841,1,skincare,gel douche,True,Gel douche - Ylang-Ylang,
3574661549699,1,skincare,gel douche,True,Gel douche Le Petit Marseillais lait,
3600523823680,1,haircare,shampoo,True,Shampoo reconstruir dream long elvive,
3600541938519,1,skincare,micellar,True,Micellar Cleansing Water,
3600542048699,1,skincare,cleanser,True,Garnier green tea face cleanser,
3600542298346,1,makeup,bronzer,True,Delial natural bronzer,
3600551103693,3,haircare,shampoo,True,le shampooing très doux,
3607349316723,1,makeup,eyeliner,True,Manhattan Eyemazing Eyeliner,
3614222812982,1,skincare,shower gel,True,HAIR & BODY SHOWER GEL,
3661985083357,1,skincare,savon,True,Savon de Marseille,
3760026040110,1,skincare,savon,True,savon naturel à l’huile d’olive vierge extra de Balagne,
3760269130074,1,skincare,savon,True,Savon de soin lait d'ânesse,
3760311950704,1,skincare,gel douche,True,Gel douche lavande,
3770003173021,1,skincare,nettoyant,True,Lait nettoyant,
4001638501989,1,skincare,lip balm,True,weleda skin food lip balm,
4002554155324,1,makeup,eyeliner,True,Manhattan Eyeliner Original Japanese Ink black,
4005808700110,1,skincare,face mask,True,Nivea face mask,
4005900510006,1,skincare,deodorant,True,nivea deodorant,
4005900645814,2,skincare,hand cream,True,nivea hand cream 3 in 1 repaircare,
4008666218384,2,haircare,shampoo,True,shampoo,
4010355306456,1,haircare,shampoo,True,alverde coffein shampoo,
4025089071143,1,makeup,eyeliner,True,Eyeliner pencil No. 00 white,
4744183010222,1,skincare,hand cream,True,Oblekpikha Hand Cream,
5012583206897,1,skincare,booster,True,staybright colour booster,
5060082259197,1,skincare,hand cream,True,Hand Cream,
5060120165282,1,haircare,shampoo,True,argan oil travel size shampoo,
5060176671140,1,haircare,conditioner,True,dr organic organic Aloa Vera Conditioner,
5280134963012,1,skincare,body wash,True,Lighten up Anti-Aging shea buttter Body wash,
5601227036954,1,haircare,shampoo,True,Shampoo camomila,
5765228836149,1,haircare,hair oil,True,Hair oil coconut,
5765228837443,1,haircare,shampoo,True,shampoo camomile Urtekram,
6001051003723,1,skincare,body lotion,True,Nivea body Lotion,
6281006422100,3,haircare,shampoo,True,shampoo,
7500435158015,2,haircare,shampoo,True,shampoo shampoo,
7506306311145,1,haircare,shampoo,True,shampoo coco,
7506339351316,1,haircare,shampoo,True,Summer Edition restauración shampoo,
7702111506893,1,haircare,shampoo,True,Shampooing,
7703582386618,1,haircare,shampoo,True,shampoo nutritivo,
7891150042261,1,haircare,shampoo,True,suave shampoo,
8001841289007,1,haircare,shampoo,True,Shampoo,
8001841501871,1,skincare,essence,True,Herbal Essence pure Potent Aloe Bamboo,
8436576506615,1,skincare,face mask,True,hemp face mask idc institute,
8480000442536,1,haircare,shampoo,True,shampoo color intense,
8480017096258,1,haircare,shampoo,True,shampoo pH neutro,
8480017166487,1,haircare,shampoo,True,BONTE shampoo oliva cabello muy seco,
8690131106591,1,haircare,shampoo,True,Tea Tree Shampoo,
8696630139306,1,makeup,mascara,True,Mascara,
8712561315975,2,skincare,deodorant,True,Deodorant,
8712561484398,5,skincare,body lotion,True,Vaseline Essential Healing Body Lotion,Vaseline Essential Healing Bodylotion voedt de droge en gevoelige huid zeer intensief. Hierdoor is je huid tot wel 3 weken lang beschermd en hersteld. Bovendien verstevigt de crème de huid en laat deze er gezond uitzien.
8714100016800,1,skincare,gel douche,True,Axe gd 250ml you ref twin,Gel Douche Homme
8718692103955,1,skincare,toner,True,hyalunoic toner hyaluron toner,
8719179478221,2,makeup,eyeshadow,True,eyeshadow Nights like this,
8720254337098,1,haircare,shampoo,True,Green soap 2 in 1 shampoo,
8806179484687,1,makeup,blush,True,Blush,
8809581079946,1,skincare,cleanser,True,UQINU HOMME DERMA ACNE CLEANSER,
8906064450206,1,haircare,shampoo,True,shampoo,
9421008705604,1,skincare,deodorant,True,asano deodorant,
8718375522622,1,skincare,serum,True,Moroccan Argan Oil Hair Serum,
11214991,1,skincare,savon,True,Savon D'ALEP,
4005808817405,2,skincare,shaving,True,Nivea Men Shaving Gel,
4005808817726,3,skincare,shaving,True,Nivea shaving cream,
4005808836178,2,skincare,face wash,True,face wash,
30049086,2,haircare,shampoo,True,"Head-to-toe, wash & shampoo",
3700601100631,5,skincare,savon,True,savon d'Alep,
8436556086366,1,haircare,shampoo,True,Shampoo,
3600542376297,1,haircare,shampoo,True,Recharge shampooing ultra doux trésor de miel,Shampooing
5410076896301,2,skincare,essence,True,Herbal Essences bee strong shampoo,
5410076230280,1,haircare,shampoo,True,Shampoo - Gunther,
4005900447258,1,skincare,body oil,True,NIVEA BODY OIL IN LOTION Rose LOTION,
4005900909466,1,haircare,shampoo,True,Anti Fett Shampoo,
4005900818119,2,skincare,face wash,True,face wash,
8001841768946,1,skincare,essence,True,Herbal essences,
8001841659510,1,haircare,hair mask,True,BEAR FRUIT STRAWBERRY HAIR MASK,
8001090326430,1,skincare,essence,True,Herbal essence mask,
3245678044483,5,skincare,gel douche,True,Gel douche et bain lait hydratant à la fleur de coton,Gel douche et bain lait hydratant à la fleur de coton
3245678599662,3,skincare,nettoyant,True,Gel nettoyant visage,Gel nettoyant visage
3596710497454,2,skincare,savon,True,Savon noir mou a l'huile de lin,Savon noir mou a l'huile de lin
8902979025843,1,haircare,shampoo,True,Chik shampoo,
8720289265953,1,makeup,maquillage,True,Palette maquillage,
8719668004740,1,makeup,maquillage,True,Palette de maquillage,
3770036159047,2,skincare,serum,True,Botox-like Peptide Serum,Serum anti-age for face
8025272646741,1,makeup,mascara,True,Green me volume mascara,
8025272980937,1,makeup,mascara,True,Precious rituals mascara,
7908132208437,1,haircare,shampoo,True,Shampoo Natura mamãe bebê,
3700601100891,3,skincare,savon,True,savon liquide au lait d'ânesse bio et aloe vera,
0810425035958,3,skincare,body lotion,True,Face + Body Lotion,
0005900088413,1,skincare,deodorant,True,Deodorant,
00004054,1,skincare,savon,True,Savon noir aroma. Zone,
0001000000410,1,skincare,body wash,True,Body wash,
0011131399802,1,haircare,shampoo,True,Golden morocco argan oil shampoo,
0001234567891,3,skincare,nettoyant,True,Mousse nettoyante 100% naturelle à base d'huile de colza bio,Mousse nettoyante 100% naturelle et végétale à base d'huile de colza bio
00013199,2,haircare,shampoo,True,Yves Rocher Reparation Shampooing Soin Nutri-Reparateur,Shampooing cheveux secs
0020714258511,1,skincare,cleansing oil,True,Take The Day Off Cleansing Oil,
0020714821234,1,skincare,cleansing balm,True,Travel Size Take The Day Off Cleansing Balm,
0020714900267,1,skincare,cleanser,True,All About Clean Rinse-Off Foaming Cleanser,
0002203099321,1,haircare,shampoo,True,DTOX THERAPY SHAMPOO,
02624236,1,skincare,savon,True,Savon surgras extra-doux lait de rose,
0000306010102,2,haircare,shampoo,True,Shampooing,
0000308010101,6,skincare,body wash,True,Reviive body wash,
0003082112210,1,haircare,shampoo,True,Intensiv-Shampoo,Shampoo
0030985004571,1,skincare,cleanser,True,Ultra Hydrating Alkaline Cloud Cleanser,
0030985004618,1,skincare,cleanser,True,Hydrating Cleanser,
0030985004816,1,skincare,cleanser,True,Anti-Wrinkle Cleanser,
0041507070516,1,skincare,cleanser,True,Witch Hazel Blemish Clearing Cleanser,
00443261,1,skincare,cleanser,True,Peter Schmidinger  5in1 High-Intense micro powder cleanser,
00528783,2,haircare,shampoo,True,johnsons baby shampoo,
06244810,1,skincare,savon,True,Savon de toilette aux huiles essentielles,
0628915642916,1,haircare,shampoo,True,Shampoo,
0070501061626,1,makeup,cleansing wipe,True,Neutrogena Cleansing Wipes,
0070501112601,1,skincare,cleanser,True,Skin Balancing Gel Cleanser,
0070501112618,1,skincare,cleanser,True,Skin Balancing Clay Cleanser,
0070501112625,1,skincare,cleanser,True,Skin Balancing Milky Cleanser,
0070501872956,1,skincare,cleanser,True,Ultra Gentle Daily Cleanser,
0070501872963,1,skincare,cleanser,True,Ultra Gentle Hydrating Cleanser,
0007124935553,1,skincare,clay mask,True,Loreal Pure-Claly Mask Clear & Comfort,Clay Mask
00746140,4,skincare,gel douche,True,Gel douche hydratant haute tolérance,
0079400351746,1,skincare,deodorant,True,Dove clear tone Deodorant,
0007940060068,1,skincare,deodorant,True,Dove advanced care dry spray antiperspirant deodorant,
0098132574032,1,skincare,cleanser,True,Pureness Gel Cleanser,
0098132583539,1,skincare,cleansing oil,True,SMOOTHNESS Hydrating Cleansing Oil,
0098132589357,1,skincare,cleanser,True,Poreless Clay Cleanser,
4059729407870,1,makeup,gloss,True,lipgloss,
4305615861937,2,skincare,serum,True,Alterra Hyaluron Serum,
4005900038005,1,skincare,body lotion,True,Nivea Express Hydration Body Lotion 400mL,
8595717708520,1,skincare,deodorant,True,vilgain Deodorant,
3256228115218,4,skincare,deodorant,True,Deodorant U bio fraîcheur,
8436097095124,1,skincare,deodorant,True,DEODORANT 48 H,
0000113391625,1,skincare,deodorant,True,Native Deodorant,
8717644012208,3,skincare,deodorant,True,Africa Deodorant & Bodyspray,
0812154030181,1,skincare,deodorant,True,Deodorant for Women,
96032435,1,skincare,deodorant,True,Roll On Deodorant Pomegranate And Lemon Verbena Scent,
8717163994252,1,skincare,deodorant,True,Invisible Dry Spray Deodorant,
71833347,1,skincare,essence,True,Désert Essence,
3450270016510,1,skincare,masque visage,True,masque visage en tissu,
8700216200653,1,haircare,hair mask,True,Coconut hair mask,
5607047016176,4,makeup,mascara,True,mascara facial,
4056489329725,1,skincare,shower gel,True,Organic citrus shower gel,
8436097095735,4,skincare,gel douche,True,Gel douche plaisir Grenade Rose,
3600524012601,3,skincare,serum,True,L'Oréal Paris Age Perfect Cell Renaissance Midnight Serum,
8717163430026,1,skincare,gel douche,True,Dove Gel Douche Soin et Eclat Surgras 750ml,Gel Douche
8718114216478,1,skincare,antiperspirant,True,Antiperspirant,
6281006444270,1,haircare,conditioner,True,Nourishing Secrets Thickening Ritual Conditioner,
8717163710234,1,skincare,body wash,True,Body Wash,
8710847929052,1,skincare,body wash,True,Dove Body Wash,
8717644682944,2,skincare,body wash,True,Dove Men+Care Body Wash,
8715342045207,1,skincare,face mask,True,Metallica face mask,
8851932285476,1,skincare,body lotion,True,Vaseline Intensive Care Body Lotion Aloe Smooth 225mL,
7509552931143,1,makeup,gloss,True,glycolic gloss,
3600551055022,2,skincare,nettoyant,True,Eau nettoyante,
3600551017914,1,skincare,savon,True,Dermo-respect sans savon,Gel douche
3600551101224,2,skincare,lait corps,True,Lait Corps Réparateur,
3600551100784,1,skincare,lait corps,True,Lait corps antidessèchement,
4066447239515,1,skincare,shower gel,True,shower gel foam,
0381371151035,4,skincare,body lotion,True,Body Lotion,
0381371023905,3,haircare,shampoo,True,Baby Daily Moisture Wash & Shampoo,
8901030753992,1,skincare,body wash,True,Pears Naturale Body Wash,
8904256009812,1,skincare,body lotion,True,Nivea Body lotion Aloe Hydration,
8901138509217,1,skincare,face wash,True,Himalaya Oil Clear Lemon Face Wash,
8904256010139,1,skincare,body lotion,True,Nivea Body Lotion Aloe Hydration,
8904417305258,1,skincare,sunscreen,True,Mamaearth  Vitamin C Daily Glow Sunscreen,
8901088200073,1,skincare,serum,True,LIVON serum,
8901088051613,3,skincare,body lotion,True,Parachute Body Lotion,
3600523351244,1,makeup,gloss,True,casting crème gloss,
8006540583319,1,skincare,serum,True,miracle serum champú,
5607047017302,1,haircare,shampoo,True,Shampoo,
3600542565820,1,skincare,nettoyant,True,Gel nettoyant moussant,
4005900660435,1,makeup,primer,True,Styling Primer Straight,
4005900924070,2,skincare,body lotion,True,Nivea vitamin body lotion,
4006000043487,1,skincare,serum,True,Body Öl-Serum Anti-Dehnungsstreifen,
4005900674128,1,haircare,shampoo,True,Shampoo Kinder,
3660005086675,2,skincare,body lotion,True,Body lotion coconut,
8904132918399,1,haircare,hair oil,True,Almond hair oil,
8902979025867,2,haircare,shampoo,True,chik shampoo,
3583787131541,1,skincare,nettoyant,True,nettoyant corps,
8402001006029,4,haircare,shampoo,True,Shampoo,
5060120170217,2,haircare,shampoo,True,XHC Hemp Shampoo,
4902430624534,1,haircare,conditioner,True,Pantene Miracles Supplement Conditioner,
4902430917896,3,skincare,serum,True,Olay Retinol 24 night serum,
3596710517206,1,haircare,shampoo,True,SHAMPOOING et DOUCHE AU SEL MARIN,SHAMPOOING et DOUCHE AU SEL MARIN
6686303444631,1,skincare,shower gel,True,🚿 shower gel adidas,
3282779060134,1,skincare,shaving,True,Shaving gel,
4005900567932,2,skincare,lip balm,True,Original Care Lip Balm,
3337871311292,4,haircare,shampoo,True,Stimulating shampoo,
8690131102739,1,skincare,face wash,True,Face Wash,
3600523500284,1,makeup,concealer,True,L'Oreal True Match Concealer Rose Ivory 1R/C,
7310610024987,1,skincare,shower gel,True,Sunsilk Shower Gel Herbal Happines 200ml,
30143265,1,makeup,mascara,True,Maybelline Volume Express Mascara Big Shot Black,
3600521627426,1,makeup,blush,True,L'Oreal Blush True Match Rose Bonne Mine 165,
3600542020695,1,haircare,shampoo,True,Fructis Strenght & Shine Shampoo 250ml,
4015600745882,1,haircare,shampoo,True,Head&Shoulders Shampoo Classic Clean 400ml,
6111263790127,2,skincare,savon,True,Savon Marseille,
4015000624206,1,skincare,shower gel,True,Fa sport shower gel 2yrs prod,
4005808916511,1,skincare,shower gel,True,Nivea men protect care shower gel 500ml 2yrs prod,
4005900631701,1,skincare,sheet mask,True,Nivea Sheet Mask Urban Skin Detox,
4005900639523,1,makeup,makeup remover,True,Nivea Eye Makeup Remover Glow Double Effect 125ml,
3574661650357,1,haircare,shampoo,True,shampooing douceur bio,
4005900843418,1,skincare,deodorant,True,Deodorant - FRESH OZEAN,
4005900939777,1,skincare,shower gel,True,Shower Gel,Shower Gel
4005900369581,5,skincare,body lotion,True,body lotion,
8588006041835,1,haircare,shampoo,True,Shampoo,
3282770141252,1,haircare,shampoo,True,Shampooing,
3600524017729,1,skincare,eye cream,True,L'Oreal Revitalift Filler Eye Cream 30ml,
3600524029593,1,haircare,shampoo,True,Feuchtigkeitsshampoo,
3600524075453,1,skincare,serum,True,Aminexil Anti Haarverlust Serum,
3600524127954,5,makeup,gloss,True,Shampoing  Glycolic Gloss,
3600524128470,2,makeup,gloss,True,Glycolic Gloss,
3600523033942,1,makeup,mascara,True,Mascara Volume Million Lashes Feline,
3600523234615,2,haircare,shampoo,True,Elvital Color Vive Shampoo 250ml,
3600523279319,1,skincare,serum,True,L'Oreal Revitalift Fast Acting Serum 30ml,
3600523289806,1,haircare,shampoo,True,Color Glanz Shampoo,
3600523310524,1,makeup,mascara,True,Mascara Volume Million Lashes Fatale,
3600523399796,1,makeup,lipstick,True,Color Riche Lipstick Matte Blush in a Rush 103,
3600523399888,1,makeup,lipstick,True,Maybelline Color Riche Lipstick Matte Paris Cherry,
3600523399932,1,makeup,lipstick,True,L'oreal Color Riche Lipstick Matte Erotique 640,
3600523399956,1,makeup,lipstick,True,L'Oreal Color Riche Lipstick Matte Mon Jules 430,
3600523400010,1,makeup,lipstick,True,Maybelline Color Riche Lipstick Matte Haute Rouge,
3600523438112,1,makeup,mascara,True,L'Oreal Miss Manga Mascara Baby Roll,
3600523463664,1,makeup,mascara,True,L'Oreal Mascara Unlimited Black,
3600523465262,1,makeup,lipstick,True,Color Riche Lipstick Only in Paris Shine 112,
3600523465309,1,makeup,lipstick,True,L'Oreal Color Riche Lipstick Beautyguru Shine 352,
3600523493524,2,haircare,shampoo,True,Elvital Shampoo Extra Fine Coconut 250ml,
3600523500185,1,makeup,concealer,True,True Match Concealer Rose Vanilla 2R/C,
3600523500208,2,makeup,concealer,True,True Match Concealer Creamy Beige 1 stk,
3600523500222,1,makeup,concealer,True,L'Oreal True Match Concealer Golden Beige 3D/W,
3600523500239,1,makeup,concealer,True,L'Oreal True Match Concealer Beige 4N,
3600523500253,1,makeup,concealer,True,L'Oreal True Match Concealer Golden Amber 7D/W,
3600523518777,1,makeup,lipstick,True,L'Oreal Color Riche Lipstick Bae Shine Obsess,
3600523528691,1,haircare,pomade,True,Men Expert Barber Club Pomade 75ml,
3600523586363,1,haircare,shampoo,True,Elvital Shampoo Dream Lenght 400ml,
3600523586424,1,haircare,shampoo,True,Elvital Shampoo Dream Lenght 500ml,
3600523614400,1,makeup,foundation,True,L'Oreal Infallible Foundation Porcelaine 015,
3600523614417,1,makeup,foundation,True,L'Oreal Infallible Foundation True Beige 130,
3600523626267,1,haircare,shampoo,True,Aufbaushampoo,
3600523640195,1,makeup,foundation,True,L'Oreal Foundation Infallible Lin/Linen 100,
3600523655601,1,skincare,serum,True,L'Oreal Lash Serum Transparent,
3600523682751,1,haircare,shampoo,True,Elvital Shampoo Color Vive Silver 200ml,
3600523687145,1,makeup,lipstick,True,L'Oreal Lipstick Color Riche Plump Guava 104,
3600523700431,1,makeup,lipstick,True,L'Oreal Lipstick Color Riche Plump Coconut 107,
3600523718269,1,skincare,face wash,True,Hydra Energetic Wake-Up Effect Face Wash,Face Wash Gel
3600523741090,1,makeup,setting spray,True,L'Oreal Infallible Magic Setting Spray,
3600523783755,1,makeup,foundation,True,L'Oreal Foundation Infallible 24H Matte Cover 90,
3600523783809,1,makeup,foundation,True,L'Oreal Foundation Infallible Matte Cover G.Beige,
3600523784394,1,makeup,foundation,True,Foundation Infallible 24H Matte Cover Rose Ivory,
3600523784400,1,makeup,foundation,True,L'Oreal Foundation Infallible Matt.Cover R.Vanilla,
3600523784448,1,makeup,foundation,True,L'Oreal Foundation Infallible Matte Cover G. Amber,
3600523794874,1,makeup,gloss,True,L'Oreal Brilliant Signature Lipgloss.L'Optimiste,
3600523794881,1,makeup,gloss,True,L'Oreal Brilliant Signat. Lipgloss La Confeniente,
3600523806881,1,makeup,gloss,True,Casting Creme Gloss 410 Cool Chestnut,
3600523806904,1,makeup,gloss,True,Casting Creme Gloss 510 Cool Mocha,
3600523864058,1,makeup,highlighter,True,L'Oreal Highlighter Wult Coco Fever 01,
3600523882137,1,haircare,shampoo,True,Elvital Shampoo Full Resist 250ml,
3600523924226,1,makeup,primer,True,L'Oreal Infallible Grip Primer,
3600523968480,1,makeup,mascara,True,L'Oreal Mascara Lash Paradis Moonlight Noir Brown,
3600523971305,1,makeup,gloss,True,L'Oreal Plump in Gloss Brillant Signature Maximize,
3600523971312,1,makeup,gloss,True,L'Oreal Plump in Gloss Brillant Signature Soar 402,
3600523971336,1,makeup,gloss,True,L'Oreal Plum in Gloss Brilliant  Amplify 406,
3600523971350,1,makeup,gloss,True,L'Oreal Plump in Gloss Signature Inflate,
3600523971367,1,makeup,gloss,True,L'Oreal Plump in Gloss Brillant Signature Heighten,
3600523975303,1,haircare,shampoo,True,Elvital Shampoo Color Vive Refill 500ml,
3600523975433,1,haircare,shampoo,True,Elvital Shampoo Dream Lenght Refill 500ml,
3596710524310,1,skincare,lait corps,True,Lait corps,Lait corps
3600541367593,2,haircare,shampoo,True,garnier shampoo,
3600541979871,1,haircare,shampoo,True,Shampoo Fructis,
4056489526735,1,skincare,hand cream,True,hand cream olive,
8480000733580,2,makeup,eyeliner,True,Perfilador de ojos Eyeliner 02 negro,
8480000675842,2,makeup,eyeliner,True,Perfilador de ojos Eyeliner waterproof negro,
8402001021077,2,makeup,eyeliner,True,Delineador de ojos Pearly Eyeliner Universe 01 plata,
8402001016585,2,makeup,eyeliner,True,Delineador de ojos Eyeliner Shine Gold,
8402001021114,2,makeup,gloss,True,Brillo de labios Pearly gloss Universe 02 plata,
8402001021121,2,makeup,gloss,True,Brillo de labios Pearly gloss Universe 03 bronce,
8402001016981,2,makeup,highlighter,True,Iluminador facial fluido Highlighter 01,
8402001021091,2,makeup,eyeshadow,True,Paleta sombras de ojos Eyeshadow Universe Deliplus,
3574661680934,2,skincare,savon,True,"savon extra doux lait, main & corps",
5045095406318,1,makeup,eyeliner,True,Natural collection black eyeliner,
8697420535742,2,skincare,micellar,True,compact micellar cucumber,
4034348111315,1,haircare,shampoo,True,Derma Shampoo,
3606000560192,2,haircare,shampoo,True,cerave wash and shampoo,
0083078001902,1,skincare,lip balm,True,Carmex Strawberry Moisturising Lip Balm,
5000128869348,1,skincare,hand cream,True,Moisturising Hand Cream,
7630028628424,1,skincare,shower gel,True,Shower Gel,
5000101082214,1,skincare,bar soap,True,Imperial Leather Gentle Bar Soap 4 x 100g,
8480000507570,2,makeup,bb cream,True,BB cream,
8480000443359,7,haircare,shampoo,True,Shampoo natural,
8480000442895,1,skincare,serum,True,Be radiant serum iluminador,
3596710497485,5,skincare,savon,True,Savon noir a l'huile de lin,Savon noir a l'huile de lin
3760104701193,1,skincare,savon,True,Savon liquide de Marseille,
3616305448378,1,skincare,shower gel,True,Made for Men Shower Gel,
4987176234254,1,haircare,shampoo,True,shampoo,
3574661391502,1,skincare,body lotion,True,Body lotion gel,
5060489792365,1,skincare,cleanser,True,Creamy Jelly Cleanser,
8480000677969,2,skincare,serum,True,Serum Plex Repair,
3596710523979,1,skincare,creme mains,True,Creme mains,Creme mains
3596710520589,1,skincare,nettoyant,True,Lingettes nettoyantes,Lingettes nettoyantes
3596710524365,1,skincare,creme mains,True,Creme mains,Creme mains
3282770389883,1,skincare,cleansing oil,True,Xeracalm lipid-replenishing cleansing oil,
3596710536610,9,skincare,lait corps,True,Lait corps hydratant,Lait corps hydratant
3596710536689,1,haircare,shampoo,True,Shampooing,Shampooing
9300607761436,1,skincare,body lotion,True,Aveeno Skin Relief Moisturising Body Lotion Sensitive 1L,
5900273002358,1,skincare,deodorant,True,Deodorant,
3337875663076,3,skincare,cleanser,True,Normaderm Intensive Purifying Cleanser,
3282770145373,1,haircare,shampoo,True,Klorane ultra gentle shampoo 400,
5906071002705,1,skincare,serum,True,Regeneracyjne serum do paznokci,
5000174070354,3,makeup,primer,True,Olay,"Olaz Double Action Dagcrème & Primer is een iconische klassieker die je huid tijdloze schoonheid geeft dankzij de originele hydraterende formules van Olaz. Voor een zachtere, gladdere, mooiere en gezonder uitziende huid."
4550512979524,2,skincare,cleansing balm,True,Cleansing balm (Dullness),
4550512979517,2,skincare,cleansing balm,True,Cleansing balm (anti-oxident(,
7906100784464,1,skincare,serum,True,Minimalist Face Serum,
3450970024440,1,skincare,nettoyant,True,Nettoyant vitres,
3600531363802,1,makeup,lipstick,True,Maybelline Color Sense Lipstick Purly Nude 981,
30173552,1,makeup,concealer,True,L'Oreal Concealer Infallible Porcelain 320,
7072463201044,1,haircare,shampoo,True,Fab Dry Shampoo Brunettes 200ml,
30173576,1,makeup,concealer,True,L'Oreal Concealer Infallible Ivory 322,
30173071,1,makeup,eyeshadow,True,L'Oreal Eyeshadow Color Queen High Potential 9,
7310610024949,1,haircare,shampoo,True,Sunsilk Shampoo Herbal Happiness 250ml,
3600531629106,1,makeup,mascara,True,Maybelline Mascara Falsies Lash Lift Extra Black,
3600522218791,1,makeup,mascara,True,L'Oreal Mascara Volum Million Lashes Excess,
8710908689222,1,skincare,face wash,True,Neutral Face Wash 150ml,
3600521365939,1,makeup,gloss,True,Casting Creme Gloss 323 Choc Noir,
3600531543310,1,makeup,lipstick,True,Maybelline Color Sensat.Lipstick Made for Me Mauve,
3600531516765,1,haircare,pomade,True,Maybelline Brow Tattoo Pomade Taupe 1,
3600531516758,1,haircare,pomade,True,Maybelline Brow Tattoo Pomade Dark Brown 5,
3600531589363,1,makeup,lipstick,True,Maybelline Lipstick Color Sense Flush Punch 222,
3054080007654,1,makeup,eyeliner,True,Eyeliner Super Brun Profond Performance,
4005900785862,1,makeup,cleansing wipe,True,Nivea Wipes Natural Good Cleansing Wipes 25stk,
8001841004327,1,haircare,shampoo,True,Head & Shoulder Shampoo Supreme Moisture 225ml,
3600531632427,1,makeup,foundation,True,Maybelline Foundation Superstay 30h Light Bisque,
8717163742815,3,skincare,shower gel,True,Shower Gel Deeply Nourishing 450 ml,
8710447211052,2,haircare,shampoo,True,Tresemme Shampoo Botanique Nourish Replenish 400ml,
8904109400773,1,skincare,shower gel,True,Patanjali Soundarya Shower Gel,
60217318,1,haircare,conditioner,True,Banana hair food conditioner,
3549620033090,1,skincare,lait corps,True,Lait corps nourrissant huile d'argan,
3574660200775,2,skincare,body lotion,True,Aveeno Daily Moisturising Body Lotion Fragrance Free Sensitive Skin 354mL,
3401575390447,1,skincare,micellar,True,Micellar Water,
3574669907767,2,haircare,shampoo,True,johnsons baby shampoo,
8714789762906,1,skincare,deodorant,True,Deodorant,
8693495033985,1,skincare,bar soap,True,Palmolive Naturals - Moisture Care - olive & milk bar soap,
3256228666819,1,skincare,savon,True,savon soin,
7610747900148,1,skincare,savon,True,savon a la glycérine,
3600530941278,1,makeup,primer,True,Maybelline primer,
0030772011683,1,skincare,body wash,True,Body Wash,
0098132572243,1,skincare,face wash,True,Face Wash,
0667555453905,1,skincare,body wash,True,Aromatherapy Eucalyptus & Spearmint body wash,
4066447054538,1,haircare,shampoo,True,balea med shampoo,
9300663464227,1,haircare,shampoo,True,sunilk shampoo,
5902751459630,1,haircare,conditioner,True,Nail conditioner,
3600522097303,1,makeup,mascara,True,L'Oreal Mascara Telescopic Magnetic Black,
3600531363864,1,makeup,lipstick,True,Color Sensational Lipstick Smokey Rose 987,
3600531589400,1,makeup,lipstick,True,Maybelline Lipstick Color Sense Coral Rise 344,
7046110048436,1,haircare,shampoo,True,Define Dry Shampoo Weightless 200ml,
4005900784322,1,skincare,body lotion,True,Nivea Body Lotion Aloe Vera 200ml,
3600531589462,1,makeup,lipstick,True,Maybelline Lipstick Color Sense Brick Beat 122,
30178564,1,makeup,mascara,True,L'Oreal Mascara Falsh Lash Bambi Eye Extra Black,
3600531632410,1,makeup,foundation,True,Maybelline Foundation Superstay 30h N.Beige,
3600531537289,1,makeup,blush,True,Maybelline Blush Fit Me Peach 40,
7340011315230,1,haircare,shampoo,True,Änglamark Shampoo 200ml,
5410076514366,1,haircare,shampoo,True,Shampoo Miracle Moist 500 ml,
3600542196925,1,skincare,toner,True,Garnier Bio Toner Thyme Skin Perfecting 150ml,
3600531369026,3,makeup,foundation,True,Maybelline Foundation Matte&Poreless Warm Beige128,
4005900346476,1,skincare,shaving,True,Nivea Men Protect & Care Shaving Gel 200ml,
30173590,1,makeup,concealer,True,L'Oreal Concealer Infallible Oatmeal 324,
3600522616252,1,makeup,mascara,True,L'Oreal Mascara Million Lashes So Couture,
3600520986531,1,makeup,gloss,True,Casting Creme Gloss 645 Ambre,
3600531632540,1,makeup,foundation,True,Maybelline Foundation Superstay 30h Fawn,
8710908789380,1,haircare,shampoo,True,Dove Shampoo Restoring Ritual 250ml,
3660005966809,1,skincare,lait corps,True,lait corps,
4005900100115,2,makeup,makeup remover,True,Nivea Double Effect Eye Makeup Remover 50ml,
7310610021207,1,skincare,body lotion,True,Sunsilk Body Lotion Bright Blossom 20ml,
3600520986371,1,makeup,gloss,True,Casting Creme Gloss 200 Noir Ebene,
5710404934102,1,haircare,shampoo,True,Jan Thomas Shampoo Volume 250ml,
3600531537425,1,makeup,blush,True,Maybelline Blush Fit Me Berry 55,
3600520986425,1,makeup,gloss,True,Casting Creme Gloss 415 Marron Glace,
3600531579050,1,makeup,lipstick,True,Maybelline Lipstick Superst. Matte Ink Double Shot,
3600522401032,1,haircare,shampoo,True,Elvital Shampoo Color Vive 500ml,
30173613,1,makeup,concealer,True,L'Oreal Concealer Infallible More than Vanilla 326,
0072140633820,3,skincare,hand cream,True,Advanced Repair Hand Cream,
8410412100076,3,skincare,serum,True,Vitamin c serum,
3760100682649,4,skincare,gel douche,True,Gel Douche Huile Precieuse,
0190679000088,1,skincare,essence,True,herbal essences,
5028197868994,1,skincare,hand cream,True,Hemp Hand Cream,
5060565101814,1,skincare,serum,True,Nourishing serum,
0893400002084,1,skincare,lip balm,True,Peppermint lip balm,
0086800870258,1,skincare,sunscreen,True,sport face oil-free lotion sunscreen 70,
20303693,2,haircare,shampoo,True,Nulacta,shampoo
7501199418346,1,haircare,shampoo,True,Pert shampoo,
30142442,3,makeup,eyeliner,True,Master Inc Eyeliner Matte Black Waterproof,
4025089080053,1,haircare,shampoo,True,Jeden Tag Shampoo extra sensitiv,
0792850136991,3,skincare,lip balm,True,Honey Lip Balm,
38154218,3,haircare,shampoo,True,Miracle Curls Shampoo,
8588006036961,1,skincare,lip balm,True,Lip balm aloe and lime,
0074182473518,1,skincare,body wash,True,body wash,
0071249377512,4,skincare,serum,True,Revitalift 1.5% Pure Hyaluronic Acid Serum for Face,
8809479166444,2,skincare,sheet mask,True,Rose sheet mask,
0011111634640,2,skincare,body wash,True,Shea Butter & Warm Vanilla Shower Foam Body Wash,
8809479166499,2,skincare,essence,True,Snail essence mask,
5011321594388,1,haircare,conditioner,True,Conditioner,
06039307,1,skincare,essence,True,herbal essences,
3700281702415,1,skincare,nettoyant,True,topicrem gel nettoyant,
0381370012979,2,skincare,body wash,True,Daily moisturizing body wash,
3600522774570,1,makeup,blush,True,L'Oreal True Match Blush Peach,
3600522405115,1,makeup,gloss,True,Casting Creme Gloss 554 S.Choco,
3600521987711,1,makeup,gloss,True,Casting Creme Gloss 513 Lys Beigbrun,
3474636920204,1,haircare,shampoo,True,Extreme Shampoo,
30171336,1,makeup,concealer,True,Maybelline Concealer Fit Me Nude 08,
3600521846292,1,makeup,mascara,True,L'Oreal Million Lashes Mascara Extra Volume Brown,
30161955,1,makeup,mascara,True,L'Oreal Mascara Volume Million Lashes Balm Noir,
3600542081214,3,skincare,micellar,True,Garnier Micellar Water 100ml,
30173378,1,makeup,eyeshadow,True,L'Oreal Eyeshadow Color Queen Iconic 39,
3600522774525,1,makeup,blush,True,L'Oreal True Match Blush Golden Amber,
3600530880034,1,makeup,foundation,True,Maybelline Fit Me Foundation Luminous+Smooth Natural Ivory,
3600531609757,1,makeup,gloss,True,Maybelline Color Sense Lifter Gloss Amber 7,
3600530746514,1,makeup,foundation,True,Foundation Fit Me Classic Ivory,
3600531543358,1,makeup,lipstick,True,Color Sensational Lipstick Made for All for Me 382,
3600530958221,1,makeup,lipstick,True,Color Sensational Lipstick Tantalizing Taupe 725,
3600531609702,1,makeup,gloss,True,Maybelline Color Sense Lifter Gloss Crystal 10,
3600531516734,1,haircare,pomade,True,Maybelline Brow Tattoo Pomade Medium 3,
3600531632373,1,makeup,foundation,True,Maybelline Foundation Superstay 30h Classic Nude,
3600531369361,1,makeup,foundation,True,Maybelline Foundation Matte&Poreless Fair Ivory102,
3600531609689,1,makeup,gloss,True,Maybelline Color Sense Lifter Gloss Pearl 1,
3600531224516,1,makeup,lipstick,True,Color Sensational Lipstick Divine Wine 975,
3600531453435,1,makeup,foundation,True,Maybelline Foundation Mat.&Porel.Fair Porcelain,
3600531589356,1,makeup,lipstick,True,Maybelline Lipstick Color Sense Rosey Risk 211,
3600531589387,1,makeup,lipstick,True,Maybelline Lipstick Color Sense Pink Thrill 266,
3600531589332,1,makeup,lipstick,True,Maybelline Color Sense Lipstick Bare Reveal 177,
7046110069677,1,skincare,body lotion,True,Dr Greve Aloe Vera Body Lotion 200ml,
3600520986487,1,makeup,gloss,True,Casting Creme Gloss 550 Acajou,
3600531609740,1,makeup,gloss,True,Maybelline Color Sense Lifter Gloss Reef 6,
3600530803873,1,makeup,brow pencil,True,Maybelline Master Eye Brow Pencil Soft Deep Brown,
3600521987704,1,makeup,gloss,True,Casting Creme Gloss 412 Beigebrun,
3600531369484,1,makeup,foundation,True,Maybelline Foundation Matte&Poreless Nat.Tan 320,
3600521605936,1,skincare,shaving,True,Men Expert Shaving Gel Hydra Sensitive 20ml,
3600520986500,1,makeup,gloss,True,Casting Creme Gloss 600 Blond Fonce,
3600521345863,1,makeup,mascara,True,Mascara Performance Double Extension Beauty Thear,
3600530746613,1,makeup,foundation,True,Foundation Fit Me Sun Beige 250,
0803954303292,1,haircare,shampoo,True,sirius groom shampoo,
8710908236143,1,skincare,shower gel,True,Radox Feel Awake Shower Gel,
3600530746620,1,makeup,foundation,True,fit me foundation,
3600531561284,1,makeup,concealer,True,Maybelline Concealer Instant Eraser Warm Light 115,
30173323,1,makeup,eyeshadow,True,L'Oreal Color Riche Color Queen Gilded Eyeshadow,
0875010001756,1,haircare,shampoo,True,prosilk salon essential oil infused moisturizing shampoo,
3600530746538,1,makeup,foundation,True,Maybelline Foundation Fit Me Lum&Smooth Buff Beige,
0621732300017,1,haircare,shampoo,True,marc anthony argan shampoo,
0605592105739,1,haircare,shampoo,True,nexxus therappe ultimate moisture shampoo,
3600531589448,1,makeup,lipstick,True,Maybelline Color Sense Lipstick Hot Chase 333,
8030976025426,1,haircare,shampoo,True,keratin shampoo,
7310181582190,1,haircare,shampoo,True,Gliss Shampoo Total Repair 250ml,
5291375000220,1,haircare,shampoo,True,Hegenol haircare shampoo,
3600531605643,1,makeup,lipstick,True,Maybelline Lipstick Superstay Matte Ink Mover 160,
3600531632489,1,makeup,foundation,True,Maybelline Foundation Superstay 30h Warm Nude,
3600531589349,1,makeup,lipstick,True,Maybelline Color Sense Lipstick Rose Embrace 200,
3600531369477,1,makeup,foundation,True,Maybelline Foundation Matte&Poreless Mocha 360,
3600531324902,1,makeup,foundation,True,Maybelline Foundation Fit Me Caramel 350,
3600530559329,1,makeup,lipstick,True,Maybelline Color Sense Lipstick Sweet Pink 132,
3600521189269,1,makeup,gloss,True,Casting Creme Gloss 535 Chocolat,
0803954302257,1,haircare,shampoo,True,avon elastine dry shampoo,
0764302015338,2,haircare,shampoo,True,shea moisture daily hydrating shampoo w/coconut milk and acacia senegal,
3600530746545,1,makeup,foundation,True,Foundation Fit Me Buff Beige 130,
0812154034721,1,haircare,shampoo,True,Native Candy Cane Shampoo,
0080878195251,1,haircare,shampoo,True,Pantene Daily Moisture Shampoo,
3600530746583,1,makeup,foundation,True,Maybelline Foundation Fit Me Lum.&Smooth Med. Buff,
0022796910912,1,haircare,shampoo,True,coconut milk shampoo,
0085239930649,1,haircare,shampoo,True,honey oat shampoo,
0041520864987,1,skincare,body wash,True,body wash,
0810021201177,2,skincare,toner,True,"Witch hazel facial toner, rose water",
0055451000970,2,haircare,conditioner,True,Tresemme Conditioner,
8809565307119,1,skincare,sheet mask,True,sheet mask,
7340011321514,1,haircare,shampoo,True,X-tra Shampoo 500ml,
0079400835000,1,skincare,body wash,True,body wash,
3600530559497,1,makeup,lipstick,True,Maybelline Color Sensational Lipstick Magic Mauve,
0681131050029,1,skincare,body wash,True,body wash,
0810005282215,1,haircare,shampoo,True,WOW skin science apple cider vinegar shampoo,
30173156,1,makeup,eyeshadow,True,L'Oreal Eyeshadow Color Queen Dont't Stop Me 17,
0688047131316,1,haircare,conditioner,True,Not your mothers anti freeze  smooth moves conditioner,
0190679005168,1,haircare,conditioner,True,Rose Hips Conditioner,
0764302016397,2,haircare,conditioner,True,shea moisture daily hydrating conditioner,
7046110048177,2,haircare,shampoo,True,Define Dry Shampoo Original 200ml,
0840044707011,1,skincare,body lotion,True,Evolution of smooth shea better 24H moisture body lotion,
0083078005238,3,haircare,pomade,True,"Carmex Leppepomade Stick 4,25g",
8901526005208,2,skincare,face wash,True,Garnier Skin Naturals Vitamin C Face Wash,
8001841410739,1,haircare,shampoo,True,Head&Shoulder Shampoo Deep Hydration Coconut 250ml,
8001090719126,1,haircare,shampoo,True,Aussie Shampoo Miracle Moist 90ml,
8964001078685,1,skincare,face wash,True,face wash,
0041520035585,1,skincare,body wash,True,body wash,
3600530559923,1,makeup,lipstick,True,Maybelline Color Sensational Lipstick Choco Cream,
4005900283252,3,makeup,cleansing wipe,True,NIVEA Sensitive Cleansing Wipes 25 stk,
3600542318297,1,haircare,shampoo,True,Fructis Shampoo Hair Food Aloe Vera 350ml,
0630606640432,1,haircare,shampoo,True,Car wash shampoo sun,
0015228134109,1,haircare,conditioner,True,Apgogee Provitamin Conditioner,
4061463593023,2,haircare,shampoo,True,lacura anti-dandruff moisture shampoo,
0812459021242,1,makeup,gloss,True,Glossier Body Hero Daily Perfecting Cream,
0884486452986,1,haircare,shampoo,True,Shampoo,
0041167043707,1,skincare,hand cream,True,gold bond hand cream,
0667558549919,1,skincare,hand soap,True,purfext pumpkin bath and body hand soap,
5060130443530,1,skincare,shower gel,True,Reviving shower gel,
8001841004358,1,haircare,shampoo,True,Head & Shoulder Shampoo Supreme Repair 225ml,
0096619042319,2,haircare,conditioner,True,Kirkland Moisture Conditioner,
5391532522319,1,haircare,shampoo,True,luna shampoo,
3760091902290,1,skincare,hand cream,True,insitut karite hand cream,
0022400393650,2,haircare,shampoo,True,TRESemmé Moisture Rich Shampoo,
8437017753162,1,skincare,hand cream,True,Repairing Hand Cream,
0811068011583,1,skincare,body wash,True,dr teals body wash,
0012044046081,1,haircare,shampoo,True,old spice lavender shampoo,
0857843008720,1,skincare,face mask,True,love hemp Uncle Bud's organic hemp oil rose gold face mask,
8714789913865,3,skincare,deodorant,True,Sanex Dermo 24h deodorant,
5045097777027,1,skincare,hand cream,True,boots hand cream,
0041520867957,1,skincare,body wash,True,body wash,
988010630504861790,1,haircare,conditioner,True,curl therapy conditioner wash,
0803954302059,1,haircare,shampoo,True,dr groot shampoo,
0036800339071,1,skincare,body wash,True,top care  sensitive skin nourishing body wash,
7937378068536,1,skincare,face wash,True,Elibliss ubtan face wash,
07940736,3,haircare,shampoo,True,Dove shampoo,
0190679004789,1,skincare,body wash,True,Hair & Body Wash,
0603084491254,2,haircare,shampoo,True,Garnier fructis shampoo,
8429421444118,2,haircare,shampoo,True,Frizz control shampoo,
0066400172815,2,haircare,conditioner,True,Total Miracle 3 Minute Miracle Conditioner w/ Apricot,
0037000790907,1,haircare,conditioner,True,Old Spice Beard Conditioner,
0792850110007,1,skincare,lip balm,True,lip balm,
0884486226761,2,haircare,shampoo,True,shampoo,
5012874101627,2,makeup,bronzer,True,Rimmel Natural Bronzer,
8809479161999,2,skincare,sheet mask,True,Deep cleansing sheet mask,
0667555509497,1,skincare,body cream,True,b&bw champange toast body cream,
0812154034943,1,skincare,body wash,True,Native body wash,
5397256349409,1,makeup,lipstick,True,Primark Red Lipstick,
9346627000209,1,haircare,shampoo,True,shampoo,
0079400488862,1,haircare,shampoo,True,suave lemongrass & ginger shampoo,
0071164343135,1,haircare,shampoo,True,charcoal shampoo,
0792850164000,1,skincare,lip balm,True,Moisturizing Lip Balm,
4021457634019,1,haircare,conditioner,True,Conditioner Basis Sensitiv Feuchtigkeit & Pflege,
0079400485182,1,haircare,shampoo,True,suave catus shampoo,
4064666036267,2,haircare,shampoo,True,wella elements shampoo,
0855553005305,1,haircare,shampoo,True,SoCozy kids Curl Shampoo,
0886284901147,1,haircare,shampoo,True,pet head coconut shampoo,
3797970110996,1,skincare,lip balm,True,burts bee lip balm,
0681131412063,1,skincare,body wash,True,Body Wash,
0022796901217,2,haircare,conditioner,True,Coconut Miracle Oil conditioner,
0381519039300,2,skincare,essence,True,herbal essences mousse,
7798317822837,2,makeup,blush,True,Blusher,
7896018700307,3,haircare,shampoo,True,Shampoo,
5057172099047,2,skincare,cleanser,True,Vitamin C Facial Gel Cleanser,
0079400470874,2,haircare,shampoo,True,suave professionals rosemary and mint shampoo,
0081555660147,3,makeup,lipstick,True,lipstick hydrating,
0667555509459,1,skincare,shower gel,True,b&bw champange toast shower gel,
8902979002035,1,haircare,shampoo,True,Chik shampoo,
0030772166598,1,haircare,shampoo,True,shampoo,
00898311,1,makeup,foundation,True,Covergirl Trueblend Hydrating Foundation,
15217158,1,haircare,shampoo,True,ocean shampoo,
12777046,1,haircare,shampoo,True,ocean shampoo,
0022400639130,2,haircare,conditioner,True,Conditioner,
08228895,1,haircare,shampoo,True,shampoo,
0021130746583,1,skincare,body wash,True,signature care sensitive skin body wash,
8850006533000,1,skincare,shower gel,True,Body Wash Shower Gel Naturals Milk & Honey 1L,
8901138512187,1,skincare,face wash,True,HIMALAYA NEEM.FACE WASH 50ML,
05771127,1,haircare,shampoo,True,shampoo,
0079400468277,5,skincare,antiperspirant,True,even tone rejuvenating blossom antiperspirant,
3560071421175,1,skincare,savon,True,Savon de Marseille en paillettes,
8809581074767,2,skincare,toner,True,I'm from Rice Toner,
8001090662057,3,haircare,shampoo,True,SHAMPOO,
07484414,1,skincare,face mask,True,superdrug tropical cocktail face mask,
0036800064478,1,skincare,body wash,True,Top Care Deep moisturizing nourishing body wash,
4005900512192,1,skincare,body lotion,True,Body lotion,
9005800352220,1,skincare,deodorant,True,Fresh active deodorant,
3574661684918,1,haircare,conditioner,True,Kids Conditioner,
9005800273389,1,skincare,cleanser,True,Nivea 5n1 cleanser 2yrs prod,
8904256000956,2,skincare,shower gel,True,Nivea shower gel,
8998866108867,1,skincare,deodorant,True,posh deodorant blue,
6281006534933,1,haircare,shampoo,True,shampooing botanix nourish tresemmé,
0080878195633,1,haircare,shampoo,True,pantrne classic clean shampoo and conditioner,
7340011315261,1,haircare,shampoo,True,Shampoo 2in1,
8901138508166,1,skincare,body lotion,True,himalaya nourishing body lotion 400 ml,
6291103988515,1,haircare,conditioner,True,Shea Hair Conditioner 2yrs prod,
8904281900450,1,haircare,shampoo,True,SHINOL Herbal shampoo,
0079400002105,1,haircare,shampoo,True,dove shampoo,
0603084545261,1,haircare,shampoo,True,shampooo,
0792850660779,1,skincare,lip balm,True,Shea + Passionfruit Lip Balm in Paper Tube,
4897083800179,1,haircare,hair mask,True,water collagen hair mask,
8834000024214,1,skincare,deodorant,True,Deodorant roll on,
4008666750389,1,haircare,shampoo,True,Shampoo,
4311501795538,1,haircare,shampoo,True,Shampoo,
6010659994906,1,haircare,shampoo,True,Bio Vegan Rosmarin Shampoo mit Biotin,
8436097096060,1,haircare,shampoo,True,Family shampooing fresh délice,
0884486453617,1,haircare,shampoo,True,Scalp Relief Shampoo,
0815600029272,1,skincare,lip balm,True,Izme lip balm oil,
0041388007816,1,skincare,lip balm,True,Blistex regular lip balm,
12094585,1,skincare,lip balm,True,Burts bees lip balm,
8001280049989,1,skincare,lip balm,True,Labrosan lip balm,
00813745,1,skincare,lip balm,True,Chap Ice Kiwi Lime Lip Balm,
2200281138364,3,makeup,primer,True,Glow Primer,
2000000151844,1,skincare,serum,True,Counter+ All Bright C Serum,
2000000151845,1,skincare,sunscreen,True,Native Unscented Mineral Sunscreen SPF 30,
2000000151846,1,makeup,mascara,True,Limitless Lash Mascara,
2000000151848,1,skincare,sunscreen,True,Clear Zinc Mineral Sunscreen SPF 40,
2000000151850,1,skincare,sunscreen,True,Sensitive Mineral Sunscreen SPF 30,
2000000151854,1,skincare,sunscreen,True,Green Defense Daily Mineral Sunscreen SPF 30,
2000000151855,1,skincare,sunscreen,True,Baby Face Mineral Sunscreen SPF 40,
2000000151857,1,skincare,sunscreen,True,Mineral Sunscreen Stick SPF 30,
8903105020473,1,skincare,body lotion,True,Yardley London body lotion lavender 400ml,
4015100292152,1,haircare,shampoo,True,schauma shampoo,
7702277074663,1,haircare,shampoo,True,shampoo bebe cuidado,
8901030705847,1,haircare,shampoo,True,shampoo,
6281006438804,1,haircare,shampoo,True,Clear Shampoo,
6281006424647,2,haircare,shampoo,True,Sunsilk Shampoo,
3600542563895,2,haircare,shampoo,True,Color shampoo,
7310181582138,1,haircare,shampoo,True,Gliss Shampoo Color Protect 250ml,
8001090263070,1,haircare,shampoo,True,Head & Shoulder Shampoo Instant Dry Scalp 250ml,
8710447365489,1,haircare,shampoo,True,Love Beauty & Planet Shampoo Hope & Repair 400ml,
30175570,1,makeup,concealer,True,Maybelline Concealer Superstay 24H Medium 25,
3600530746576,1,makeup,foundation,True,Foundation Fit Me Natural Beige 220,
3600531589325,1,makeup,lipstick,True,Maybelline Lipstick Color Sense Copper Charge 166,
70117073,1,haircare,shampoo,True,Define Dry Shampoo Orginal 50ml,
8714789703015,2,skincare,bar soap,True,Bar soap,
6291069651034,4,haircare,hair oil,True,Cactus hair oil,
4015100292091,1,haircare,shampoo,True,Shampoo,
6281006524170,1,haircare,shampoo,True,Dove moisturizing shampoo,
3600542513241,2,skincare,serum,True,Garnier Pure Active Charcoal Serum 30mL,
8720181031632,1,skincare,deodorant,True,Deodorant,
8720181166389,1,haircare,shampoo,True,Axe shampoo,
8906118414215,4,skincare,toner,True,Plum Rice Water & Niacinamide 3% Toner,
3574661681108,1,skincare,savon,True,Savons soin surgras Beurre de karité,
3600542525879,4,haircare,shampoo,True,Après shampooing apaisant hypo allergénique,
0074182290948,5,skincare,hand soap,True,"Liquid Hand Soap Pump, Milk & Golden Honey",
8809733218223,1,skincare,toner,True,Snail Collagen Toner,
3574661750644,1,skincare,savon,True,gel lavant mains au pur-savon et lavande,
5906439040066,1,skincare,lip balm,True,lip balm strawberry aloe shea butter,
0840191600890,3,haircare,conditioner,True,monday conditioner,
3660005139654,1,makeup,correcteur,True,Correcteur couleur,
9000101657593,2,haircare,shampoo,True,Shampoo & balsam,
42417286,4,skincare,creme mains,True,Creme Mains,
6221155130792,1,skincare,body wash,True,Body wash,
8997208072361,1,skincare,sunscreen,True,Hydrasoothe Sunscreen Gel SPF 45 PA ++++,
0663234078650,1,makeup,nail polish,True,Nail Polish,
5029066078520,1,haircare,conditioner,True,Conditioner,
5010724001455,1,haircare,shampoo,True,Trockenshampoo 24h Fresh,
4066447276787,1,haircare,shampoo,True,Trockenshampoo Honululu,
5010724527399,1,haircare,shampoo,True,trockenshampoo,
5010724544099,1,haircare,shampoo,True,Trockenshampoo,
4066447376470,2,haircare,shampoo,True,Trockenshampoo braun,
4316268666008,1,haircare,shampoo,True,Trockenshampoo braun,
4066447068917,1,haircare,shampoo,True,Trockenshampoo coconut,
3600542232616,1,haircare,shampoo,True,Trockenshampoo Coco Water Duft,
6004077101015,1,skincare,serum,True,Gentle magic serum 50mls,
4059729302892,1,makeup,lip gloss,True,Extreme Shine Lip Gloss 101,
8700216437219,5,haircare,shampoo,True,Purple Shampoo,
0609332833753,1,skincare,lip balm,True,Ride or Die Lip Balm,
8436576500804,1,makeup,eyeliner,True,Double eyeliner,
0609332216518,1,makeup,eyeliner,True,elf eyeliner pen,
8436003655565,1,makeup,eyeliner,True,Eyeliner,
0850035716038,1,makeup,eyeliner,True,kulfi eyeliner crayon kajal,
8480000410573,1,makeup,eyeliner,True,Intense eyeliner,
0041554578607,1,makeup,eyeliner,True,Hyper Easy Eyeliner,
0609332813373,3,makeup,eyeliner,True,No Budge Retractable Eyeliner,
3253581286128,3,skincare,hand cream,True,Cherry blossom hand cream,
6281031260425,1,haircare,shampoo,True,Pert deep nourishment shampoo 2yrs prod,
8901030996146,1,haircare,shampoo,True,Dove rescue hair fall SHAMPOO,
3052503603124,1,makeup,primer,True,MATE Primer,
0887167665781,1,makeup,lipstick,True,estee lauder lipstick,
3337875694469,1,skincare,serum,True,Retinol serum B3,
0681131121293,1,skincare,body oil,True,Body Oil Gel,
8700216200905,5,haircare,shampoo,True,Shampooing réparation huile d'argan,
8250722207016,2,skincare,sunblock,True,Advance Sunblock. Face & Body cream,
8414227659491,2,haircare,shampoo,True,amalfi pro hair shampoo,
5901887042006,2,haircare,shampoo,True,Argan & Tsubaki Oil Shampoo,
0883140023418,1,skincare,sunscreen,True,physical fusion uv defense spf 50 sunscreen,
3337875674997,2,skincare,micellar,True,Mineral micellar water,
3337875762908,2,skincare,serum,True,Vichy Mineral 89 serum 30ml,
3337875795456,3,skincare,cleanser,True,SA Smoothing Cleanser,
3337875787192,1,haircare,shampoo,True,Dermatological shampoo,
3337875660570,1,skincare,serum,True,vitamina c serum 10,
8901088054973,1,haircare,hair oil,True,Parachute Gold Hair Oil,
8901088069724,1,haircare,hair gel,True,Set wet sport extreme hair gel,
8901088064576,3,skincare,body lotion,True,parachute body lotion coconut milk & honey 400ml,
8901088022514,1,haircare,hair cream,True,Parachute gold natural shine hair cream,
8901088076104,4,haircare,hair oil,True,Jasmine,Hair Oil
8901088064644,1,skincare,body lotion,True,Body Lotion,
0062600316646,2,skincare,body wash,True,Restorative Skin Therapy Sulfate-Free Body Wash,
8700216155991,1,haircare,shampoo,True,Shampooing Classic 2en1 Anti-Pellicullaire,Shampooing
3378872187981,3,skincare,lait corps,True,Lait corps hydratant,
0639277319289,1,makeup,nail polish,True,Nail polish 948,
7909189190478,1,skincare,serum,True,Serum nutrición absoluta,
3600551154985,1,skincare,deodorant,True,deodorant,
3600551033242,1,skincare,body lotion,True,Hyaluro Fresh Body Lotion,
3600551053707,1,skincare,gel douche,True,Gel douche hydratant Grenade des Açores,
3600521230435,1,makeup,gloss,True,L'Oreal Cream Gloss 2yrs prod,
0850533003654,1,makeup,gloss,True,gloss moderne,
8994452390289,1,makeup,gloss,True,BASE - GLOSS  & GO LIP TINT,
0850006928040,1,makeup,lip gloss,True,Lip Gloss Candy,
0818324024950,1,makeup,gloss,True,Winky gloss pH gloss,
6970802592123,1,makeup,lip gloss,True,qibest matte lip gloss,
4066447365641,1,haircare,shampoo,True,After sun shampoo,
4005800098833,1,skincare,body lotion,True,Nivea Rich Firming Q10 + Vitamin C Body Lotion 400mL,
4005800238963,3,skincare,sunscreen,True,sunscreen,
3264680034534,2,makeup,correcteur,True,Nuxuriance Ultra Le Soin Mains Correcteur de Taches,
20009922,2,makeup,eyebrow,True,eyebrow styler,
0056594014169,1,skincare,cleanser,True,Eucerin Aquaphor Cleanser Wash & Shampoo,
5045098681170,1,skincare,serum,True,Hyaluronic Acid Serum,
4005900786470,5,skincare,serum,True,LUMINUS Serum,
4005900973924,1,skincare,serum,True,Derma Skin Clear Nacht Peeling Serum,
4005900583116,1,makeup,lipstick,True,Labello Lipstick Crayon Red,
4005900583079,1,makeup,lipstick,True,Labello Lipstick Crayon Nude,
4005900522023,1,skincare,shower gel,True,Nivea Men Deep Clean Shower Gel 250ml,
4005900195708,1,skincare,face wash,True,Purifying Face Wash,
8809913830177,1,skincare,eye cream,True,SKIN1004 Madagascar Centella Probio-Cica Bakuchiol Eye Cream,
3401360148222,2,skincare,gel douche,True,Gel douche surgras visage corps cheveux,
3250391571642,1,skincare,lait corps,True,Lait corps Réparateur,
21728242,1,haircare,shampoo,True,Trockenshampoo,
4305615651453,1,skincare,booster,True,Gesichtsmaske Hydro Booster,
8001841208770,1,haircare,shampoo,True,Head & Shoulders Shampoo Apple Fresh 2x280ml,
8001090263032,1,haircare,shampoo,True,Head & Shoulders Shampoo 2I1 Classic Clean 250ml,
8001090429827,1,haircare,shampoo,True,Head & Shoulders Shampoo Apple Fresh 280ml,
8001090639738,1,haircare,shampoo,True,Head & Shoulder Shampoo Deep Cleansing 225ml,
8001090195852,1,haircare,shampoo,True,Head & Shoulders Shampoo Classic Clean 2x280ml,
8001090639585,2,haircare,shampoo,True,Head & Shoulder Shampoo Men Ultra Total Care 225ml,
8001090384034,1,haircare,shampoo,True,Head & Shoulder Shampoo Classic Clean 90ml,
3661467000704,1,skincare,nettoyant,True,mousse nettoyante,
4056489128274,1,haircare,shampoo,True,"Nature's best, shampoo",
3600551100791,3,skincare,lait corps,True,Lait corps hydratant,
8411135008755,5,skincare,lait corps,True,Lait Corps Nourrissant pour (Peau Normal-sèche) - 250 ml,
3474636505654,2,haircare,shampoo,True,Professionnel Serie Expert - Density Advanced Omega 6 Bodifying Shampoo,
50991303,1,haircare,hairspray,True,Satin extra strength hairspray 75ml,
3610340662775,1,skincare,serum,True,L'Oreal Paris glycolic bright serum,
3760100685145,1,haircare,shampoo,True,shampooing amande,
3760157090558,1,skincare,savon,True,Savon d’Alep,
3760061222984,1,skincare,savon,True,Savon d’Alep huile de nigelle,
3517360019681,2,skincare,lait corps,True,Lait corps EXTRA DOUX,
6978534101088,1,makeup,setting spray,True,Makeup setting spray,
3600542461870,5,haircare,shampoo,True,Ultra Doux Shampoo,
0764302231547,4,haircare,conditioner,True,Shea Moisture Manuka Honey & Yogurt Conditioner,
42219439,1,skincare,lip balm,True,eucerin lip balm,
0010181000089,1,skincare,lip balm,True,Lip Balm Cocoa Butter Formula,
0792850900936,2,skincare,lip balm,True,Cucumber Mint Moisturizing Lip Balm,
0079656046625,1,skincare,sunscreen,True,banana boat sunscreen lip balm,
5045273864220,1,skincare,lip balm,True,tresspass strawberry lip balm,
0724742008369,1,skincare,lip balm,True,Alba Passion Fruit Lip Balm,
0888761000138,1,skincare,lip balm,True,moisture therapy lip balm,
0792850892293,1,skincare,lip balm,True,Vanilla bean lip balm,
0840044700845,1,skincare,lip balm,True,Super Soft Shea Lip Balm,
3616305448422,2,skincare,shower gel,True,Magic Man Shower Gel,
9000101658309,1,haircare,conditioner,True,conditioner with MATCHA TEA,
0615908429824,1,haircare,shampoo,True,Shampoo,
8719134163582,1,haircare,shampoo,True,Shampoo,
3560070922178,1,skincare,gel douche,True,Shampooing gel douche parfum cèdre,
8906087772491,2,haircare,hair oil,True,mamaearth ONION HAIR OIL,
0022400623924,3,haircare,hairspray,True,Heat Protecting Hairspray Keratin Smooth for Taming Frizz & Reducing,
8411061056769,1,makeup,blush,True,Carolina Herrera Good Girl Blush - Eau de Parfum    50ml,
6928609066156,1,makeup,primer,True,perfecting primer,
0681131224000,1,haircare,laque,True,equate antiplaque whitenimg toothpaste,
4066447107357,1,haircare,shampoo,True,shampoo,
4005900014771,1,skincare,body lotion,True,body lotion,
4005900011817,1,skincare,body lotion,True,nivea body lotion,
8719134171952,1,skincare,body lotion,True,Body Lotion mouse,
8719134171617,1,skincare,body lotion,True,Sakura Body lotion mouse,
8719134160826,1,skincare,shower gel,True,Harmonising foaming shower gel - The Ritual of Ayurveda,
8719134162844,1,haircare,hair mask,True,Hair mask,
8719134152883,1,skincare,body lotion,True,Body Lotion,
8719134161120,1,skincare,shower gel,True,shower gel mouse,
7897515655411,2,haircare,shampoo,True,Episoothe shampoo,
4335619057920,1,skincare,hand soap,True,Hand soap,
0024131482719,1,haircare,shampoo,True,ogx shampoo,
8680801502907,1,haircare,shampoo,True,baby shampoo,
6111079005095,1,haircare,shampoo,True,baby shampoo,
1005025151057,1,skincare,face wash,True,Goree face wash,
8906012844903,1,skincare,sunblock,True,sunblock cream,
8906012844958,1,makeup,foundation,True,Foundation sunblock,
8906155510345,1,haircare,shampoo,True,papaya jasood shampoo,
8809541199950,1,skincare,serum,True,purederm facial serum 2yrs prod,
0667537860530,1,skincare,body lotion,True,bath body lotion,
8902979027724,1,haircare,shampoo,True,anti dandruff shampoo,
5060489794161,1,skincare,toner,True,Brightening toner,
6942349737398,1,skincare,eye cream,True,rice raw pulpo eye cream,
3532663067061,1,makeup,rouge à lèvres,True,rouge à lèvres,
8906110132636,1,skincare,toner,True,Natural Ceremide Toner The moms co,
3600524135690,1,makeup,gloss,True,Glycolic Gloss,
8714789880556,3,haircare,shampoo,True,shampoo con aloe vera palmolive,shampoo
0840044706915,1,skincare,hand cream,True,Shea better ultra dream hand cream,
0890650593542,1,skincare,body wash,True,Banjara's Aloe Vera Body Wash,
3760100682786,1,skincare,gel douche,True,gel douche,
6529620373836,1,makeup,lipstick,True,lipstick,
3596710552542,5,skincare,gel douche,True,Gel douche parfum amande,Gel douche parfum amande
3250391444175,3,haircare,shampoo,True,Shampooing très doux,Shampooing
4006000091990,1,skincare,lait corps,True,Lait Corps Nourissant 72h,
3600542462983,1,haircare,conditioner,True,Ultimate Blends Reconstructing Conditioner,
5045098750029,1,makeup,cleansing wipe,True,Sensitive Skin Cleansing Wipes,
4005808278268,1,skincare,body lotion,True,Nivea express hydration  body lotion,
3574661527925,2,skincare,hand cream,True,Hand Cream,
7707232173764,1,skincare,body wash,True,Smooth &renew body wash,
3600550944365,1,haircare,laque,True,Extrême laque,
3574661678368,1,skincare,savon,True,Savon,
8714100019801,1,skincare,deodorant,True,Xtra cool (deodorant),
8719238028244,1,haircare,conditioner,True,Conditioner restoring broken hair bonds,
6976623802281,1,skincare,eye cream,True,retinol eye cream stick,
8904256009966,1,skincare,body lotion,True,Body lotion with Aloe Protection,
8809624507009,1,skincare,sheet mask,True,Mirabelle sheet mask,
8714319236198,1,skincare,body butter,True,Therme Zen White Lotus Bodybutter,Geef je huid een ultieme zijdezachte verrijking met Therme Zen White Lotus Body Butter. De subtiele inspirerende geur van de witte lotus zorgt ervoor dat je lichaam en geest de perfecte balans bereikt.
3519590214393,3,skincare,savon,True,Savon de Marseille olive (vert) - Etui + film recyclable 600g,
5060489796189,2,skincare,toner,True,Hydrating Milky Toner,
8904417307269,1,skincare,sunscreen,True,1% hyaluronic sunscreen Aqua gel,
4103040895530,1,skincare,face wash,True,sebamed face wash,
8901088064590,2,skincare,body lotion,True,Parachute Body Lotion 400ml liquid,
8436097096299,1,skincare,deodorant,True,Deodorante 48H Olio di mandorle dolci,
3517360027761,1,makeup,correcteur,True,Sérum correcteur éclat,
4059729446794,2,makeup,blush,True,Blush Crush,
3666057216503,1,skincare,cleanser,True,Hydrating Gentle Foaming Cleanser,
0850001316736,2,skincare,toner,True,Toner,
8540661537436,1,haircare,shampoo,True,Shampooing Nutrition Intense,
0088010393077,1,makeup,correcteur,True,Sérum correcteur éclat,
5901887002123,2,skincare,hand cream,True,Olive oil hand cream,
9000101207453,1,haircare,shampoo,True,Anti Fett Shampoo,
5901887028949,1,skincare,hand cream,True,Hand cream,
4015100190465,1,haircare,hairspray,True,Hairspray,
3616303185855,1,makeup,lip liner,True,Lip liner,
4059729447036,1,makeup,concealer,True,I Love flawless skin concealer,
8809115021793,1,skincare,serum,True,Hamel Pure Shot Serum,
9310692429241,1,haircare,conditioner,True,Conditioner,
2000004089221,1,skincare,serum,True,serum be beauty ácido hialuronico 30ml,
3474636628902,1,haircare,shampoo,True,Shampooing neutralisant pour blonds froids Açai Polyphenols Blondifier Cool,
8001841208701,1,haircare,shampoo,True,Spray Après-Shampooing,
4059729302915,3,makeup,lip gloss,True,Extreme Shine Lip Gloss 103,
3760100203783,3,haircare,shampoo,True,shampooing monoi 1l,
3701129807835,3,skincare,cleansing oil,True,SENSIBIO CLEANSING OIL 150ml,
3346029995048,3,skincare,savon,True,savon de Marseille,
3600551142210,1,haircare,shampoo,True,Shampooing karité,Shampooing
3560071421625,1,haircare,shampoo,True,Shampooing purifiant thé vert/argile,
3250392602840,1,haircare,shampoo,True,Shampooing familial 2en1,Shampooing
8714789733012,2,haircare,shampoo,True,Palmolive men body hair face shampoo-gel,
8001841636160,1,haircare,shampoo,True,Pantene Shampoo 675 Ml. Regeneriert E Schützt e,
8904035422092,1,skincare,body lotion,True,Honey and Almonds Body Lotion,
3141389983038,5,haircare,shampoo,True,Shampooing,
8057093533559,1,skincare,lip balm,True,Smack natural lip balm,
3600542536837,2,skincare,serum,True,Garnier SkinActive Vitamin C Glow Booster Serum,
6928001840170,1,skincare,face mask,True,Face Mask Aloe Vera Black Peel-Off Mask,
8720181448171,1,haircare,conditioner,True,Rich Moisture Conditioner,
4056489456940,2,haircare,shampoo,True,Shampoo,
3600530121120,1,makeup,vernis à ongles,True,vernis à ongles,
5999566330247,1,skincare,toner,True,Liquid Hydration Toner,
3253581758724,1,skincare,savon,True,savon liquide - extrait de Karité,
4064666847894,1,haircare,laque,True,Laquelle Wellaflex,
3700593604377,6,skincare,savon,True,persavon 0/,
8809239800441,1,skincare,essence,True,Dry Essence Foot Pack,
5060176673076,1,skincare,toner,True,rose Otto skin toner,
5059018274120,2,skincare,hand cream,True,Hydrating hand cream,
3337871330262,1,haircare,shampoo,True,Anti dandruff shampoo,
8906105614109,2,skincare,face wash,True,Wow Face Wash,
06555115,1,skincare,serum,True,Biome rejuvenation face serum,
6136908000324,2,skincare,mousse a raser,True,Mousse a raser,
3770005798543,1,skincare,nettoyant,True,Gel nettoyant purifiant,
8904256005166,2,skincare,face wash,True,milk delights face wash,
3517360024425,1,skincare,gel douche,True,Gel douche,
8904330604384,1,skincare,face wash,True,bombay charcoal face wash 50g,
8058664138425,2,haircare,shampoo,True,Shampoo,
8032738385366,1,haircare,shampoo,True,Dermovitamina Prurito shampoo lenitivo,
0850056288248,2,haircare,shampoo,True,"California Naturals shampoo Scalp and hair care for women and Men, coconut cleaning complex, natural, vegan, cruelty, silicone,paraben and sulfate free shampoo, all hair types",
3600551113784,1,skincare,mousse à raser,True,mousse à raser,
8700216307567,2,haircare,shampoo,True,Shampoo,
8886467000911,2,skincare,gel douche,True,Gel douche,
0800171017117,1,skincare,hand cream,True,Hand Cream,
4006000079080,1,skincare,body lotion,True,body lotion,Voor een verfrissende sensatie gebruik je Nivea Express Bodylotion met munt-extract. De body gel met vitamine E beschermt je natuurlijke huidstructuur en zorgt voor het behoud van de natuurlijke beschermlaag.
6438160094746,1,skincare,hand cream,True,Hand cream,
5028197345181,1,skincare,body lotion,True,Body Lotion,
4335619081048,1,skincare,body lotion,True,Body lotion,
8886467020155,1,skincare,body cream,True,Body cream,
3474637121549,1,haircare,shampoo,True,biolage shampoo full densify,
0309970121075,1,skincare,deodorant,True,Natural Power Deodorant,
0302990110258,1,skincare,cleanser,True,Gentle Skin Cleanser 59ml,
0756848467702,1,skincare,sunscreen,True,Ultrasun Extreme 50+ sunscreen,
0689304188890,1,makeup,eyeshadow,True,Nouveau Eyeshadow Palette,
8470001569714,1,skincare,sunscreen,True,Sunscreen SPF 50+,
0079656026078,1,skincare,sunscreen,True,Banana Boat Sunscreen,
4902806125887,1,skincare,shaving,True,Cool-type shaving gel,
6281006485334,1,skincare,hand soap,True,Pear’s hand soap,
2596807208766,1,haircare,conditioner,True,hydrate conditioner,
3615370003444,1,skincare,gel douche,True,gel douche surgras,
0041388003399,1,skincare,hand cream,True,hand cream,
3600541533226,1,haircare,shampoo,True,Ultra Suave Shampoo Nutritivo,
8720181607752,2,skincare,gel douche,True,Gel Douche Homme Dark Tempation 5-en-1 Fraîcheur & Parfum 24h,
8606032020546,1,skincare,hand cream,True,coconut hand cream,
4061458203470,1,skincare,hand cream,True,Hand Cream,
0792850025011,1,skincare,lip balm,True,Burt's Bees moisturizing lip balm,
8720182512208,1,skincare,cleanser,True,smoothing gel cleanser,
3600542522298,1,skincare,micellar,True,micellar water,
9368739240007,1,skincare,hand cream,True,allons and milk hand cream,
0750007299081,1,haircare,hairspray,True,Tresemme Hairspray,
8809636284400,1,skincare,hand cream,True,laz jungle hand cream,
4260372930978,1,haircare,shampoo,True,Shampoo Feuchtigkeit,
4066447763782,1,haircare,shampoo,True,Shampoo,
8901526209620,2,skincare,face wash,True,face wash,
8001841267050,1,haircare,shampoo,True,pantene pro v shampoo,
4008666203663,1,haircare,shampoo,True,Shampoo,
4015100332025,1,haircare,shampoo,True,Schauma Festes Shampoo,
5701058010281,1,haircare,shampoo,True,Shampoo conservador da cor,
0736990040114,1,haircare,shampoo,True,Groomers Salon select herbal shampoo,
0736990013200,1,haircare,shampoo,True,veterinary formula -antiseptic and antifungal shampoo 16 oz,
3700526007671,1,skincare,savon,True,Pochette à savon Violette,
3600523975457,1,haircare,shampoo,True,shampooing nutrition éclat,
04138860,1,skincare,lip balm,True,bloated medicated lip balm,
0840044713562,2,skincare,lip balm,True,EOS Smooth Lip Balm,
0626232171556,1,skincare,savon,True,Savons à mains orange cardamome,
42246282,1,skincare,body cream,True,body cream,
0634084331646,1,skincare,lip balm,True,Lavender Orange Lip Balm,
4305615616100,1,skincare,body oil,True,intensive Pflege Body oil,
0736990040312,1,haircare,shampoo,True,Groomers Oatmeal Itch Relief Shampoo,
0634084225099,1,skincare,lip balm,True,Vanilla Madagascar Lip Balm,
3600524139674,1,haircare,shampoo,True,Shampoo anti-Haarbruch,
3701209200167,1,skincare,savon,True,Savon Poupon,
4015100812435,1,haircare,shampoo,True,Gliss shampoo,
3574661652702,1,skincare,serum,True,Neutrogena Retinol Boost Serum,
0736990013002,2,haircare,shampoo,True,veterinary formula hypoallergenic shampoo 16 oz,
4063528071361,1,haircare,shampoo,True,Hyaluron Shampoo,
0022796916808,1,haircare,conditioner,True,ogx conditioner,
6130548017230,1,skincare,savon,True,savon dlux,
8700216165563,1,haircare,shampoo,True,coconut scent shampoo,
4687201879923,1,haircare,shampoo,True,Shampoo,
3474637068370,1,haircare,shampoo,True,Amino-Mint Shampoo,
3700526004267,1,skincare,savon,True,Savon naturel bio copeaux,
4743318148922,1,haircare,shampoo,True,"Natural shampoo, Volumen und Kraft",
8901030977084,1,skincare,body wash,True,Lux body wash,
8901207040986,1,haircare,shampoo,True,vatika dandruff guard shampoo,
4072600703502,1,haircare,shampoo,True,Guhl shampoo,
4063528009753,1,haircare,shampoo,True,Shampoo Bar,
0827854013761,1,haircare,laque,True,Antiplaque & Whitening Toothpaste,
3600524138776,1,haircare,shampoo,True,Shampoo Total Repair S,
0808829115659,1,skincare,body lotion,True,hemp body lotion,
3701209200129,1,skincare,savon,True,Savon feuille d'agrume,
3700526004243,1,skincare,savon,True,Savon noir bio 1 litre,
0736990013309,1,haircare,shampoo,True,veterinary formula -hotspot an itch relief shampoo 16oz,
8851932332262,1,skincare,body wash,True,Body wash,
7613269344384,1,haircare,shampoo,True,DailyCare Shampoo,
6281006606104,2,skincare,serum,True,Essential Even Tone Glutathione Serum Moisturizer Lotion Flawless Glow,
3701209200105,1,skincare,savon,True,Savon Rosa,
41388600,1,skincare,lip balm,True,bloated medicated lip balm,
3700526004274,1,skincare,savon,True,Savon naturel bio copeaux,
3700526007688,1,skincare,savon,True,Pochette à savon Mathilde,
0736990040213,1,haircare,shampoo,True,Groomers Salon select puppy shampoo,
4064666321523,1,haircare,conditioner,True,repair Conditioner,
8901248295048,1,skincare,face wash,True,fair and handsome face wash,
7621500209040,1,haircare,shampoo,True,Dry Shampoo,
3612875116204,1,skincare,savon,True,Savon,
0803954304435,1,haircare,shampoo,True,dr groot shampoo,
3560071325107,1,skincare,nettoyant,True,Gel nettoyant à la fleur de Lotus,
7350001701486,1,haircare,shampoo,True,Shampoo for damaged ord dry hair,
0736990040015,1,haircare,shampoo,True,Groomers Salon select white coat shampoo,
3701209200150,3,skincare,savon,True,Savon bouton d'Or,
4005808817603,2,skincare,shaving,True,NIVEA SHAVING,
3701209200136,1,skincare,savon,True,Savon avoine en Provence,
0850036696773,1,skincare,lip balm,True,Star Balm Magic Mint Lip Balm,
0694606110265,1,haircare,shampoo,True,Ketoconazole Shampoo 2% 100ml,
7898970341659,1,skincare,serum,True,SERUM FACIAL,
0842101105396,1,haircare,shampoo,True,Sheer Dry Shampoo,
4066447216059,1,skincare,cleansing balm,True,cleansing Balm,
8901030945670,1,skincare,face wash,True,face wash,
8719134181166,1,haircare,shampoo,True,scrub & Shampoo,
8719134173031,1,skincare,body oil,True,shimmering body oil,
0667557985145,1,skincare,body cream,True,Ocean Ultimate Hydration Body Cream,
8809874682747,1,skincare,body lotion,True,Glutathione body lotion,
0718117907395,1,skincare,cleanser,True,Skin purifying cream cleanser,
3700194718503,1,haircare,shampoo,True,nourishing olive fruit oil shampoo,
3660005111476,1,haircare,shampoo,True,shampooing gelée,
0813424022653,1,haircare,conditioner,True,Conditioner,
0037000948797,1,skincare,deodorant,True,Deodorant,
4006000083773,1,skincare,body lotion,True,Body Lotion & Pflege Aloe,
5201410220834,1,skincare,hand cream,True,hand cream,
4006000068435,1,skincare,micellar,True,micellar water,
4056489309055,1,skincare,body lotion,True,Vital Regenerating Body Lotion,
4005900388537,1,skincare,deodorant,True,Fresh Pure Deodorant,
5060120169280,1,haircare,shampoo,True,ginger shampoo,
0022600003014,1,skincare,body cream,True,Body Cream Hair Remover,
0065743321140,1,skincare,hand soap,True,live clean argan oil liquid hand soap,
4005808310715,1,skincare,shaving,True,Nivea men shaving cream,
3600542444019,1,skincare,micellar,True,Micellar Vitamin C cleansing Water,
0795094025823,1,skincare,deodorant,True,Axe Marine Deodorant,
3616301273226,1,makeup,concealer,True,The Multi-Tasker Concealer,
5901887049180,1,skincare,serum,True,Body serum,
8029041122368,1,skincare,deodorant,True,Deodorant,
0062600430120,1,skincare,cleanser,True,Oil-free acne wash cream cleanser,
3574661774428,1,skincare,savon,True,Pur Savon Lavande,
8006540124758,1,haircare,hair oil,True,Hair oil,
0840155603677,1,skincare,body lotion,True,Daily 50 Body Lotion,
5060523017157,1,haircare,conditioner,True,to the rescue conditioner,
9358437000447,1,skincare,body wash,True,Body Wash,
3612623383452,1,haircare,shampoo,True,All Soft Shampoo,
8480000232779,3,skincare,shaving,True,Deliplus Shaving Gel,
8720181210792,1,skincare,body wash,True,Micromoisture body wash,
5201279077822,1,haircare,shampoo,True,Men's tonic shampoo,
5000477955082,1,haircare,laque,True,Sara kan anti-plaque mouthwash,
5400606992740,1,skincare,body lotion,True,Solimo soothing body lotion,
4047196057247,1,haircare,shampoo,True,Dry Shampoo,
4059729403667,1,makeup,nail polish,True,nail polish,
8720665000079,1,haircare,conditioner,True,Coconut and Lychee conditioner,
5901638427298,1,skincare,body butter,True,Hand and Body Butter,
8720181213083,1,haircare,shampoo,True,Shampoo,
6150837045072,1,skincare,deodorant,True,Loveli deodorant,
8720181195662,1,skincare,body lotion,True,Sensitive Skin Relief body lotion,
0558044581622,1,skincare,antiperspirant,True,Invisible Ice Fresh Antiperspirant,
4000196014313,1,skincare,hand cream,True,Hand cream,
3600551142227,1,haircare,shampoo,True,Shampooing 2 en 1 à l’huile d’argan,
8410757102131,1,skincare,lip balm,True,lip balm.,
3600542575867,1,haircare,shampoo,True,Shampooing,
8711600456877,1,skincare,body lotion,True,Dove essential care body lotion,
3616305703231,1,makeup,bb cream,True,Healthy mix BB cream,
4066447704945,3,skincare,liquid soap,True,Liquid soap,
4006000017402,1,skincare,serum,True,Serum anti edad,
42390077,1,skincare,hand cream,True,Nivea hand cream Q10 anti-age,
3616302463909,1,makeup,eyeshadow,True,Eyeshadow,
9300607375008,1,haircare,shampoo,True,Neutrogena T/Gel shampoo,
9000101266443,1,haircare,laque,True,Laque cheveux taft,
00008992,1,makeup,primer,True,Supermilk Conditioning Hair Primer,
4005800294327,1,skincare,serum,True,dermoPure triple effect serum,
4066447330915,1,haircare,shampoo,True,Shampoo repair & care,
4066447080810,1,makeup,lip gloss,True,Lip gloss nude sensation,
4066447564761,1,makeup,highlighter,True,Highlighter 20 rosy cloud,
4066447519358,1,makeup,lip liner,True,Lip liner 26 chains favorite,
4010355890573,1,makeup,eyeliner,True,Eyeliner,
4058172101816,1,makeup,lipstick,True,Matt lipstick 75 pretty malive,
5704947002787,1,skincare,hand cream,True,Working Hands Hand Cream,
0019100251090,1,skincare,body lotion,True,Body Lotion,
5902751446838,1,makeup,nail polish,True,2in1 base&top nail polish,
59095798,1,skincare,deodorant,True,Sure Cotton Dry Deodorant,
8720181079177,1,skincare,body wash,True,Lynx Black Body Wash,
5028197252564,1,skincare,body butter,True,Hemp rescuing body butter,
4065331003683,1,haircare,shampoo,True,Shampoo&Duschgel 2IN1 Pokemon,
8430055004807,2,skincare,deodorant,True,Antiperspirant deodorant,
9000101246124,1,skincare,hand cream,True,Sos värd repairing hand cream,
4005900861702,1,skincare,hand cream,True,Hand Cream,
8720181336058,1,skincare,shower gel,True,Shower Gel Eucalyptus & Citrus,
3574661352527,1,skincare,eye cream,True,Neutrogena hydro boost awakening eye cream,
4305615700373,1,makeup,nail polish,True,HD-Gels Nail Polish,
3760277823272,1,skincare,nettoyant,True,Spray nettoyant,
3796181429675,1,haircare,shampoo,True,Shampoo,
8008970011622,1,haircare,shampoo,True,Shampoo,
7898606741433,1,haircare,shampoo,True,Shampoo,
0012044047187,1,skincare,deodorant,True,deodorant,
8429979472595,1,skincare,serum,True,Serum Concentrado Niacinamide,
5203411053619,1,skincare,body lotion,True,Body Lotion,
9346630099924,1,skincare,sunscreen,True,Itchy Baby Sunscreen,
8721073618474,1,skincare,body oil,True,body oil,
9343643012568,1,makeup,nail polish,True,Nail polish remover,
3342010030088,1,skincare,savon,True,Savon gel microbilles,
8693495050692,1,skincare,savon,True,Savon,
4005900900593,1,skincare,body lotion,True,Body Lotion Lavendel,
6937945156452,1,skincare,savon,True,lessive Apta recharge savon de Marseille,
6186000195244,1,skincare,savon,True,Savon Armonia,
6176000003908,1,skincare,savon,True,Pafic  Eclat Du Teint,Savon 3 En 1
6130024165288,2,skincare,nettoyant,True,Gel nettoyant moussant,
7630028601533,1,skincare,nettoyant,True,Gel nettoyant,
3172350000201,1,skincare,nettoyant,True,Nettoyant main,
6922655791758,1,skincare,cleanser,True,facial cleanser nettoyant facial,
6111242970533,7,skincare,savon,True,savon,
0629283001308,1,skincare,savon,True,Savon Loop Orange curcuma,
6131645000040,1,skincare,savon,True,Savon Abusaad miel,
3760309700335,1,skincare,savon,True,savon naturell,
8719134163322,1,skincare,shower gel,True,HARMONISING FOAMING SHOWER GEL,
4260665551316,1,haircare,shampoo,True,HYDRATE& CARE SHAMPOO,
8436568711614,1,skincare,eye cream,True,EYE CREAM AVOCADO GREEN TEA CAFFEINE,
0764302901419,1,haircare,shampoo,True,BABY Wash & Shampoo,
8906050591869,1,skincare,face wash,True,Banjara's Saffron face wash,
5028197555085,1,skincare,body butter,True,Body butter,
5000167365078,1,makeup,loose powder,True,Flawless loose powder,
0792850908468,1,skincare,lip balm,True,Lip Balm,
3600520977737,1,makeup,gloss,True,Casting crème gloss coloration,
3600551146263,1,skincare,deodorant,True,deodorant,
3600542525671,2,haircare,shampoo,True,Shampooing nutrition profonde,
4084500488465,1,skincare,deodorant,True,Deodorant,
3661434002960,4,skincare,nettoyant,True,Gel nettoyant,
3574661701370,1,skincare,gel douche,True,Gel douche verveine citron,
3574661574035,3,haircare,shampoo,True,Shampooing antipelliculaire homme - Cédrat Bio et huiles essentielles,
3282770148275,2,haircare,shampoo,True,Shampooing dermo protecteur,
6111024010075,2,skincare,gel douche,True,Gel Douche Lait d'Amande,
3015810589284,2,skincare,savon,True,Recharge savon antibactérien,
8999999562199,1,skincare,serum,True,Ponds serum whip foam,
8690506473648,3,skincare,deodorant,True,Emotion Kadın Deodorant Ocean Fresh,
3574661574042,1,haircare,shampoo,True,Shampooing Micellaire Infusion Anti-pelliculaire - Huiles Essentielles et Menthe (Tous types de cheveux) - 250 ml,
42390091,2,skincare,creme mains,True,Creme mains,
0859139006618,4,skincare,deodorant,True,Charcoal & Magnesium Deodorant 48H Protection,
3574661646992,1,skincare,body oil,True,Skin Relief,Body Oil Spray
3574660135794,1,skincare,cleanser,True,Clean & Clear blackheads Cleanser 200g 2yrs prod,
0002697807054,1,skincare,toner,True,Kiehls - Toner #Calendula,
8901138512811,5,skincare,face wash,True,Purifying Neem Foaming Face Wash,
0302993927341,4,skincare,cleanser,True,Daily Facial Cleanser,
5060565106215,1,skincare,serum,True,Vitamin C serum,
8402001013607,1,haircare,shampoo,True,Shampoo,
3327520004347,1,haircare,leave-in,True,LEAVE-IN,
0309971370281,1,makeup,nail polish,True,Ultra Powerful Nail Polish Remover,
0096619140138,1,skincare,bar soap,True,Kirkland bar soap,
35647898,1,haircare,hair oil,True,Hair oil blend,
0022796901200,1,haircare,shampoo,True,Coconut Miracle Oil Shampoo,
0037000823384,1,haircare,shampoo,True,shampoo,
0667550549023,2,skincare,body lotion,True,Bath and body body lotion,
3574669909853,1,haircare,conditioner,True,Johnson kids conditioner,
0041554541403,4,makeup,foundation,True,Super Stay Full Coverage Liquid Foundation,
5020465201687,1,skincare,body cream,True,Body Cream,
8480000787323,1,skincare,serum,True,Serum antiarrugas,
3661467000643,1,skincare,cleanser,True,Milky cleanser,
0010181033131,1,haircare,conditioner,True,Coconut conditioner,
0074182268008,3,skincare,hand soap,True,"Liquid Hand Soap Pump, Aquarium Series",
3660005089072,1,skincare,body wash,True,Monoi Gentle Hair & Body Wash,
8719134149586,2,skincare,body cream,True,The ritual of ayurveda balancing body cream,
0041554238761,2,makeup,foundation,True,Fit Me Dewy + Smooth Foundation SPF 18 310 Sun Beige,
8901030937507,1,skincare,face wash,True,Ponds pure detox face wash,
8901526593705,1,skincare,face wash,True,Garnier men turbobright face wash,
8906014201308,3,haircare,hair oil,True,keo karpin hair oil,
3410280099200,1,haircare,shampoo,True,shampooing,
3401360094697,1,skincare,savon,True,savon de Marseille surgras à l'huile d'amande douce et aloe vera,
0381370033875,2,skincare,cleanser,True,Foaming facial cleanser,
0819156020240,2,haircare,laque,True,hello antiplaque and whitening,
0792850110991,2,skincare,lip balm,True,Beeswax lip balm,
00614139,2,skincare,hand soap,True,Pink Pomelo Grapefruit Hand Soap,
0041554217964,2,makeup,mascara,True,Volum' Express The Falsies Mascara,
5060420331134,3,skincare,micellar,True,", foaming micellar cleansing water",
0050428290057,1,skincare,hand soap,True,Fresh Liquid Hand Soap,
3660005880044,2,makeup,fond de teint,True,fond de teint zero défaut,
8720289263850,1,skincare,sheet mask,True,Facial sheet mask,
8901138508142,2,skincare,body lotion,True,Body lotion,
00560931,1,skincare,hand soap,True,Trader Joe’s Lavender Chamomile Hand Soap,
0042887700543,1,skincare,hand soap,True,Mickey mouse foam hand soap,
3701429822507,1,skincare,lait corps,True,Lait corps hydratant,
0870173002220,1,skincare,body cream,True,moisturizing body cream,
8712561467636,2,skincare,cleanser,True,Kind To Skin Foaming Cleanser,
8719134001792,1,skincare,body cream,True,Rituals the Ritual of Ayurveda Body Cream,
4056489017295,1,haircare,pomade,True,Brow perfect pomade,
3401360156456,2,skincare,essence,True,NCEF-Essence,
0667555435338,1,skincare,hand soap,True,bath and body works iced cinnamon rolls hand soap,
0764302271239,1,skincare,bar soap,True,Shea Moisture Bar Soap,
8809658121349,1,skincare,serum,True,G2G Pomegranate Serum,
0858958006038,1,skincare,bar soap,True,Hand In Hand Bar Soap,
0636874120140,1,skincare,hand soap,True,Liquid Hand Soap Lavender,
0017000121581,1,skincare,hand soap,True,Coconut Water & Mango Hydrating Hand Soap,
0018787785058,1,skincare,bar soap,True,All-One Peppermint Pure-Castile Bar Soap,
0096619042326,1,haircare,shampoo,True,Shampoo,
5060060211773,1,skincare,hand soap,True,Hand Soap,
7702018572342,1,skincare,serum,True,Satin care daily soothing Serum 2yrs prod,
7640140383286,1,skincare,face wash,True,SWISS FACE WASH GEL,
3660005280066,1,skincare,lait corps,True,Amande fleur d'oranger lait corps,
8901012185292,2,skincare,sunblock,True,Neutrogena Ultra Sheer Dry-Touch Sunblock,
0086800066507,1,skincare,serum,True,Clear face Serum Sunscreen,
8904245706579,1,skincare,body lotion,True,Nykaa Wanderlust Japanese Cherry Blossom Body Lotion,
8901138513627,1,skincare,face wash,True,Neem face wash,
0819156022442,1,skincare,deodorant,True,Sweet Coconut 24 hr. Deodorant,
0817939018576,1,skincare,body wash,True,method body body wash,
0077043647509,1,skincare,body lotion,True,St. Ives Soothing Oatmeal & Shea Butter Body Lotion,
8904006303290,1,skincare,deodorant,True,Wild Stone Deodorant Soap,
0020714744762,1,skincare,face wash,True,Charcoal Face Wash,
8906087773511,1,skincare,sheet mask,True,Rice Water Bamboo Sheet Mask,
0074182260125,6,skincare,hand soap,True,"Liquid Hand Soap Pump, Soothing Aloe Vera",
0051009009662,1,skincare,shaving,True,Thick and Rich Shaving Cream Extra Moisturizing,
0096619165131,1,skincare,body wash,True,kirkland body wash citrus,
0072151452229,1,skincare,clay mask,True,Avocado & Oatmeal Clay Mask,
8720701033696,1,skincare,sheet mask,True,face sheet mask blueberry,
5037156202007,1,skincare,serum,True,Frizz Ease Extra Strength 6 Effects  Serum,
3660005571874,1,skincare,serum,True,Serum vegetal,
5037156246872,2,haircare,conditioner,True,John Frieda Red Boosting Conditioner,
8431938010663,6,skincare,micellar,True,Micellar,
8480017243898,1,skincare,hand soap,True,Hand soap sunny olive,
8057017220060,1,haircare,shampoo,True,Avenil Pure & Soft Shampoo Delicato,
00992008,4,skincare,sunscreen,True,sunscreen lotion,
8410412100069,1,skincare,serum,True,Hyaluronic serum,
7630028609560,1,skincare,savon,True,Savon hygiénique plus,
0381519019593,2,skincare,essence,True,herbal essence hairspray,
20344962,1,skincare,shower gel,True,Skin foodies shower gel,
0687735301017,1,skincare,face wash,True,Sea Foam Complete Face Wash,
0190679007117,2,skincare,essence,True,herbal essence honey vitamin e,
0043834734390,1,skincare,hand soap,True,Crisp Apple Hand Soap,
0810058743848,1,haircare,conditioner,True,Roman restore conditioner,
8681554610925,1,skincare,shower gel,True,GOAT MILK SHOWER GEL,
7501029930109,1,makeup,primer,True,primer amino keratina loquay,
7702018464692,1,skincare,shaving,True,Fusion 5 Ultra Sensitive Shaving Gel,
0028367837770,1,haircare,conditioner,True,Kiss My Face Whenever Conditioner,
8904100018816,7,skincare,cleanser,True,Kesh kanti Hair Cleanser,
8410412100083,1,skincare,serum,True,Serum retinol,
0030772017098,1,skincare,antiperspirant,True,Secret Ultimate Antiperspirant and Deoderant,
0809219000487,1,skincare,body wash,True,white rain purely coconit oil body wash,
0811170039581,1,skincare,hand soap,True,foaming hand soap,
0815601026904,2,makeup,gloss,True,lipgloss,
0041554433425,1,makeup,foundation,True,Maybelline foundation,
0303162012059,1,skincare,sunscreen,True,Sunscreen,
00030722,1,skincare,hand soap,True,Lushious Lemon Foaming Hand Soap,
4806530870542,1,skincare,face mask,True,Face mask,
6162400124190,1,haircare,hair cream,True,Radiant hair cream,
8437015932620,4,skincare,serum,True,Autobronceador facial Chocolate Tanning Serum 30 ml,
8901138821784,1,haircare,hair cream,True,HimAlaya hair cream Coconut Oil 2yrs prod,
0812154030334,1,skincare,body wash,True,native body wash,
0681131403009,1,skincare,hand soap,True,Equate Clear Liquid Hand Soap,
0019045288663,1,skincare,cleanser,True,Joy Works Facial Cleanser,
3574661612003,1,skincare,body cream,True,Johnson's face and body cream,
0667558516881,1,skincare,hand soap,True,harvest gathering hand soap,
6161106611584,1,skincare,bar soap,True,WHITE WASH BAR SOAP,
0850008811821,2,skincare,hand soap,True,Greenerways antibacterial hand soap,
8961014249019,1,skincare,face wash,True,Face wash,
6161106610174,1,skincare,bar soap,True,DIVA BAR SOAP,
6161106610716,1,skincare,bar soap,True,SAWA BAR SOAP HERBAL,
0810021201566,1,skincare,body wash,True,Dr Teals Body Wash,
6161106612567,1,skincare,bar soap,True,SAWA BAR SOAP,
0194506610723,1,skincare,bar soap,True,SAWA BAR SOAP ROSE,
6161106611959,1,skincare,bar soap,True,POPCO BAR SOAP,
0771313159555,1,skincare,savon,True,Savon,
0667558530665,1,skincare,hand soap,True,pumpkin pecan waffles hand soap,
8901526005178,1,skincare,serum,True,Garnier bright complete serum cream,
8901138831059,1,skincare,face wash,True,Intense oil clear lemon face wash,
6281006409880,1,skincare,body lotion,True,Invigorating body lotion,
8901138835330,1,skincare,face wash,True,Pimple clear née face wash,
0041260380594,1,skincare,hand soap,True,hand soap,
8858854601254,1,skincare,sunblock,True,Skin Doctor SUNBLOCK CREAM,
0018787786055,1,skincare,bar soap,True,All-One Tea Tree Pure-Castile Bar Soap,
4809012175555,1,makeup,nail polish,True,Nail Polishe,
0891317002906,1,skincare,liquid soap,True,Tropical Traditions Liquid Soap,
5060328891235,1,skincare,serum,True,24k gold serum,
0850016678928,1,skincare,body wash,True,Atlas body wash,
0019045288632,1,skincare,body lotion,True,joy works body lotion,
0817252010905,1,skincare,bar soap,True,Ala Maison Bar Soap,
0858293002955,1,skincare,bar soap,True,The SeaWeed Bar Soap,
12733232,1,skincare,hand soap,True,"Mrs. Meyers Clean Day Hand Soap,  Snowdrop scent",
0041260375521,1,skincare,hand soap,True,kroger hand soap,
0663204210257,1,skincare,bar soap,True,ZumBar Soap,
0637792601001,1,skincare,bar soap,True,Tea Tree Therapy Bar Soap,
0030772001691,1,skincare,hand soap,True,Antibacterial Hand Soap,
0100000121245,1,skincare,hand soap,True,Natural Hand Soap,
8906087777762,1,skincare,face wash,True,Face wash,
0859139006236,1,skincare,bar soap,True,Schmidts Bar Soap,
6223001386476,1,haircare,hair cream,True,Aloe Eva Hair Cream 2yrs prod,
0816459022582,1,skincare,eye cream,True,TB eye cream,
0344883712743,1,skincare,body wash,True,Body Wash,
0037000481843,1,skincare,body wash,True,olay body wash,
0371661829607,1,skincare,sunscreen,True,up & up sport sunscreen lotion,
0080878195336,1,haircare,conditioner,True,Pantene Daily Moisture Conditioner,
8435624501121,1,skincare,sunscreen,True,natura bisse sunscreen,
0850014765422,1,skincare,hand soap,True,real clean hand soap,
7072463113224,1,skincare,face mask,True,Natural Basic Face Mask Black Peel Off,
8994993014675,1,skincare,serum,True,L'Oreal Paris Correct Protect UV Serum,
30168121,1,makeup,mascara,True,Maybelline Mascara Snapscara Black,
30173637,1,makeup,concealer,True,L'Oreal Concealer Infallible Biscuit 328,
3466762248444,1,makeup,primer,True,Sensation'eyes primer XL,
8901207038457,2,haircare,hair oil,True,Vatika Enriched Coconut Hair Oil,
8905110007784,1,skincare,shower gel,True,Shower Gel,
8901548146873,1,skincare,face wash,True,Everyuth face wash,
0492611854156,1,skincare,sheet mask,True,Vitamin c face sheet mask,
7072463113200,1,skincare,face mask,True,Natural Basic Face Mask Purifying Bubble,
30171435,1,makeup,mascara,True,Maybelline Mascara Total Temptation Deep Brown,
30141681,1,makeup,eyeshadow,True,Color Sensational Eyeshadow Vanilla Fantasy 80,
3600530403622,1,makeup,foundation,True,Foundation,
8906118411658,1,skincare,face mask,True,Plum face mask,
8906044994980,1,skincare,body wash,True,Pearly body wash,
0737534800829,1,skincare,face mask,True,Plum face mask,
0190577055975,1,skincare,liquid soap,True,Sweet pumpkin liquid soap,
8901030890796,1,skincare,body lotion,True,Vaseline body lotion,
8901030869105,1,skincare,sunscreen,True,POND'S SANDAL tolcum powder NATURAL SUNSCREEN,
8904035416411,2,skincare,face wash,True,Fruit face wash,
5060224370117,1,skincare,hand soap,True,Anti bacterial hand soap,
30143272,1,makeup,mascara,True,Volume Express Mascara Big Shot Black Waterproof,
0079625427721,1,skincare,face mask,True,Freemann Cosmic Face Mask Jade,
3574661412672,1,skincare,body wash,True,Dermexa Daily Emolient Body Wash,
4056489017332,1,makeup,eyebrow,True,Brow perfect eyebrow gel,
0810027130518,1,skincare,sheet mask,True,rael beauty collagen plump and smooth facial sheet masks,
8994993014699,1,skincare,serum,True,L'Oreal Paris UV Serum Matte Fresh,
30141544,1,makeup,eyeshadow,True,Maybelline Color Sensational Eyeshadow Nudist 02,
30137301,1,makeup,blush,True,Maybelline Neglelakk Colorshow Blush Berry 20,
02419787,1,skincare,shower gel,True,shower gel,
3574661651682,1,skincare,eye cream,True,Neutrogena retinol boost eye cream,
8026678001967,1,skincare,micellar,True,Caseina micellare,
8904132918320,1,skincare,shower gel,True,Get real Shower Gel,
8904132918283,1,skincare,face wash,True,Get real face wash green,
8901030877070,1,skincare,serum,True,Pond's Bright Beauty Serum Cream,
3538893334010,1,skincare,mousse à raser,True,Mousse à raser,
6281006548558,1,haircare,conditioner,True,Itchy soothing relief conditioner,
5060151640086,1,skincare,face mask,True,Rejuvenat face mask,
0057800897309,1,skincare,sheet mask,True,Anti aging facial sheet mask,
0041520111951,1,skincare,hand soap,True,Milk and honey hand soap,
0839977005028,1,skincare,face wash,True,Daily clear oil-free daily face wash ounce,
4792054000315,1,skincare,face wash,True,Nature Secret cucumber Face wash,
5060391844190,1,skincare,face mask,True,Bioactive skincare charcoal face mask,
6941349313977,2,skincare,face mask,True,Blood orange Face Mask,
3574661482378,3,skincare,body cream,True,Daily moisturising yogurt Body cream Apricot and Honey scent,
3600531320065,1,makeup,mascara,True,Maybelline Mascara Lash Sensational Luscious Black,
7046110070758,1,skincare,body lotion,True,Dr Greve Rik & Pleiende Body Lotion 400ml,
8994993014651,1,skincare,serum,True,L'Oreal Paris UV serum,
0850010950013,2,skincare,face mask,True,collagen face mask,
7310610021153,1,skincare,body lotion,True,Sunsilk Body Lotion Coconut Care 200ml,
30141636,1,makeup,eyeshadow,True,Maybelline Color Sensational Eyeshadow Rock Star 55,
30167681,1,makeup,mascara,True,Maybelline Mascara Total Temptation Black Waterpr.,
3574661352541,1,skincare,eye cream,True,Neutrogena hydro boost awakening eye cream,
3574661591599,1,skincare,serum,True,Neutrogena illuminating serum,
3600531225919,1,makeup,foundation,True,Maybelline Dream Satin Foundation True Ivory 3,
1210000800237,1,skincare,serum,True,Retinol correxion Soin lissant capsules serum nuit,
0071661829507,1,skincare,sunscreen,True,up & up sport sunscreen lotion,
8436025304779,1,skincare,face mask,True,BUBBLE FACE MASK Limpieza profunda,
7319470058385,3,skincare,shower gel,True,"Shower Gel Fresh Mix Assortert Variant, 250 ml",
8801051478280,1,makeup,primer,True,Avon VDL eye primer,
8904132918313,2,skincare,shower gel,True,Get real shower gel Yealow,
0841320101202,1,skincare,cleanser,True,Authentic African Facial Cleanser,
0302993921165,1,skincare,shower gel,True,Shower Gel,
6281006598393,1,skincare,face wash,True,Face Wash bright C Glow,
0037000974680,1,skincare,body wash,True,Olay body wash,
8901207096662,1,haircare,hair oil,True,Vatika enriched coconut hair oil,
5397204189972,3,makeup,setting spray,True,Matte setting spray,
6291103988454,1,skincare,body lotion,True,Shea body lotion 300ml 2yrs prod,
9327693006913,2,haircare,conditioner,True,Sukin Voluming Conditioner,
0011111722590,2,skincare,body wash,True,Dove Body wash,
30176911,1,makeup,mascara,True,Maybelline Mascara Snapscara Black Waterproof,
0041554238709,1,makeup,foundation,True,Fit me foundation,
4099100235418,1,skincare,hand soap,True,Antibacterial hand soap,
0667557122793,1,skincare,hand soap,True,Cleansing gel hand soap,
5045098964495,1,skincare,body butter,True,Smoothie Star Body Butter,
5011451105782,1,skincare,bar soap,True,Bar Soap,
0819978026987,1,skincare,hand soap,True,Hydrating Hand Soap Refil Lavender & Thyme,
5060060211247,1,skincare,hand soap,True,Windermere Lake Hand Soap,
0180969000829,1,skincare,hand soap,True,Antibacterial Hand Soap,
6973665941701,1,skincare,serum,True,Vitamin c serum facial mask,
4800888207111,1,skincare,serum,True,Ponds wrinkle serum mask,
6001374079344,1,skincare,body cream,True,PLAY BOY BODY CREAM,
9321299102222,1,skincare,sunscreen,True,Cancer Council Ultra Sunscreen,
0767519549023,1,skincare,body lotion,True,Bath and body lotion,
4800888207128,1,skincare,serum,True,Ponds Firming Serum Mask,
8904109463082,1,haircare,hair oil,True,Patanjali Kesh Kanti Hair Oil,
0850029599074,1,skincare,body wash,True,Body wash,
0834576005653,1,skincare,body lotion,True,Eczema relief body lotion,
0079400083913,1,haircare,conditioner,True,Almond and Shea butter moisturizing conditioner,
4809014506616,1,makeup,gloss,True,belfour watergloss hair lotion 223gms,
6251007003158,1,skincare,body wash,True,HIGEEN HAND&BODY WASH,
0607203023814,1,skincare,sheet mask,True,facial sheet mask,
0354301002462,1,skincare,sunscreen,True,Equate sunscreen,
0605923510706,1,skincare,facial mist,True,Calming Facial Mist,
05619016,1,skincare,face mask,True,Black Seaweed Face Mask,
7350075690723,1,skincare,face mask,True,Face Mask,
07398773,1,skincare,face mask,True,Face Mask Creamy Coconut,
8851932404105,1,skincare,serum,True,Vaseline spf+50 serum,
8906087771326,1,skincare,face mask,True,mamaearth Ubtan Face Mask FOR SKIN BRIGHTENING &Apricot Oil,
0058000308732,1,skincare,hand soap,True,Aloe Vera Hand Soap,
0190679004604,2,skincare,essence,True,herbal essences,
0082121800257,1,skincare,face mask,True,dead sea minerals anti-stress clay face mask,
0011111004535,1,skincare,body wash,True,suave men body wash,
0841956055450,1,skincare,shaving,True,Pure Romance conditioning shaving cream,
0810026290091,2,skincare,body wash,True,Natural Exfoliating Body Wash - Dark Cassis Scent With Charcoal and Argan Oil,
8051016107346,1,skincare,clay mask,True,CLAY MASK,
73987488000699,1,skincare,body wash,True,Body wash oatmeal plus coconut,
8699954702058,1,skincare,face mask,True,Face mask,
0819265008016,2,skincare,serum,True,"Advanced Clinicals, Vitamin C Serum, Anti-Aging",
0017000170732,1,skincare,body wash,True,Tone Island Vibes Body Wash,
0812154033304,1,skincare,body wash,True,NATIVE CUCUMBER & MINT BODY WASH,
8809429951502,2,skincare,serum,True,Rice 72% serum,
8904109451881,1,skincare,cleanser,True,Kesh kanti natural hair cleanser,
8901023000034,2,skincare,deodorant,True,Cinthol Original Deodorant and Complexion Soap,
0793573150042,2,skincare,body wash,True,UPC Aloe Formula Hair & Body Wash,
0817513019074,1,haircare,conditioner,True,Hydrating Cream Conditioner,
0017000161839,1,skincare,body wash,True,Hydrating Body Wash,
8906118413218,1,skincare,body wash,True,phy body wash,
5037156227383,1,haircare,conditioner,True,Purple Conditioner,
0066400013088,1,skincare,essence,True,Herbal essences,
5037156237627,1,haircare,conditioner,True,Sheer Blonde Conditioner,
0190679004581,3,haircare,hair mask,True,bio:renew Argan Oil & Aloe Repairing Hair Mask for Dry Damaged Hair,
8712561625760,1,skincare,body wash,True,Silk Glow Body Wash,
0603084550050,4,haircare,hair mask,True,damage reparing + papaya hair treat 3-in-1 hair mask,
0309971370267,1,makeup,nail polish,True,Nail Polish Remover,
5410076390519,1,haircare,conditioner,True,Mega Conditioner,
0381519186837,1,haircare,conditioner,True,Miracle volume Conditioner,
5410076518500,1,haircare,conditioner,True,Colour Mate Conditioner,
5012874104376,1,makeup,nail polish,True,Cutex Nail Polish Remover,
0071249363249,1,skincare,clay mask,True,Pure clay mask,
5011408043204,1,haircare,hairspray,True,Hairspray,
7640144130312,1,skincare,serum,True,Reviving serum,
5410076518456,1,haircare,conditioner,True,Mega conditioner,
8904277700026,1,makeup,foundation,True,BB foundation cream,
5901018016180,1,makeup,eyebrow,True,Joanna eyebrow eyelash TINT,
0810083680354,1,skincare,body wash,True,Lush green body wash,
4800888141194,1,haircare,dandruff,True,Clear anti dandruff shomphoo,
0381370039556,2,skincare,body wash,True,Stress relief body wash,
4796005667695,1,skincare,face wash,True,bright beauty face wash,
0071249651018,2,haircare,conditioner,True,Elvive conditioner,
8999999556693,1,skincare,body wash,True,Zwitsal 2in1 hair&body wash,
8901030861482,1,skincare,face wash,True,Ponds face wash,
8480000787347,1,skincare,serum,True,Serum luminosidad,
8902269511506,1,skincare,face wash,True,Neem aloe vera face wash,
0017000092645,2,skincare,hand soap,True,dial cherry blossom hand soap,
0765573949292,1,haircare,hair oil,True,Herbal hair oil,
8906118416486,2,skincare,serum,True,Plum niacinamade serum,
0381519019654,2,skincare,essence,True,herbal essence totally twisted curl gel,
0078522090076,1,skincare,deodorant,True,Aloe vera roll on deodorant,
3660005129822,1,skincare,lait corps,True,Karité Merveilleux lait corps réparateur,
8720181438691,1,skincare,antiperspirant,True,Thermo fresh antiperspirant,
0667659326211,1,skincare,hand soap,True,Gentle and Clean foaming hand soap,
3468080150874,3,skincare,gel douche,True,Gel douche 3 en 1,
8721008778006,1,skincare,deodorant,True,Odour Stopping Deodorant Roll-on,
5028197129439,1,skincare,body butter,True,Body Butter Almon Milk,
3574661774435,1,skincare,savon,True,Gel lavant mains au pur savon et huile d'olive,
5203069074813,1,skincare,body cream,True,Cashmere rose body cream,
3660005680163,1,haircare,shampoo,True,Anti-Schuppen Shampoo,
0309971370182,1,makeup,nail polish,True,nail polish remover,
8720182523877,1,skincare,body wash,True,Body wash,
8693495051125,1,skincare,hand soap,True,Palmolive naturals hand soap,
3616304240423,1,skincare,shower gel,True,After Sport shower gel,
9319944022520,1,skincare,cleanser,True,A Rose By Any Other Name Body Cleanser,
7310610029784,1,haircare,shampoo,True,Shampoo,
59095736,1,skincare,deodorant,True,Sure deodorant,
5000119700018,1,makeup,nail polish,True,Nail polish remover,
5060677254118,1,skincare,hand cream,True,Hand. Hydrating Hand Cream,
42449737,1,skincare,deodorant,True,Nivea Men Deodorant,
4064666583723,1,haircare,shampoo,True,Elements renewing shampoo,
3760100682137,1,haircare,hair spray,True,Hair Spray Kératine Fixation Extra Forte - 400 ml,
8700216509015,1,haircare,conditioner,True,conditioner aqua light,
3600551125763,3,skincare,savon,True,Savon doux,
3574661657820,1,skincare,savon,True,Savon liquide,
0605923471083,1,skincare,body lotion,True,Hydrating Body Lotion,
4987176043405,1,haircare,hair oil,True,Pantene Pro-V Miracle Repair Hair Oil Treatment 90mL,
4036221610793,1,skincare,toner,True,Skin focus vitamin radiance glow toner,
6215000201355,1,skincare,shaving,True,Shaving Cream,
3596710525683,1,skincare,gel douche,True,"Cosmia gel douche moussel "" classic"" 750ml","Cosmia gel douche moussel "" classic"" 750ml"
0058000140271,1,skincare,hand soap,True,Hand soap,
0305210042230,1,skincare,body lotion,True,Clinical Care Age Defy Body Lotion,
5045098644212,1,makeup,cleansing wipe,True,Biodegradable cleansing wipes,
8850006493502,1,skincare,body wash,True,Palmolive Body Wash Mens Active 500mL,
0664563630540,1,haircare,shampoo,True,Shampooing déjaunissant,
3600551138916,1,haircare,shampoo,True,Shampooing Purifiant,
4088600561509,1,skincare,body wash,True,"No. 1 Lime, Basil & Mandarin luxury hand & body wash",
4208862772000400,1,haircare,shampoo,True,Shampoo Justk,
3574664652938,1,skincare,gel douche,True,Gel douche Orange bio et pamplemousse bio,
4005900036469,3,skincare,deodorant,True,Black & White Invisible Clear Deodorant,
3252550620116,1,skincare,savon,True,Savon liquide parfumé,
73201663,1,makeup,nail polish,True,O2 nail polish,
9327693004339,1,skincare,body lotion,True,Body lotion,
42417774,1,skincare,hand cream,True,hand cream - intensive moisture,
0667559300953,1,haircare,conditioner,True,Champagne Toast Moisturizing Conditioner,
3574661711218,1,skincare,shower gel,True,GRENADE BIO SHOWER GEL,
0743690086199,1,haircare,conditioner,True,Bergamot hair & scalp conditioner,
0083078004897,1,skincare,lip balm,True,Moisturising Lip Balm,
3052505100102,1,skincare,lip balm,True,Lip Balm,
3178041354516,1,skincare,gel douche,True,Gel douche douceur,
4006000083810,1,skincare,body lotion,True,Body Lotion,
0688047138087,1,haircare,shampoo,True,Texturizing Beach Babe dry shampoo,
0625336003497,1,haircare,hair spray,True,Hair spray,
3251241035208,1,skincare,gel douche,True,Bois de Cade & Fougère Gel Douche,
0851228005618,1,skincare,lip balm,True,Raspberry tinted lip balm,
0792850006638,1,skincare,body lotion,True,Body lotion,
4820216920581,1,haircare,shampoo,True,Perfomen Classic Series Beard care Shampoo,
0037000919858,1,skincare,body wash,True,Gentle Body Wash,
0603084490943,1,skincare,micellar,True,Micellar Cleansing Water,
50082728,1,skincare,deodorant,True,Lynx Africa deodorant,
4006000078946,3,skincare,lait corps,True,Lait corps,"Maak je droge huid zichtbaar zachter en soepeler met Nivea Verzorgende Bodymilk. De melk bevat amandelolie en vitamine E, die je huid verzachten en optimaal beschermen."
3600542318877,1,haircare,shampoo,True,Shampoo,
0818625024338,1,skincare,serum,True,C-Tetra lipid vitamin C radiance serum,
0927943205425,1,haircare,shampoo,True,Shampoo coco y biotina,
5901887008460,1,skincare,hand cream,True,Hand cream,
00673488,1,skincare,body cream,True,Hand and Body Cream,
4049775555229,1,makeup,lip gloss,True,Megaslicks lip gloss,
8422410420841,1,skincare,deodorant,True,Deodorant,
0888761587783,1,skincare,lip balm,True,Peppermint lip balm,
4067796169737,1,skincare,hand cream,True,Hand cream,
4987176234292,1,haircare,hair oil,True,Hair oil,
8718481351864,1,skincare,savon,True,Savon à l'orange,
5425021838107,1,skincare,savon,True,Savon à l'alcool,
3760062889957,1,skincare,nettoyant,True,Gel nettoyant visage,
3522930004141,1,haircare,shampoo,True,Gentle conditioning shampoo,
3574660066227,1,skincare,hand cream,True,Hand cream,
5901887054887,1,skincare,serum,True,Serum do twarzy ZIAJA,
5203069098321,1,skincare,sunscreen,True,Sunscreen emulsion body+Face,
42217428,1,skincare,deodorant,True,Woman shower fresh antiperspirant and deodorant,
5410091775353,1,haircare,shampoo,True,CLASSIC ANTI-GREASE DRY SHAMPOO,
8720181537851,2,haircare,shampoo,True,"Neutral 0% Baby Bath, Wash & Shampoo",
8908016247100,1,haircare,shampoo,True,Ketoconazole shampoo,
10795847750078,1,skincare,face mask,True,Glamour Luxe LED face mask,
4005800310102,1,skincare,booster,True,Hyaliron filler + 3×effect booster,
8719134163063,1,haircare,shampoo,True,Strengthening caffeine shampoo,
5051389044937,1,skincare,deodorant,True,Deodorant,
8719134161076,1,haircare,shampoo,True,Scrub and Shampoo,
7310610026752,1,skincare,face wash,True,L300 daily face wash,
0946499095410,1,haircare,shampoo,True,Ketoscore shampoos,
0075486091897,1,skincare,sunscreen,True,Island sport sunscreen,
0769915234411,1,skincare,serum,True,Age support serum GF 15% Solution,
4015100816563,1,makeup,gloss,True,Farb-Glanzbehandlung Glossing Neutral,
9102453113625,5,skincare,face wash,True,MUUCHSTAC Face wash,
3264680044922,1,skincare,serum,True,Serum,
59002185,1,skincare,deodorant,True,LYNX Fine Fragrance cherry spritz deodorant stick,
8700216208680,1,haircare,shampoo,True,Shampooing,
4066447577341,1,skincare,serum,True,AQUA FEUCHTIGKEITS SERUM,
4311501678572,1,haircare,shampoo,True,Volumen Shampoo,
8402001020810,3,skincare,serum,True,Serum Liss Frizz Control,
0713708723323,1,haircare,conditioner,True,conditioner,
3770000717624,1,skincare,nettoyant,True,Eau nettoyante à l'aloe vera bio,
0030772196533,3,haircare,conditioner,True,Potent Aloe Conditioner,
9005800307510,1,skincare,shower gel,True,Shower gel,
8901138815721,1,haircare,hair cream,True,himalaya hair cream olive,
8595196902808,1,makeup,nail polish,True,Nail polish remover,
8720181299902,1,skincare,deodorant,True,Deodorant advanced care,
6412600843323,1,skincare,toner,True,Toner,
8004395133703,1,skincare,hand cream,True,Hand cream,
8002410012071,1,skincare,deodorant,True,Deodorant,
3760100681765,1,skincare,lait corps,True,lait corps carotte,
8001090967558,1,haircare,shampoo,True,Anti Dandruff Shampoo Deep Clean Severe Oily Scalp,
4005900105097,1,skincare,sunscreen,True,Nivea Sun Sunscreen Moisturising Lotion Spf 50+,
3506770001034,1,skincare,sunscreen,True,Sunscreen,
6291069701272,1,haircare,shampoo,True,Shampoo,
8906081291424,2,skincare,sunscreen,True,UVBlock spf-50 Sunscreen lotion 100ml,
3574661353562,1,skincare,shower gel,True,Shower gel,
3600551124353,1,skincare,mousse à raser,True,Mousse à raser,
8004395001118,1,skincare,shaving,True,Shaving Cream - Green,
4056489017448,1,skincare,face mask,True,Face Mask,
0030772062814,1,haircare,shampoo,True,Head and shoulders shampoo,
0071249364840,1,haircare,conditioner,True,Elvive Total Repair 5 leave in conditioner,
9310714225141,1,haircare,conditioner,True,Normal balance express repair leave in conditioner,
8901526102655,1,haircare,shampoo,True,Fall Resist 3X Anti-Hairfall Shampoo,
7640183490224,1,skincare,serum,True,Revivelash Lash & Brow Growth Serum,Revivelash Lash & Brow Growth Serum
7392173043421,1,skincare,hand cream,True,Creme hand cream,
7702018601899,1,skincare,shaving,True,"Saturn care, sensitive, aloe vera shaving",
0035000996749,2,skincare,body wash,True,Original Body Wash,
5012874299430,1,makeup,nail polish,True,Cutex Care nail polish remover,
3600542525701,1,haircare,shampoo,True,Shampooing,
3574661602691,1,skincare,hand cream,True,Hand cream,
8720181286902,1,skincare,deodorant,True,Deodorante,
0041520164513,1,makeup,nail polish,True,Regular nail polish remover,
4015100190199,1,haircare,hairspray,True,Max Hold Hairspray,
4066447348477,1,makeup,concealer,True,Pflegender Concealer,
4065331001306,1,haircare,shampoo,True,Shampoo und Duschgel,
3600542572194,1,haircare,shampoo,True,Après shampooing sans silicone infusion d'eau de riz et amidon,
4005900771209,2,skincare,body oil,True,Body oil in lotion coconut & huile de monoï,
8700216318273,1,haircare,shampoo,True,Shampoo,
4006000100999,1,skincare,mousse à raser,True,Mousse à raser,
3600542643191,1,haircare,shampoo,True,Shampooing,
8809563065448,1,skincare,serum,True,d'Alba White Truffle Double Layer Revitalizing Serum,
0062600060488,1,skincare,body wash,True,body wash,
0717226271854,1,haircare,shampoo,True,Frizz ease - dream curls - Shampoo,
6221155052841,1,haircare,shampoo,True,Shampoo,
6001051004744,1,skincare,body cream,True,Nivea body cream,
8904256005319,1,skincare,face wash,True,Nivea Face wash,
4005808246014,1,skincare,body lotion,True,Nivea Body Lotion Rich 250mL,
8436097095384,3,skincare,gel douche,True,gel douche micellaire,
0711221983866,1,skincare,deodorant,True,Deodorant,
4340043891170,2,haircare,soin cheveux,True,Crème de soin cheveux,
5410091728618,5,skincare,deodorant,True,Fa Pink passion deodorant roller,
6111260730713,1,skincare,body lotion,True,famila glycerin body lotion,
4902430789318,1,skincare,shaving,True,Gillette guard shaving cream,
3614220954011,1,makeup,foundation,True,Match perfection foundation,
0769915194791,1,skincare,cleanser,True,Squalene Cleanser,
0080878187065,1,makeup,primer,True,"Heat Primer, Thermal Heat Protectent",
0010181041235,1,skincare,body oil,True,Vitamin E Body Oil,
0012044037539,6,skincare,deodorant,True,Swagger Deodorant,
3499320014519,1,skincare,cleanser,True,Cetaphil Cleanser,
6281006534988,1,haircare,conditioner,True,Conditioner smooth and shine,
0819156023432,1,haircare,laque,True,"Peace out, plaque Antigingivitis/antiplaque mouthwash",
4015100864915,1,haircare,shampoo,True,Shampoo mit Hopfen,
9120130822868,1,haircare,shampoo,True,shampoo,
8901030996153,1,haircare,shampoo,True,shampoo,
8718951577039,1,haircare,shampoo,True,palmolive naturals shampoo,
4067796179712,1,haircare,shampoo,True,Coffein Shampoo Power Effect,
7702354957643,1,haircare,shampoo,True,Shampoo nitribela15 células madre,
7702354957636,1,haircare,shampoo,True,Shampoo nitribela15 pro hialuronico,
4058172313158,1,haircare,shampoo,True,silber Glanz Shampoo,
5397208184072,1,haircare,shampoo,True,Shampoo,
4056489481676,1,haircare,shampoo,True,shampoo,
8904319400914,1,haircare,shampoo,True,Sesa Ayurvedic Shampoo,
7790740001377,1,haircare,shampoo,True,shampoo hidratación,
4005900179968,1,haircare,shampoo,True,shampoo,
4902430396554,1,haircare,shampoo,True,Rejoice shampoo rich soft smooth,
10467630,1,haircare,shampoo,True,car shampoo 2 In 1,
0736990012104,1,haircare,shampoo,True,veterinary formula ultra oatmeal shampoo 17oz,
0736990040701,1,haircare,shampoo,True,salon select deodorizing shampoo 18 oz,
3600523966042,1,haircare,shampoo,True,Color Shampoo,
0736990013156,1,haircare,shampoo,True,veterinary formula antiparasitic and antieborrheic shampoo 16 oz,
0736990013552,1,haircare,shampoo,True,veterinary formula oatmeal and tea tree oil shampoo 16 oz,
5281019900412,1,haircare,shampoo,True,Ketonaz shampoo,
0037000733140,1,haircare,shampoo,True,Head & Shoulders Tea Tree Oil Shampoo,
0094000144727,1,haircare,shampoo,True,Advance Techniques Intense Repair Shampoo,
8690529513932,1,skincare,bar soap,True,CITRON BAR SOAP,
0018787782057,2,skincare,bar soap,True,Organic Baby Unscented Bar Soap,
6295120060193,1,skincare,bar soap,True,Dettol activ botany Rose Water bar soap,
6001067004318,1,skincare,bar soap,True,Protex bar soap deep clean,
6001106110697,1,skincare,bar soap,True,Dettol Sensitive Bar soap,
6295120060186,1,skincare,bar soap,True,Dettol anti botany green tea bar soap,
6295120046876,1,skincare,bar soap,True,Dettol Sensitive bar soap,
3596710553112,1,haircare,shampoo,True,Shampooing réparateur,Shampooing réparateur
3275179350592,1,makeup,rouge a levres,True,Rouge a levres au lait,
8435477906432,1,makeup,rouge à lèvres,True,rouge à lèvres bonbon,
3700843521256,1,makeup,rouge à lèvres,True,Coffret Rouge à Lèvres en Chocolat,Coffret Rouge à Lèvres en Chocolat
6111246360514,1,skincare,savon,True,savon exfoliant au miel,
6111246360507,1,skincare,savon,True,"savon exfoliant a l',argan",
6111246360545,1,skincare,savon,True,savon exfoliant au romarin,
8719325558869,1,skincare,hand soap,True,hand soap,
8058664138388,1,haircare,shampoo,True,Baby Moments  shampoo,
3600530733644,1,makeup,concealer,True,Concealer,
3760100193718,1,skincare,gel douche,True,gel douche monoï à la folie,
8719134163155,1,skincare,body oil,True,Rituals body Oil,
6973469672030,1,haircare,shampoo,True,Rice water shampoo bar,
0022796910066,1,haircare,conditioner,True,Coconut Milk Conditioner,
0079400637635,1,skincare,body wash,True,Suave Kids 3 in 1 purely fun body wash and shampoo,
3655418377632,1,haircare,shampoo,True,Shampoo con,
4305615704791,4,makeup,setting spray,True,Setting Spray,
8720964893532,4,skincare,sheet mask,True,Face sheet mask,
3052503745220,1,makeup,foundation,True,Healthy mix Sweum foundation,
0699838224322,2,skincare,body cream,True,Butter Me Up Whipped Tallow Cream,Unscented whipped tallow body cream
4006000083476,1,skincare,body lotion,True,Body Lotion,
3474393045974,1,makeup,vernis à ongles,True,Vernis à ongles,
5051089988227,1,skincare,savon,True,Savon de Marseille,
3600542551205,1,haircare,shampoo,True,Garnier Ultra Doux Shampooing Disciplinant Huile de Coco & Beurre de Cacao - 300 ml,
5904730627627,1,skincare,face wash,True,Rich Peach Natural Face Washing Gel,
8809738600214,1,skincare,toner,True,Round Lab Birch Juice Toner,
3574661213187,1,haircare,shampoo,True,Baby shampoo gotas de brillo,
7310617312780,1,skincare,hand soap,True,Hand soap refill pack,
3701159001869,1,skincare,savon,True,Savon Marseille,
4066447591668,1,skincare,gel douche,True,Gel douche,
3660005593258,1,makeup,fard à paupières,True,Fard à paupières,
4056489970873,1,skincare,gel douche,True,Gel douche,
6281722056276,1,haircare,shampoo,True,Shampoo natural moringa,
40060729,2,skincare,hand cream,True,HAND CREAM NIVEA,
30173620,4,makeup,concealer,True,Infallible More Than Concealer,
5202663195955,1,skincare,hand cream,True,Hand cream,
00619059,1,skincare,toner,True,facial toner,
3250392472986,5,haircare,crème décolorante,True,Crème décolorante,
7073231001699,1,haircare,conditioner,True,Conditioner,
0840191602917,1,skincare,body lotion,True,Rose and sandalwood body lotion,
0074469513951,1,haircare,shampoo,True,Joico Moisture Recovery Shampoo 300ml,
0074469513906,1,haircare,conditioner,True,Joico Moisture Recovery Conditioner 250ml,
0074469523981,1,haircare,shampoo,True,Joico Youth Lock Shampoo 300ml,
0074469523950,1,haircare,conditioner,True,Joico Youth Lock Conditioner 250ml,
7290011521202,1,haircare,conditioner,True,Moroccanoil Moisture Repair Conditioner 250ml,
7290011521141,1,haircare,hair mask,True,Moroccanoil Restorative Hair Mask 250ml,
3474636974214,1,haircare,shampoo,True,L’Oréal Professionnel Absolut Repair Shampoo 300ml,
8437020545075,1,haircare,shampoo,True,Goa Organics Melrose Shampoo 300ml,
7506306246317,1,haircare,shampoo,True,Sedal 2 en 1 Rizos definidos Shampoo 2 en 1,
0744109218965,1,skincare,serum,True,V34 Teeth Brightening Colour Corrector Serum,
4800888158932,1,skincare,deodorant,True,Deodorant (Women),
8004608236597,1,haircare,shampoo,True,NaturalTech Purifying Shampoo,
8006540289945,1,skincare,deodorant,True,Deodorant,
0345334200123,1,haircare,shampoo,True,Vanicream shampoo,
3178040672826,1,haircare,laque,True,Laque,
4791111143866,1,haircare,shampoo,True,Baby shampoo,
0840191600937,1,skincare,gel douche,True,Gel douche,
3600551054308,1,skincare,gel douche,True,Gel douche,
7613107300046,1,skincare,savon,True,savon liquide verveine,
7613107300114,3,skincare,savon,True,savon liquide lavande,
4005900644077,1,skincare,mousse à raser,True,Mousse à raser,
6291108734940,2,skincare,deodorant,True,Yara Deodorant,
4260421981814,6,skincare,deodorant,True,Deodorant Sensation 24h - Seductive,
8001841271880,1,haircare,shampoo,True,Shampoo Classic Clean,
8718951320239,1,skincare,gel douche,True,Sanex gel douche - peaux sèches,
8710447381038,2,skincare,gel douche,True,Dove Gel Douche Eau Micellaire Anti-Stress,Gel Douche Eau Micellaire
3701436910556,1,skincare,savon,True,Savon au parfum énergisant,
8050507530489,1,haircare,shampoo,True,BIO POINT SHAMPOO,
4047247997898,1,haircare,shampoo,True,Shampoo Men,
3600522249634,1,skincare,serum,True,Revitalift laser,"Het L'Oréal Paris Revitalift Laser X3 Serum heeft een drievoudige, anti-age werking: het vermindert rimpels, het versterkt en stimuleert het weefsel van je huid en het verkleint je poriën voor een zichtbaar egalere huid."
4066447745443,1,haircare,shampoo,True,Anti Schuppen Shampoo,
0603084560707,4,haircare,conditioner,True,Whole Blends Honey Treasures Repairing Conditioner,
0808124111042,1,skincare,hand soap,True,Clean Day Hand Soap,
3256225719037,1,skincare,mousse à raser,True,mousse à raser,
0037000944393,2,haircare,conditioner,True,head & shoulders coconut conditioner,
5060571721150,2,skincare,eye cream,True,Eye cream,
05025605,1,skincare,serum,True,Jaysuing Vitamin C Brightening eye serum,
8017990007690,2,skincare,face mask,True,superfruit face mask,
0035000269218,3,skincare,body wash,True,Deep Action Scrub Men's Exfoliating Face & Body Wash,
4103040019400,1,haircare,shampoo,True,Sebamed Anti Dandruff Shampoo,Anti Dandruff Shampoo
4823109408173,1,haircare,pomade,True,Matte Hair Pomade,
8001841266848,1,haircare,conditioner,True,For Coloured Hair Conditioner,
6931978115738,1,haircare,hair treatment,True,Nanoten Brazilian keratin hair treatment,
6224010337428,1,haircare,hair cream,True,hair cream,
4894532923489,3,skincare,micellar,True,Micellar Botanical Purifying Shampoo,Shampoo
8719238021139,1,haircare,hair mask,True,Cactus Hair Mask,
8001841214566,2,haircare,shampoo,True,Hair biology purple shampoo,
8001841012094,1,haircare,shampoo,True,"Head & Shoulders Classic Clean Anti-dandruff Shampoo, 900 ML",
8001841267111,1,haircare,shampoo,True,Repair & Protect Shampoo,
8001090222541,1,haircare,shampoo,True,Purify and Hydrate Strawberry and Mint Silicone Free Shampoo,
8001841267029,1,haircare,shampoo,True,Shampoo,
8001841500645,1,haircare,shampoo,True,Potent Aloe   Hemp Shampoo,
0862287000407,1,skincare,body wash,True,Medicated Shampoo & Body Wash,
8006540810675,1,haircare,shampoo,True,Citrus Fresh anti-dandruff shampoo,
8901030924200,1,haircare,shampoo,True,Tresemme Fermented Rice Shampoo,
8001090667038,1,haircare,shampoo,True,Pro-V 3 In 1 Shampoo,
8001090633354,1,haircare,shampoo,True,Shampoo Volumen Pur 3in1,
8001090222787,1,haircare,shampoo,True,Passion Flower & Rice Milk Shampoo,
0720212570626,2,haircare,shampoo,True,Shampoo Baby,
8001090094025,1,haircare,shampoo,True,Shampoo Glatt Seidig,
8001841413563,1,haircare,shampoo,True,Deep Hydration With Coconut Oil Anti-dandruff Shampoo,
8001841389486,1,haircare,shampoo,True,Shampoo,
4987176072993,1,haircare,shampoo,True,Shampoo,
0037000971375,1,haircare,shampoo,True,Clinical Solutions Dandruff Shampoo,
0037000786535,1,haircare,shampoo,True,Head and Shoulders Refreshing Menthol Anti-Dandruff Shampoo For Men,
0037000011965,1,haircare,shampoo,True,Head and Shoulders Classic Clean Shampoo,
4051089815029,4,haircare,shampoo,True,ream MED Shampoo pH hautneutral + Provitamin B5,
4063367117190,1,haircare,shampoo,True,Sieben Kräuter Shampoo,
4017645027770,1,haircare,shampoo,True,mann Shampoo & Duschgel Ginko & Coffein,
4048882267162,1,haircare,shampoo,True,Forte Shampoo,
7630028604077,1,haircare,shampoo,True,Swiss Hair Line Shampoo,Swiss Hair Line Shampoo
3700593604308,2,skincare,savon,True,Savon de Marseille,
3600542427548,1,skincare,sheet mask,True,Sheet mask vitamin c,
4335619070042,1,haircare,gel coiffant,True,gel coiffant effet mouillé,
3760100203981,2,haircare,shampoo,True,Shampooing monoi Evoluderm,
4305615307718,1,haircare,shampoo,True,Feuchtigkeitsshampoo,
3600551172279,2,haircare,shampoo,True,shampooing amande douce,
8402001013614,2,haircare,conditioner,True,Hydra Hyaluronic Instant Conditioner,
3337875917940,1,skincare,serum,True,A.G.E. Interrupter Ultra Serum,
3696000556523,1,skincare,cleanser,True,Foaming facial cleanser,
3701129809082,1,skincare,micellar,True,Sensibio H₂O Micellar Water,
3600523755714,4,haircare,shampoo,True,Shampooing soin protection couleur,
4059729394330,1,makeup,foundation,True,Mousse foundation,
6291069700572,1,haircare,hair oil,True,Dabur Amls hair oil,
6224008073932,1,haircare,conditioner,True,Hair conditioner,
8720256109105,1,haircare,shampoo,True,HappySoaps Shampoo bar aloë you vera much,
3282770207774,1,skincare,nettoyant,True,Avene - Gel nettoyant,
3600542518383,8,skincare,serum,True,Invisible Serum Super UV,
5902539700657,7,haircare,hair mask,True,Argan oil hair mask,
8001090374417,1,skincare,serum,True,miracle serum,
8006540903346,1,skincare,serum,True,Serum,
00001060,2,makeup,nail polish,True,Nail polish remover,
8809576260601,1,skincare,ampoule,True,SKIN1004 Madagascar Centella Ampoule 55ml,
3660005313764,1,skincare,nettoyant,True,Gel nettoyant mains,
5060120174345,1,haircare,shampoo,True,Coconut hydrating shampoo,
5060120174369,1,haircare,conditioner,True,Coconut Hydrating conditioner,
6132502980536,1,haircare,shampoo,True,Après shampooing,
0717334255012,2,skincare,eye cream,True,Ginzing Refreshing eye cream,
5900117095232,1,haircare,shampoo,True,Nettle shampoo,
0737052354996,1,skincare,deodorant,True,Boss Bottled Deodorant Stick,
3700376300434,1,skincare,savon,True,Savon extra doux,
6281031284797,1,haircare,shampoo,True,Persil Abaya shampoo 2yrs prod,
0810095594649,3,skincare,deodorant,True,odor squatching deodorant coconut castaway,
8719134155617,1,skincare,shower gel,True,Foaming Shower Gel (Tulip & Japanese Yuzu),
8720181360602,1,skincare,shower gel,True,"Shower Gel, cucumber & green tea scent",
8480000678010,1,haircare,conditioner,True,Instant conditioner protect,
8700216652896,1,haircare,shampoo,True,"Anti-Schuppen Shampoo, Classic Clean",
0400452624500,1,makeup,concealer,True,Rosé all Day,Concealer
0877917005271,1,skincare,savon,True,Fair& white savon exfoliating soap 200g,
4335619207820,3,skincare,savon,True,"Cien

Savon Lait & Miel",
3474393030086,1,makeup,vernis à ongles,True,Vernis à ongles,
3660005713663,2,skincare,shower gel,True,Meadow Flower & Heather Shower Gel,
3282770208689,1,haircare,shampoo,True,Klorane dry shampoo nettle,
3348901563635,1,skincare,serum,True,Super potent serum,
8402001021138,5,makeup,highlighter,True,Iluminador facial fluido Highlighter Universe,
3614273074469,1,makeup,concealer,True,Teint Idole Ultra Concealer - 01 Beige Albâtre,
8402001006449,3,makeup,gloss,True,Brillo de labios Volumizer gloss 01 transparente,
8402001006456,2,makeup,gloss,True,Brillo de labios Volumizer gloss 02 nude,
8402001006487,2,makeup,gloss,True,Brillo de labios Volumizer gloss 05 rosa,
8402001006494,2,makeup,gloss,True,Brillo de labios Volumizer gloss 06 morado,
8402001010576,2,makeup,gloss,True,Brillo de labios Volumizer gloss 07 transparente con destellos,
8402001020315,2,makeup,gloss,True,Brillo de labios Volumizer gloss 09 coral perlado,
8402001020322,2,makeup,gloss,True,Brillo de labios Volumizer gloss 10 chocolate,
3337875845489,1,skincare,sunscreen,True,Laroche body sunscreen,
0027131963332,1,makeup,concealer,True,Double Wear Concealer 2C,
8809925170896,1,skincare,serum,True,Laneige Glaze Craze Tinted Lip Serum,
8901526589678,1,makeup,foundation,True,Maybelline New York Fit Me Foundation Matt + Poreless,
5045096968693,1,skincare,shower gel,True,boots zesty lemon shower gel,
8712561828628,1,skincare,shower gel,True,Shower Gel,
5028197104498,1,skincare,shower gel,True,Shower gel,
0667553517869,1,skincare,shower gel,True,sweet cinnamon pumpkin shower gel,
5060307390148,1,skincare,shower gel,True,MAN CAVE Lemon & Oak SHOWER GEL,
0636874090740,1,skincare,shower gel,True,EO shower gel french lavender,
3600542525688,1,haircare,shampoo,True,Shampooing protecteur de couleur,
3770033200360,1,skincare,body oil,True,Tania Wursig,Body oil
3517360022797,3,skincare,gel douche,True,So'bio Étic Gel Douche hydratant,
0823638083029,1,skincare,cleanser,True,Monoi Age Corrective Exfoliating Cleanser,
9316542150808,1,skincare,serum,True,Aromatherapy Multi Vitamin All Day Serum 50ml,
2000451184753,1,skincare,face mask,True,Gold Foil Face mask 2yrs prod,
4027800081158,1,makeup,eyebrow,True,Wilkinson Eyebrow Razors - 3 units,
4064941117254,1,makeup,concealer,True,Concealer Brush,
4010355111425,1,makeup,concealer,True,Ebelin Professional Concealer Make-up Ei (einzeln),
5054805021451,1,makeup,concealer,True,Lasting Perfection concealer,
0773602421732,1,makeup,concealer,True,Studio Finish Concealer NW10,
6956784104011,1,makeup,concealer,True,High coverage concealer,
6953743340404,1,makeup,concealer,True,Concealer,
6902395685845,1,makeup,concealer,True,Maybelline concealer,
4064941049104,1,makeup,concealer,True,Power Plush Longwear Concealer 4.5C,
4067796007855,1,makeup,concealer,True,18H High Coverage Concealer,
4066447094497,1,makeup,concealer,True,Make-up & Concealer 10,
3614226917157,1,makeup,concealer,True,Lasting Radiance Concealer,
4049775614629,2,makeup,concealer,True,Cover All Concealer Palette,
30172814,2,makeup,nail polish,True,"Grey Tones & Black Nail Polish, 604 - press pause",
7840508031471,1,makeup,nail polish,True,Nail Polish Remover,
5045096745867,1,makeup,nail polish,True,nail polish remover,
0072785117082,2,makeup,nail polish,True,Non-acetone nail polish remover,
0074170346466,1,makeup,nail polish,True,Nail Polish,
0074170346244,1,makeup,nail polish,True,Xtreme Wear Clear Nail Polish,
02191461,1,makeup,nail polish,True,Nail Polish Remover,
5060120173287,1,makeup,nail polish,True,Nail polish remover,
7707178030244,2,makeup,nail polish,True,Rodher nail polish,
4809012175029,1,makeup,nail polish,True,Jackie nail polish remover,
9345151004462,1,haircare,conditioner,True,conditioner,
5200136090028,1,haircare,conditioner,True,refreshing conditioner,
0812729006016,1,haircare,conditioner,True,conditioner,
0654749361276,2,haircare,conditioner,True,Thickening Conditioner,
8700216885737,1,haircare,shampoo,True,Pantene Pro-V Shampoo,
0843536108266,3,skincare,body wash,True,glacier + granite men's body wash,
3349668583485,1,skincare,deodorant,True,Phantom deodorant Spray,
8710537042900,1,skincare,lip balm,True,Biodermal 25 SUN LIP BALM 60,
3596710514410,1,skincare,mousse à raser,True,Mousse à raser,Mousse à raser
6191311500076,1,skincare,savon,True,Savon Exfoliant Nourrissant Winco,
0810095595059,1,skincare,lip balm,True,Moisturizing Lip Balm Vanilla Bourbon,
0811131034228,1,haircare,shampoo,True,Shampoo,
8402001005671,3,haircare,shampoo,True,ZERO SHAMPOO,Champú para cabello
8700216200622,1,haircare,hair mask,True,Hydrate coconut scent Hair mask,
8052462906552,1,haircare,shampoo,True,Anti dandruff shampoo,
7310610027179,1,skincare,shower gel,True,Bliw Clean Shower Gel 400ml,
5057172107575,1,skincare,shower gel,True,Shower gel,
3256228930811,1,skincare,gel douche,True,Gel douche 2 en 1,
3256229526778,1,skincare,gel douche,True,Gel douche,
8001090518606,1,haircare,hair oil,True,Lightweight hair oil 3 miracle oil,
3378872193524,1,makeup,blush,True,Blush crème multi-usages,
5410076390458,1,haircare,shampoo,True,Aussie Bonza Colour Shampoo,
4068706085123,5,skincare,lotion corporelle,True,Lotion corporelle Soft,
8809566991676,1,skincare,essence,True,Snail Bee High Content Essence,
3298651717041,1,skincare,savon,True,"Savon à l'huile d'olive, écorces d'orange et cannelle",
8901207050466,2,haircare,hair oil,True,dabur amla hair oil,
8901030937194,1,haircare,shampoo,True,Health Shampoo Strong & Long,
3286011000278,1,skincare,cleanser,True,2 in 1 body and hair cleanser,
8901030937187,1,haircare,shampoo,True,Health shampoo Strong & Long,
8014214865876,1,haircare,shampoo,True,Shampoo,
8717524072445,3,makeup,lipstick,True,Purol lipstick,"Ervaar de verzachtende en beschermende werking van de Purol Lippenbalsem Stick. De stick biedt bescherming tegen zon, wind en kou en werkt verkoelend."
6959222300099,1,haircare,shampoo,True,Shampoo hair color,
6281056501398,1,haircare,hair spray,True,Hair spray,
6181056502008,1,haircare,hair spray,True,Hair spray,
5016889123483,1,haircare,hair cream,True,Hair cream,
6224008677475,1,skincare,shower gel,True,Schwartz shower gel,
6281053210026,1,haircare,shampoo,True,Nunu shampoo baby,
8901030989834,2,skincare,face wash,True,pond's Bright beauty face wash,
8718951719408,1,skincare,body wash,True,PALMOLIVE LIMITED EDITION Dreamy Delight BODY WASH,
6001087009928,1,skincare,body lotion,True,Active body lotion,
8964003015565,1,skincare,body lotion,True,Golden pearl body lotion,
8907367001867,1,skincare,face wash,True,The man face wash,
3286011000186,1,haircare,shampoo,True,Detangling shampoo,
3466762520205,1,skincare,creme mains,True,CREME MAINS FONDANTE,
4792054001855,1,skincare,face wash,True,Face Wash,
7756719020268,1,haircare,shampoo,True,Shampoo vitalidad y brillo,
0001283055002,1,makeup,lip gloss,True,lip gloss,
3574661708096,2,haircare,shampoo,True,Aveeno. SCALP SOOTHING HAIRCARE SHAMPOO Clarify &,
7500435231244,2,haircare,shampoo,True,shampoo anticomezon,
8901030999192,2,skincare,face wash,True,pond's sun miracle face wash,
8901248478267,1,haircare,shampoo,True,7 Oil in 1 shampoo 2yrs prod,
8901030989872,2,skincare,face wash,True,pond's Bright beauty face wash,
3600524139636,1,haircare,shampoo,True,L'Oreal Elvital Shampoo,
8908009516220,1,skincare,deodorant,True,satan Deodorant spray,
0020714382742,2,skincare,eye cream,True,Anti Age Eye Cream,
4800118366359,1,haircare,shampoo,True,Petgard Dog Shampoo,
8907122002641,2,skincare,face wash,True,Vlcc neem face wash  150+150ml,
8801046869598,1,haircare,shampoo,True,Shampoo,
6001087373791,1,skincare,body lotion,True,Energy body lotion,
3522930004035,1,skincare,gel douche,True,CAUDALIE ARIS Thé des Vignes Gel Douche Haute tolé,
0850018802772,2,haircare,shampoo,True,Olaplex Shampoo Nr. 4 Blond,
3600542430289,1,haircare,shampoo,True,Shampoo,
8414227057907,1,skincare,savon,True,savon ice cream,
8809635721579,1,haircare,shampoo,True,Shampoo,
8700216977395,1,haircare,shampoo,True,Head & shouldar shampoo,
0605069064774,1,haircare,laque,True,Turmeric + Coconut Oil Whitening Antiplaque Toothpaste,
0810006945171,1,makeup,gloss,True,Weightless Protect + Shine Gloss,
8901030927980,1,skincare,deodorant,True,DEODORANT,
93530811,1,skincare,lip balm,True,lip balm,
0020714209407,1,skincare,deodorant,True,Aromatics Elixir Antiperspirant Deodorant Roll-On,
8849300633448,1,haircare,shampoo,True,Shampoo,
8901030999895,2,skincare,face wash,True,glow$Lovely face wash,
4099200059709,1,haircare,shampoo,True,Shampoo Men,
9319359310144,1,skincare,essence,True,IN ESSENCE - Jojoba oil 100mL,
3596710551958,2,skincare,gel douche,True,Gel douche parfum marine,Gel douche parfum marine
9347108012322,1,skincare,deodorant,True,Deodorant Cocos Vanille,
0677276100057,1,haircare,shampoo,True,procan flea and tick shampoo,
8809843678719,1,skincare,clay mask,True,innisfree volcanic clay mask,
0009531119755,1,haircare,shampoo,True,Shampoo Blond,
6223002230501,1,haircare,shampoo,True,Parachute shampoo,
8700216978446,1,haircare,shampoo,True,Pantene shampoo,
8901030993787,2,skincare,serum,True,Pond's Bright beauty serum,
3574661709369,1,haircare,shampoo,True,Johnsons Sensitive Shampoo Org Aloe 395ml,
8901138505547,2,skincare,face wash,True,Himalaya oil clear lemon face wash 100ml,
7290011116224,1,makeup,lipstick,True,lipstick,
6925845632879,1,skincare,savon,True,Rose savon,
8898499071067,1,skincare,face wash,True,face wash,
8720847371379,1,skincare,sheet mask,True,face sheet mask,
8909106005532,1,haircare,shampoo,True,Dove shampoo,
4987176234315,1,haircare,shampoo,True,Pantene Shampoo,
0020714672096,1,skincare,face wash,True,Oil Control Face Wash,
4069826000201,1,skincare,body oil,True,Body Oil (Blueberry),
9314807067540,1,skincare,body lotion,True,REDWIN SENSITIVE SKIN: vitamin E&C body lotion with evening primrose oil,
3596710551941,2,skincare,gel douche,True,Gel douche peaux sensibles,Gel douche peaux sensibles
3606000514959,1,skincare,sunscreen,True,Hydrating mineral sunscreen spf50,
0086800078517,1,skincare,sunscreen,True,Ultra sheer dry touch sunscreen 70,
3253581768655,1,skincare,hand cream,True,Crème mains hand cream,
4025089085171,1,makeup,concealer,True,Mineral Wake-Up Concealer,
7611916153600,1,skincare,shower gel,True,Active Fresh 3 in 1 Shower Gel,
8906005274069,1,skincare,cleanser,True,Cetaphil Gentle Skin Cleanser,
0889628231634,1,skincare,lip balm,True,8 flavored lip balms,
5012251013383,1,skincare,serum,True,Brightening Vitamin C Facial Serum,
3770005062354,1,skincare,savon,True,Savon au lait d’ânesse,
6923700970449,1,skincare,serum,True,L'Oréal Paris Extraordinary Oil Serum,
6971864100325,1,skincare,shaving,True,HTC  Machine / Shaving,
3250393448218,2,skincare,savon,True,Savon soin surgras,
5028197376895,1,skincare,body butter,True,Moringa Body Butter,
7500435184748,2,skincare,essence,True,Herbal Essences,
3574661750736,1,skincare,savon,True,Gel lavant mains savon et huile d'olive,
4008666106308,1,haircare,shampoo,True,hair & body shampoo,
0808829117035,1,skincare,micellar,True,all in one Micellar cleansing water,
0573001574646,1,haircare,shampoo,True,Shampooing pour cheveux regraissant vite,
8909106025011,1,skincare,face wash,True,Lakme perfect radiance face wash,
0628942555749,1,makeup,makeup remover,True,Floral Eye Makeup Remover,
9300607762075,2,skincare,body lotion,True,Aveeno Skin Relief Moisturising Body Lotion Sensitive 532mL,
8009518141580,1,makeup,eyeliner,True,Eyeliner,
3250393448225,1,skincare,savon,True,Savon de Marseille,
3700390875062,1,skincare,masque visage,True,Masque Visage Tigre Hydratant,
3600551055619,1,haircare,shampoo,True,Expert Nutri-Frzz Shampooing,
8718951655362,1,skincare,nettoyant,True,Nettoyant Ménager Salle de Bain Anti-Calcaire,
8700216208444,1,haircare,shampoo,True,Anti-dandruff shampoo,
3245678126394,35,skincare,nettoyant,True,Nettoyants pour appareils dentaires,Nettoyants pour appareils dentaires
8720181652943,1,skincare,body wash,True,Awaken Body Wash Collection,
4260554491976,1,haircare,shampoo,True,Störtebekker Shampoo Bar,
8904207503161,1,makeup,concealer,True,Insight Pro Concealer Palette Colour Correct Contour,
8901030978036,1,makeup,cc cream,True,Lakmē 9 to 5 CC Cream SPF 30 PA++,
6902395677383,1,makeup,concealer,True,"Maybelline New York Instant Age Rewind Eraser Concealer- Conceal, Contour, Highlight",
3600524190552,1,makeup,foundation,True,"L'oreal Paris Infallible 24H Tinted Serum Foundation Lightweight, Dewy & Radiant",
8901526589548,1,makeup,foundation,True,Maybelline New York Fit Me Matte + Poreless 16H Oil Control Foundation with SPF 22,
8809625248833,1,makeup,gloss,True,Rom&nd Glasting Colour Gloss,
9300830087907,1,skincare,deodorant,True,Dove Men Deodorant 72hr Advanced Aerosol Invisible Dry 250mL,
8809576261417,1,skincare,ampoule,True,Skin 1004 Madagascar Centella Tone Brightening Capsule Ampoule,
2272105224539,1,skincare,face wash,True,Detoxifying Charcoal Face Wash,
8003510037964,1,skincare,deodorant,True,Breeze Vanilla deodorante profumato,
8809561820117,1,skincare,cleanser,True,pH Hyaluron Gel Cleanser,
8719587160169,1,skincare,hand soap,True,Cherry Blossom Heavenly Hand Soap,
07961755,1,skincare,hand cream,True,Shea butter hand cream,
4987176229700,2,haircare,shampoo,True,Head & Shoulders Apple Fresh 2 In 1 Anti-dandruff Shampoo & Conditioner 750mL,
3616303444136,1,skincare,shower gel,True,Adidas Deep Care shower gel 2yrs prod,
3616303842420,1,skincare,booster,True,Power booster,
8905452213249,1,skincare,serum,True,Hair Growth Serum,
0074182270933,3,skincare,hand soap,True,"Liquid Hand Soap Pump, Fresh Breeze",
8003170094789,1,haircare,shampoo,True,Shampoo e Balsamo  in 2,
4550516493583,5,haircare,hair mask,True,Premium Touch Hair Mask,
3600524076078,1,skincare,cleanser,True,L'Oreal Revitalift Cleanser Vitamin C 150mL,
3661985107978,1,skincare,savon,True,Savon de marseille,
5031550002393,1,skincare,body butter,True,Melting Pearls Body Butter,
4006000123257,3,skincare,serum,True,NIVEA Derma Skin Clear Zuiverend en Kalmerend Serum,
5028197269623,1,skincare,toner,True,Vitamin E Moisturising Toner,
4005900789389,1,skincare,serum,True,NIVEA Cellular Luminous630 Anti-Spot Corrigerend Serum,
3760019129204,1,skincare,nettoyant,True,Gel doux nettoyant purifiant,
3372290123026,1,haircare,shampoo,True,Shampooing fortifiant,
4059729375612,3,makeup,mascara,True,Lift up Mascara,
3253581661857,1,skincare,savon,True,Savon corps exfoliant relaxant,
8720181284892,1,skincare,deodorant,True,Deodorante man care,
4006000012278,1,skincare,deodorant,True,Deodorante fresh sensation,
5400141788723,1,skincare,hand soap,True,Everyday Liquid Hand Soap,
5050456007486,1,skincare,deodorant,True,Golden era Deodorant Spray,
5060486268856,1,haircare,shampoo,True,Q+A Curl Defining Shampoo,
4088600303390,1,skincare,hand cream,True,Moisturising Hand Cream,
4001638589567,1,skincare,face wash,True,2in1 Face wash for men,
8006530047340,1,skincare,body lotion,True,Olay restoring body lotion,
8718951729896,1,skincare,deodorant,True,Sane deodorant 48 invisible,
3800221235901,1,skincare,serum,True,Overnight Hair Serum,
8718951076600,1,skincare,deodorant,True,deodorant extra control,
0817939015100,1,skincare,hand soap,True,Hand soap - french lavender,
9344960000993,1,skincare,hand cream,True,Hand Cream,
5018389031367,1,makeup,blush,True,Peony Blush,
4056489596837,1,skincare,body cream,True,Body cream,
8719238055905,1,skincare,face wash,True,Gentle Face Wash,
8700216318402,1,haircare,shampoo,True,Classic shampoo,
0056594012288,1,skincare,body lotion,True,Nivea Repair & Care Body Lotion,
8700216481069,1,haircare,conditioner,True,Dermax Scalp & Hair Revitaliser Conditioner,
8700216318358,1,haircare,shampoo,True,Head & Shoulders Jeukende Hoofdhuid Anti-Roos Shampoo 300 ml,
0190679008305,1,haircare,hair gel,True,Hair Gel,
9005800341644,1,skincare,shower gel,True,Shower gel,
8411732001326,1,haircare,laque,True,Anti-Plaque,
8411732156101,2,haircare,laque,True,Anti- plaque,
3600542098076,1,skincare,micellar,True,Acqua Micellare Bifase,
5060879820685,1,skincare,serum,True,Retinol Serum,
8720181334849,1,skincare,antiperspirant,True,Sure Cotton Dry antiperspirant,
3600551071664,1,skincare,deodorant,True,Deodorant,
3600551154411,1,skincare,deodorant,True,Intraçable deodorant,
4001638590600,1,skincare,serum,True,Serum Drops,
3600542166195,1,haircare,conditioner,True,Moisturizing conditioner,
8436591924579,2,makeup,gloss,True,Juicy Lipgloss Brillo de Labios con Sabor Frutal,
5902539703344,5,haircare,conditioner,True,argan oil conditioner,
7627536613844,1,skincare,savon,True,Savon pour les mains Kids,
07925436,2,haircare,shampoo,True,☆ VOLUME DRY SHAMPOO,
5061030630594,1,makeup,eyebrow,True,Vitamine C Eyebrow gel,
5000101517785,1,skincare,body butter,True,Body Butter,
5059018124173,1,skincare,face wash,True,Shave gel and face wash,
7322540545401,1,skincare,body cream,True,Proskin body cream,
4061463064103,1,skincare,body cream,True,Lacura Spa Celebration Moisturizing Body Cream,
3600551171548,1,skincare,gel douche,True,Gel douche Crème Lait végétal de Pyrénées,
8719324667494,1,skincare,shower gel,True,Pure shower gel jasmine ho wood,
8719134190298,1,skincare,body cream,True,Whipped body cream Sakura,
0098400023910,1,skincare,hand cream,True,Bee Lovely hand cream,
0869542000127,1,skincare,serum,True,Active Botanical Serum,
5060524087517,1,skincare,cleanser,True,Cleanse and Glow  cleanser,
3600523873845,1,skincare,serum,True,Revitalise filler Hyaluronic Anti-wrinkle serum,
3574661768823,1,skincare,gel douche,True,Gel douche & bain,
3600524197315,1,haircare,shampoo,True,Hydra Hyaluronic Shampoo,
8700216165846,1,haircare,shampoo,True,Aloe shampoo,
5031550000979,1,skincare,body lotion,True,Body lotion Lily and Rose collection,
9421008705611,1,skincare,deodorant,True,Deodorant,
5020465203964,1,skincare,cleanser,True,Gentle exfoliating SA cleanser,
6418414034834,1,haircare,conditioner,True,Weightless Volume Conditioner,
4001638590501,1,skincare,serum,True,Straffende Serum Bodylotion,
3616302989669,1,makeup,concealer,True,Kind and free concealer,
0878639000216,3,skincare,deodorant,True,Deodorant,
8700216907903,1,haircare,shampoo,True,Mighty Mega shampoo,
3600524075583,1,skincare,serum,True,Elvive bond repair leave-in serum,
7350105200472,1,skincare,lip balm,True,Bee smooth beeswax & olive oil lip balm,
8429979208040,1,skincare,serum,True,Sesderma Azelac serum,
3499320011686,1,skincare,serum,True,Cetaphil serum hidratante,
3499320011389,1,skincare,serum,True,Cetaphil Serum contorno de ojos,
9321299300055,1,skincare,sunscreen,True,Moisturising Sunscreen,
5020379128841,1,skincare,hand soap,True,Hand soap,
3600551174716,1,skincare,gel douche,True,Ushuaïa,Gel douche extrait de Cèdre
4005808817306,1,skincare,shaving,True,Nivea shaving gel,
3517360027778,5,skincare,booster,True,Crème hydratante booster d'éclat &quot;Hydra AloeVera&quot;,
8700216165914,1,skincare,essence,True,Herbal Essences Coconut Scent Shampoo,
9300607760033,1,skincare,hand cream,True,Aveeno Intense Relief Fragrance Free Hand Cream Dry Sensitive Skin 100g,
3600524062545,1,haircare,shampoo,True,Shampoo,
3549620005097,1,skincare,savon,True,2 savonnettes extra douces,
0744430276207,1,haircare,shampoo,True,Shampoo es tracto de cebolla anticaida,
3662361001828,1,makeup,mascara,True,Mascara protect PALPÉBRAL,
5011309107012,1,haircare,shampoo,True,Nizoral Anti-Dandruff Shampoo,
7612472243019,1,makeup,foundation,True,My Match SPF 15 Skin Fusion Serum Foundation,
93036052,1,skincare,sunscreen,True,Sunscreen Lip Balm,
4006000092072,1,skincare,lait corps,True,Lait corps,
7506306248144,5,skincare,serum,True,manchas serum,
3282770108330,1,haircare,shampoo,True,Volumea - Shampoo,
3770001492971,1,skincare,savon,True,Savon visage et corps neutre,savon
8022328115077,1,haircare,shampoo,True,Shampoo Solido con estratti di Camomilla e Calendula,
7599055001801,1,makeup,loose powder,True,Loose Powder,
4025089078142,1,haircare,styling mousse,True,Styling mousse,
9505119958330,1,skincare,body wash,True,Body wash Sunny Orange,
7611916160752,1,skincare,shower gel,True,Wellbeing shower gel,
8717624992032,1,skincare,deodorant,True,Pure deodorant,
0197689018362,1,makeup,setting powder,True,Creaseless setting powder,
8720181482748,1,skincare,deodorant,True,Axe Premium Collection Deodorant Bodyspray. Aqua Bergamot,
8001990020254,1,haircare,shampoo,True,Shampoo 3 in 1,
5713125004598,1,skincare,masque visage,True,Masque visage Cica,
3600551174709,1,skincare,gel douche,True,Gel Douche Hydratant Grenade,
7290118802884,1,haircare,shampoo,True,Sabon Repair Shampoo,
9589590006056,1,skincare,savon,True,Pur savon liquide de Marseille,
3574661783338,1,haircare,shampoo,True,Scalp relief shampoo,
5017634283551,1,skincare,nettoyant,True,Gel nettoyant doux,
8051770520948,1,skincare,cleanser,True,BioASM BIOAKE Acne Prone Skin Purifying Cleanser 150ml,
8700216684583,3,haircare,shampoo,True,Pure grape seed shampoo,
6132502983049,1,skincare,creme mains,True,Creme Mains SHE,Creme hydratante SHE
5031413947533,1,skincare,lip balm,True,Moisturising Lip Balm Coconut,
8717163703533,1,skincare,deodorant,True,Washbag + Deodorant & Bodyspray + Duschgel,
0099482536411,2,skincare,deodorant,True,Cypress Cedar Scented Deodorant,
8717163762059,2,skincare,shower gel,True,Shower Gel Reviving 450 ml,
2000000156993,1,makeup,primer,True,DELIPLUS ACTIVE GLOW PRIMER,DELIPLUS ACTIVE GLOW PRIMER
8436097095681,4,skincare,gel douche,True,Gel douche dormo micellaire,
3760359080586,5,haircare,shampoo,True,Shampooing tout nu cheveux gras,
3760359080845,1,skincare,gel douche,True,Gel douche sans bouteille Vanille et Tonka,
5410036311226,1,skincare,hand soap,True,"Antibacterial Hand Soap Refill, Hydrate Aloe & Bamboo",
9310714225271,1,haircare,shampoo,True,Schwarzkopf Extra Care Ultimate Repair Strengthening Shampoo 950mL,
8809647392668,1,skincare,serum,True,Some By Mi Retinol Intense Reactivating Serum 50ml,
3537090019478,1,haircare,shampoo,True,Avant shampooing masque ultra riche,
3700593604339,1,skincare,savon,True,Savon Marseille,
3800048556340,1,skincare,body butter,True,Ikarov Body Butter,
0840044712411,1,skincare,body lotion,True,EOS body lotion (Strawberry Dreams),
0667526952291,1,skincare,body lotion,True,Amber Romance Body Lotion,
8909106067264,1,skincare,sunscreen,True,Sunscreen Radiance Powder Sandal,
3574660520286,1,haircare,shampoo,True,Penaten Baby Bad&Shampoo,
3574661684901,1,haircare,shampoo,True,Kids Shampoo,
3600542069182,1,haircare,shampoo,True,Haarshampoo,
3600542222525,1,haircare,shampoo,True,Shampoo Langhaar,
3660005342719,1,haircare,shampoo,True,Festes shampoo,
4006000034201,1,haircare,shampoo,True,Kopf bis Fuß Bad & Shampoo,
4010355417114,1,haircare,shampoo,True,Trocken Shampoo,
4015100336580,1,haircare,shampoo,True,Shampoo VOLUME,
4015100337167,1,haircare,conditioner,True,Conditioner,
4015100404289,1,haircare,shampoo,True,Shampoo Gliss Anti-Spliss Wunder,
4015100431186,1,haircare,shampoo,True,Festes Shampoo,
4015100738100,1,makeup,gloss,True,Schwarzkopf Brilliance Hair Gloss Pearl 150mL,
4015100812374,2,haircare,shampoo,True,Haar-Shampoo,
4015100813135,1,haircare,shampoo,True,Shampoo Gliss Aqua Revive,
4016187062867,1,haircare,shampoo,True,Winter Dreams Shampoo,
4045787723090,1,haircare,shampoo,True,Bonacure Moisture Kick Shampoo,
4055297221283,1,haircare,shampoo,True,Shampoo Deep Repair,
4058172830846,1,haircare,shampoo,True,shampoo,
4058172920981,1,haircare,shampoo,True,Shampoo,
4061462830259,1,haircare,shampoo,True,Coconut milk Shampoo,
4065331000064,2,haircare,shampoo,True,Baby Shampoo,
4066447104998,1,haircare,shampoo,True,shampoo,
4066447240849,1,haircare,shampoo,True,Tiefenreinigung Shampoo,
4260285389658,1,haircare,conditioner,True,Fester Conditioner (Foamie),
4260372933740,2,skincare,hand soap,True,Hand soap rosemary ginger,
4260524941975,1,skincare,hand cream,True,Hand Cream,
4305615348391,1,haircare,shampoo,True,Shampoo,
4820168434990,1,haircare,hair mask,True,Hair Mask,
4823107605000,1,haircare,shampoo,True,Shampoo дектярное,
5037156285239,1,haircare,shampoo,True,Hydro boost Shampoo,
71996001521000000100,1,skincare,lip balm,True,Kissable Lip Balm,
8588006041323,1,haircare,shampoo,True,Shampoo coconut oil,
8588006041446,1,haircare,shampoo,True,Shampoo Black seed oil,
8588006041507,1,haircare,shampoo,True,Shampoo Avocado oul,
8588006042740,1,haircare,shampoo,True,Shampoo almond oil,
8710908789120,1,haircare,shampoo,True,Shampoo,
8710908789922,1,haircare,shampoo,True,Dove Shampoo,
8719134098006,1,skincare,shower gel,True,"shower gel, Ritual of Ayurveda",
7792640003383,1,haircare,shampoo,True,Shampoo Anti-caspa,
9314807045197,1,skincare,hand cream,True,Intensive Moisture Hand Cream,
4066447934434,1,skincare,cleanser,True,Beauty Expert Jelly Cleanser,
00504751,1,haircare,shampoo,True,Shampoo,
8850006531105,2,skincare,body wash,True,Palmolive Naturals Body Wash Milk & Honey 500mL,
3574661655611,1,skincare,cleanser,True,Anti Pickel Peeling Cleanser AHA/PHA/BHA,
4056489632788,1,haircare,shampoo,True,Shampoo,
3574661783345,2,haircare,shampoo,True,T/Gel anti dandruff shampoo 3% salicylic acid,
6181100323894,3,skincare,gel douche,True,Gel douche abricot,
8673958567837,1,skincare,body lotion,True,Levia Hand and Body Lotion,
4006000083971,1,skincare,body lotion,True,Body Lotion Vital,
3383482307926,1,skincare,savon,True,Doses de lessive liquide au savon noir,
0850017974630,1,skincare,hand soap,True,Hand soap,
3350900002640,1,makeup,correcteur,True,Soin SOS de Peau Correcteur apaisant anti-rougeurs,
8901277015228,1,haircare,shampoo,True,Beer Shampoo,
3264680034497,1,skincare,serum,True,Nuxuriance Ultra Serum correcteur de tâches,
4260602120858,1,haircare,conditioner,True,"nutri care my long hair, conditioner",
5028197941666,1,skincare,body butter,True,Body butter almond and milk,
0859776000208,1,haircare,conditioner,True,Blueberry Bliss Reparative Leave In Conditioner,
0813481020579,1,haircare,shampoo,True,"Organic natural shampoo bar, herb garden",
0366869350282,1,haircare,shampoo,True,Organic Fragrance Free Shampoo,
0885674094643,1,skincare,cleanser,True,Low Poo No Fade Mild Lather Cleanser,
0765591003105,1,haircare,shampoo,True,Peppermint Tea Tree Clarifying Shampoo,
0798411439075,1,haircare,shampoo,True,2chic Ultra-Sleek Shampoo,
0716237184801,1,haircare,shampoo,True,Repairing Shampoo,
0764467737458,1,haircare,shampoo,True,Ultra-Volume Shampoo 2chic,
0716237185570,1,haircare,shampoo,True,2chic Frizz Be Gone Shampoo,
0078522100300,1,haircare,shampoo,True,Dandruff relief Shampoo,
0078522800781,1,haircare,shampoo,True,Normalizing Tea Tree Oil Shampoo,
0851543001708,1,haircare,shampoo,True,Gentle lather shampoo,
0689076195188,1,haircare,shampoo,True,Come Clean Shampoo,
9339341000372,1,haircare,shampoo,True,Angel Wash Shampoo,
9339341000754,1,haircare,shampoo,True,Born Again Wash Shampoo,
0071249341346,2,haircare,shampoo,True,Ever Sleek Keratin Caring Shampoo,
0071249341407,1,haircare,shampoo,True,Ever Pure Curl Shampoo,
0071249267615,1,haircare,shampoo,True,OleoTherapy Oil Infused Shampoo,
0078347011812,1,haircare,shampoo,True,Shampoo for Normal Hair - Herbal,
0688047140059,1,haircare,shampoo,True,Dry Shampoo,
0022796918918,1,haircare,shampoo,True,Coconut Milk Shampoo,
0022796916716,1,haircare,conditioner,True,Biotin & Collagen Conditioner,
0022796918925,1,haircare,conditioner,True,Coconut Milk Conditioner,
0814591013062,1,haircare,shampoo,True,VitaCurl Clear & Gentle Shampoo,
0892532001712,1,haircare,shampoo,True,Water Works Clarifying Shampoo,
0814591011501,1,haircare,shampoo,True,Superfruit Renewal Clarifying Cream Shampoo,
0814591012393,1,haircare,shampoo,True,Advanced Climate Control Defrizzing Shampoo,
0884486095084,1,haircare,shampoo,True,Curvaceous Cream Shampoo,
0764302270201,1,haircare,shampoo,True,African Black Soap Shampoo - deep cleansing bamboo charcoal,
0764302205029,1,haircare,shampoo,True,Smooth & Tame Shampoo,
0088301000066,1,haircare,shampoo,True,Curl & Shine Shampoo,
0764302215509,1,haircare,shampoo,True,Jamaican Black Castor Oil Shampoo - Strengthen and Restore,
0840117807334,1,haircare,shampoo,True,Hydro Rush Intense Moisture Shampoo,
0810015150009,1,haircare,shampoo,True,Hydration Shampoo,
0850035298503,1,skincare,cleanser,True,Frizz Control Cleanser Shampoo,
8004608232292,1,haircare,shampoo,True,Love curl shampoo,
0688047131378,1,haircare,shampoo,True,Curl Talk Shampoo,
0688047131385,1,haircare,conditioner,True,Curl Talk Conditioner,
0013121303684,1,haircare,shampoo,True,Bb Curl Moisturizing Shampoo,
0850013026067,1,haircare,shampoo,True,Gentle Clarifying Shampoo,
0860000320313,1,haircare,shampoo,True,Hydrating Shampoo,
0022796180018,1,haircare,shampoo,True,Curl Quench Shampoo - coconut oil,
0022796180025,1,haircare,conditioner,True,Curl Quench Conditioner - coconut oil,
0603084491896,1,haircare,shampoo,True,Curl Nourish Shampoo,
0603084491902,1,haircare,conditioner,True,Curl Nourish Conditioner,
0812595002525,1,haircare,shampoo,True,Hydrate Shampoo,
0524302231042,1,haircare,shampoo,True,Intensive Hydration Shampoo,
0764302230205,1,haircare,shampoo,True,Smooth & Repair Conditioning Shampoo,
0712201725193,1,haircare,shampoo,True,Purifying Shampoo,
0817023024483,1,haircare,shampoo,True,Hair Care Shampoo,
0850007187255,1,haircare,shampoo,True,Rose water hydrating shampoo,
0810083680637,1,haircare,shampoo,True,Curl Control Defining Shampoo,
0687735641595,1,haircare,shampoo,True,Curl Defining Shampoo,
0381519186752,1,haircare,shampoo,True,Miracle Moist Shampoo,
0381519186820,1,haircare,shampoo,True,Miracle Volume Shampoo,
0884486041807,1,haircare,shampoo,True,All Soft Shampoo,
0884486041869,1,haircare,conditioner,True,All Soft Conditioner,
0080878042289,1,haircare,shampoo,True,Pro V Curl Perfection Shampoo,
0080878042166,1,haircare,shampoo,True,Pro-V Sheer Volume Shampoo,
0080878002184,1,haircare,shampoo,True,Pro-V Classic Clean Shampoo,
0300450895073,1,haircare,shampoo,True,Anti Dandruff Shampoo,
0381519186769,1,haircare,conditioner,True,Miracle Moist Conditioner,
0079400495945,1,haircare,shampoo,True,Daily Clarifying Cleansing Shampoo,
0816559011066,1,haircare,shampoo,True,Shampoo,
0816559010984,1,haircare,conditioner,True,Conditioner,
0079400492487,1,haircare,shampoo,True,Keratin Infusion Smoothing Shampoo,
0079400492524,1,haircare,conditioner,True,Keratin Infusion Smoothing Conditioner,
4067796161229,2,skincare,serum,True,2in1losion&serum,
4335619124745,1,skincare,cleanser,True,Hydrating facial cleanser,
0079400458148,1,skincare,deodorant,True,Dry Spray Deodorant,
0542990006070,1,skincare,savon,True,Pur savon liquide de Marseille,
3284410053017,1,skincare,deodorant,True,Deodorant Peaux Sensibles Bio,
3596200069055,1,skincare,deodorant,True,Deodorant Stick Sensitive,
3596200069048,1,skincare,deodorant,True,Deodorant Stick Citrus Bergamo,
5600829361099,1,skincare,serum,True,Pro-Aging Essential Face Serum (30 ml),Pro-Aging Essential Face Serum
3350033527041,1,skincare,nettoyant,True,L'eau nettoyante,
4005900017543,1,skincare,deodorant,True,Deodorant,
3600522373254,2,skincare,deodorant,True,l'oreal men expert,"Last van gele vlekken op je kleding? L'Oréal Paris Men Expert Shirt Protect 48H Anti-Transpirant Deodorant Spray beschermt je shirt beschermt tegen zweetvlekken, gele vlekken, witte strepen en verharding van je kleding."
8001841590868,1,haircare,shampoo,True,Pantene shampoo 🧴,
8001841918785,1,skincare,serum,True,Olay Regenerist 2-In-1 Dagcrème & Serum,Het Olaz Regenerist 3-Zone Verstevigende Serum vormt een aanvulling op de hydraterende crème en biedt een superieure stevigheid omdat het een hoge concentratie werkzame bestanddelen bevat.
3468080155053,1,haircare,shampoo,True,Shampooing 2 en 1 ultra démêlant,
0350410034290,1,skincare,cleansing oil,True,Cleansing Oil,
4262351040333,1,skincare,face wash,True,Rodophyta Aloe Vera Balancing Face Wash,Gesichtswaschgel
21877698,1,haircare,shampoo,True,shampoo Antischuppen,
6001051004195,1,skincare,hand cream,True,Nivea hand cream,
80780458,1,skincare,deodorant,True,roll-on deodorant,
00002020,1,skincare,savon,True,Savon au lait de chèvre,
10406179,4,haircare,shampoo,True,dog shampoo soft shiny fur,
20012984,1,skincare,shower gel,True,Shower gel melon,
20667986,1,makeup,fond de teint,True,Fond de teint foundation 020 natural beige,
20797928,1,makeup,cc cream,True,CC Cream,
30061392,1,skincare,antiperspirant,True,Antiperspirant Sure Sensitive for Men,
42241317,4,haircare,shampoo,True,Shampoo + dusche sensitive,
42419440,1,skincare,deodorant,True,Nivea Deodorant Natural Balance mit bio aloe vera,
50096190,2,skincare,antiperspirant,True,Roll-on antiperspirant,
50096954,4,skincare,deodorant,True,Rexona Rollon Men Deodorant 50ML Cobalt,
50097425,2,skincare,deodorant,True,Dove original,Dove Deodorante Original
80803591,1,skincare,deodorant,True,Deodorante Borotalco Original,
0010181032806,4,skincare,body lotion,True,Coconut Hydrate Body Lotion,Moisturiser
0011111016545,5,skincare,face wash,True,Men+Care clean comfort body + face wash gel,
0017854100213,2,skincare,body wash,True,"Natural Body Wash Oud, Cedar & Amber",
0022200930086,1,skincare,deodorant,True,speed stick ocean surf deodorant,
0022796916709,1,haircare,shampoo,True,Biotin & Collagen Shampoo,
0022796976123,2,haircare,conditioner,True,Argan oil morocco conditioner,
0030772063378,1,haircare,shampoo,True,head & shoulders coconut shampoo,
0041520120724,1,skincare,body wash,True,body wash,
0077326835593,1,skincare,deodorant,True,Toms antiperspirant deodorant,
0079400075550,4,haircare,shampoo,True,Daily Moisture Shampoo,
0079400122643,4,skincare,antiperspirant,True,Extra Fresh Antiperspirant,
0079400122674,3,skincare,deodorant,True,Deodorant Clean Comfort,
0085805071387,1,skincare,body cream,True,Green Tea Honey Drops Body Cream,
0190679004758,2,skincare,essence,True,herbal essences hello hydration,
0302993927167,2,skincare,cleanser,True,Daily Facial Cleanser,
0381370036005,4,skincare,body lotion,True,Daily Moisturizing Body Lotion,
0381370036029,5,skincare,body lotion,True,aveeno body lotion,
0381519180736,1,skincare,essence,True,Shampoo Herbal Essences Rose Hips,
0381519180743,2,haircare,shampoo,True,Shampoo,
0722510027000,1,skincare,hand cream,True,Working Hands Hand Cream,
0753950001633,1,skincare,deodorant,True,organic virgin coconut oil deodorant,
0764302023111,1,haircare,shampoo,True,Anti-Dandruff Shampoo,
0769915190977,7,skincare,toning,True,The Ordinary Glycolic Acid 7% Toning Solution (Solução tonificante de ácido glicólico 7%),
0772618072006,8,skincare,cleanser,True,Oily Skin Cleanser,
0810021200019,1,skincare,deodorant,True,Aluminum free Lavender Vanilla Deodorant,
0834576006254,2,skincare,body wash,True,Dermasil Labs /Moisturizing Body wash,
0860236001703,1,skincare,deodorant,True,lume deodorant,
0884118299231,2,skincare,body lotion,True,Body lotion,
2000000051969,3,skincare,nettoyant,True,"Bomdila mousse nettoyante 100% naturelle et végétale, sans parfum, sans conservateur, sans huile de palme, sans allergènes.","Bomdila mousse nettoyante 100% naturelle et végétale, sans parfum, sans conservateur, sans huile de palme, sans allergènes."
2000000094641,1,skincare,savon,True,SAVON MARBRE AU MIEL,Savon marbré
2000000099285,1,skincare,cleanser,True,Tea Tree skin clearing foaming cleanser,tea tree face cleanser
2000000107541,1,skincare,savon,True,Savon de Marseille olive MAITRE SAVON,
2000000120071,1,skincare,serum,True,Serum DMAE & Dragon's Blood,Organic Cosmetic Serum
3140100330069,1,haircare,shampoo,True,shampooing volume intense,
3140100366396,5,haircare,shampoo,True,Shampooing,
3140100403763,2,haircare,shampoo,True,Shampooing antipelliculaire,
3178040696464,1,makeup,gloss,True,Gloss hair repair,
3181730117767,9,skincare,mousse à raser,True,Williams Mousse à Raser Homme Peau Sensible 200ml,Mousse à Raser
3181730134696,3,skincare,savon,True,Monsavon Déodorant Anti-transpirant Spray Femme Fleur de Coton 200ml,Déodorant Femme Spray
3181730201398,2,skincare,savon,True,Mon savon,Savon
3182611351058,1,skincare,savon,True,savon d Alep,
3250391151943,1,haircare,shampoo,True,Shampooing Très Doux à l'Argile & Citron vert,Shampooing Cheveux normaux à gras
3251241034669,1,skincare,savon,True,Le petit marseillais / le pure savon,
3253581471838,2,skincare,hand cream,True,L'occitane En Provence Almond Delicious Hand Cream,
3273818840138,3,skincare,savon,True,Savon traditionnel de Marseille,
3282770100259,3,skincare,nettoyant,True,Avene Cleanance Gel Nettoyant,
3282779328241,1,haircare,shampoo,True,EXTRA DOUX Shampooing dermo protecteur,
3282779420648,2,skincare,nettoyant,True,lotion nettoyante,
3298652000234,1,skincare,savon,True,Savon de Marseille,
3337871322595,1,skincare,deodorant,True,deodorant vichy laboratoires 24h toucher sec,
3337873401922,1,skincare,essence,True,sanoflore - aqua magnifica,Essence botanique perfectrice de peau
3337875597180,5,skincare,cleanser,True,Hydrating Cleanser,Hydrating Cleanser
3337875597197,8,skincare,cleanser,True,Foaming Cleanser,
3337875597319,3,skincare,hand cream,True,Reparative Hand Cream,
3337875597357,5,skincare,cleanser,True,Foaming cleanser,
3337875656764,1,skincare,cleansing oil,True,LA ROCHE-POSAY LIPIKAR AP+ CLEANSING OIL,
3337875773430,5,skincare,cleanser,True,Hydrating Foaming Oil Cleanser,
3337875784054,6,skincare,cleanser,True,Blemish control cleanser,
3355312146319,1,haircare,shampoo,True,Mon shampooing solide réparateur,
3400930375129,1,skincare,essence,True,Gouttes Aux Essences (gae) Naturactive Phytaroma Solution Buvable 45 ML,
3433422406599,1,skincare,cleanser,True,La roche Toleriane dermo cleanser,
3450601036576,4,skincare,lait corps,True,Lait corps réparateur à l’huile d’argan et fleur d’oranger.,
3468080409736,2,haircare,shampoo,True,Shampooing solide,
3549621033167,1,skincare,lait corps,True,Lait corps,
3560070881703,2,skincare,lait corps,True,Lait corps hydratant,
3560070886388,2,skincare,deodorant,True,24HR Neutro Deodorant Stick,
3560070911554,4,skincare,lait corps,True,Lait corps hydratant,
3560071116545,5,skincare,gel douche,True,Gel douche,
3571940001619,2,skincare,nettoyant,True,Actipur syndet - Gel dermo-nettoyant - Laboratoires Noreva,Gel dermo-nettoyant
3574661098531,1,skincare,body lotion,True,Deep Moisture Hypoallergenic Body Lotion,
3574661355290,5,skincare,savon,True,Pur savon,
3574661539126,1,haircare,shampoo,True,Après shampooing cheveux & cuir chevelu,
3574661629889,1,haircare,shampoo,True,"Le Petit Marseillais - Shampoo and Body Soap Bar Lemon Verbena, 80g (2.9oz)",
3600541126022,2,skincare,hand cream,True,Garner hand intensive 7 days restoring hand cream,
3600541358461,1,skincare,micellar,True,micellar cleansing water,
3600541744530,1,skincare,micellar,True,acqua micellare bifase con olio di argan,
3600542075107,2,haircare,shampoo,True,Après-shampooing lait de coco & macadamia,
3600542117920,2,haircare,shampoo,True,Shampoo fructis aloe hydra bomb,
3600550115550,1,haircare,gel coiffant,True,Vivelle Dop gel coiffant force 8,
3600550160567,1,skincare,lait corps,True,Lait corps nutritif satinant,
3600550166781,1,haircare,shampoo,True,Expert Nutrition Après-Shampooing,
3600550286144,4,skincare,lait corps,True,Lait corps surgras anti-irritations,
3600550538120,3,skincare,lait corps,True,"Lait corps multi-confort, cold cream, nourrit et apaise.",
3600550812435,8,skincare,lait corps,True,Lait corps nutritif satinant,
3600550817560,1,haircare,shampoo,True,Après-shampooing Nutri Extrême,
3600550928051,1,haircare,shampoo,True,Shampooing à l’avocat,
3600550937367,1,haircare,shampoo,True,Shampooing,
3600551053752,2,haircare,shampoo,True,Shampooing&douche,
3605971463365,1,skincare,cleanser,True,Age Defender Dual Action Exfoliating Cleanser,
3606000512238,1,skincare,cleanser,True,Acne Foaming Cream Cleanser,
3606000537675,1,skincare,cleanser,True,Hydrating Facial Cleanser,
3660005298344,3,skincare,lait corps,True,Lait corps réparateur au karité,
3660005318325,7,skincare,lait corps,True,Lait corps parfumé,
3660005382876,1,skincare,nettoyant,True,Nutritive vegetal,Nettoyant surgras velouté peaux sèches à très sèches
3660005548791,1,skincare,lait corps,True,Lait corps relaxant,
3660005563626,1,skincare,body lotion,True,Sensual Body Lotion,
3700479109712,2,skincare,savon,True,L'Authentique Savon d'Alep,
3701129807323,1,skincare,gel douche,True,Atoderm Gel douche (recharge),
3760016580237,1,haircare,shampoo,True,Shampooing Douche de la Ruche,
3760030494862,1,skincare,gel douche,True,gel douche,
3760077612984,1,skincare,savon,True,Savonnette Limouzi,
3760100203806,1,haircare,masque cheveux,True,masque cheveux,
3760100681192,5,skincare,lait corps,True,Lait corps argan Evoluderm,
3760172446590,1,skincare,gel douche,True,Gel Douche Bio Extra Doux à la Mangue,
3760207114876,1,haircare,shampoo,True,Shampooing cheveux secs,
3770002220283,4,skincare,savon,True,Savon Artisanal du Val d'Argent à l'huile d'argan bio - Verveine,pain de savon
3770002220542,1,skincare,savon,True,Savon artisanal du Val d'argent,
3770005798093,2,skincare,deodorant,True,Baume Deodorant H. Essent Menthe Sauge Homme,
3770006344060,1,skincare,nettoyant,True,Le gel nettoyant de l'homme,
4000388563803,1,skincare,body lotion,True,Dove Nourishing Body Care Essential Rich Body Lotion for Dry Skin,
4001638075114,2,haircare,shampoo,True,Weleda Kids Douche & Shampooing 2-en-1 Orange fruitée - 150 ml,
4001638095624,3,haircare,shampoo,True,Hafer Aufbaushampoo,
4001638096515,1,haircare,shampoo,True,Baby Calendula Waschlotion & Shampoo,Crème lavante
4001638096539,2,skincare,body lotion,True,Baby Body Lotion,
4001638097079,7,skincare,deodorant,True,CITRUS Deodorant,
4005808183029,2,skincare,cleanser,True,2 in 1 cleanser & toner,
4005808224845,1,skincare,face wash,True,Nivea Men Sensitive Face Wash,
4005808280797,2,skincare,body lotion,True,body lotion,
4005808669646,5,skincare,face wash,True,face washh,
4005808726240,1,skincare,deodorant,True,NIVEA MEN Fresh Active Pump Sprey Deodorant,
4005900519719,4,makeup,mascara,True,NIVEA Waterproof Expert Micellair Water,"Ontdek de kracht van de Nivea Micellair Skin Breathe Expert Make-Up Remover. Het micellair water verwijdert langhoudende, waterproof make-up en mascara zonder wrijven en afspoelen."
4005900555540,2,skincare,lip balm,True,Labello Original Lip Balm,
4005900655745,3,skincare,body lotion,True,Express Body Lotion 48h,
4005900655783,4,skincare,body lotion,True,Express Body Lotion,
4005900669988,1,skincare,body lotion,True,Body Lotion - Repair & Care,
4005900839855,1,skincare,nettoyant,True,Nettoyant visage solide - Naturally Clean,Nettoyant visage
4005900917669,1,haircare,shampoo,True,Strong Power - Shampoo,
4005900943873,2,skincare,deodorant,True,deodorant,
4008666213921,1,haircare,shampoo,True,Shampoo,
4015100812510,1,haircare,shampoo,True,Langhaar Shampoo,
4017645008014,3,haircare,shampoo,True,Logona Naturkosmetik Anti-Schuppenshampoo,
4021457647132,1,skincare,mousse à raser,True,Mousse à raser douceur,
4028841143744,4,haircare,shampoo,True,Trockenshampoo,
4056489031918,1,skincare,hand cream,True,HAND CREAM Organic pomegranate & goji berries,
4056489565086,3,skincare,savon,True,Savon extra doux surgras huile d'argan,
4056489671817,2,haircare,shampoo,True,Cien Nature Bio Mandel Shampoo,
4058172009006,5,haircare,shampoo,True,FESTES SHAMPOO mit Kokos-Duft,
4058172585135,1,skincare,deodorant,True,Deodorant,
4058172739095,3,skincare,deodorant,True,Balea Deodorant Sensitive,
4058172786716,1,haircare,shampoo,True,Festes Shampoo,
4066447237689,1,haircare,shampoo,True,shampoo,
4084500015012,2,haircare,shampoo,True,2 in 1 Anti Dandruff Shampoo & Conditioner,
4088600126531,1,skincare,face wash,True,Lacura moisturising face wash,
4104260041714,4,haircare,shampoo,True,Frotee Trockenshampoo Fresh,
4316268612326,1,skincare,body lotion,True,Leichte Body Lotion,
3760223250145,1,skincare,nettoyant,True,Ma mousse nettoyante purifiante,
9421908519059,1,skincare,body wash,True,Manuka Kiss Gentle Barrier Body Wash,Manuka Kiss Body Wash
8700216203883,1,skincare,deodorant,True,Old Spice Deodorant Stick Rockstar Tomorrowland edition 2026,
5010724527382,2,haircare,shampoo,True,Dry Shampoo,
5010724527450,2,haircare,shampoo,True,Batiste dry shampoo,
5010724527511,1,haircare,shampoo,True,Batiste Dry Shampoo Tropical 200ml,
5011321360945,2,haircare,shampoo,True,shampooing,
5014697055934,1,skincare,deodorant,True,Active Anti-Perspirant Deodorant,
5022496103466,2,haircare,shampoo,True,dandruff shampoo,
5028197194024,2,skincare,body butter,True,Body butter shea,
5028197786762,1,haircare,shampoo,True,Banane truly nourishing shampoo,
5028197943417,2,skincare,nettoyant,True,Nettoyant doux visage,
5037156246865,1,haircare,shampoo,True,John Frieda Red Boosting Shampoo,
5037741980013,1,makeup,nail polish,True,nail polish remover,
5060120163424,5,skincare,face wash,True,foming face wash,
5060120164063,2,haircare,shampoo,True,XHC Argan Oil Shampoo,
5060542728331,2,skincare,serum,True,Magic serum,
5201279049584,1,haircare,shampoo,True,Oily roots & dry ends shampoo,
5410076390427,1,haircare,shampoo,True,Aussie mega shampoo,
5410076390809,1,haircare,conditioner,True,Aussie miracle moist conditioner,
5410076519781,1,haircare,shampoo,True,Frizz Miracle Shampoo,
6111024004661,1,skincare,savon,True,Savon TAIUS,
6111246360194,3,skincare,savon,True,savon noir,
6134598000044,1,skincare,savon,True,Savon Liquide Main Life,
7509552455557,2,skincare,micellar,True,micellar water,
7630028604121,1,haircare,conditioner,True,Conditioner ,
4987176279439,1,haircare,shampoo,True,Head & Shoulders Anti Dandruff Shampoo Bare Pure Clean 400mL,
8001090222848,1,haircare,shampoo,True,Shampoo,
8001090662293,2,skincare,essence,True,herbal essences,
8002110383709,6,skincare,hand cream,True,Norwegian Formula Hand Cream Concentrated Unscented,
8004608256557,1,haircare,shampoo,True,Repluming shampoo,
8006540424575,1,skincare,deodorant,True,Deodorant stick,
8480000443212,2,haircare,conditioner,True,conditioner,
8480000443373,1,haircare,shampoo,True,Argan oil shampoo,
8480000467942,4,skincare,deodorant,True,Deodorant,Antitranspirante
8697926007439,2,haircare,hair wax,True,Aqua hair wax,
8710444212502,1,skincare,savon,True,château beau savon,
8710444250313,2,skincare,savon,True,savon pour les mains,
8710447174692,5,haircare,shampoo,True,shampoo&balsamo,
8710447204290,1,skincare,gel douche,True,AXE Gel Douche Mousse Gold,Gel Douche Homme Mousse
8710447275313,5,skincare,hand cream,True,hand cream,
8710447280003,3,skincare,gel douche,True,Dove Surgras Gel Douche Mousse Infusée à l'Huile d'Argan 24H de Douceur,Gel Douche Mousse
8710447284094,6,skincare,gel douche,True,Axe Gel Douche Homme Dark Temptation 12h Parfum Frais 400ml,Gel Douche Homme
8710447381021,5,skincare,gel douche,True,Dove Gel Douche Soin Apaisant 750ml,Gel Douche
8710447437261,3,skincare,lait corps,True,Dove Nourishing Secrets Spray Lait Corps Restoring Coco,Spray Lait Corps
8710447442371,9,skincare,lait corps,True,Love Beauty And Planet Lait Corps Éclat Délicat 400ml,Lait Corps
8710447446027,2,skincare,gel douche,True,Monsavon Gel Douche Fleur d'oranger Si Belle 300ml,Gel Douche
8710447446034,1,skincare,gel douche,True,Monsavon Gel Douche Pêche Toute Veloutée,Gel Douche
8710447495704,1,skincare,body lotion,True,body lotion,
8710522368541,7,skincare,deodorant,True,Alaska Deodorant & Bodyspray,
8710522724880,1,haircare,apres-shampoing,True,Timotei Masque Réparateur Avocat,Apres-shampoing concentre
8710847935893,7,haircare,shampoo,True,LOVE BEAUTY AND PLANET Shampooing Femme Fraîcheur Marine 400ml,Shampooing
8711600453975,5,skincare,body lotion,True,intensive body lotion,"Dove Intensive Bodylotion voedt met z'n unieke formule de extra droge huid, zonder het vet of plakkerig te maken."
8711700550963,13,haircare,laque,True,SIGNAL Bain de Bouche Integral 8 Anti-Plaque Antibactérien 500ml,Bain de Bouche Antibactérien
8711700841252,1,skincare,lait corps,True,Dove Lait Corps Peau Seche Beurre de Cajou,Lotion corps
8712561384841,2,haircare,shampoo,True,Daily Moisture Shampoo,
8712561609647,4,skincare,body wash,True,Shea butter & vanilla body wash,
8712561743792,6,haircare,shampoo,True,Timotei,Shampooing
8712561829137,1,skincare,shower gel,True,Refreshing Shower Gel,
8714789999937,1,skincare,lait corps,True,Lait corps Hydrate 24h,
8717163742839,1,skincare,body wash,True,Dove deeply nourishing body wash,
8718114216324,3,skincare,deodorant,True,Dove deodorant,
8718924874134,2,skincare,savon,True,savon main,
8718951624764,2,haircare,shampoo,True,Shampooing et Démêleur 2 en 1 Force & Nutrition à l'Huile d'Amande,
8719134161311,1,skincare,body cream,True,The ritual of Sakura body cream,
8719238011321,1,skincare,toner,True,rose water facial toner,
8720289263829,2,skincare,sheet mask,True,Facial Sheet Mask,
8720604317978,1,skincare,body cream,True,aloe Véra Care body cream,
8720604317985,6,skincare,body cream,True,Body cream soothes & softens,
8809089366913,1,skincare,ampoule,True,Neuromide Ampoule,
8858977099235,1,skincare,cleanser,True,Cleanser,
8901012185209,1,skincare,sunscreen,True,Neutrogena sunscreen,
8901030898464,1,haircare,shampoo,True,Shampoo,
8901088023573,1,haircare,hair cream,True,parachute men hair cream,
8904018300249,1,skincare,savon,True,Savon Ayurvedique,
8904109450426,1,skincare,face wash,True,saundarya face wash,
8906014765985,3,haircare,hair oil,True,Bajaj almond  hair oil,
8906087771333,3,skincare,sunscreen,True,Mama Earth ultra light Indian sunscreen,
8906087771883,5,haircare,hair oil,True,Mama Earth onion hair oil,
8991111101279,1,haircare,shampoo,True,Johnson's Baby Shampoo,
9000101053111,1,skincare,deodorant,True,Fa Divine Moments Deodorant,
9318637043293,1,haircare,shampoo,True,Cetaphil baby wash shampoo 230ml,
9318637069637,1,skincare,cleanser,True,Cetaphil Gentle Skin Cleanser,
9501101375710,1,skincare,savon,True,BABYMED SAVON,
4068706886584,1,skincare,cleanser,True,Foaming Oil Cleanser,
3350033830851,1,haircare,shampoo,True,Sweet almond shampoo,
8809964171311,1,skincare,serum,True,Anaze Leave-in collagen Serum Treatment,
0680569529657,1,skincare,lip balm,True,Lip Balmy,Lip Balmy
3770035346172,1,skincare,serum,True,"Serum physiologique na l 0,9% pour irrigation",
3574661700557,1,skincare,gel douche,True,Gel Douche extra doux lait de vanille,
4260380014134,1,haircare,shampoo,True,Bartshampoo Zedernholz & Wacholder,
3245678589816,5,haircare,shampoo,True,shampooing au amandes,Shampoing aux amandes
4006000032238,1,skincare,shower gel,True,Aloe Shower Gel Nivea,
4005808802555,3,skincare,body lotion,True,Nivea Men Body Lotion,
8001090580122,1,haircare,shampoo,True,Head and Shoulders Supreme Repair anti dandruff shampoo,
8901088205634,1,skincare,body lotion,True,parachute body lotion,
8906028129537,1,skincare,body wash,True,Think Skin LemonFresh Body Wash,
8901030989827,1,skincare,face wash,True,Pond's Bright Beauty Niacinamide Anti-Dullness Face Wash,
8809652582900,1,makeup,gloss,True,Fwee 3D Voluming Gloss Scotch,
8809652582856,1,makeup,gloss,True,Fwee 3DVoluming Gloss Vanilla,
8906045486859,1,skincare,essence,True,Coloressence Pre Make-Up Base,
8906045488112,1,skincare,essence,True,Coloressence True Tone BB Cream (Papaya Extract),
8904026643864,1,skincare,sunscreen,True,Lacto Calamine Daily Sunshield Matte Look Sunscreen,
4751037904149,1,skincare,hand cream,True,Dzintars Protective hand cream Dubulti,
8719587159583,1,haircare,styling mousse,True,Care Styling mousse mega strong,
3660005588711,1,haircare,shampoo,True,Maschera esfoliante 2 in 1 preshampoo,
8031377022557,1,haircare,shampoo,True,Shampoo Hydra+ Viva,
8800312063319,1,skincare,lip balm,True,Fwee glow Smoothie Tintel Lip Balm GN03 Peanut Butter Carmel,
4262395460012,1,haircare,shampoo,True,Hydrate & Shine Shampoo,
3661434009990,1,skincare,nettoyant,True,Gel nettoyant anti-imperfections,
8992796011204,1,skincare,cleanser,True,Viva Milk Cleanser Cucumber,
3600542020572,1,haircare,shampoo,True,Apple shampoo,
8700216156233,1,haircare,shampoo,True,Head and shoulders shampoo,
8700216467391,1,haircare,conditioner,True,Pantene conditioner,
8436097093212,3,haircare,shampoo,True,Keratin Shampoo,
5060176670488,1,skincare,body lotion,True,Tea Tree Body Lotion,
8700216508513,1,haircare,shampoo,True,Pantene Shampoo,
8906118410644,1,skincare,shower gel,True,Plum body lovin shower gel,
8001841283944,1,skincare,deodorant,True,Deep Sea Deodorant Stick,
0079400529886,1,skincare,deodorant,True,72h deodorant,
3596710521326,2,skincare,savon,True,Lessive poudre savon de marseille,Lessive poudre savon de marseille
0670841000165,1,skincare,savon,True,Savon concombre et calendula,
3245678041314,4,skincare,nettoyant,True,Auchan baby cosmos bio - eau nettoyante micellaire - sans rincage visage et corps - bébé - 492 ml,Auchan baby cosmos bio - eau nettoyante micellaire - sans rincage visage et corps - bébé - 492 ml
0851242092014,1,skincare,savon,True,Savon au lait de chèvre frais,
0708002400537,1,skincare,body wash,True,Soothing Aloe Vera Body Wash,Shower Gel
0030772235638,1,skincare,sunscreen,True,Mineral Suncare Zinc Oxide Sunscreen Spray,
0079656045123,1,skincare,sunscreen,True,Sport Ultra Sunscreen Lotion Broad Spectrum SPF 30,
0840191606397,1,haircare,shampoo,True,being Goodbye Frizz Smoothing Shampoo 354mL,
0840191609459,1,skincare,body wash,True,Daise Foaming Body Wash Vanilla Whip 265mL,
9310692468479,1,skincare,body wash,True,OC Naturals Vanilla Shea Moisturising Body Wash 725mL,
9310692887270,1,skincare,body wash,True,Natural State Vanilla Coconut & Lime Body Wash Refill 700mL,
9342746006313,1,skincare,body wash,True,Thanks To Nature Creamy Body Wash Sweet Almond & Vanilla 500mL,
4902430931137,1,haircare,shampoo,True,Pantene Pro-v Shampoo Colour Protection 375mL,
9327693006975,2,haircare,conditioner,True,Sukin Natural Balance Conditioner 1L,
8720181658013,1,skincare,deodorant,True,Dove Women Whole Body Deodorant Stick Raspberry Rose 81g,
9300830087808,1,skincare,deodorant,True,Dove Women Deodorant Advanced 72hr Aerosol Coconut & Jasmine 250mL,
6200000000015,2,skincare,body lotion,True,Drip Fruit Burst Moisturizing Hand & Body Lotion,Hand & Body Lotion
6200000000039,1,skincare,body lotion,True,Drip Very Vanilla,Hand & Body Lotion
6200000000022,1,skincare,body lotion,True,Drip Fruit Burst Unisex 400g,Hand & Body Lotion
6200000000046,1,skincare,body lotion,True,Drip Very Vanilla Unisex 400g,Hand & Body Lotion
0840797146273,1,skincare,toning,True,Face Toning Mist,
5054781868279,1,skincare,face wash,True,Kind & Gentle Foaming Face Wash,
0773602040605,3,makeup,lipstick,True,MAC Retro Matte Lipstick - Ruby Woo,Matte Lipstick
4005808237470,1,skincare,body lotion,True,Nivea Q10 Firming + Vitamin C Body Lotion 400mL,
3574661831664,1,haircare,shampoo,True,Bad & Shampoo,
8700216666824,1,haircare,laque,True,Advanced plaque control toothpaste,
8906087773924,1,skincare,face wash,True,MAMA EARTH Vitamin C FACE WASH,
8901526005161,1,skincare,serum,True,Garnier Bright Complete Vitamin C Serum Cream,
0838810030777,1,skincare,hand soap,True,Foam Hand Soap,
9309000532049,1,skincare,deodorant,True,Totem Eco Australian Natural Deodorant - Blue Gum,Natural Deodorant Stick
0811068017776,1,skincare,deodorant,True,Dr Teal’s Aluminum Free Deodorant,
0810106616315,1,skincare,deodorant,True,New and Imprvef Dr Teal’s Aluminum Free Deodorant Eucalyptus & Spearmint,
8904458200031,1,makeup,blush,True,Hilary Rhoda Blush Rush,
0099482462987,1,skincare,hand soap,True,Liquid Fragrance Free Hand Soap,
0772618080704,1,haircare,shampoo,True,Wash & Shampoo,
7350067640538,1,skincare,serum,True,Verso Hydration Serum 4,
8699943553975,5,skincare,serum,True,Saç serumu,
59092605,1,skincare,deodorant,True,Dove Men+care extra fresh roller,"Met Dove Men+Care Extra Fresh Deodorant Roller bescherm je je oksels 48 uur lang effectief tegen zweet. Door het parfum krijgt je lichaam een frisse, mannelijke geur die doet denken aan de ongerepte natuur."
0827854027317,1,haircare,laque,True,antiplaque + whitening fluoride free toothpaste,
0030772245439,1,skincare,deodorant,True,Ocean & Timber Deodorant,
3245678709825,8,skincare,nettoyant,True,Nettoyant multi-surfaces,Nettoyant multi-surfaces
0860014244759,1,skincare,body lotion,True,Classic Clean Body Lotion,
8901277013057,1,haircare,shampoo,True,Beer shampoo,
0903246304706,1,haircare,shampoo,True,Sterling naturals Shampoo,
0037000801009,2,skincare,deodorant,True,Deodorant,
8712561669825,1,skincare,micellar,True,Micellar Cleansing Water,
8004395007509,3,haircare,shampoo,True,shampooing barbe,
4068134115355,1,skincare,toner,True,Anti-pickel zink toner spray,
3245678689493,4,skincare,nettoyant,True,Gel nettoyant intime apaisant,Gel nettoyant intime apaisant
3245678042212,3,haircare,shampoo,True,Shampooing doux a l'extrait d'aloe vera bio,Shampooing doux a l'extrait d'aloe vera bio
3858892293744,1,skincare,micellar,True,micellar casein,
8901138819668,1,skincare,face wash,True,Natural Glow Kesar Face Wash,
2050001520715,1,skincare,deodorant,True,Orien Random Erkek Deodorant Sprey 150 ml,
2050001520722,1,skincare,deodorant,True,Orien Ideal Erkek Deodorant Sprey 150 ml,
2050001520708,1,skincare,deodorant,True,Orien Over Erkek Deodorant Sprey 150 ml,
2050001520739,1,skincare,deodorant,True,Orien Extra Erkek Deodorant Sprey 150 ml,
2050001520746,1,skincare,deodorant,True,Orien Nature Erkek Deodorant Sprey 150 ml,
8690587001952,1,skincare,deodorant,True,Slazenger ActiveSport Gold Erkek Deodorant Sprey 150 ml,
4660120528899,1,makeup,gloss,True,Beauty Bomb Glossy Bossy Dudak Parlatıcısı 04 Hey Babe - High-Shine with Sweet Scent,
4660120528875,1,makeup,gloss,True,Beauty Bomb Glossy Bossy Dudak Parlatıcısı 02 Rose Lemonade - High-Shine with Sweet Scent,
4660120528882,1,makeup,gloss,True,Beauty Bomb Glossy Bossy Dudak Parlatıcısı 03 Double Date - High-Shine with Sweet Scent,
4056489440826,5,haircare,shampoo,True,Shampoo Hair Fruits,
8720181641282,1,haircare,shampoo,True,Andrélon Langer Fris Shampoo,
2050002945364,1,makeup,gloss,True,Beaulis Fun Gloss Tick Stick Dudak Parlatıcısı 513 Berry Shine,
4602006348443,1,makeup,lipstick,True,Influence Beauty Lipstick Balm Glow Injection 04 Science Fiction - Moisturizing Lip Balm with Glossy Finish,
4602006348498,1,makeup,lipstick,True,Influence Beauty Lipstick Balm Glow Injection 06 Synthesis - Moisturizing Lip Balm with Glossy Finish,
8684659155216,1,haircare,hair spray,True,Bruin Charm Perfumed Body and Hair Spray,
3616305488633,1,skincare,essence,True,Eternity Amber Essence for Women Parfum Intense,
3245678090497,9,skincare,lait corps,True,Lait corps hydratant réparateur,Lait corps hydratant réparateur
3250392210069,2,skincare,nettoyant,True,NETTOYANT MÉNAGER,
8901138011062,1,skincare,face wash,True,Aloe Vera Face Wash,
0810129413601,1,makeup,lipstick,True,shea butter lipstick,
0037000303992,2,skincare,body wash,True,Advanced Moisture Body Wash,
3600542427531,3,skincare,serum,True,Garnier SkinActive Vitamine C Serummasker,
3600524150006,1,haircare,shampoo,True,L'Oréal Paris Elvive Total repair 5 shampoo,"Is je haar zwak,beschadigd en dof? Blaas het nieuw leven in met L’Oréal Paris Elvive Total Repair 5 shampoo, de shampoo bevat cicamide + pro-keratine, herstelt beschadigd haar en versterkt de structuur van het haar."
3600524149840,1,haircare,conditioner,True,L'Oréal Paris Elvive Elv total rep5 crsp,L Oréal Paris Elvive Total Repair 5 Herstellende Conditioner is een herstellende conditioner die droog en uitgeput haar weer nieuw leven en glans inblaast.
8691190570217,1,makeup,lipstick,True,Golden Rose Silky Shine Hydrating Lipstick No: 222,
3760420013482,1,makeup,highlighter,True,Note Stick Highlighter Nemlendirici Yumuşak Stick Aydınlatıcı 00 Pearly,
3701365758489,1,makeup,highlighter,True,Note Baked Moonlight Highlighter,
8690587201000,1,skincare,deodorant,True,Slazenger ActiveSport Blue EDT Erkek Parfüm 125 ml + Deodorant Sprey 150 ml,
6978931646014,1,makeup,foundation,True,Sheglam Tube Foundation Fondöten Nude,
2050002983106,1,makeup,bronzer,True,LYKD Krem Bronzer 158 Golden Fondue,
3701365798638,1,makeup,primer,True,Note New Era Skin Protecting Primer,
6978931643013,1,makeup,concealer,True,Sheglam LM 12H FC Concealer Kapatıcı Buttercream,
8681529833649,1,skincare,serum,True,Bade Natural Kuşburnu Çekirdeği Yağı Soğuk Sıkım Leke Karşıtı ve Aydınlatıcı Yüz Serumu %100 Saf 30,
5412533030051,4,skincare,hand soap,True,Hand soap lavender,
0717489000086,1,makeup,lipstick,True,Stay Put Liquid Lip Longwear Lipstick,
8710908778322,1,skincare,lait corps,True,Dove Nourishing Secrets Lait Corps Restoring Coco 250ml,Lotion corps
4015100890655,2,haircare,shampoo,True,7 Kräuter Shampoo,
8710447485323,4,haircare,conditioner,True,vaseline,Vaseline Cocoa Butter Moisturising Jelly werkt natuurlijk met je huid waardoor ze de hele dag zichtbaar gezond en stralend is. Cocoa Butter voedt je huid op natuurlijke wijze. De moisturising jelly bevat een rijke conditionering.
3760100173185,8,skincare,gel douche,True,gel douche monoi,
0688086100649,1,makeup,cleansing wipe,True,Makeup cleansing wipes,
4005900871824,1,skincare,deodorant,True,Nivea Men Cool Kick Fresh Erkek Deodorant Roll-On 50 ml,
4015100892901,1,skincare,serum,True,Gliss Scalp Balance Arındırıcı Saç Serumu 100 ml,
8681701017096,1,skincare,serum,True,Morfose Metamorfose Bond Care Onarıcı Bakım Saç Serumu 100 ml,
0044386120150,1,makeup,blush,True,Physicians Formula Murumuru Butter Blush Allık Copper Cabana,
8683130036679,1,skincare,deodorant,True,Axe Dark Temptation Erkek Deodorant Sprey 200 ml,
3600524055059,1,skincare,serum,True,Loreal Paris Revitalift Filler Göz Serumu 20 ml,
8682287370117,1,skincare,serum,True,Loshel Lash & Brow Serum Kaş ve Kirpik Serumu 5 ml,
8859064605537,1,skincare,booster,True,Milbon No. 4 weekly booster medium hair,
4005900634627,1,haircare,shampoo,True,Nivea Baby Shampoo,
9005800321240,1,haircare,shampoo,True,Nivea kids shampoo,
4005900840851,1,skincare,deodorant,True,NIVEA Men fresh kick deodorant,
4005900490643,1,skincare,body lotion,True,Nivea body lotion,
4005808781874,1,skincare,shower gel,True,Nivea men shower gel pure impact 500ml,
4005900598363,1,skincare,shower gel,True,Nivea shower gel,
4006000166070,1,haircare,shampoo,True,NIVEA Men Strong Power Shampoo,Verfris je haar met Nivea Men Strong Power Shampoo. De shampoo is verrijkt met natuurlijke zeemineralen die je haar versterken. Je haar voelt vol en krachtig aan. Bovendien is Strong Power mild voor je haar én je hoofdhuid.
4006000249230,1,makeup,gloss,True,NIVEA Diamond Gloss Care Hold 4 Styling Haarspray,Zorg dat je haar de hele dag in model blijft met Nivea Diamond Gloss Care Hairspray. De haarspray geeft je haar een schitterende glans.
4005900777997,1,makeup,mascara,True,NIVEA 3-In-1 Sensitive Reinigingsdoekjes,"Nivea Sensitive Reinigingsdoekjes reinigen je huid effectief, verwijderen make-up en zelfs waterproof mascara. De doekjes verfrissen en hydrateren je huid. Het resultaat is een mooi en gezond uitziende huid."
4005900457332,1,skincare,deodorant,True,NIVEA Fresh Pure Deodorant Spray,Laat je huid ademen en bescherm haar optimaal met Nivea Pure & Natural Action Jasmine Deodorant Spray. Deze deodorant met Bioflorine bevat geen aluminiumzouten en parabenen en beschermt je huid 24 uur lang tegen onaangename geurtjes.
4005900457608,1,skincare,deodorant,True,NIVEA Pearl & Beauty Deodorant Spray,"Bescherm je huid 48 uur lang tegen transpiratie met de Nivea Pearl & Beauty Anti-Transpirant Spray. De milde antitranspirant met parelextracten is ideaal voor na het scheren en zorgt voor een egale huid en mooie, verleidelijke oksels."
4005900457646,1,skincare,deodorant,True,NIVEA Double Effect Antitranspirant Spray,"Bescherm je oksels 48 uur lang tegen transpiratie met Nivea Double Effect Violet Senses Anti-Transpirant Spray. Deze verzorgende deodorant maakt scheren makkelijker, zodat je oksels langer glad blijven."
4005900174116,1,haircare,styling mousse,True,NIVEA Hold 4 Extra Strong Styling Mousse,"Fixeer je haar en zorg voor langdurig volume met Nivea Extra Strong Styling Mousse. De haarmousse verzwaart niet en plakt ook niet, waardoor je haar er natuurlijk uitziet."
4005900456144,1,skincare,deodorant,True,NIVEA Fresh Natural Deodorant Spray,Geniet van een aangenaam en fris gevoel met Nivea Fresh Natural Deodorant Spray. Deze spray beschermt je 48 uur lang tegen transpiratie en verzorgt je oksels op milde wijze.
4005900457431,1,skincare,deodorant,True,NIVEA Soft Touch Antitranspirant Spray,"Bescherm jezelf 48 uur lang tegen transpiratie met de lichte formule van deze Nivea Satin Sensation Anti-Transpirant Spray. De deodorant is verrijkt met Kaolienpoeder, droogt snel, ruikt lekker en laat je oksels zijdezacht aanvoelen."
4006000111445,1,haircare,hairspray,True,NIVEA 5 Ultra Strong Styling Haarspray,"Voor schitterend haar dat prettig aanvoelt en langdurig in model blijft, gebruik je Nivea Ultra Strong Styling Hairspray. Dankzij de ultrafijne verstuiver kun je je haar in model brengen, zonder dat het gaat plakken."
4005900175908,1,haircare,shampoo,True,NIVEA 2-In-1 Express Shampoo & Conditioner,Voor verzorgd en mooi glanzend haar dat soepel valt gebruik je Nivea 2-in-1 Care Express Shampoo + Conditioner met acacia-extract en Nutri-Essences. De shampoo bevat een conditioner die je haar voedt en gemakkelijk doorkambaar maakt.
4005900176028,1,haircare,shampoo,True,NIVEA Diamond Gloss Shampoo,Laat je haar glanzen als diamanten met de Nivea Diamond Gloss Care Shampoo. Deze shampoo met fijne diamantdeeltjes versterkt je haar en verzorgt haar intensief. Je haar voelt soepel en zacht aan.
4005900457684,1,skincare,deodorant,True,NIVEA Protect & Care Antitranspirant Spray,Ga voor volledige bescherming en een huid die de hele dag comfortabel droog en heerlijk zacht aan voelt. De  Nivea Protect & Care Deodorant Spray biedt beide in één deodorant: bescherming en zachte Nivea verzorging voor je oksels.
4005900457707,1,skincare,deodorant,True,NIVEA Men Protect & Care Antitranspirant Spray,Ga voor volledige bescherming en een huid die de hele dag comfortabel droog en heerlijk zacht aan voelt. Nivea Men Protect & Care Anti-transpirant Spray biedt beide in één deodorant: bescherming en zachte Nivea verzorging voor je oksels.
42345077,1,skincare,deodorant,True,NIVEA Fresh Comfort Deodorant Roller,"Geef je oksels een frisse, zachte en betrouwbare bescherming met deze Nivea Fresh Comfort Deodorant Roller. De milde deodorant beschermt je oksels 48 uur lang tegen transpiratie en zorgt voor een aangenaam, natuurlijk fris gevoel."
4005900972217,1,skincare,serum,True,NIVEA Q10 Expert Gerichte Rimpelopvuller Serum,
4006000011332,1,skincare,deodorant,True,NIVEA Men Sensation Fresh Deodorant Spray,
4006000011431,1,skincare,deodorant,True,NIVEA Men Sensation Fresh Deodorant Roller,
4006000015163,1,skincare,deodorant,True,NIVEA Fresh Sensation Deodorant Spray,
4006000011868,1,skincare,serum,True,NIVEA Cellular Luminous630 Anti-Age & Anti-Spot Serum,
4006000016498,1,skincare,serum,True,NIVEA Cellular Expert Lift Bakuchiol Serum,
4006000068183,1,skincare,serum,True,NIVEA Luminous630 Anti-Striae/Anti-Striemen Body Oil-Serum,
4006000069630,1,skincare,serum,True,NIVEA Q10 Dual Action Anti-Rimpel Expert Serum,
4006000155968,1,skincare,serum,True,NIVEA Cellular Expert Filler Vitamine C Radiance Renewing Serum,
4006000157030,1,skincare,serum,True,NIVEA Cellular Expert Filler Hyaluron Serum,
4006000069593,1,skincare,serum,True,NIVEA Cellular Expert Filler Hyaluron Serum,
4006000153674,1,skincare,serum,True,NIVEA Q10 Firming + Energizing Bodyserum-Lotion,
4006000172224,1,skincare,serum,True,NIVEA Luminous630 Skin Glow Instant Glow Serum,
4006000173955,1,skincare,serum,True,NIVEA Luminous630 Skin Glow Instant Glow Serum,
30166967,1,makeup,mascara,True,Maybelline New York Lash Sensational Sky High Very Black Mascara,
30096622,1,makeup,concealer,True,Maybelline New York Fit Me 30 Cafe Concealer,Fit Me staat voor make-up met een perfecte fit. De Maybelline Fit Me 30 Cafe Concealer geeft je een frissere blik en maakt kleine onzuiverheden onzichtbaar.
30144651,1,makeup,gloss,True,Lifter Gloss,
3600530695768,1,makeup,lipstick,True,Maybelline New York Superstay 24h 185 Rose Dust Lipstick,"Maybelline SuperStay 24H 185 Rose Dust Lipstick is een 24 uur langhoudende lippenstift die ongekend lang op z n plaats blijft. Biteproof, smudgeproof en kissproof, dus ook nog steeds mooi na het eten, zoenen of afvegen van je mond."
3600530695782,1,makeup,lipstick,True,Maybelline New York SuperStay 24H 195 Raspberry Lipstick,Je lippen worden mooi gekleurd en verzorgd met Maybelline SuperStay 24HRS 195 Raspberry Lippenstift: een lipkleur en balsem ineen.
3600531324896,1,makeup,foundation,True,Maybelline New York Fit Me Matte & Poreless 250 Sun Beige Foundation,"De Maybelline Fit Me Matte & Poreless 250 Sun Beige Foundation past zich aan de ondertoon en textuur van je huid aan. De foundation heeft een natuurlijke, matte finish."
3600530733866,1,makeup,concealer,True,Maybelline New York Instant Anti Age Eraser 03 Fair Concealer,De Maybelline New York Instant Anti Age Eraser 03 Fair Concealer is een zeer goed dekkende concealer met hydraterende gojibesextract en haloxyl. De concealer werkt zichtbaar wallen weg.
3600531411183,1,makeup,lipstick,True,Maybelline New York SuperStay Matte Ink 10 Dreamer Lipstick,"DeMaybelline New York SuperStay Matte Ink 10 Dreamer Lipstick is een langhoudende roze lippenstift met een trendy, ultramatte finish die tot 16 uur blijft zitten."
30096615,1,makeup,concealer,True,Maybelline New York Fit Me 25 Medium Concealer,"Find your fit met de Maybelline Fit Me 25 Medium Concealer! Gebruik de concealer om donkere kringen onder je ogen, vlekjes, of kleine onzuiverheden op je huid te verdoezelen."
30155831,1,makeup,concealer,True,Maybelline New York Fit Me 05 Ivory Concealer,Fit Me staat voor make-up met een perfecte fit. De Maybelline Fit Me 5 Ivory Concealer geeft je een frissere blik en maakt kleine onzuiverheden onzichtbaar.
30171565,1,makeup,concealer,True,Maybelline New York Fit Me 03 Cool Ivory Concealer,Find your fit! Fit Me staat voor make-up met een perfecte fit. De Maybelline Fit Me 03 Porcelain Concealer geeft je een frissere blik en maakt kleine onzuiverheden onzichtbaar.
3600531396848,1,makeup,concealer,True,Maybelline New York Instant Anti Age Eraser 04 Honey Concealer,De Maybelline New York Instant Anti Age Eraser 04 Honey Concealer is een zeer goed dekkende concealer met hydraterende gojibesextract en haloxyl. De concealer werkt zichtbaar wallen weg.
3600531716707,1,makeup,setting powder,True,Maybelline New York Fit Me 01 Translucent Mattifying Setting Powder,
3600531662226,1,makeup,concealer,True,Maybelline New York Instant Anti-Age Perfector 4-in-1 Glow Light Medium Concealer,
3600531658113,1,makeup,concealer,True,Maybelline New York Instant Anti-Age Perfector 4-in-1 Glow Medium Deep Concealer,
3600531638900,1,makeup,concealer,True,Maybelline New York Instant Perfector 4-in-1 Glow 04 Deep Concealer,
3600531672393,1,makeup,foundation,True,Maybelline New York SuperStay 24H Skin Tint 21 Foundation,
3600531672416,1,makeup,foundation,True,Maybelline New York SuperStay 24H Skin Tint 30 Foundation,
30098756,1,makeup,mascara,True,Maybelline New York Volum'Express The Colossal Smoky Eyes Volume Mascara,
30144552,1,makeup,mascara,True,Maybelline New York Lash Sensational Sky High Burgundy Haze Mascara,
30145436,1,makeup,mascara,True,Maybelline New York Colossal Curl Bounce Black Mascara,
30147119,1,makeup,mascara,True,Maybelline New York Lash Sensational Sky High Pink Air Mascara,
30147317,1,makeup,mascara,True,Maybelline New York Lash Sensational Sky High Brown Mascara,
8809657114960,3,skincare,serum,True,Beauty of Joseon Glow Serum,
8809738312728,1,skincare,serum,True,Glow Deep Serum Rice + Arbutin,
4250947501245,3,makeup,mascara,True,Essence Lash Princess Black Volume Mascara,Voor een dramatische oogopslag gebruik je Essence Lash Princess Black Volume Mascara. De borstelkop heeft de vorm van de kop van een cobra. Hierdoor wordt elke wimper met een laagje mascara bedekt en creëer je extreem veel volume.
8809504741653,1,skincare,serum,True,torriden dive in serum,
4059729447371,2,makeup,blush,True,Essence Baby Got Blush 20 Blushin' Berry Liquid Blush,
4059729393876,1,makeup,mascara,True,Mascara,
3600521821152,1,makeup,mascara,True,Volume million lashes mascara,
3401347869775,1,skincare,serum,True,Hydrabio serum,
8809647390114,2,skincare,serum,True,SOME BY MI Galactomyces Pure Vitamin C Glow Serum,
4066447245028,1,skincare,serum,True,Serum Beauty Expert Azelain Booster,
0079400649485,2,haircare,conditioner,True,Dove coconut conditioner,
8901030890772,1,skincare,sunscreen,True,Vaseline Daily Brightening triple sunscreens,
8904352004049,1,skincare,face wash,True,Biotique Advanced Ayurveda Fresh Neem Pimple Control Face Wash,
8901030989810,2,skincare,face wash,True,Pond's Bright Miracle Activated Charcoal Detox Face Wash,
8901030978609,1,skincare,sunscreen,True,Lakme 9To5 Sun Expert Sunscreen Lotion,
8901138511449,1,haircare,shampoo,True,Himalaya Gentle Baby Shampoo,
3499320015875,1,skincare,cleanser,True,Cetaphil Daily Facial Cleanser,
4059729381941,1,makeup,mascara,True,Mascara Primer,
3560070871964,1,skincare,deodorant,True,Deodorant,
0011111012158,2,skincare,bar soap,True,Dove Men Care bar soap,
0079400597328,1,skincare,antiperspirant,True,Antiperspirant,
8717163762141,1,skincare,shower gel,True,Shower Gel,
10522766,1,haircare,shampoo,True,Dog anti dandruff & itch relief shampoo,
6949331516283,1,skincare,serum,True,argan beauty anti hairfall serum 65ml,
6949331516313,1,skincare,serum,True,argan beauty intense repair serum 65ml,
4987176164223,2,haircare,shampoo,True,Shampoo,
8901012116920,1,haircare,shampoo,True,Johnson's Baby Shampoo,
8901138837563,1,skincare,face wash,True,Himalaya Moisturizing Alo Vera Face Wash,
6903072446469,1,skincare,sunscreen,True,sunscreen spf90 PA+++,
8809670680848,1,skincare,serum,True,Niacinamide serum,
8720181284274,1,skincare,deodorant,True,Dove Men+ Care Advanced Clean Comfort Antitranspirant Deodorant Spray,Dove Men+Care Clean Comfort Deodorant Spray met ¼ hydraterende crème van Dove die de huid tegen irritaties beschermt.
6281006617667,1,haircare,conditioner,True,Dove conditioner,
8700216557870,1,haircare,shampoo,True,Repair&Care Shampoo,
4056489827184,1,haircare,shampoo,True,Antischuppen Shampoo,
8998866106399,1,haircare,shampoo,True,ZINC ANTI DANDRUFF SHAMPOO,
3282770390759,1,haircare,shampoo,True,Klorane dry shampoo ultra gentle,
0381371175666,1,haircare,shampoo,True,Baby Shampoo,
0603084571239,1,haircare,shampoo,True,garnier hair shampoo,
3600542463379,1,haircare,shampoo,True,Garnier Loving Blends Kids Milde Haver 2-in-1 Shampoo & Conditioner,
5410091767976,1,haircare,shampoo,True,Gliss Total Repair Regeneration Shampoo,"Last van droog of beschadigd haar? Schwarzkopf Gliss Kur Total Repair Shampoo biedt intensief herstel, soepelheid en glans"
8901030996177,1,haircare,shampoo,True,dove hair fall rescue shampoo,
2948149006560,1,haircare,shampoo,True,Tresemme Lemeller gloss shampoo,
3574669907316,1,haircare,shampoo,True,Johnson shiny drops kids shampoo 300ml,
01089971,1,haircare,shampoo,True,Fa Men Kick Off Douchegel & Shampoo,
01134162,1,haircare,shampoo,True,Gliss Oil Nutritive Shampoo,
5410091767914,1,haircare,shampoo,True,Gliss Ultimate Repair Shampoo,Last van sterk beschadigd en droog haar? Schwarzkopf Gliss Kur Ultimate Repair Shampoo geeft een betere doorkambaarheid en herstel van sterk beschadigd haar.
5410091767877,1,haircare,shampoo,True,Gliss Oil Nutritive Shampoo,Last van gespleten haarpunten? Schwarzkopf Gliss Kur Oil Nutritive Shampoo zorgt voor gezonde haarpunten en gezond glanzend haar.
02167327,1,haircare,shampoo,True,Gliss Ultimate Repair Shampoo,
3600524149970,1,haircare,shampoo,True,L Oréal Paris Elvive Extraordinary Oil Krulverzorgende Shampoo,L Oréal Paris Elvive Extraordinary Oil Krulverzorging Shampoo is een voedende verzorging speciaal voor droog krullend haar. De shampoo geeft een intense voeding voor mooie krullen. Ook geschikt voor kroezend haar.
8710447276587,1,haircare,shampoo,True,Axe Excite 3-In-1 Douchegel en Shampoo,Ruik de hele dag schoon en fris dankzij Axe Excite Douchegel. De geur van kokos en karamel verleidt de zintuigen van de dames in je omgeving. Wat voor een stimulerend begin van je dag of avond zorgt.
4103040117977,1,haircare,shampoo,True,Sebamed Alledag Zeepvrije Shampoo,Sebamed Alledag Shampoo bevat glycosiden die haar en hoofdhuid beschermen tegen uitdroging en irritatie. De 100% zeepvrije shampoo maakt je haar soepel en makkelijk te kammen en geeft een gezonde glans.
8700216442251,1,haircare,shampoo,True,Pantene Active Nutri-Plex Pro-V Verzorging & Bescherming Shampoo,
8700216442350,1,haircare,shampoo,True,Pantene Active Nutri-Plex Pro-V Volume & Body Shampoo,
3600524148805,1,haircare,shampoo,True,L'Oréal Paris Elvive Color Vive Kleurbeschermende Shampoo,"Deze L'Oréal Paris Elvive Color Vive Kleurshampoo voor Gekleurd Haar houdt de kleur langer mooi, beschermt en verlengt de glans van je haar."
3600524149550,1,haircare,shampoo,True,L'Oréal Paris Elvive Extraordinary Oil Kokos Shampoo,"L'Oréal Paris Elvive Extraordinary Oil Fijne Kokosolie Shampoo is verrijkt met fijne kokosolie voor intensieve voeding, zonder te verzwaren. De verzorgende light texture zonder siliconen voedt het haar optimaal."
5410091767853,1,haircare,shampoo,True,Gliss Color Protect & Shine Shampoo,Gekleurd haar of highlights? Schwarzkopf Gliss Kur Color Protect & Shine Shampoo geeft je haar ultieme zorg voor schitterende kleuren!
8717931604819,1,haircare,shampoo,True,Yari Naturals Sulfate Free Shampoo,"Yari Naturals Sulfate Free Shampoo reinigt je haar en hoofdhuid grondig door een combinatie van Extra Virgin Coconut Oil, Jamaican Black Castor Oil, Shea Butter, Argan Oil, honing en proteïne."
8717931608909,1,skincare,body lotion,True,Yari 3-In-1 Face & Body Lotion,
8717931607285,1,haircare,hair oil,True,Yari Green Curls Rosemary Mint Hair Oil,
8717931607674,1,haircare,shampoo,True,Yari Fruity Curls Care Shampoo,
8717931607681,1,haircare,conditioner,True,Yari Fruity Curls Conditioner,
8717931604826,1,haircare,conditioner,True,Yari Sulfate Free Conditioner,"De voedende en sulfaatvrije formule hydrateert droog, bros haar en voorkomt gespleten haarpunten en haarbreuk. Yari Sulfate Free Conditioner stimuleert het behoud van natuurlijke oliën wat resulteert in gezonder, gehydrateerd haar."
8717931606059,1,haircare,shampoo,True,Yari Green Curls Moisturizing Shampoo,
8717931606066,1,haircare,conditioner,True,Yari Green Curls Hydrating Conditioner,
8717931607704,1,haircare,conditioner,True,Yari Fruity Curls Moisturizing Leave-In Conditioner,
8717931608480,1,haircare,conditioner,True,Yari Rosemary & Batana Leave-In Conditioner,
8717931608473,1,haircare,hair mask,True,Yari Rosemary & Batana Hair Mask,
8717931608459,1,haircare,shampoo,True,Yari Rosemary & Batana Shampoo,
0878971000004,2,haircare,hair gel,True,Punk Hair Gel,
1200198002988,2,skincare,hand soap,True,Backyard Honeysuckle Gentle & Clean Foaming Hand Soap,
8809783321225,1,skincare,toner,True,Celimax Ji Woo Gae Blemish Toner Pads,
0041507070233,1,skincare,facial mist,True,Facial Mist Rose Petals & Witch Hazel,
8720181563270,1,skincare,cleanser,True,Smooth+ gel cleanser,
8901248126489,1,skincare,body lotion,True,boro plus body lotion aloe neem,
8850006955529,1,skincare,shower gel,True,"Shower Gel Palmolive Aroma Sensations Mineral Massage With Sea Salt, Aloe Vera & Peppermint",
8999999033224,1,haircare,dandruff,True,Lifebuoy Anti Dandruff,
8435743102087,1,skincare,deodorant,True,24hDeodorant roll-on for men,
4058172703096,1,haircare,shampoo,True,Dusche&Shampoo Kinder,
8711600368804,4,skincare,body lotion,True,Essential Body Lotion,
4056489817635,1,skincare,micellar,True,Acqua Micellare Hydro,
8904134007404,1,haircare,hair oil,True,Soulflower Tea Tree Hair Oil,
0776288678728,1,skincare,hand soap,True,Cucina Hand Soap,
8904352000683,1,haircare,shampoo,True,Green apple shampoo & conditioner,
5022496103411,1,haircare,hair oil,True,Amla Hair Oil,
8003510030064,1,skincare,deodorant,True,Deodorante piedi e scarpe,
0634084475562,1,skincare,sunscreen,True,Adventure Mineral Sunscreen Cream,
0190679007100,2,haircare,shampoo,True,honey and vitamin b shampoo,
3337875945769,1,skincare,sunscreen,True,CeraVe Invisible SPF50+ Hydrating Sunscreen,
3600542661614,1,makeup,gloss,True,Garnier Olia Gloss Sunkissed Blond Getint Haarmasker,
4021457654253,1,makeup,rouge à lèvres,True,rouge à lèvres,
8714319267017,1,skincare,deodorant,True,Therme Men Forest Legend Deodorant & Bodyspray,
3600542661591,1,makeup,gloss,True,Garnier Olia Gloss Smokey Brown Getint Haarmasker,
8718951792814,1,skincare,deodorant,True,Sanex Total Freshness Whole Body Deodorant Cream,
8761200040570,1,haircare,conditioner,True,Novex My Little Curls Leave-In Conditioner,
3600523966974,1,haircare,shampoo,True,L'Oréal Paris Elvive Dream Lengths Air Volume Droogshampoo,
4008233165202,1,haircare,shampoo,True,Kneipp Men Sport 2-in-1 Shampoo en Douchegel,
0034285638153,1,haircare,conditioner,True,Aunt Jackie's Curls & Coils Transform! Hydrating Leave-In Conditioner,
7896013563365,1,haircare,hair mask,True,Novex Mystic Black Hair Mask,"Het Novex Mystic Black Hair Mask is verrijkt met baobabzaadolie. Het haarmasker is speciaal ontwikkeld voor het herstellen van gespleten haarpunten. Met het masker voorkom je droog, pluizend en broos haar."
3600524099770,1,haircare,leave-in,True,L'Oréal Paris Elvive Dream Lengths Curls Leave-in Crème,
5410091778606,1,haircare,shampoo,True,Schwarzkopf Kids Shampoo & Conditioner,Maak het haar van je kindje makkelijk doorkambaar met Schwarzkopf Kids Shampoo & Conditioner. De shampoo prikt niet heeft een milde en fruitige geur.
8720181851445,1,skincare,deodorant,True,Dove Whole Body Deo Original Deodorant Cream,
0021959059291,1,haircare,hair oil,True,difeel premium hair oil,
4005900457219,1,skincare,deodorant,True,NIVEA Fresh Flower Deodorant Spray,"Geniet van een frisse bloemengeur met deze Nivea Fresh Flower Deodorant Spray. De deodorant beschermt je oksels 48 uur lang tegen transpiratie, verzorgt ze op milde wijze en geeft een aangenaam, natuurlijk fris gevoel."
3600523709816,1,haircare,conditioner,True,L'Oréal Paris Elvive Extraordinary Oil Rapid Reviver Conditioner,Ben je altijd in een hurry en heb je geen tijd voor een beautyritueel? Gebruik dan L'Oréal Paris Elvive Extraordinary Oil Rapid Reviver Conditioner.
3574669907958,1,haircare,shampoo,True,Johnson 2in1 shampoo 500ml,
8901248230025,1,haircare,shampoo,True,Hair shampoo onion whith curry leaves.300ml.kesh king,
8720181851384,1,skincare,deodorant,True,Dove Whole Body Deo Original Deodorant Spray,
5410091729745,1,skincare,deodorant,True,Fa Pink passion deodorant spray,Verwen je zintuigen met de bloemige frisse geur van Fa Pink Passion 48 uur Deodorant Spray!
8720674499338,1,haircare,shampoo,True,Kruidvat Refresh Dry Shampoo Spray Mist,
4005900457660,1,skincare,deodorant,True,NIVEA Men Sport Antitranspirant Spray,"Houd je oksels de hele dag droog met Nivea Men Sport Anti-Transpirant Spray. De frisse en dynamische deodorant met mineraalcomplex beschermt je 48 uur lang tegen transpiratie en geeft je huid een aangenaam, droog gevoel."
8901396368502,1,skincare,shower gel,True,Dettol Lime Fresh Shower Gel,
0067545065888,1,haircare,shampoo,True,Curl Shampoo,
4305615648354,1,skincare,booster,True,Booster spray,
0840315303331,1,haircare,shampoo,True,The Grow Pro Shampoo,
8906051436923,1,skincare,booster,True,Immunity Booster,
0621732008586,1,haircare,conditioner,True,Strictly Curls Triple Blend Conditioner,
4059729541581,1,makeup,nail polish,True,Catrice Bold Magnetic 020 Don’t Be So Clingy Nail Polish,
3760162121391,1,skincare,savon,True,savon de marseille surgras,
8901088210577,1,haircare,hair oil,True,Hair Oil,
3666057288104,1,skincare,sunscreen,True,Clarnis 30 Sunscreen,
8433751180226,2,makeup,eyeshadow,True,Eyeshadow,
0840044714101,1,skincare,body wash,True,Cashmere Body Wash Pink Champagne,
4061464500006,1,skincare,shower gel,True,Lacura Moisture Shower Gel,
0061483007009,1,skincare,hand cream,True,Glycerine hand cream,
0667558513187,1,skincare,body cream,True,Pure Wonder Body Cream,
8006530030007,1,skincare,antiperspirant,True,Gillette Antiperspirant Hydrating Gel - Eucalyptus Scent,
7332531117890,1,haircare,shampoo,True,Schwarzkopf Gliss Nourishment Shampoo Oil Nutritive 250 ml,
0012044067062,1,skincare,face wash,True,Krakengard Body + Face Wash,
8719179414533,1,haircare,hairspray,True,Volume Hairspray Ultra Strong,
3666057350085,1,skincare,serum,True,Multi-Active Glow Serum,
7506306254930,1,haircare,shampoo,True,Shampoo Aceites Esenciales Romero y Sábila,
3506772008307,1,haircare,shampoo,True,Shampooing boucles extrait de mangue & acide aminé,
4015100328585,1,haircare,shampoo,True,Festes Shampoo,
8717163762028,3,skincare,body wash,True,Body Wash,
8712561571333,1,haircare,conditioner,True,Intenstive Repair Conditioner,
6295120059982,1,skincare,body wash,True,Dettol antibacterial body wash green tea 700ml,
6295120054123,1,skincare,body wash,True,Dettol Zing antibacterial body wash 500ml,
10406180,2,haircare,shampoo,True,lavender dog 2in1 shampoo and conditioner,
10522767,1,haircare,shampoo,True,Dog anti mites & itch relief shampoo,
8901030997112,1,skincare,serum,True,Pond's Bright Beauty Serum Cream,
8901030997105,1,skincare,serum,True,Pond's Bright Beauty Serum Cream,
8904352004193,1,skincare,face wash,True,BIOTIQUE Advanced Ayurveda Papaya Deep Cleanse Face Wash,
8904352004070,1,skincare,face wash,True,BIOTIQUE Advanced Ayurveda Fruit Brightening Face wash,
8901138505530,1,skincare,face wash,True,Himalaya Moisturizing Alo Vera Face Wash,
5028197999674,2,skincare,clay mask,True,Tea tree skin clearing clay mask,
5028197978907,1,haircare,conditioner,True,Conditioner banana,
8718951724150,1,skincare,serum,True,Colgate Max White Purple Serum,
8718951594470,1,skincare,serum,True,Colgate Max White Overnight Whitening Serum,
4006000250342,1,skincare,deodorant,True,NIVEA Black & White Invisible Authentic Deodorant Spray,
0086800687900,1,skincare,sunscreen,True,Sunscreen,
3574661812960,1,skincare,toner,True,"Neutrogena Anti-Mee-Eters 0,5% Salicylzuur Toner",
3574661813882,1,skincare,serum,True,Neutrogena Hydro Boost 10% Niacinamide Serum,
3574661774602,1,skincare,serum,True,Neutrogena Hydro Boost Ultrahydraterend Serum,
3574661724607,1,skincare,cleanser,True,Neutrogena Hydro Boost Cleanser Wipes  25wipes,
4902430698146,1,haircare,shampoo,True,pantene shampoo (pp) total damage care 15ml,
4902430698085,1,haircare,shampoo,True,pantene shampoo (p) hair fall control 13ml,
0080878194698,1,haircare,conditioner,True,Pantene conditioner,
59789482,1,haircare,shampoo,True,Pantene shampoo,
8700216420099,1,haircare,conditioner,True,Pantene Active Nutri-Plex Pro-V Repair & Protect Conditioner,
8700216442688,1,haircare,conditioner,True,Pantene Active Nutri-Plex Pro-V Glad & Zijdezacht Conditioner,
8700216447874,1,haircare,conditioner,True,Pantene Active Nutri-Plex Pro-V Volume & Body Conditioner,
8700216419888,1,haircare,shampoo,True,Pantene Active Nutri-Plex Pro-V Repair & Protect Shampoo,
8700216442459,1,haircare,shampoo,True,Pantene Pro-V Active Nutri-Plex Volume & Body Shampoo,
8700216052948,1,haircare,shampoo,True,Pantene Glad & Zijdezacht Miracle Shampoo,
8700216052917,1,haircare,shampoo,True,Pantene Active Nutri-Plex Pro-V Miracle Repair & Protect Shampoo,
8700216442145,1,haircare,shampoo,True,Pantene Active Nutri-Plex Pro-V Classic Clean Shampoo,
3666057216718,1,skincare,toning,True,Purifying Toning Lotion,
3264680022098,1,skincare,toning,True,Very Rose Refreshing Toning Mist,
8001090222725,1,skincare,essence,True,herbal essence,
7506295302223,1,skincare,essence,True,Herbal Essences pelo fuerte y brillante,
8500445139522,1,skincare,essence,True,Herbal Essences bourbon manuka honey,
5011321609341,1,skincare,essence,True,Herbal Essences,
4891811365725,1,skincare,essence,True,Herbal Essence Chewable Throat Drops Tendrilleaf Fritillary Bulb and Loquat Leaf,
4006000220376,1,skincare,serum,True,NIVEA Sun After Sun Gel-Serum,
8720181698972,2,skincare,serum,True,Vaseline Gluta-Hya Serum Etkili Yoğun Nemlendirici Gece Losyonu,
8999999606886,1,skincare,serum,True,Vaseline Healthy Bright SPF 30 PA++ Gluta Vitamin Sunscreen Serum,
8851932439756,1,skincare,serum,True,Vaseline healthy bright gluta hya serum burst lotion,
4006000183268,1,skincare,serum,True,NIVEA Cellular Epigenetics Ultiem Huidverjongend Serum,
5900017095615,1,skincare,deodorant,True,NIVEA Dry Fresh Antitranspirant Spray,Nivea Dry Fresh Anti-Transpirant Spray geeft 48 uur lang een effectieve transpiratie regulerende werking met een extra fris gevoel. De deodorant droogt snel en geeft je een extra droog gevoel.
4006000197906,1,skincare,serum,True,NIVEA Cellular Epigenetics Ultiem Huidverjongend Serum,
4005900175939,1,haircare,shampoo,True,NIVEA Classic Care Milde Shampoo,Verzorg en versterk je normale haar en houd het gezond en schoon met Nivea Classic Care Shampoo. De shampoo met Nutri-essences geeft je haar een mooie glans en maakt het voelbaar zacht en veerkrachtig.
4005900456236,1,skincare,deodorant,True,NIVEA Black & White Invisible Original Antitranspirant Spray,Je witte kleding blijft wit en je zwarte kleding zwart dankzij Nivea Black & White Clear Deodorant Spray. De deodorant beschermt je oksels 48 uur lang tegen transpiratie en nare geurtjes.
8720181183782,1,skincare,deodorant,True,Rexona Women Advanced Protection Biorythm Antitranspirant Spray,Rexona Women Ultra Dry Biorythm Anti-transpirant Deodorant Spray zorgt 48 uur lang voor heerlijk frisse oksels. Dankzij MotionSense ben je tijdens zwaardere inspanningen extra beschermd.
8720181446191,1,skincare,deodorant,True,Rexona Men Sensitive Antitranspirant Deodorant Spray,Je gevoelige okselhuid is 48 uur lang beschermd tegen transpiratie met RRexona Men Sensitive Deodorant Spray. Deze deodorant vermindert de aanmaak van zweet en voorkomt huidirritaties.
8720181196140,1,skincare,deodorant,True,Rexona Men Advanced Protection Quantum Dry Antitranspirant Deodorant Spray,"Met Rexona Men Quantum Dry Deodorant Spray ben je 48 uur lang verzekerd van frisse en schone oksels, hoe warm het buiten ook is."
8720181309656,1,skincare,deodorant,True,Rexona Women Invisible Aqua Antitranspirant Spray,Houd je oksels langdurig droog en fris met Rexona Women Invisible Aqua Deodorant Spray. De spray beschermt 48 uur tegen transpiratie en voorkomt witte strepen in je kleding.
59095545,1,skincare,deodorant,True,Rexona Advanced Protection Cotton Dry Antitranspirant Roller,Rexona Women Dry Cotton Deodorant Roller beschermt 48 uur lang tegen onfrisse geurtjes. Dankzij MotionSense blijf je ook met een actieve levensstijl fris en zelfverzekerd.
8720181437731,1,skincare,deodorant,True,Rexona Women Stress Control Antitranspirant Spray,"Rexona Women Stress Control Anti-transpirant Deodorant Spray beschermt je 48 uur lang tegen transpireren, zelfs in stressvolle situaties. De spray voorkomt transpiratievocht en nare geurtjes."
3282770145311,1,haircare,conditioner,True,Klorane ultra gentle conditioner,
3282770394535,1,haircare,shampoo,True,Klorane prickly pear shampoo 400,
3282770394580,1,haircare,conditioner,True,Klorane prickly pear conditioner,
3282770149609,1,haircare,shampoo,True,Klorane citrus shampoo 400,
3282770145076,1,haircare,shampoo,True,Klorane soothing shampoo 400,
3600531638894,1,makeup,concealer,True,Maybelline New York Instant Anti-Age Perfector 4-in-1 Glow Medium Concealer,
3600531691820,1,makeup,foundation,True,Maybelline New York Superstay 337 Lumi Matte Foundation,
3600531691813,1,makeup,foundation,True,Maybelline New York Superstay 340 Lumi Matte Foundation,
3600531691899,1,makeup,foundation,True,Maybelline New York Superstay 128 Lumi Matte Foundation,
3600531691912,1,makeup,foundation,True,Maybelline New York Superstay 119 Lumi Matte Foundation,
3600531700386,1,makeup,primer,True,Maybelline New York Poreless Jelly Hydrating Blur Primer,
3600531691882,1,makeup,foundation,True,Maybelline New York Superstay 129 Lumi Matte Foundation,
3600531691950,1,makeup,foundation,True,Maybelline New York Superstay 98 Lumi Matte Foundation,
3600531700379,1,skincare,serum,True,Maybelline New York Grippy Serum Grip Primer,
30167223,1,makeup,mascara,True,Maybelline New York Lash Sensational Sky High Black Waterproof Mascara,
3600531716387,1,makeup,foundation,True,Maybelline New York Lifter Plump & Glow 355 Foundation,
3600531716257,1,makeup,foundation,True,Maybelline New York Lifter Plump & Glow 114 Foundation,
3600531712624,1,makeup,concealer,True,Maybelline New York Lifter 30 Full Coverage Serum Concealer,
3600531718398,1,makeup,eyeliner,True,Maybelline New York Sculpting Stix 015 Smooth Espresso 2-in-1 Eyeliner,
3600531712594,1,makeup,concealer,True,Maybelline New York Lifter 15 Full Coverage Serum Concealer,
30190122,1,makeup,lipstick,True,Maybelline New York Maybe It's 002 Maybe It's... Matte Serum Lipstick,
30190153,1,makeup,lipstick,True,Maybelline New York Maybe It's 004 Wild Card Matte Serum Lipstick,
3600531699758,1,makeup,eyeliner,True,Maybelline New York Tattoo Liner 104 White Canvas Dip-Ink Liquid Eyeliner,
3600531697402,1,makeup,highlighter,True,Maybelline New Yorker Sunkisser 20 Kiss Of Shimmer Liquid Glow Highlighter,
3600531702304,1,makeup,mascara,True,Maybelline New York Colossal Bubble Waterproof Mascara,
3600531697426,1,makeup,highlighter,True,Maybelline New Yorker Sunkisser 22 Star Studded Liquid Glow Highlighter,
3600531691875,1,makeup,foundation,True,Maybelline New York Superstay 140 Lumi Matte Foundation,
4005800182020,1,skincare,toner,True,Eucerin toner 200ml,
3701129809280,1,skincare,serum,True,Bioderma sebium serum 30ml,
3701129809273,1,skincare,cleanser,True,Bioderma hydra cleanser 200ml,
3596710555925,2,haircare,laque,True,Laque shiny,Laque shiny
3596710524327,1,skincare,nettoyant,True,Gel nettoyant visage,Gel nettoyant visage
3596710544219,1,skincare,gel douche,True,COSMIA GEL DOUCHE SPA RELAX LAVENDER 750 ml,COSMIA GEL DOUCHE SPA RELAX LAVENDER 750 ml
3596710544226,1,skincare,shower gel,True,COSMIA PEACEFULL EUCALYPTUS SHOWER GEL 750 ml,COSMIA PEACEFULL EUCALYPTUS SHOWER GEL 750 ml
3596710544233,1,skincare,gel douche,True,Gel douche à lextrait de bambou,Gel douche à lextrait de bambou
3596710555932,1,haircare,laque,True,Laque color,Laque color
3596710534418,4,makeup,maquillage,True,Bandeau de démaquillage,Bandeau de démaquillage
3596710555949,1,haircare,laque,True,Laque volume,Laque volume
3282770152555,1,skincare,cleanser,True,Avene milk cleanser,
3282770152463,1,skincare,micellar,True,Avene micellar water,
3282770153071,2,skincare,serum,True,Avène Hyaluron Activ B3 Concentrated Plumping Serum,
4005900632630,1,skincare,deodorant,True,NIVEA Men Deep Espresso Antitranspirant Spray,NIVEA Men Deep Black Carbon Espresso Deodorant Spray bevat zwarte koolstof en heeft de sensuele geur van espresso. De anti-transpirant biedt je 48 uur betrouwbare bescherming.
4005900495532,1,skincare,deodorant,True,NIVEA Men Deep Black Carbon Dark Wood Antitranspirant Spray,Nivea Men Deep 48H Anti-Transpirant Deodorant Spray beschermt je huid tegen transpiratie en bacteriën. De spray zorgt zo voor een langdurige droog en schoon huidgevoel.
4005900457721,1,skincare,deodorant,True,NIVEA Men Black & White Invisible Fresh Antitranspirant Spray,Nivea Men Invisible for Black & White Fresh Anti-Transpirant Spray is de eerste deodorant die effectief 48 uur tegen transpiratie beschermt én jouw kleding beschermt tegen witte strepen op zwart en gele vlekken in wit.
4005900486646,1,skincare,deodorant,True,NIVEA Men Dry Fresh Antitranspirant Spray,Nivea Men Dry Fresh Anti-Transpirant Deodorant Spray geeft 48 uur lang een effectieve transpiratie regulerende werking met een extra fris gevoel. De deodorant droogt snel en geeft je een extra droog gevoel.
3661434009365,2,skincare,micellar,True,Uriage micellar water oily skin 500,
0858380002011,2,haircare,conditioner,True,Leave-in conditioner classic,
0070382005320,1,haircare,conditioner,True,meguiars gold class leather conditioner,
0070382002343,1,haircare,conditioner,True,car cleaner & conditioner rich,
5901018020873,1,haircare,conditioner,True,Joanna conditioner,
5901018020859,1,haircare,conditioner,True,Joanna protein conditioner,
3600524149574,1,haircare,conditioner,True,L'Oréal Paris Elvive Extraordinary Oil Kokos Conditioner,"L'Oréal Paris Elvive Extraordinary Oil Fijne Kokosolie Conditioner is verrijkt met fijne kokosolie voor intensieve voeding. De verzorgende light textuur zonder siliconen voedt het haar optimaal, voor soepel en luchtig haar."
8720181649196,1,haircare,conditioner,True,Zwitsal Conditioner,
5410091775605,1,haircare,conditioner,True,Syoss Intense Keratin Deep Conditioner,
8006530035026,1,haircare,shampoo,True,Head & Shoulders Classic 2-in-1 Antiroosshampoo,Head & Shoulders Classic 2-in-1 Anti-Roos Shampoo Met Conditioner reinigt je haar en zorgt ervoor dat het mooi gehydrateerd is.
4005900190475,1,haircare,conditioner,True,NIVEA Diamond Gloss Conditioner,"Laat je haar glanzen als diamanten met de Nivea Diamond Gloss Care Conditioner. Deze conditioner met fijne diamantdeeltjes versterkt je haar, verzorgt haar intensief en verbetert de doorkambaarheid. Je haar voelt soepel en zacht aan."
8720181766213,1,haircare,conditioner,True,Neutral 0% Parfumvrij Conditioner,"Neutral Parfumvrije Conditioner is mild voor je hoofdhuid en maakt je haar zacht en makkelijk doorkambaar. Dermatologisch getest en goed bevonden, zonder parfum, kleurstoffen of parabenen dus geschikt voor de gevoelige huid."
3600542462174,1,haircare,conditioner,True,Garnier Loving Blends Honing Goud Herstellende Conditioner,"De romige, smeltende textuur van Garnier Loving Blends Honing Goud Conditioner zorgt voor makkelijk uitwasbaar en heerlijk dik schuim, zonder je haar te verzwaren."
3600542572163,1,haircare,conditioner,True,Garnier Loving Blends Rice Water Infusion & Zetmeel Gladmakende Conditioner,
3600524128418,1,makeup,gloss,True,L'Oréal Paris Elvive Glycolic Gloss 5 Minuten Lamellaire Verzorging,
3600524149581,1,haircare,conditioner,True,L Oréal Paris Elvive Extraordinary Oil Conditioner,"De L’Oréal Paris Elvive Extraordinary Oil Conditioner is een voedende verzorging met olie-extracten, geschikt voor droog haar. Intensief verzorgend zonder te verzwaren."
3600523683284,1,haircare,conditioner,True,L'Oréal Paris Color-Vive Purple Conditioner,"Blond, grijs, zilver of highlights? Go purple! De formule van L'Oréal Paris Color-Vive Purple Conditioner bevat paarse pigmenten en vermindert de ongewenste gele en oranje ondertonen in je haar."
4072600227084,1,haircare,conditioner,True,Guhl Zilverglans & Verzorging Anti-Geel 2-in-1 Masker en Conditioner,"Neutraliseer de geeltinten in je witte, grijze of geblondeerde haar met Guhl Zilver & Vitaliteit Anti Geel-Effect Haarmasker. Het masker verzorgt je haar intensief en geeft souplesse en schitterende glans."
5410091767938,1,haircare,conditioner,True,Gliss Conditioner total repair,"Schwarzkopf Gliss Kur Total Repair Conditioner geeft je haar intensief herstel, soepelheid en glans."
5410091771768,1,haircare,conditioner,True,Gliss Liquid Silk Shine Conditioner,
0840455505923,1,haircare,shampoo,True,Argan Oil Shampoo,
0017000118567,1,skincare,body wash,True,Refresh & Renew Body Wash,
0850010792903,1,skincare,body wash,True,The Smoother Glycolic Acid Body Wash,
0810077123249,1,skincare,body wash,True,Golden Vanilla Skin Replenishing Body Wash,
0052800681279,1,haircare,shampoo,True,Scalp Care Clarifying Shampoo with Apple Cider Vinegar,
3178041363112,1,haircare,soin cheveux,True,Soin cheveux Elixir de Nuit Reconstruit la Fibre Capillaire Gliss SCHWARZKOPF,
0012044062678,1,skincare,face wash,True,Raptorstrike Body + Face Wash,
4005900777973,1,makeup,mascara,True,NIVEA 3-In-1 Reinigingsdoekjes,"Nivea 3-in-1 Verzachtende Reinigingsdoekjes zijn speciaal ontwikkeld om je huid grondig te reinigen en te hydrateren. De doekjes verwijderen make-up en waterproof mascara, voor een mooi en gezond uitziende huid."
42345190,1,skincare,deodorant,True,NIVEA Fresh Natural Antitranspirant Roller,Geniet van een aangenaam en natuurlijk fris gevoel met Nivea Fresh Natural Anti-transpirant Roller. De deodorant met oceaanextracten beschermt je oksels 48 uur lang tegen transpiratie en verzorgt ze op milde wijze.
4005900457745,1,skincare,deodorant,True,NIVEA Black & White Invisible Fresh Antitranspirant Spray,"Nivea Black & White Fresh Deodorant Spray beschermt 48 uur tegen transpiratie, witte strepen op zwarte kleding en gele vlekken in witte kleding. De deodorant heeft een extra frisse sensatie."
4006000229010,1,skincare,serum,True,NIVEA Q10 Anti-Rimpel Collageen Expert 3-in-1 Herstellend Serum,
42345299,1,skincare,deodorant,True,NIVEA Protect & Care Antitranspirant Roller,Ga voor volledige bescherming en een huid die de hele dag comfortabel droog en heerlijk zacht aan voelt. De  Nivea Protect & Care Deodorant Roller biedt beide in één deodorant: bescherming en zachte Nivea verzorging voor je oksels.
4005900174147,1,makeup,gloss,True,NIVEA Diamond Gloss Care Hold 4 Mousse,Voor extra volume gebruik je Nivea Diamond Gloss Care Mousse. De langdurige versteviging verzwaart je haar niet. Je haar is soepel en glanzend en blijft perfect in model zitten.
5410091767952,1,makeup,gloss,True,Gliss Liquid Silk Anti-Klitspray,"Dof, breekbaar haar? Schwarzkopf Gliss Kur Liquid Silk Gloss Anti-Klit Spray zorgt voor directe doorkambaarheid en glans."
4015000719438,1,makeup,highlighter,True,Schwarzkopf Blonde M3+ Coupe de Soleil Easy Highlighter,Slimme blondjes blonderen met Schwarzkopf Blonde M3+ Coupe de Soleil Easy Highlighter. De highlighter geeft je in een handomdraai mooie highlights.
3600542541435,1,skincare,serum,True,Garnier SkinActive 10% Pure Vitamine C Anti-Pigmentvlekken Nachtserum,
3600542461320,1,haircare,conditioner,True,Garnier Loving Blends Milde Haver Conditioner,Dagelijks gebruik van Garnier Loving Blends Milde Haver Conditioner maakt je haar zachter en soepeler. Je hoofdhuid is onmiddellijk gekalmeerd en minder gevoelig.
3600542461092,1,haircare,conditioner,True,Garnier Loving Blends Avocado-olie & Sheaboter Conditioner,Garnier Loving Blends Avocado Olie en Karité Boter Conditioner voedt je haar van de haaraanzet tot de punten. Het maakt je haar soepel en makkelijk in model te brengen. Geniet van de heerlijke crèmetextuur die je haar niet verzwaart.
3600542512480,1,haircare,shampoo,True,Garnier Loving Blends Magnetic Charcoal Shampoo,
3600542658867,1,skincare,serum,True,Garnier PureActive Salicylic Anti-Imperfections Serum Mask,
3600542656597,1,haircare,shampoo,True,Garnier Loving Blends Grape Moisture Hydraterende & Regenererende Shampoo,
3600542635592,1,haircare,shampoo,True,Garnier Loving Blends Sun-Kissed Chamomile & Bloemenhoning Verhelderende & Glansgevende Shampoo,
3600542567398,1,skincare,serum,True,Garnier Loving Blends Honing Goud Herstellend Serum,
3600542528153,1,haircare,shampoo,True,Garnier Fructis Pineapple Hair Food Shampoo,
3600542460439,1,haircare,shampoo,True,Garnier Loving Blends Kids Abrikoos 2-in-1 Shampoo & Conditioner,
3600542050531,1,skincare,toner,True,ALON REFRESHING TONER,
0603084078028,1,skincare,micellar,True,Micellar Cleansing Water,
30188556,1,makeup,blush,True,L'Oréal Paris Lumi Le Liquid 635 Worth It Blush,
3600523723492,1,makeup,bb cream,True,L'Oréal Paris Magic BB Very Light 5-in-1 Transforming Skin Corrector,"L'Oréal Paris BB C'est Magic 01 Very Light BB Cream is een gekleurde dagcrème met SPF20 die zorgt voor een natuurlijke, lichte dekking. De BB cream bevat hydraterend vijg-extract en antioxidanten."
30188501,1,makeup,blush,True,L'Oréal Paris Lumi Le Liquid 625 Gold Pink Blush,
30188211,1,makeup,concealer,True,L'Oréal Paris 1.5N True Match Radiant Serum Concealer,
3600524175610,1,skincare,serum,True,L'Oréal Paris Men Expert Power Age Serum met Hyaluronzuur,
30188532,1,makeup,blush,True,L'Oréal Paris Lumi Le Liquid 630 Glowy True Rose Blush,
30188563,1,makeup,blush,True,L'Oréal Paris Lumi Le Liquid 640 Rouge Paris Blush,
3600524228156,1,makeup,bronzer,True,L'Oréal Paris Lumi Le Bronze Bronzerstick,
3600524119874,1,skincare,serum,True,L'Oréal Paris Bright Reveal Niacinamide Serum,
3600524101404,1,skincare,serum,True,L'Oréal Paris True Match Nude 1-2 Rosy Light Plumping Tinted Serum,
3600524254339,1,skincare,serum,True,L'Oréal Paris Revitalift Laser Triple Laser Anti-Age Serum-Crème,
3600524197704,1,skincare,serum,True,L'Oréal Paris Revitalift Laser Serum,
3600523971992,1,skincare,serum,True,L'Oréal Paris Revitalift Laser X3 Puur Retinol Nachtserum,
3600523793051,1,haircare,hairspray,True,L'Oréal Paris Elnett Satin Sterke Fixatie Haarspray,L Oréal Paris Elnett Satin Sterke Fixatie Hairspray is al generaties lang de beste haarspray om het haar langdurig en natuurlijk in model te brengen. Heeft een langhoudend effect en is gemakkelijk uit te borstelen.
3600523793068,1,haircare,hairspray,True,L'Oréal Paris Elnett Satin Extra Sterke Fixatie Haarspray,L Oréal Paris Elnett Satin Extra Sterke Fixatie Hairspray is al generaties lang de beste haarspray om het haar langdurig en natuurlijk in model te brengen. Heeft een langhoudend effect en is gemakkelijk uit te borstelen.
3600524230623,1,haircare,shampoo,True,L'Oréal Paris Glycolic Gloss Glansgevende Shampoo,
3600524228903,1,skincare,serum,True,L'Oréal Paris Elvive Glycolic Gloss Glans Booster Leave-In Serum,
3600524228132,1,makeup,bronzer,True,L'Oréal Paris Lumi Le Bronze Bronzerstick,
3600524242800,1,skincare,serum,True,L'Oréal Paris Hyaluron Tint Lip Stain Serum,
30189362,1,makeup,mascara,True,L'Oréal Paris Volume Million Lashes Panoramic Chromatic Blue Suede Mascara,
3600524242794,1,skincare,serum,True,L'Oréal Paris Hyaluron Tint Lip Stain Serum,
30189225,1,makeup,mascara,True,L'Oréal Paris Volume Million Lashes Panoramic Chromatic Bordeaux Cashmere Mascara,
3600524251291,1,haircare,conditioner,True,L'Oréal Paris Elvive Collagen Lifter Haarverdikkende Conditioner,
3600524196806,1,haircare,laque,True,L'Oréal Paris Infaillible Laque Resistance 215 Drunk in Rose Lippenstift,
3600524196844,1,haircare,laque,True,L'Oréal Paris Infaillible Laque Resistance 415 Red Bisou Lippenstift,
3600524188467,1,makeup,foundation,True,L'Oréal Paris True Match 1.5D/W Foundation,
3600524192792,1,makeup,lipstick,True,L'Oréal Paris Infaillible 24H 808 Limitless Beige Lipstick,
3600524196615,1,makeup,mascara,True,L'Oréal Paris Telescopic Black Waterproof Mascara,
3600524190293,1,makeup,concealer,True,L'Oréal Paris Infaillible Skin Ink 300 2-in-1 Foundation & Concealer,
3600524190248,1,makeup,concealer,True,L'Oréal Paris Infaillible Skin Ink 180 2-in-1 Foundation & Concealer,
3600524190286,1,makeup,concealer,True,L'Oréal Paris Infaillible Skin Ink 290 2-in-1 Foundation & Concealer,
3600524192570,1,makeup,highlighter,True,L'Oréal Paris Lumi Le Glass 620 Pink Ballet Highlighter Stick,
3600524190255,1,makeup,concealer,True,L'Oréal Paris Infaillible Skin Ink 260 2-in-1 Foundation & Concealer,
3600524192556,1,makeup,highlighter,True,L'Oréal Paris Lumi Le Glass 610 Pearl Eclat Highlighter Stick,
3600524167196,1,makeup,eyeliner,True,L'Oréal Paris Infaillible Grip Bronzed Expresso 36H Bronze Gel Automatic Eyeliner,
30188358,1,makeup,mascara,True,L'Oréal Paris Paradise Big Deal Black Waterproof Mascara,
30188273,1,makeup,concealer,True,L'Oréal Paris 5.5D True Match Radiant Serum Concealer,
30188440,1,makeup,concealer,True,L'Oréal Paris True Match Radiant 8N Serum Concealer,
30188266,1,makeup,concealer,True,L'Oréal Paris True Match Radiant 5D Serum Concealer,
30188228,1,makeup,concealer,True,L'Oréal Paris True Match Radiant 2R Serum Concealer,
30149502,1,makeup,lipstick,True,L'Oréal Paris Infaillible Matte Resistance 420 True Romance Lipstick,
30144491,1,makeup,lipstick,True,L'Oréal Paris Infaillible Matte Resistance 500 Wine Not? Lipstick,
30152045,1,makeup,lipstick,True,L'Oréal Paris Infaillible Matte Resistance 200 Lipstick & Chill Lipstick,
30152038,1,makeup,lipstick,True,L'Oréal Paris Infaillible Matte Resistance 105 Breakfast In Bed Lipstick,
3600524104856,1,makeup,eyeliner,True,L'Oréal Paris Infaillible 11 Grip Gel Eyeliner,
3600523897308,1,makeup,mascara,True,L'Oréal Paris Lash Paradise 02 Extra Black Mascara,
3600524074852,1,haircare,conditioner,True,L'Oréal Paris Elvive Bond Repair Conditioner,
3600524074715,1,haircare,shampoo,True,L'Oréal Paris Elvive Bond Repair Sulfaatvrije Shampoo,
3600524074579,1,haircare,shampoo,True,L'Oréal Paris Elvive Bond Repair Rescue Pre-Shampoo,
3600522337072,1,makeup,lipstick,True,L'Oréal Paris Infaillible 24H 213 Toujours Teaberry Lipstick,
3600523635689,1,makeup,foundation,True,L’Oréal Paris 5.5D/W True Match Foundation,
3600523635719,1,makeup,foundation,True,L’Oréal Paris 9D/W True Match Foundation,
3600523635658,1,makeup,foundation,True,L’Oréal Paris 9.N True Match Foundation,
3600523635672,1,makeup,foundation,True,L’Oréal Paris 2D/W True Match Foundation,
3600524057442,1,makeup,foundation,True,L’Oréal Paris 3.5D/W True Match Foundation,
3600523989942,1,skincare,serum,True,L'Oréal Paris True Match Nude 6-7 Tan Plumping Tinted Serum,
3600523999934,1,makeup,lipstick,True,L'Oréal Paris Infaillible 24H 801 Toujours Toffee Lipstick,
3600523999965,1,makeup,lipstick,True,L'Oréal Paris Infaillible 24H 804 Metroproof Rose Lipstick,
3600523989904,1,skincare,serum,True,L'Oréal Paris True Match Nude 2-3 Light Plumping Tinted Serum,
3600523989928,1,skincare,serum,True,L'Oréal Paris True Match Nude 4-5 Medium Plumping Tinted Serum,
3600523989959,1,skincare,serum,True,L'Oréal Paris True Match Nude 7-8 Tan Deep Plumping Tinted Serum,
3600523951949,1,makeup,foundation,True,L'Oréal Paris Infaillible 24H Fresh Wear 245 Golden Honey Foundation in a Powder,
3600523800964,1,skincare,serum,True,L'Oréal Paris Elvive Dream Lengths Anti-Pluis Serum,"Tem je pluizige, statische haar met het L'Oréal Paris Dream Lengths Sleek Anti Pluis Serum. Het leave-in-serum beschermt je haar tegen de hitte, tot temperaturen van 230°C, zonder een vettig laagje achter te laten."
30175228,1,makeup,eyeliner,True,L Oréal Paris Matte Signature 01 Zwart Eyeliner,Onderlijn jouw statement met de L Oréal Paris Matte Signature 01 Zwart Eyeliner. De waterproof eyeliner is gemakkelijk aan te brengen dankzij de superprecieze liquid eyeliner applicator.
3600523635634,1,makeup,foundation,True,L'Oréal Paris True Match 0.5N Porcelain Foundation,L Oréal Paris True Match 0.5 N Porcelain Foundation is een medium dekkende foundation met een natuurlijke finish en SPF17.
3600523611904,1,makeup,foundation,True,L Oréal Paris True Match 8.N Cappuccino Foundation,L Oréal Paris True Match 8.N Cappuccino Foundation is een medium dekkende foundation met een natuurlijke finish en SPF17.
3600522862437,1,makeup,foundation,True,L Oréal Paris True Match 6.N Honey Foundation,L Oréal Paris True Match 6.N Honey Foundation is een medium dekkende foundation met een natuurlijke finish en SPF17.
3600521627419,1,makeup,blush,True,L’Oréal Paris True Match Le Blush 150 Rose Sucre D'Orge Blush,"Voor een mooie, gezonde blos op je wangen gebruik je de L'Oréal Paris True Match 150 Rose Sucre Blush. Gebruik de blush als ultieme finishing touch, nadat je je foundation hebt aangebracht."
3600521615386,1,makeup,gloss,True,L'Oréal Paris Casting Crème Gloss 734 Honing Amber Verzorgende Haarkleuring,Deze semi-permanente haarkleuring geeft je haar een natuurlijke kleur met rijke nuances. L'Oréal Paris Casting Créme Gloss 734 Goudkoperblond Haarkleuring geeft je haar een optimale grijsdekking en glans.
3600521615379,1,makeup,gloss,True,L'Oréal Paris Casting Créme Gloss 634 Donker Goud Koperblond Semi-Permanente Haarkleuring,Deze semi-permanente haarkleuring geeft je haar een natuurlijke kleur met rijke nuances. L'Oréal Paris Casting Créme Gloss 634 Donker Goudkoperblond Haarkleuring geeft je haar een optimale grijsdekking en glans.
3600520985206,1,makeup,gloss,True,L'Oréal Paris Casting Créme Gloss 600 Donkerblond Semi-Permanente Haarkleuring,Deze semi-permanente haarkleuring geeft je haar een natuurlijke kleur met rijke nuances. L'Oréal Paris Casting Créme Gloss 600 Donker Blond Haarkleuring geeft je haar een optimale grijsdekking en glans.
3600524250355,1,makeup,loose powder,True,L'Oréal Paris Infaillible 24H Power Glow Medium Loose Powder,
01693791,1,makeup,gloss,True,L'Oréal Paris Casting Créme Gloss 634 Donker Goud Koperblond Semi-Permanente Haarkleuring,
8886467060854,1,skincare,bar soap,True,& Vaseline Jelly Vaseline. HEALTHY PLUS BAR SOAP H,
8720181698934,1,skincare,serum,True,Vaseline Gluta-Hya Dewy Radiance Serum Burst Lotion,
8999999581930,2,skincare,serum,True,Vaseline Gluta-Hya Serum Etkili UV Leke Karşıtı & Aydınlatıcı Losyon,
3282770145700,1,haircare,conditioner,True,Klorane soothing conditioner,
3282770397598,1,haircare,conditioner,True,Klorane quinine conditioner,
3499320018333,1,skincare,serum,True,Cetaphil Advanced Defense Serum,
3499320017640,1,skincare,cleanser,True,Cetaphil Gentle Exfoliating SA Cleanser,
3499320018340,1,skincare,serum,True,Cetaphil Repair & Nachtserum,
3499320011921,1,skincare,cleanser,True,Cetaphil cleanser,
9318637044009,1,haircare,shampoo,True,Cetaphil baby wash shampoo 400,
8700216545723,1,haircare,conditioner,True,Pantene Pro-V Glad & Zijdezacht 3 Minute Miracle Conditioner,
8700216500739,1,haircare,conditioner,True,Pantene Active Pro-V Repair & Protect 3 Minute Miracle Conditioner,
4902430634007,1,haircare,conditioner,True,pantene conditioner (pp) 13ml,
0080878192724,1,haircare,conditioner,True,pantene essential oils volumizing conditioner,
3574661632919,1,skincare,serum,True,Neutrogena Hydro Boost Parfumvrij Hyaluron Serum,
3574661651699,1,skincare,serum,True,Neutrogena Anti-Age Retinol Boost Serum,
8700216607421,1,skincare,deodorant,True,Old Spice Epic Legend Deodorant Stick,
8700216903868,1,skincare,deodorant,True,Old Spice Bearglove Deodorant Stick,
8720674421582,1,skincare,toner,True,Kruidvat Derma Exfoliërende Toner,
3600542638289,1,skincare,booster,True,Garnier Vitamine C Glow Booster Liquid Care,
4021457654208,1,makeup,rouge à lèvres,True,rouge à lèvres rose,
8904023008673,3,haircare,shampoo,True,trichup herbal shampoo,
8720674126074,3,haircare,shampoo,True,Kruidvat Natures Repair Shampoo,De herstellende Kruidvat Natures Repair Shampoo met biologische avocado en biologische amandelolie voedt je haar intensief. De shampoo maakt je haar sterker waardoor het beschermd wordt.
4800888151704,1,haircare,shampoo,True,Clear (SPORTS) (SHAMPOO) (blue) 12ml,
8700216928823,1,haircare,shampoo,True,Shampoo,
4056489826965,1,haircare,shampoo,True,Shampoo rosa groß,
10522769,1,haircare,shampoo,True,"Dog shampoo & conditioner 1,9L",
8720182568182,1,haircare,shampoo,True,Andrélon Pro Nature Rosemary Refresh Shampoo,
8901138851248,1,skincare,face wash,True,Himalaya Purifying Neem Face Wash,
8901030978753,1,skincare,sunscreen,True,Lakme 9To5 Sun Expert Sunscreen Lotion,
8901207004094,1,skincare,cleanser,True,Dabur Gulabari Rose Glow Face Cleanser,
8901012189504,1,skincare,face wash,True,Clean & Clear Foaming Face Wash,
8906008452846,1,skincare,eye cream,True,Almond under eye cream,
0381371177561,1,skincare,body wash,True,avenno stress relief body wash,
0079400053121,1,haircare,conditioner,True,dove nutritive solution intense repair conditioner,
3600551054490,2,skincare,gel douche,True,Gel douche,
0803954305104,1,haircare,conditioner,True,sirius groom conditioner for dogs,
0071164343555,1,haircare,conditioner,True,biotin conditioner,
0708002400520,1,haircare,conditioner,True,Aloe Vera Conditioner,
4987205000140,1,haircare,conditioner,True,Bigen Speedy Hair Colour Conditioner,
6281006617636,1,haircare,conditioner,True,Dove conditioner,
6281006534742,1,haircare,conditioner,True,tressemme botanic detox conditioner,
3474636920280,1,haircare,conditioner,True,Extreme Length Conditioner 4%,
6281006443617,1,haircare,conditioner,True,conditioner color protect,
6291069701661,1,haircare,conditioner,True,Vatika Coconut castor conditioner 2yrs prod,
6294019000005,1,haircare,conditioner,True,Soft wave kid conditioner,
8588006041279,1,haircare,conditioner,True,conditioner Argan oil,
0754604190451,1,haircare,conditioner,True,Spanish garden Roots energy conditioner,
0754604190314,1,skincare,serum,True,Serum growth conditioner,
0754604190604,1,haircare,conditioner,True,Spanish garden Dryness soothe conditioner,
0754604190444,1,haircare,conditioner,True,Spanish garden charcoal conditioner,
8201382877804,1,haircare,conditioner,True,aussie total miracle conditioner,
88126800000999,1,haircare,conditioner,True,Hatomugi skin conditioner,
0195893279944,2,haircare,conditioner,True,Deep conditioner,
6281006535039,1,haircare,conditioner,True,Conditioner botanix nourish and reflenish,
6281006444218,2,haircare,conditioner,True,Conditioner coconut,
6281006534971,1,haircare,conditioner,True,Keratin smooth and straight conditioner,
0802535479173,1,haircare,conditioner,True,leave in conditioner,
0603084548590,1,skincare,micellar,True,Micellar Cleansing Water,
0020714711979,1,makeup,concealer,True,Clinique Beyond Perfecting Foundation + Concealer 30ml,
0086800102748,1,skincare,sunscreen,True,neutrogena mineral ultra sheer sunscreen,
4005900543561,1,skincare,deodorant,True,NIVEA Black & White Invisible Silky Smooth Antitranspirant Spray,Nivea Invisible For Black & White Silky Smooth Anti-Transpirant Deodorant Spray voorkomt zowel witte strepen op donkere kleding als gele vlekken in lichte kleding. De formule biedt 48 uur lang betrouwbare bescherming.
5900017084473,1,skincare,deodorant,True,NIVEA Pearl & Beauty Soft & Smooth Deodorant Spray,
8718951730700,1,skincare,deodorant,True,Sanex Derma Care+ Extra Control 72h Antitranspirant Deodorant Roller,
8718951730151,1,skincare,deodorant,True,Sanex Derma Care+ Sensitive 72h Antitranspirant Deodorant Roller,
8718951727656,1,skincare,deodorant,True,Sanex Derma Care Protector 48H Antitranspirant Deodorantspray,Geniet van de frisse geur van Sanex Dermo Protector Spray. De milde spray gaat lichaamsgeurtjes tegen en laat je huid ademen. Je oksels voelen de hele dag droog aan.
8718951791602,1,skincare,deodorant,True,Sanex Total Freshness Whole Body Deodorant Spray,
30197244,1,makeup,lipstick,True,Maybelline New York Maybe It's 104 Serum Lipstick,
3600531712686,1,makeup,concealer,True,Maybelline New York Lifter 65 Full Coverage Serum Concealer,
3600531712709,1,makeup,concealer,True,Maybelline New York Lifter 85 Full Coverage Serum Concealer,
3600531716332,1,makeup,foundation,True,Maybelline New York Lifter Plump & Glow 220 Foundation,
3600531716981,1,makeup,mascara,True,Maybelline New York Lash Sensational Body Waterproof Mascara,
3600531702281,1,makeup,eyeliner,True,Maybelline New York Tattoo Liner 103 Burgundy Boost Dip-Ink Liquid Eyeliner,
3600531698638,1,makeup,concealer,True,Maybelline New York Instant Eraser 159 Orange Color Correcting Concealer,
3600531691868,1,makeup,foundation,True,Maybelline New York Superstay 248 Lumi Matte Foundation,
3600531691851,1,makeup,foundation,True,Maybelline New York Superstay 250 Lumi Matte Foundation,
3600531698614,1,makeup,concealer,True,Maybelline New York Instant Eraser Green Color Correcting Concealer,
30189355,1,makeup,mascara,True,Maybelline New York Lash Sensational Sky High Plum Twilight Mascara,
3600531702083,1,makeup,foundation,True,Maybelline New York Lifter Stix 45 Foundation Stick,
30161146,1,makeup,lipstick,True,Maybelline New York SuperStay Vinyl Ink 170 Unafraid Longwear Liquid Lipstick,
30152434,1,makeup,primer,True,Maybelline New York Lash Sensational Sky High Tinted Primer,
5021044013455,1,makeup,mascara,True,Maybelline Volum'Express Black Waterproof Mascara,
5021044013332,1,makeup,mascara,True,Maybelline New York Volum'Express Black Mascara,
30152830,1,makeup,mascara,True,Maybelline New York Lash Sensational Sky High Cosmic Black Mascara,
30166387,1,makeup,gloss,True,Maybelline New York Lifter Plump 005 Peach Fever Lipgloss,
30152618,1,makeup,lipstick,True,Maybelline New York Superstay Vinyl Ink 110 Awestruck Lipstick,
3600531672379,1,makeup,foundation,True,Maybelline New York SuperStay 24H Skin Tint 10 Foundation,
30163799,1,makeup,mascara,True,Maybelline New York The Falsies Surreal Blackest Black Waterproof Mascara,
3600531666613,1,makeup,foundation,True,Maybelline New York SuperStay Up To 24HR 10 Hybrid Powder-Foundation,
30153226,1,makeup,lipstick,True,Maybelline New York SuperStay Vinyl Ink 55 Royal Lipstick,
3600531631116,1,makeup,lipstick,True,Maybelline New York SuperStay Matte Ink 325 Shot Caller Lipstick,
3600531549381,1,makeup,foundation,True,Maybelline New York Fit Me Matte & Poreless 107 Rose Beige Foundation,"Maybelline Fit Me Matte & Poreless 107 Rose Beige Foundation past bij de ondertoon en textuur van je huid en heeft een natuurlijke, matte finish."
3600530695966,1,makeup,lipstick,True,Maybelline New York SuperStay 24H 615 Soft Taupe Lipstick,Je lippen worden mooi gekleurd en verzorgd met Maybelline SuperStay 24HRS 615 Soft Taupe Lippenstift: een lipkleur en balsem ineen.
3600530695904,1,makeup,lipstick,True,Maybelline New York SuperStay 24H 510 Red Passion Lipstick,"Maybelline SuperStay 24H 510 Red Passion Lipstick is een 24 uur langhoudende lippenstift die de hele dag op z n plaats blijft. Biteproof, smudgeproof en kissproof, dus ook nog steeds mooi aan het einde van de dag."
3600530695881,1,makeup,lipstick,True,Maybelline New York Superstay 24h 444 Cosmic Coral Lipstick,"Maybelline SuperStay 24H 444 Cosmic Coral Lipstick is een 24 uur langhoudende lippenstift die ongekend lang op z n plaats blijft. Biteproof, smudgeproof en kissproof, dus ook nog steeds mooi na het eten, zoenen of afvegen van je mond."
3600531721015,1,makeup,gloss,True,Maybelline New York 05 Melon-ade Lifter Gel Lipgloss,
3600531720995,1,makeup,gloss,True,Maybelline New York 03 Passion Juice Lifter Gel Lipgloss,
3600531721008,1,makeup,gloss,True,Maybelline New York 04 Sugar Spritz Lifter Gel Lipgloss,
3600531720988,1,makeup,gloss,True,Maybelline New York 02 Blue Boba Lifter Gel Lipgloss,
3600531721046,1,makeup,gloss,True,Maybelline New York 08 Berry Twist Lifter Gel Lipgloss,
3600531721022,1,makeup,gloss,True,Maybelline New York 06 Strawberry Shake Lifter Gel Lipgloss,
3600531716349,1,makeup,foundation,True,Maybelline New York Lifter Plump & Glow 325 Foundation,
3600531716363,1,makeup,foundation,True,Maybelline New York Lifter Plump & Glow 336 Foundation,
3600531716431,1,makeup,foundation,True,Maybelline New York Lifter Plump & Glow 385 Foundation,
3600531716219,1,makeup,foundation,True,Maybelline New York Lifter Plump & Glow 90 Foundation,
3600531716288,1,makeup,foundation,True,Maybelline New York Lifter Plump & Glow 118 Foundation,
30197237,1,makeup,lipstick,True,Maybelline New York Maybe It's Satin Serum Lipstick,
30197176,1,makeup,lipstick,True,Maybelline New York Maybe It's Matte Serum Lipstick,
3600531712822,1,makeup,bb cream,True,Maybelline New York Fit Me SPF50 70 Nude BB Cream,
4580632110354,1,haircare,shampoo,True,Diane Extra Fresh&Hydrate Shampoo 50ml,
5905397014522,1,haircare,shampoo,True,BENO Shampoo Lablador,
5901742001247,1,haircare,shampoo,True,SEIDEL Shampoo z chlorhexydyną i ketokonazolem,
4806515161566,1,haircare,shampoo,True,keratin shampoo (p),
0037000808053,2,skincare,deodorant,True,Outlast Antiperspirant/ Deodorant Completely Clean,
4056489746713,1,skincare,serum,True,serum facial,
3474636858002,1,skincare,serum,True,Genesis Anti-Hairfall Serum,
5060472671417,2,haircare,conditioner,True,Umberto Giannini Coily Curls Moisture Drench Conditioner,
8700216533072,1,haircare,shampoo,True,DermaXPro by Head & Shoulders Sensitive Antiroosshampoo,
8006530035644,1,haircare,shampoo,True,Head & Shoulders Sensitive Antiroosshampoo,
8006530034562,1,haircare,shampoo,True,Head & Shoulders Intense Hydration Antiroosshampoo,
8006530035477,1,haircare,shampoo,True,Head & Shoulders Citrus Fresh Antiroosshampoo,
8006530035330,1,haircare,shampoo,True,Head & Shoulders Jeukende Hoofdhuid Antiroosshampoo,
8006530004626,1,haircare,shampoo,True,Head & Shoulders Classic Antiroosshampoo,
8006530004107,1,haircare,shampoo,True,Head & Shoulders Classic Antiroosshampoo,
8006530004480,1,haircare,shampoo,True,Head & Shoulders Classic 2-in-1 Antiroosshampoo,Head & Shoulders Classic 2-in-1 Anti-Roos Shampoo Met Conditioner reinigt je haar en zorgt ervoor dat het mooi gehydrateerd is.
8700216532440,1,haircare,shampoo,True,DermaXPro by Head & Shoulders Kalmeert Antiroosshampoo,
8006530174077,1,haircare,shampoo,True,Head & Shoulders Dik & Sterk Antiroosshampoo,
8006530034319,1,haircare,shampoo,True,Head & Shoulders Anti-Haaruitval Antiroosshampoo,
8006530035514,1,haircare,shampoo,True,Head & Shoulders Apple Fresh Antiroosshampoo,
8006530035316,1,haircare,shampoo,True,Head & Shoulders Citrus Fresh 2-in-1 Antiroosshampoo,"Head & Shoulders Citrus Fresh 2-in-1 Anti-Roos Shampoo Met Conditioner reinigt vet haar en een vette hoofdhuid voor een fris gevoel en een blijvende, heerlijke citrusgeur."
8006530035385,1,haircare,shampoo,True,Head & Shoulders Jeukende Hoofdhuid 2-in-1 Antiroosshampoo,Head & Shoulders Jeukende Hoofdhuid 2-in-1 Anti-Roos Shampoo Met Conditioner verlicht een jeukende hoofdhuid veroorzaakt door roos en geeft een verfrissend gevoel.
4335619267565,1,haircare,shampoo,True,Shampoo,
4056489827207,1,haircare,shampoo,True,Kindershampoo Junge,
4056489994145,1,haircare,shampoo,True,Shampoo,
4335619063440,1,skincare,deodorant,True,Deodorant,
4335619124769,1,skincare,hand cream,True,Cien hand cream,
8712561536684,1,skincare,deodorant,True,Rexona Women Maximum Protection Sport Strength Antitranspirant Cream Stick,Voel je 48 uur lang beschermd tegen transpiratie met Rexona Women Maximum Protection Sport Strength Deodorant Stick. Deze deodorant is zeer geschikt om overmatige transpiratie tijdens het sporten tegen te gaan.
01333151,1,skincare,deodorant,True,Rexona Men Advanced Protection Cobalt Dry Antitranspirant Deodorant Roller,
01307083,1,skincare,deodorant,True,Rexona Men Advanced Protection Quantum Dry Antitranspirant Deodorant Spray,
6920354838996,1,haircare,laque,True,Toothpaste Plaque Pro Release,
6902395501992,1,skincare,micellar,True,Garnier Micellar Water,
3600542315340,1,haircare,shampoo,True,Garnier Fructis Papaya Hair Food Shampoo,
3600542315395,1,haircare,conditioner,True,Garnier Fructis Nourishing Banana Hair Food Conditioner,
3600542461689,3,haircare,shampoo,True,GERECYCLED 100% RECYCLEBAAR GARNIER Loving Blends,Dagelijks gebruik van Garnier Loving Blends Milde Haver Shampoo maakt je haar zachter en soepeler. Je hoofdhuid is onmiddellijk gekalmeerd en minder gevoelig.
3600542315357,1,haircare,shampoo,True,Garnier Fructis Quenching Aloe Vera Hair Food Shampoo,
3600542315388,1,haircare,shampoo,True,Garnier Fructis Nourishing Banana Hair Food Shampoo,
3600542528146,1,haircare,conditioner,True,Garnier Fructis Pineapple Hair Food Conditioner,
5037156298444,1,haircare,shampoo,True,John Frieda Frizz Ease Dream Curls Shampoo,"Versterk je natuurlijke krullen met John Frieda Frizz-Ease Dream Curls Shampoo. De hydraterende shampoo voedt je haar en bestrijdt pluis, waardoor je krullen er fantastisch en veerkrachtig uitzien."
3600524148881,1,haircare,shampoo,True,L'Oréal Paris Elvive Multivitamines 2-In-1 Shampoo,"Heb je normaal haar en zoek je een shampoo die je haar kracht en glans geeft? L'Oréal Paris Elvive Multivitamines 2-in-1 Verzorgende Shampoo bevat Provitamine B5, PP en E, welke je haar sterk, glanzend en veerkrachtig maken."
4008666211637,1,haircare,shampoo,True,Alpecin Cafeïne Shampoo,Alpecin Cafeïne Shampoo stimuleert je haargroei direct in de wortels. Het werkzame cafeïne-complex gaat actief haaruitval tegen.
8720181766237,1,haircare,shampoo,True,Neutral 0% Parfumvrije Shampoo,"Neutral Normal Parfumvrije Shampoo maakt je haar zacht en soepel zonder je hoofdhuid te irriteren. Neutral, dat voelt goed!"
3600524149567,1,haircare,shampoo,True,L'Oréal Paris Elvive Extraordinary Oil Shampoo,"L'Oréal Paris Elvive Extraordinary Oil Shampoo is een voedende verzorging met olie-extracten die je haar laat glanzen zonder het te verzwaren, speciaal voor droog haar."
4072600221556,1,haircare,shampoo,True,Guhl Structuurherstel Shampoo,"Herstel je breekbare en beschadigde haar met Guhl Rijke Voeding Shampoo. De shampoo beschermt, herstelt en versterkt je haar intensief."
4072600221600,1,haircare,shampoo,True,Guhl Heerlijke Verzorging Shampoo,Verwen en verzorg je haar op milde wijze met Guhl Heerlijke Verzorging Shampoo. Hierdoor voelt het zijdezacht en gezond aan. De shampoo met perzikolie is geschikt voor normaal haar.
4072600221617,1,haircare,shampoo,True,Guhl Langdurig Volume Shampoo,"Was je fijne of futloze haar met Guhl Langdurig Volume Shampoo om het langdurig volume, veerkracht en stevigheid te geven, vanaf de aanzet tot in de punten."
4072600221624,1,haircare,shampoo,True,Guhl Antiroosshampoo,Bescherm je haar langdurig tegen roos met Guhl Anti-Roos Shampoo. De shampoo verwijdert roos en voorkomt dat er nieuwe roos ontstaat. Guhl Anti-Roos shampoo reguleert de natuurlijke balans van je hoofdhuid.
4072600221648,1,haircare,shampoo,True,Guhl Gevoelige Hoofdhuid Shampoo,"Verzorg je droge, geïrriteerde hoofdhuid op zeer milde wijze met deze Guhl Gevoelige Hoofdhuid Shampoo. De shampoo bevat witte thee en watermunt."
4072600421574,1,haircare,shampoo,True,Guhl Intensieve Stevigheid Shampoo,Versterk je futloze of fijne haar vanaf de haarwortel met Guhl Stevigheid Shampoo. Je haar voelt voller en steviger aan en heeft zichtbaar meer volume.
5037156097603,1,haircare,shampoo,True,John Frieda Sheer Blonde Go Blonder Lightening Shampoo,Licht je blonde haar geleidelijk op met de John Frieda Sheer Blonde Go Blonder Lightening Shampoo.
3600524149949,1,haircare,shampoo,True,L'Oréal Paris Elvive Dream Lengths Shampoo,"L'Oréal Paris Elvive Dream Lengths Shampoo is verrijkt met plantaardige keratine, vitamines en castorolie. Voor intens herstel van de lengtes, zonder te verzwaren."
3600523683277,1,haircare,shampoo,True,L'Oréal Paris Color-Vive Purple Shampoo,"Blond, grijs, zilver of highlights? Go purple! De formule van L'Oréal Paris Color-Vive Purple Shampoo bevat paarse pigmenten en vermindert de ongewenste gele en oranje ondertonen in je haar."
3600542460743,1,haircare,shampoo,True,Garnier Loving Blends Avocado-olie & Sheaboter Shampoo,Garnier Loving Blends Avocado Olie en Karité Boter Shampoo voedt je haar van de haaraanzet tot de punten. Het maakt je haar soepel en makkelijk in model te brengen. Geniet van de heerlijke crèmetextuur die je haar niet verzwaart.
3600542462259,1,haircare,shampoo,True,Garnier Loving Blends Honing Goud Herstellende Shampoo,Het herstellende recept van deze Garnier Loving Blends Honing Goud Shampoo voor beschadigd of breekbaar haar voedt en versterkt je haar. Je haar is makkelijker in model te brengen.
3600524149918,1,haircare,shampoo,True,L'Oréal Paris Full Resist Power Shampoo,De oplossing bij verzwakt haar dat de neiging heeft uit te vallen? Geef je haar zijn natuurlijke kracht terug met deze L'Oréal Paris Full Resist Shampoo.
5037156297690,1,haircare,shampoo,True,John Frieda Violet Crush Intensive Purple Shampoo,"John Frieda Violet Crush Intense Shampoo neutraliseert de ongewenste gele gloed en geeft je haar een platinum cool blonde tint, en dat al na één wasbeurt."
5410091775568,1,haircare,shampoo,True,Syoss Men Intense Power Deep Caring Shampoo,Syoss Men Power Shampoo voor normaal haar versterkt je haar. De high-performance formule met toegevoegde cafeïne stimuleert je haarwortels en activeert je haargroei.
8720182568144,1,haircare,shampoo,True,Andrélon Pro Nature Bamboo Volume Boost Shampoo,
8720182568199,1,haircare,shampoo,True,Andrélon Pro Nature Shea Strong Repair Shampoo,
3600524149871,1,haircare,shampoo,True,L'Oréal Paris Elvive Hyaluron Pure Zuiverende Shampoo,
4008666224910,1,haircare,shampoo,True,Alpecin Grey Attack Shampoo,
4072600703564,1,haircare,shampoo,True,Guhl Kracht & Volume Shampoo,
8720181576683,1,haircare,shampoo,True,Andrélon Stralend Blond Verhelderende Shampoo,
8720181576621,1,haircare,shampoo,True,Andrélon Extra Glans Glansversterkende Shampoo,
8720181576669,1,haircare,shampoo,True,Andrélon Intense Repair Herstellende Shampoo,
8720181576645,1,haircare,shampoo,True,Andrélon Zilver Care Kleurcorrigerende Shampoo,
8720181576690,1,haircare,shampoo,True,Andrélon Perfecte Krul Verzorgende Shampoo,
8720181576713,1,haircare,shampoo,True,Andrélon Iedere Dag Shampoo,
8720181576720,1,haircare,shampoo,True,Andrélon 2-in-1 Shampoo en Conditioner,
3331300062632,1,makeup,blush,True,3331300062632,Verfris je haar met de Batiste Blush Droogshampoo. Deze droogshampoo met een bloemige geur blaast futloos haar nieuw leven in. De spray geeft je haar volume en textuur.
3600524149857,2,haircare,conditioner,True,conditioner,
4072600121405,1,haircare,conditioner,True,Guhl Structuurherstel Conditioner,Verzorg je breekbare en beschadigde haar met Guhl Rijke Voeding Crème-Conditioner om de structuur te herstellen. De crème vormt een beschermend laagje om je haar. Je haar valt soepel en is makkelijk doorkambaar.
5037156298512,1,haircare,conditioner,True,John Frieda Frizz Ease Dream Curls Curl-Defining Conditioner,"Versterk je natuurlijke krullen met John Frieda Frizz-Ease Dream Curls Conditioner. De conditioner voedt je haar en bestrijdt pluis, waardoor je krullen er fantastisch en veerkrachtig uitzien."
8710847951022,1,haircare,shampoo,True,Andrélon Special Verrassend Volume Droogshampoo,Andrélon Special Verrassend Volume Droogshampoo is ontwikkeld voor slap of futloos haar dat tussen de wasbeurten door een opfrisbeurt kan gebruiken.
8710847951039,1,haircare,shampoo,True,Andrélon Special Langer Fris Droogshampoo,Andrélon Special Langer Fris Droogshampoo is ontwikkeld om haar dat snel vet wordt langer fris te houden.
3600524150013,1,haircare,conditioner,True,L'Oréal Paris Elvive Color Vive Kleurbeschermende Conditioner,"L'Oréal Paris Elvive Color Vive conditioner werkt op de drie dimensies van gekleurd haar: gebruik van de conditioner houdt de kleur langer mooi, beschermt het haar tegen schadelijke invloeden van buitenaf en verlengt de glans."
8710908887796,1,haircare,shampoo,True,Andrélon Pink Big Volume Droogshampoo,Voor big volume en een frisse look! Andrélon Pink Big Volume Droogshampoo geeft je haar direct meer volume en laat het er (weer) fris uitzien.
3600524149932,1,haircare,conditioner,True,L'Oréal Paris Elvive Dream Lengths Conditioner,"L'Oréal Paris Elvive Dream Lengths Conditioner is verrijkt met plantaardige keratine, vitamines en castorolie. De conditioner ontwart je haar en zorgt voor minder haarbreuk."
3600542461894,1,haircare,conditioner,True,Garnier Loving Blends Argan- & Cameliaolie Conditioner,"Garnier Loving Blends Argan- & Cameliaolie Conditioner maakt je haar glanzend, soepel, intens zacht en makkelijker in model te brengen. De verfijnde textuur omhult je haar met een heerlijke geur van noten en bloemen."
8710847951008,1,haircare,shampoo,True,Andrélon Special Kokos Boost Droogshampoo,Andrélon Kokos Boost Droogshampoo is verrijkt met kokosolie. De droogshampoo dringt door tot in de haarvezel waardoor je haar wordt gevoed en overtollig vet bij de haargrens wordt opgenomen.
3600524149901,1,haircare,conditioner,True,L'Oréal Paris Full Resist Power Conditioner,De oplossing bij verzwakt haar dat de neiging heeft uit te vallen? Geef je haar zijn natuurlijke kracht terug met deze L'Oréal Paris Full Resist Crèmespoeling.
8710847938627,1,haircare,shampoo,True,Andrélon Special Fris & Zuiver Droogshampoo,Wil je zonder je haren te wassen toch een frisse look te krijgen? Gebruik Andrélon Fris & Zuiver Droogshampoo. In een handomdraai is je haar weer luchtig en gemakkelijk te stylen.
3600523965984,1,haircare,conditioner,True,L'Oréal Paris Elvive Dream Lengths Conditioner,
3600524149598,1,haircare,shampoo,True,L'Oréal Paris Elvive Hydra Hyaluronic Hydraterende Shampoo,
3600524196479,1,skincare,booster,True,L'Oréal Paris Elvive Fiber Booster Anti-Haaruitval Shampoo,
8720181576706,1,haircare,shampoo,True,Andrélon Levendige Kleur Kleurverzorgende Shampoo,
8720181576614,1,haircare,shampoo,True,Andrélon Oil & Care Voedende Shampoo,
8720181576652,1,haircare,shampoo,True,Andrélon Kokos Volume Boost Volumegevende Shampoo,
8720181576676,1,haircare,shampoo,True,Andrélon Levendig Lang Versterkende Shampoo,
8720181645358,1,skincare,serum,True,Andrélon Oil & Care 5-in-1 Serum,
8720181619397,1,haircare,conditioner,True,Andrélon Perfecte Krul Conditioner,
8720181619359,1,haircare,conditioner,True,Andrélon Intense Repair Conditioner,
8720181619373,1,haircare,conditioner,True,Andrélon Levendig Lang Conditioner,
8720181619304,1,haircare,conditioner,True,Andrélon Oil & Care Conditioner,
8720181619403,1,haircare,conditioner,True,Andrélon Levendige Kleur Conditioner,
8720181619335,1,haircare,conditioner,True,Andrélon Extra Glans Conditioner,
8720181619380,1,haircare,conditioner,True,Andrélon Stralend Blond Conditioner,
3600524149604,1,haircare,conditioner,True,L'Oréal Paris Elvive Hydra Hyaluronic Hydraterende Conditioner,
8700216532556,1,haircare,conditioner,True,DermaXPro by Head & Shoulders Kalmeert Conditioner,
4072600266441,1,haircare,shampoo,True,Guhl Men Vol & Sterk Shampoo,
5037156299267,1,haircare,shampoo,True,John Frieda Profiller+ Shampoo,
8720182568151,1,haircare,conditioner,True,Andrélon Pro Nature Bamboo Volume Booste Conditioner,
8720182568205,1,haircare,conditioner,True,Andrélon Pro Nature Shea Strong Repair Conditioner,
3600524127916,1,haircare,shampoo,True,Elvive Ultimate Glycolic Gloss Shampoo,
3600524189877,1,skincare,serum,True,L'Oréal Paris Elvive Fiber Booster Anti-Haaruitval Serum,
8720181619342,1,haircare,conditioner,True,Andrélon Kokos Volume Boost Conditioner,
8720181701382,1,haircare,shampoo,True,Andrélon Men Antiroosshampoo,
8720182568168,1,haircare,shampoo,True,Andrélon Pro Nature Coco Curl Creation Shampoo,
8720182568175,1,haircare,conditioner,True,Andrélon Pro Nature Coco Curl Creation Conditioner,
8720674231181,1,haircare,shampoo,True,Kruidvat Derma Kalmerend Shampoo,
3600524190033,1,skincare,booster,True,L'Oréal Paris Elvive Fiber Booster Anti-Haaruitval Conditioner,
8720181619366,1,haircare,conditioner,True,Andrélon Zilver Care Conditioner,
8720181576744,1,haircare,shampoo,True,Andrélon Men Hair & Body Shampoo en Showergel,
8720181576638,1,haircare,shampoo,True,Andrélon Antiroosshampoo,
8720181027758,1,skincare,deodorant,True,Axe Ice Chill Deodorant Bodyspray,Axe Ice Chill Anti-Transpirant Spray omringt je met de frisheid van bevroren munt en limoen. Deze anti-transpirant voor mannen houdt je 48 uur lang droog.
8720181418402,2,skincare,deodorant,True,Axe Fine Fragrance Black Vanilla Deodorant Bodyspray,
8720181296635,1,skincare,deodorant,True,Dove Men+Care Advanced 0% Clean Comfort Deodorant Spray,"Dove Men+Care Clean Comfort 0% Aluminiumzouten Deodorant Spray is hard tegen zweet, maar zacht voor je huid. De deo bevat geen aluminiumzouten en geen alcohol."
8720181029325,1,skincare,deodorant,True,Axe Leather & Cookies Deodorant & Bodyspray,"Axe Collision Leer + Koekjes Deodorant & Bodyspray houdt je de hele dag fris. Ja, het is echt waar. Nee, we zijn niet gestoord. En ja, het ruikt fantastisch!"
8720181058004,1,skincare,deodorant,True,Axe Dark Temptation Antitranspirant Spray,Axe Dark Temptation Bodyspray Deodorant waarbij het effect van chocolade magisch is. AXE Dark Temptation met de geur van pure chocolade maakt jou even onweerstaanbaar als chocolade.
8719325558272,1,skincare,shower gel,True,Marcel’s Green Soap Mimosa & Blackcurrant Shower Gel,
8720181284885,1,skincare,deodorant,True,Dove Men+Care Advanced Cool Fresh Antitranspirant Spray,"Bescherm jezelf 48 uur lang tegen transpiratie met Dove Men+Care Cool Fresh Deodorant Spray. Deze spray werkt hard tegen zweet, geeft een koel en fris gevoel en is zacht voor de huid."
8710447279779,1,skincare,body wash,True,body wash,"Was jezelf met Axe Apollo Douchegel om de hele dag lekker te ruiken. Deze douchegel geeft je een klassieke mannelijke geur dankzij de combinatie van groen fruit, sandelhout en salie."
8716539000306,1,skincare,deodorant,True,Do2 Deodorant Spray,"Bescherm je lichaam 24 uur lang tegen ongewenste geurtjes met Do2 Deodorant Spray. Deze deodorant is huid- en milieuvriendelijk. Je kunt de deodorant ook gebruiken als handen- en voetenspray, intiemspray en om lichte wondjes te helen."
8720181546495,1,skincare,deodorant,True,Axe Africa Deodorant & Bodyspray,Axe Africa Bodyspray Deodorant is een exotische geur die je zintuigen stimuleert. Zo ruik jij onweerstaanbaar lekker tijdens jouw wildste avonturen.
8718951591950,1,skincare,essence,True,Palmolive Aroma Essence Ultimate Relax Douchegel,"Gun jezelf een moment van ontspanning met Palmolive Aroma Sensations So Relaxed Douchegel. Ervaar de heerlijke combinatie van lavendel, ylang-ylang, en kardemom en laat de omhullende geur je inpalmen tijdens het douchen."
8720181291791,1,skincare,deodorant,True,Dove Advanced Care Go Fresh Pomegranate & Lemon Verbena Antitranspirant Deodorant Spray,Frisse en verzorgde oksels? Met Dove Women Go Fresh Pomegranate Deodorant Spray kan het allebei. Door de geur van granaatappel en citroen ruik je lekker fris. Tegelijkertijd voedt de hydraterende crème je huid.
5410091719470,1,skincare,deodorant,True,Fa Relaxing Luxurious Viola Deodorant Spray,"Geniet van de frisse, sensuele geur van Fa Luxurious Moments Deodorant Spray. De spray beschermt je langdurig tegen transpiratiegeur en laat geen witte strepen achter. Door de mysterieuze geur van jadebloesem ruik je de hele dag fris."
8714319235870,1,skincare,deodorant,True,Therme Zen White Lotus Extra Dry Antitranspirant Spray,"Pak transpiratieproblemen aan met Therme Anti-Transpirant Zen White Lotus Deodorant Verstuiver. De deodorant bevat effectieve werkstoffen, waardoor je huid de hele dag droog en fris aanvoelt."
8720181564734,1,skincare,deodorant,True,Dove Advanced Care Antitranspirant Original Deodorant Spray,Dove Original Deodorant Spray voor een voelbaar zachtere en zichtbaar gladdere huid.
8720181291609,1,skincare,deodorant,True,Dove Advanced Care Invisible Dry Antitranspirant Deodorant Spray,Dove Invisible Dry Deodorant Spray beschermt je kleding tegen witte strepen en gele vlekken.
8710919116410,1,haircare,hairspray,True,Proset Classic Mega Strong Haarspray,Houd je creatieve kapsel langdurig in model met Proset Classic Mega Strong Hairspray. De spray geeft je haar langdurig volume en een mooie glans. Je haar ziet er sterk en gezond uit.
4005900901170,1,makeup,foundation,True,NIVEA Cellular Expert Finish 03 Medium Dark SPF15 3-In-1 Care Cushion Foundation,
8720181836190,1,skincare,deodorant,True,Dove Men+Care Advanced Active Comfort FIFA Edition Antitranspirant Deodorant Spray,
8712172864084,1,skincare,deodorant,True,Deoleen Sensitive Antitranspirant met Pomp,"Deoleen Sensitive Deodorant Spray voorkomt 24 uur lang overmatige transpiratie en onaangename geurtjes. De spray is hypoallergeen, bevat 0% parfum en 0% alcohol en is geschikt voor de zeer gevoelige huid."
8714319260513,1,skincare,deodorant,True,Therme Zen White Lotus Antitranspirant Spray,Ga onaangename zweetgeurtjes tegen met deze Therme Zen White Lotus Deodorant Spray. Geniet van de romantische geur van de witte lotus. De deodorant laat geen witte strepen achter.
8714319260414,1,skincare,deodorant,True,Therme Bali Flower Antitranspirant Spray,"Bestrijd transpiratiegeur en overmatige vochtvorming effectief met deze Therme Saigon Pink Lotus Deodorant Spray. Geniet van de heerlijke bloemengeur van vanille, orchidee en jasmijn. De deodorant laat geen witte strepen achter."
8714319235818,1,skincare,deodorant,True,Therme Sensitive 24H Antitranspirant Spray,De gevoelige huid van je oksels blijft droog dankzij Therme Anti-Transpirant Deodorant Spray voor de Gevoelige Huid. De spray is zacht voor je huid en heeft een subtiele geur.
8718951730267,1,skincare,deodorant,True,Sanex Derma Care+ Active Freshness 72h Antitranspirant Deodorant Roller,
8718951729476,1,skincare,deodorant,True,Sanex Dermo Invisible 24-Uur Antitranspirant Spray,Voorkom witte strepen in je kleding en onaangename lichaamsgeurtjes met Sanex Dermo Invisible Deodorant Spray. De spray beschermt je 24 uur tegen transpiratie en laat je huid ademen.
8720181443572,1,skincare,deodorant,True,Dove Advanced Care Go Fresh Peach & White Blossom Antitranspirant Deodorant Spray,
8720181057960,1,skincare,deodorant,True,Axe Black Antitranspirant Spray,"Axe Black Anti-Bodyspray Deodorant voor wanneer de hele wereld luider wordt en meer gaat schreeuwen, kan je mee gaan schreeuwen OF. Je kiest ervoor om te vallen door subtiel en verfijnd te zijn. Less is more."
8714319235832,1,skincare,deodorant,True,Therme Sensitive 24H Antitranspirant Roller,"Deze Therme Anti-Transpirant Sensitive Deodorant Roller beschermt je 24 uur tegen transpiratie en transpiratiegeur. De deo-roller laat geen witte strepen achter, is dermatologisch getest en geschikt voor de gevoelige huid."
4021457637454,1,skincare,body lotion,True,Body Lotion straffend Q10,
8993002010981,1,skincare,body lotion,True,Scarlett Fragrance Brightening Body Lotion Happy,
8904109400049,1,skincare,body lotion,True,Patanjali Body Lotion,
5704947017613,1,skincare,body lotion,True,O'Keeffe's Hand & Body Lotion,
8888202057532,1,skincare,body lotion,True,"Body lotion beautiful, 750ml.enchanteur",
7888247026808,1,skincare,body lotion,True,"Body lotion alluring,250ml.Enchanter",
0019100219304,1,skincare,body lotion,True,"Body lotion ultra healing,600ml.Juergens",
0019100219298,1,skincare,body lotion,True,Body lotion musk.600ml.jergens,
8901088769402,1,skincare,body lotion,True,Body lotion,
8901248126359,1,skincare,body lotion,True,Boroplus Body Lotion 400 ml Liquid,
8906008458817,1,skincare,body lotion,True,vlcc body lotion 350ml,
6858475411470,1,skincare,body lotion,True,cosmo body lotion,
8904293723566,1,skincare,body lotion,True,cara mia cocoa & shea butter body lotion,
6296023171313,1,skincare,body lotion,True,maryam body lotion,
0667557112541,2,skincare,body lotion,True,Bath & Body Works Aromatherapy Eucalyptus + Spearmint Moisturizing Body Lotion,
8718951729285,1,skincare,deodorant,True,Sanex Derma Care+ Extra Control 72H Antitranspirant Deodorant Spray,
0055742549133,1,skincare,body lotion,True,Compliments Cocoa Butter Body Lotion,
6281006506596,1,skincare,body lotion,True,Vaseline perfect 10 body lotion 200ml,
8720181645365,1,haircare,leave-in,True,Andrélon Perfecte Krul Rijk voedende Leave-in Haarcrème,
8720181645372,1,haircare,leave-in,True,Andrélon Perfecte Krul Lichtgewicht Leave-in Haarcrème,
8720181645396,1,haircare,leave-in,True,Andrélon Levendig Lang Leave-in Haarcrème,
8720181645402,1,haircare,leave-in,True,Andrélon Oil & Care Leave-in Haarcrème,
8718951728615,1,skincare,deodorant,True,Sanex Derma Care Protector 48h Antitranspirant Deodorant Roller,
8718951727564,1,skincare,deodorant,True,Sanex Derma Care+ Sensitive 72h Antitranspirant Deodorant Spray,
8720181594823,1,skincare,deodorant,True,Dove Whole Body Raspberry & Rose Deodorant Stick,
8720181596513,1,skincare,deodorant,True,Dove Whole Body Raspberry & Rose Deodorant Cream,
3600541116467,1,makeup,bb cream,True,Garnier SkinActive Classic Light BB Cream,Garnier Skin Naturals BB Cream Light Miracle Skin Perfector zorgt voor een egaal geteinte én verzorgde huid. De BB crème is geschikt voor de lichte huid.
3600541116474,1,makeup,bb cream,True,Garnier SkinActive Classic Medium BB Cream,Garnier SkinActive BB Cream Classic Medium 5-in-1 Dagverzorging hydrateert en egaliseert je huid en vermindert roodheid.
3600542572040,1,haircare,shampoo,True,Garnier Loving Blends Rice Water Infusion & Zetmeel Gladmakende Shampoo,
3600542651134,1,skincare,booster,True,Garnier SkinActive Glow Booster Reinigingsgel,
3600542449618,1,skincare,serum,True,Garnier SkinActive Vitamine C Glow Booster Serum Cream,
3600542661621,1,makeup,gloss,True,Garnier Olia Gloss Icy Blond Neutraliserend Haarmasker,
59095958,1,skincare,deodorant,True,Dove Invisible Care 0% Deodorant Roller,
8720674238678,1,skincare,serum,True,Kruidvat Solait Vitamin C SPF30 Face Sun Serum,
3600524135683,1,haircare,conditioner,True,Elvive Ultimate Glycolic Gloss Ultimate Conditioner,
5410091771744,1,haircare,shampoo,True,Gliss Liquid Silk Shampoo,
3600524149956,1,haircare,conditioner,True,L'Oréal Paris Elvive Extraordinary Oil Krulverzorgende Conditioner,"L'Oréal Paris Elvive Extraordinary Oil Krulverzorging Conditioner is een voedende verzorging met Amla- en bloemolie extracten, voor droog krullend haar. Ook geschikt voor kroezend haar."
01850073,1,skincare,deodorant,True,L'Oréal Paris Men Expert Fresh Extreme Deodorant Spray,
3600523527854,1,makeup,foundation,True,L'Oréal Paris Infaillible 20 Ivory SPF25 32H Fresh Wear Foundation,De L'Oréal Paris infaillible 020 Ivory 24H Fresh Wear Foundation is dé foundation tegen de tekenen van vermoeidheid die tot wel 24 uur houdt.
3054080055815,1,makeup,lipstick,True,L'Oréal Paris Color Riche 226 Rose Glacé Satin Lipstick,"Voor prachtig gekleurde, zachte en gladde lippen gebruik je L'Oréal Paris Color Riche 226 Rose Glace Lippenstift."
3600522862550,1,makeup,foundation,True,L'Oréal Paris True Match 4.D/W Golden Natural Foundation,L Oréal Paris True Match 4.D/4.W Natural Gold Foundation is een medium dekkende foundation met een natuurlijke finish en SPF17.
3600523614424,1,makeup,foundation,True,L'Oréal Paris Infaillible 320 Caramel SPF25 32H Fresh Wear Foundation,De L'Oréal Paris infaillible 320 Toffee 24H Fresh Wear Foundation is dé foundation tegen de tekenen van vermoeidheid die tot wel 24 uur houdt.
3600522862383,1,makeup,foundation,True,L'Oréal Paris True Match 1.N Ivory Foundation,L Oréal Paris True Match 1.N Ivory Foundation is een medium dekkende foundation met een natuurlijke finish en SPF17.
3600522862574,1,makeup,foundation,True,L Oréal Paris True Match 6.5.D/6.5W Golden Caramel Foundation,L Oréal Paris True Match 6.5.D/6.5W Golden Caramel Foundation is een medium dekkende foundation met een natuurlijke finish en SPF17.
3600524013530,1,skincare,serum,True,L’Oréal Paris Revitalift Filler Verkoelend Oogserum Masker,
3600524019648,1,skincare,toner,True,L’Oreal Paris Revitalift 5% Glycolic Acid Peeling Toner,
3600524026639,1,makeup,eyeliner,True,L'Oréal Paris Infaillible 36H Grip Gel Automatic Intense Black Eyeliner,
3600524026653,1,makeup,eyeliner,True,L'Oréal Paris Infaillible 36H Grip Gel Automatic Taupe Grey Eyeliner,
3600524026677,1,makeup,eyeliner,True,L'Oréal Paris Infaillible 36H Grip Gel Automatic Blue Jersey Eyeliner,
3600524030919,1,skincare,serum,True,L'Oréal Paris Elvive Hyaluronic Hydratatie Leave In Serumspray,
3600522862482,1,makeup,foundation,True,L Oréal Paris True Match 2.R/2.C Vanille Rose Foundation,L’Oréal Paris True Match 2.R/2.C Vanille Rose Foundation is een medium dekkende foundation met een natuurlijke finish en SPF17.
3600523611898,1,makeup,foundation,True,L’Oréal Paris 8.5D/W True Match Foundation,
3600523635627,1,makeup,foundation,True,L’Oréal Paris True Match 8.5R/C Foundation,
3600523635641,1,makeup,foundation,True,L’Oréal Paris 4.5N True Match Foundation,
3600523635696,1,makeup,foundation,True,L’Oréal Paris 6.D/W True Match Foundation,
3600523635702,1,makeup,foundation,True,L’Oréal Paris 7.5D/W True Match Foundation,
3600523674541,1,makeup,foundation,True,L’Oréal Paris 3.5N True Match Foundation,
3600524079505,1,makeup,lipstick,True,L'Oréal Paris Infaillible 24H 806 Infinite Intimacy Lipstick,
3600524079536,1,makeup,lipstick,True,L'Oréal Paris Infaillible 24H 302 Rose Eternite Lipstick,
30144361,1,makeup,lipstick,True,L'Oréal Paris Infaillible Matte Resistance 115 Snooze Your Alarm Lipstick,
3600524128036,1,makeup,foundation,True,L'Oréal Paris Infaillible 132 32H Fresh Wear Foundation,
30149298,1,makeup,mascara,True,L'Oréal Paris False Lash Oversized Eye Mascara,
30149311,1,makeup,mascara,True,L'Oréal Paris False Lash 01 Black Mascara,
30161443,1,makeup,mascara,True,L'Oréal Paris Lash Paradise Noir Extra Zwarte Mascara,
30164635,1,makeup,mascara,True,L'Oréal Paris Telescopic Lift Black Waterproof Mascara,
30188174,1,makeup,concealer,True,L'Oréal Paris True Match Radiant 0.5D Serum Concealer,
30188181,1,makeup,concealer,True,L'Oréal Paris True Match Radiant 1N Serum Concealer,
30188204,1,makeup,concealer,True,L'Oréal Paris True Match Radiant 1R Serum Concealer,
30188235,1,makeup,concealer,True,L'Oréal Paris True Match Radiant 3R Serum Concealer,
3600524128869,1,skincare,toner,True,L'Oréal Paris Préférence Le Blonding Platinum Ice Acidic Toner,
3600524128876,1,skincare,toner,True,L'Oréal Paris Préférence Le Blonding Pearly Boost Acidic Toner,
3600524148966,1,makeup,gloss,True,L'Oréal Paris Casting Crème Gloss 810 Parelmoer Blond Semi-Permanente Haarkleuring,
3600524162511,1,skincare,serum,True,L'Oréal Paris Age Perfect Le Duo Anti-age Serum,
3600524229085,1,makeup,mascara,True,L'Oréal Paris Telescopic Extensionist Waterproof Mascara,
3600524238667,1,makeup,eyeliner,True,L'Oréal Paris Infaillible Haute Precision 10 Noir Silk Liquid Eyeliner,
3600524242763,1,skincare,serum,True,L'Oréal Paris Hyaluron Tint Lip Stain Serum,
3600520985077,1,makeup,gloss,True,L'Oréal Paris Casting Créme Gloss 200 Intens Zwart Semi-Permanente Haarkleuring,Deze semi-permanente haarkleuring geeft je haar een natuurlijke kleur met rijke nuances. L'Oréal Paris Casting Créme Gloss 200 Intens Zwart Haarkleuring geeft je haar een optimale grijsdekking en glans.
3600520985251,1,makeup,gloss,True,L'Oréal Paris Casting Crème Gloss 700 Middenblond Verzorgende Haarkleuring,Deze semi-permanente haarkleuring geeft je haar een natuurlijke kleur met rijke nuances. L'Oréal Paris Casting Créme Gloss 700 Middenblond Haarkleuring geeft je haar een optimale grijsdekking en glans.
3600520985145,1,makeup,gloss,True,L'Oréal Paris Casting Créme Gloss 500 Lichtbruin Semi-Permanente Haarkleuring,Deze semi-permanente haarkleuring geeft je haar een natuurlijke kleur met rijke nuances. L'Oréal Paris Casting Créme Gloss 500 Licht Bruin Haarkleuring geeft je haar een optimale grijsdekking en glans.
3489940049220,1,haircare,shampoo,True,Shampoing purifiant (purifying shampoo),
3600524229955,1,haircare,conditioner,True,L'Oréal Paris Glycolic Gloss Glansbeschermende Conditioner,
3600524246877,1,makeup,gloss,True,L'Oréal Paris Elvive Glycolic Gloss Glansactiverend Masker,
3600524250317,1,skincare,deodorant,True,L'Oréal Paris Men Expert Men Expert Barber Club Deodorant Bodyspray,
3600523596065,1,skincare,deodorant,True,L'Oréal Paris Men Expert Invincible Deodorant Spray,
3600523438099,1,skincare,deodorant,True,L'Oréal Paris Men Expert Invincible Sport Deodorant Roller,
3600524264628,1,skincare,deodorant,True,L'Oréal Paris Men Expert Hydra Energetic Extreme Sport Deodorant Spray,
3600524266868,1,skincare,serum,True,L'Oréal Paris Revitalift Serum,
3600524247799,1,skincare,serum,True,L'Oréal Paris Micro Collagen Serum,
3600524242770,1,skincare,serum,True,L'Oréal Paris Hyaluron Tint Lip Stain Serum,
3600524050863,1,makeup,eyeliner,True,L'Oréal Paris Infaillible Haute Precision 50 Bordeaux Cashmere Liquid Eyeliner,
3600524242824,1,skincare,serum,True,L'Oréal Paris Hyaluron Tint Lip Stain Serum,
3600524241803,1,makeup,lipstick,True,L'Oréal Paris Color Riche Blurred 545 Nude Nonchalant Matte Lipstick,
3600524242831,1,skincare,serum,True,L'Oréal Paris Hyaluron Tint Lip Stain Serum,
3600524242787,1,skincare,serum,True,L'Oréal Paris Hyaluron Tint Lip Stain Serum,
3600524241773,1,makeup,lipstick,True,L'Oréal Paris Color Riche Blurred 570 Worth It Intense Matte Lipstick,
3600524251147,1,haircare,shampoo,True,L'Oréal Paris Collagen Lifter Volume Shampoo,
3600524250331,1,makeup,loose powder,True,L'Oréal Paris Infaillible 24H Power Glow Universal Loose Powder,
3600524050856,1,makeup,eyeliner,True,L'Oréal Paris Infaillible Haute Precision 30 Blue Suede Liquid Eyeliner,
3600524238674,1,makeup,eyeliner,True,L'Oréal Paris Infaillible Haute Precision 20 Brun Leather Liquid Eyeliner,
3600524241766,1,makeup,lipstick,True,L'Oréal Paris Color Riche Blurred 601 Worth It Matte Lipstick,
30190160,1,makeup,mascara,True,L'Oréal Paris Volume Million Lashes Panoramic Chromatic Brun Leather Mascara,
3600524241780,1,makeup,lipstick,True,L'Oréal Paris Color Riche Blurred 300 Le Rouge Paris Matte Lipstick,
3600524242817,1,skincare,serum,True,L'Oréal Paris Hyaluron Tint Lip Stain Serum,
0037000800910,1,skincare,deodorant,True,Aluminum Free Deodorant Coconut,
0021959051165,1,haircare,hair oil,True,Premium Argan Hair Oil,
5056369152770,1,makeup,mascara,True,full volume mascara jump up,
3600523873869,1,skincare,serum,True,L'Oreal Paris Revitalift Filler Plumping Serum 30mL,
3600524070212,1,skincare,serum,True,L'Oreal Revitalift Vitamin C Serum 30mL,
3600524012595,1,skincare,serum,True,L'Oreal Age Perfect Midnight Serum 30mL,
3600524025595,1,skincare,serum,True,L'Oreal Revitalift Filler Eye Serum 20mL,
3600524192037,1,skincare,toner,True,L'Oréal Paris Revitalift Vitamin C Pore Perfecting Toner,
3600524175603,1,skincare,serum,True,L'Oréal Paris Men Expert Hydra Energetic Vitamin C Serum,
3600524202637,1,skincare,cleanser,True,L'Oréal Paris Men Expert Derma Control Purifying Gel Cleanser,
3600523723539,1,makeup,bb cream,True,L'Oréal Paris Magic BB Light 5-In-1 Transforming Skin Corrector,"L'Oréal Paris BB C'est Magic 02 Light BB Cream is een gekleurde dagcrème met SPF20 die zorgt voor een natuurlijke, lichte dekking. De BB cream bevat hydraterend vijg-extract en antioxidanten."
30189096,1,makeup,mascara,True,L'Oréal Paris Paradise Big Deal Black Mascara,
30188419,1,makeup,concealer,True,L'Oréal Paris 7N True Match Radiant Serum Concealer,
30188242,1,makeup,concealer,True,L'Oréal Paris True Match Radiant 4N Serum Concealer,
30188471,1,makeup,concealer,True,L'Oréal Paris True Match Radiant 11N Serum Concealer,
30188662,1,makeup,lipstick,True,L'Oréal Paris Infaillible Matte Resistance 645 Crush Alert Lipstick,
30158672,1,makeup,mascara,True,L'Oréal Paris Panorama Dark Brown Mascara,
30146938,1,makeup,lipstick,True,L'Oréal Paris Infaillible Matte Resistance 230 Shopping Spree Lipstick,
3600524070021,1,makeup,primer,True,L'Oréal Paris Prime Lab Primer 24H Matte Setter,
3600524069766,1,skincare,serum,True,L'Oréal Paris Revitalift Clinical Pure Vitamine C 12% Serum,
3600523611911,1,makeup,foundation,True,L’Oréal Paris 8R/C True Match Foundation,
3600524057473,1,makeup,foundation,True,L’Oréal Paris 9.5N True Match Foundation,
3600524057565,1,makeup,foundation,True,L’Oréal Paris 9R/C True Match Foundation,
3600524057459,1,makeup,foundation,True,L’Oréal Paris 5.5R/C True Match Foundation,
3600523611959,1,makeup,foundation,True,L’Oréal Paris 11N True Match Foundation,
3600523635665,1,makeup,foundation,True,L Oréal Paris True Match 12.N Ebony Foundation,L Oréal Paris True Match 12.N Ebony Foundation is een medium dekkende foundation met een natuurlijke finish en SPF17.
3600523527885,1,makeup,foundation,True,L'Oréal Paris Infaillible 365 Deep Gold SPF25 32H Fresh Wear Foundation,De L'Oréal Paris infaillible 365 Deep Golden 24H Fresh Wear Foundation is dé foundation tegen de tekenen van vermoeidheid die tot wel 24 uur houdt.
3600522634034,1,makeup,lipstick,True,L'Oréal Paris Infaillible 24H 701 Captivated By Cerise Lipstick,Ontdek de L'Oréal Paris Infaillible 24H 701 Captivated by Cerise Lipstick! De langhoudende lipstick geeft tot 24 uur intense kleur en verzorging door de color boosting balsem.
3600523614530,1,makeup,foundation,True,L'Oréal Paris Infaillible 235 Honey SPF25 32H Fresh Wear Foundation,De L'Oréal Paris infaillible 235 Honey 24H Fresh Wear Foundation is dé foundation tegen de tekenen van vermoeidheid die tot wel 24 uur houdt.
3600523614479,1,makeup,foundation,True,L'Oréal Paris Infaillible 220 Sand SPF25 32H Fresh Wear Foundation,De L'Oréal Paris infaillible 220 Sand 24H Fresh Wear Foundation is dé foundation tegen de tekenen van vermoeidheid die tot wel 24 uur houdt.
3600522337133,1,makeup,lipstick,True,L'Oréal Paris Infaillible 24H 404 Corail Constant Lipstick,Ontdek de L'Oréal Paris Infaillible 24H 404 Corail Constant Lipstick! De langhoudende lipstick geeft tot 24 uur intense kleur en verzorging door de color boosting balsem.
3600522337119,1,makeup,lipstick,True,L'Oréal Paris Infaillible 24H 312 Incessant Russet Lipstick,Ontdek de L'Oréal Paris Infaillible 24H 312 Incessant Russet Lipstick! De langhoudende lipstick geeft tot 24 uur intense kleur en verzorging door de color boosting balsem.
3600521988169,1,makeup,gloss,True,L'Oréal Paris Casting Crème Gloss 513 Goud Asbruin Verzorgende Haarkleuring,Deze semi-permanente haarkleuring geeft je haar een natuurlijke kleur met rijke nuances. L'Oréal Paris Casting Créme Gloss 513 Licht Beigebruin Haarkleuring geeft je haar een optimale grijsdekking en glans.
3600521831021,1,makeup,gloss,True,L'Oréal Paris Casting Crème Gloss 1010 Licht Asblond Verzorgende Haarkleuring,Deze semi-permanente haarkleuring geeft je haar een natuurlijke kleur met rijke nuances. L'Oréal Paris Casting Crème Gloss 1010 Extra Licht Asblond Haarkleuring geeft je haar een optimale grijsdekking en glans.
3600520985114,1,makeup,gloss,True,L'Oréal Paris Casting Crème Gloss 400 Middenbruin Semi-Permanente Haarkleuring,Een haarkleuring zonder ammoniak met perfecte grijsdekking? L'Oréal Paris Casting Crème Gloss 300 Donker Bruin Haarkleuring kleurt je haar en laat het tot wel 28 wasbeurten stralen.
3600523755288,1,makeup,mascara,True,L'Oréal Paris Infaillible Brows 24H 108 Dark Brunette Waterproof Wenkbrauwmascara,"Wenkbrauwen verven en tekenen te moeilijk of te veel werk? Met de L'Oréal Paris Plump & Set 108 Dark Brunette Brow Artist krijgen je wenkbrauwen zichtbaar meer volume voor volle, mooie wenkbrauwen."
4006000249322,1,haircare,styling mousse,True,NIVEA Hold 4 Volume Care Styling Mousse,Verdubbel het volume van je haar met Nivea Volume Care Mousse. De mousse fixeert je haar extra lang zonder dat je haar zwaar of plakkerig aanvoelt.
4005900573070,1,makeup,mascara,True,NIVEA Extra Milde Oogmake-upremover,Nivea Oogmake-up Reinigingslotion is verrijkt met provitamine B5. Nivea Oogmake-up Reinigingslotion verwijdert make-up en mascara mild en verzorgt je wimpers.
3600542514101,1,skincare,eye cream,True,Garnier Vitamin C Brightening Eye Cream 15mL,
3600542524346,1,skincare,serum,True,Garnier Vitamin C Brightening Serum Cream Spf15 50mL,
3600542500449,1,skincare,serum,True,Garnier Hyaluronic Aloe Hydrating Serum 30mL,
3600542658096,1,skincare,serum,True,Garnier PureActive Salicylic 7-Day Clinical Anti-Imperfections Serum,
3600542660372,1,haircare,leave-in,True,Garnier Loving Blends Grape Moisture 2-in-1 Hydraterende Leave-In Stylingcrème,
3600542661607,1,makeup,gloss,True,Garnier Olia Gloss Maple Brown Getint Haarmasker,
3600542635967,1,haircare,conditioner,True,Garnier Loving Blends Sun-Kissed Chamomile & Bloemenhoning Verhelderende & Glansgevende Conditioner,
3600542628259,1,skincare,serum,True,Garnier Hyaluron+ Barrier Repair Replumping Serum,
3600542462396,1,haircare,shampoo,True,Garnier Loving Blends Kokosmelk & Macadamia Shampoo,Speciaal om normaal tot droog haar te voeden en verzachten heeft Garnier een recept ontwikkeld met kokosmelk en macadamia. Dagelijks gebruik van deze shampoo maakt je haar zachter en soepeler en geeft het een schitterende glans.
3600531716301,1,makeup,foundation,True,Maybelline New York Lifter Plump & Glow 120 Foundation,
3600531712655,1,makeup,concealer,True,Maybelline New York Lifter 50 Full Coverage Serum Concealer,
30197268,1,makeup,lipstick,True,Maybelline New York Maybe It's Satin Serum Lipstick,
3600531718381,1,makeup,eyeliner,True,Maybelline New York Sculpting Stix 014 Mocha Countour 2-in-1 Eyeliner,
3600531718350,1,makeup,eyeliner,True,Maybelline New York Sculpting Stix 011 Rosy Sculpt 2-in-1 Eyeliner,
3600531718404,1,makeup,eyeliner,True,Maybelline New York Sculpting Stix 016 Black Blur 2-in-1 Eyeliner,
30197299,1,makeup,mascara,True,Maybelline Lash Sensational Sky High Rosegold Glitz Mascara,
3600531699727,1,makeup,eyeliner,True,Maybelline New York Tattoo Liner 110 Black Track Dip-Ink Liquid Eyeliner,
3600531691752,1,makeup,foundation,True,Maybelline New York Superstay 400 Lumi Matte Foundation,
3600531698621,1,makeup,concealer,True,Maybelline New York Instant Eraser 152 Purple Color Correcting Concealer,
3600531691806,1,makeup,foundation,True,Maybelline New York Superstay 350 Lumi Matte Foundation,
3600531697419,1,makeup,highlighter,True,Maybelline New Yorker Sunkisser 21 All Star Liquid Glow Highlighter,
3600531691905,1,makeup,foundation,True,Maybelline New York Superstay 126 Lumi Matte Foundation,
3600531691776,1,makeup,foundation,True,Maybelline New York Superstay 367 Lumi Matte Foundation,
3600531702038,1,makeup,foundation,True,Maybelline New York Lifter Stix 20 Foundation Stick,
3600531702120,1,makeup,foundation,True,Maybelline New York Lifter Stix 65 Foundation Stick,
3600531668495,1,makeup,blush,True,Maybelline New York 11 Sunkisser Electric Bronze Blush,
3600531668440,1,makeup,blush,True,Maybelline New York Sunkissed 6 City Sizzle Liquid Glow Blush,
8006530041263,1,haircare,shampoo,True,Head & Shoulders Zuiverend & Glanzend Antiroosshampoo,
8700216533140,1,haircare,conditioner,True,DermaXPro by Head & Shoulders Sensitive Conditioner,
8700216532662,1,haircare,conditioner,True,DermaXPro by Head & Shoulders Hydrateert Conditioner,
8700216532365,1,haircare,shampoo,True,DermaXPro by Head & Shoulders Hydrateert Antiroosshampoo,
8006530034906,1,haircare,shampoo,True,Head & Shoulders Menthol Fresh Antiroosshampoo,
8006530035231,1,haircare,shampoo,True,Head & Shoulders Apple Fresh 2-in-1 Antiroosshampoo,
8006530034180,1,haircare,shampoo,True,Head & Shoulders Menthol Fresh 2-in-1 Antiroosshampoo,Head & Shoulders Menthol Fresh 2-in-1 Anti-Roos Shampoo Met Conditioner reinigt voor een mentholfris gevoel en houdt je haar mooi gehydrateerd.
4902430634014,1,haircare,conditioner,True,pantene conditioner (p) 13ml,
5410091774936,1,haircare,hairspray,True,Syoss Styling hairspray max hold,
5410091778019,1,haircare,shampoo,True,Syoss Intense Glaze Deep Caring Shampoo,
5410091778040,1,haircare,conditioner,True,Syoss Intense Glaze Deep Conditioner,
5410091778101,1,skincare,serum,True,Syoss Intense Glaze Serum,
5410091777814,1,makeup,primer,True,Syoss Glaze 3-in-1 Primer,
5410091777999,1,skincare,toner,True,Syoss Color Glaze Platina Hair Glossing Toner,
5410091777975,1,skincare,toner,True,Syoss Color Glaze Deep Brunette Hair Glossing Toner,
5410091777913,1,skincare,toner,True,Syoss Color Glaze Neutraal Hair Glossing Toner,
5410091775629,1,haircare,conditioner,True,Syoss Intense Repair Deep Conditioner,
4067971088570,1,haircare,conditioner,True,Syoss Intense Curls Deep Conditioner,
5201143758635,1,haircare,hair mask,True,Syoss Intense Repair Hair Mask,
3600524188450,1,makeup,foundation,True,L'Oréal Paris True Match 0D/W Foundation,
3600524196813,1,haircare,laque,True,L'Oréal Paris Infaillible Laque Resistance 220 Paris Sunset Lippenstift,
3600524196875,1,haircare,laque,True,L'Oréal Paris Infaillible Laque Resistance 520 Berry Bordeaux Lippenstift,
3600524202651,1,skincare,serum,True,L'Oréal Paris Men Expert Derma Control Anti-Blemish Serum,
3600524190323,1,makeup,concealer,True,L'Oréal Paris Infaillible Skin Ink 375 2-in-1 Foundation & Concealer,
3600524190187,1,makeup,concealer,True,L'Oréal Paris Infaillible Skin Ink 130 2-in-1 Foundation & Concealer,
3600524196790,1,haircare,laque,True,L'Oréal Paris Infaillible Laque Resistance 635 Worth It Medium Lippenstift,
3600524196820,1,haircare,laque,True,L'Oréal Paris Infaillible Laque Resistance 250 Pink Oulala Lippenstift,
3600524196783,1,haircare,laque,True,L'Oréal Paris Infaillible Laque Resistance 601 Worth It Lippenstift,
3600524190262,1,makeup,concealer,True,L'Oréal Paris Infaillible Skin Ink 270 2-in-1 Foundation & Concealer,
3600524188474,1,makeup,foundation,True,L'Oréal Paris True Match 4.5D/W Foundation,
3600524196851,1,haircare,laque,True,L'Oréal Paris Infaillible Laque Resistance 420 Le Rouge Paris Lippenstift,
30188280,1,makeup,concealer,True,L'Oréal Paris True Match Radiant 6N Serum Concealer,
30188457,1,makeup,concealer,True,L'Oréal Paris True Match Radiant 10D Serum Concealer,
30188464,1,makeup,concealer,True,L'Oréal Paris True Match Radiant 9N Serum Concealer,
30188617,1,makeup,lipstick,True,L'Oréal Paris Infaillible Matte Resistance 601 Worth It Lipstick,
30188655,1,makeup,lipstick,True,L'Oreal Paris Infaillible Matte Resistance 635 Worth It Medium Lipstick,
30188259,1,makeup,concealer,True,L'Oréal Paris 4D True Match Radiant Serum Concealer,
3600523951291,1,makeup,foundation,True,L'Oréal Paris Infaillible 24H Fresh Wear 20 Ivory Foundation in a Powder,
3600523966066,1,haircare,shampoo,True,L'Oréal Paris Elvive Color Vive Kleurbeschermende Shampoo,
3600523966103,1,haircare,conditioner,True,L'Oréal Paris Elvive Color Vive Conditioner,
3600523709786,1,haircare,conditioner,True,L'Oréal Paris Elvive Dream Lengths Rapid Reviver Conditioner,Ben je altijd in een hurry en heb je geen tijd voor een beautyritueel? Gebruik dan L'Oréal Paris Elvive Dream Lengths Rapid Reviver Conditioner.
3600523873876,1,skincare,serum,True,L'Oréal Paris Revitalift Filler Anti-Rimpel Serum,"Dit L'Oréal Paris Revitalift Filler Anti-Rimpel Serum vult fijne lijntjes, kraaienpootjes en rimpels op. Het serum met hyaluronzuur geeft je huid meer volume en stevigheid."
3600523793075,1,haircare,hairspray,True,L'Oréal Paris Elnett Satin Normale Fixatie Haarspray,L Oréal Paris Elnett Satin Normale Fixatie Hairspray is al generaties lang de beste haarspray om het haar langdurig en natuurlijk in model te brengen. Heeft een langhoudend effect en is gemakkelijk uit te borstelen.
3600521230329,1,makeup,gloss,True,L'Oreal Casting creme gloss,
01070042,1,makeup,gloss,True,L'Oréal Paris Casting Créme Gloss 600 Donkerblond Semi-Permanente Haarkleuring,
01070049,1,makeup,gloss,True,L'Oréal Paris Casting Crème Gloss 300 Donkerbruin Semi-Permanente Haarkleuring,
3600520985091,1,makeup,gloss,True,L'Oréal Paris Casting Crème Gloss 300 Donkerbruin Semi-Permanente Haarkleuring,Deze L'Oréal Paris Casting Crème Gloss 300 Donkerbruin Semi-Permanente Haarkleuring heeft een glanzend resultaat dat dichtbij je eigen haarkleur ligt.
3600521849248,1,skincare,deodorant,True,L'Oréal Paris Men Expert Fresh Extreme Deodorant Spray,L’Oréal Paris Men Expert Fresh Extreme Deodorant Spray is speciaal ontwikkeld voor mannen die op zoek zijn naar een langdurig frisse geur en een verkoelend ice effect.
3600521189115,1,makeup,gloss,True,L'Oréal Paris Casting Créme Gloss 535 Licht Goud Mahoniebruin Semi-Permanente Haarkleuring,Een haarkleuring zonder ammoniak met perfecte grijsdekking? L'Oréal Paris Casting Créme Gloss 535 Chocolade Haarkleuring kleurt je haar en laat het tot wel 28 wasbeurten stralen.
3600521847961,2,skincare,deodorant,True,L'Oréal Paris Men Expert Fresh Extreme Deodorant Roller,De L’Oréal Paris Men Expert Fresh Extreme Deodorant Roller is speciaal ontwikkeld voor mannen die op zoek zijn naar een langdurig frisse geur en een verkoelend ice effect.
3600523611935,1,makeup,foundation,True,L’Oréal Paris 9.5.D/W True Match Foundation,
30152540,1,makeup,mascara,True,L'Oréal Paris Telescopic Lift Black Mascara,
3600522066798,1,makeup,mascara,True,L'Oréal Paris Mega Volume Collageen 24H 01 Extra Black Mascara,
3600523611942,1,makeup,foundation,True,L’Oréal Paris 10N True Match Foundation,
3600524057428,1,makeup,foundation,True,L’Oréal Paris 10R/C True Match Foundation,
3600524057466,1,makeup,foundation,True,L’Oréal Paris 8.5N True Match Foundation,
3600524192785,1,makeup,lipstick,True,L'Oréal Paris Infaillible 24H 435 Fearless Corail Lipstick,
3600524192808,1,makeup,lipstick,True,L'Oréal Paris Infaillible 24H 216 Relentless Rose Lipstick,
3600524190170,1,makeup,concealer,True,L'Oréal Paris Infaillible Skin Ink 40 2-in-1 Foundation & Concealer,
3600524190200,1,makeup,concealer,True,L'Oréal Paris Infaillible Skin Ink 100 2-in-1 Foundation & Concealer,
3600524190224,1,makeup,concealer,True,L'Oréal Paris Infaillible Skin Ink 140 2-in-1 Foundation & Concealer,
3600524190163,1,makeup,concealer,True,L'Oréal Paris Infaillible Skin Ink 20 2-in-1 Foundation & Concealer,
3600524190309,1,makeup,concealer,True,L'Oréal Paris Infaillible Skin Ink 318 2-in-1 Foundation & Concealer,
3760100203813,1,haircare,shampoo,True,shampooing detox pluie de coco,
3760100682540,1,haircare,shampoo,True,Shampooing sec Evoluderm,
8414227031815,1,haircare,shampoo,True,Shampooing amalfi,
8436097095421,1,haircare,shampoo,True,Shampooing fruit passion Byphasse,
3760100683288,1,haircare,shampoo,True,Shampooing argile Evoluderm,
3760100173000,1,skincare,gel douche,True,Gel douche argan Evoluderm,
3760100683851,1,skincare,gel douche,True,Gel douche verveine citron Evoluderm,
3760100685176,1,skincare,gel douche,True,Gel douche amande Evoluderm,
8436097095728,1,skincare,gel douche,True,Gel douche tiaré Evoluderm,
8710908371509,1,skincare,micellar,True,Simple Micellar Cleansing Water,
8697420539221,1,skincare,micellar,True,micellar,
8710908711619,1,skincare,micellar,True,Micellar Cleansing Water,
8809640732829,1,skincare,cleansing oil,True,Anua Heartleaf Pore Control Cleansing Oil,
3574661724935,1,makeup,cleansing wipe,True,Johnsons Make Up Cleansing Wipes Pink 25,
3574661725024,1,makeup,cleansing wipe,True,Johnsons Make Up Cleansing Wipes 25,
8690506346584,1,skincare,mousse a raser,True,mousse a raser,
3600531712679,1,makeup,concealer,True,Maybelline New York Lifter 60 Full Coverage Serum Concealer,
3600531712587,1,makeup,concealer,True,Maybelline New York Lifter 05 Full Coverage Serum Concealer,
3600531712600,1,makeup,concealer,True,Maybelline New York Lifter 20 Full Coverage Serum Concealer,
3600531712617,1,makeup,concealer,True,Maybelline New York Lifter 25 Full Coverage Serum Concealer,
30190139,1,makeup,lipstick,True,Maybelline New York Maybe It's 003 Open Late Matte Serum Lipstick,
30189782,1,makeup,lipstick,True,Maybelline New York Maybe It's 001 Crop Top Matte Serum Lipstick,
3600531712815,1,makeup,bb cream,True,Maybelline New York Fit Me SPF50 60 Nude BB Cream,
3600531712808,1,makeup,bb cream,True,Maybelline New York Fit Me SPF50 50 Nude BB Cream,
3600531712761,1,makeup,bb cream,True,Maybelline New York Fit Me SPF50 10 Nude BB Cream,
3600531651213,1,makeup,gloss,True,Maybelline New York Lifter Gloss 020 Sun Lipgloss,
3600531668419,1,makeup,blush,True,Maybelline New York Sunkissed 3 Sol Search Liquid Glow Blush,
3600531672324,1,makeup,foundation,True,Maybelline New York SuperStay 24H Skin Tint 3 Foundation,
3600531672461,1,makeup,foundation,True,Maybelline New York SuperStay 24H Skin Tint 45 Foundation,
30152625,1,makeup,lipstick,True,Maybelline New York Superstay Vinyl Ink 125 Keen Lipstick,
3600531672478,1,makeup,foundation,True,Maybelline New York SuperStay 24H Skin Tint 48 Foundation,
3600531672447,1,makeup,foundation,True,Maybelline New York SuperStay 24H Skin Tint 36 Foundation,
3600531666637,1,makeup,foundation,True,Maybelline New York SuperStay Up To 24HR 21 Hybrid Powder-Foundation,
3600531666699,1,makeup,foundation,True,Maybelline New York SuperStay Up To 24HR 48 Hybrid Powder-Foundation,
30161467,1,makeup,mascara,True,Maybelline New York The Falsies Surreal Very Black Mascara,
3600531583385,1,makeup,foundation,True,Maybelline New York Fit Me Matte + Poreless 375 Java Foundation,
30145535,1,makeup,lipstick,True,Maybelline New York SuperStay Vinyl Ink 20 Coy Lipstick,
0768614222828,1,skincare,eye cream,True,Shiseido Vital Perfection Uplifting And Firming Eye Cream 15 ml,
8809657114632,1,skincare,eye cream,True,Round Lab 1025 DOKDO EYE CREAM,
3600531513474,1,makeup,lipstick,True,Maybelline New York SuperStay Matte Ink 118 Dancer Lipstick,"De Maybelline New York SuperStay Matte Ink 118 Dancer Lipstick is een langhoudende rode lippenstift met een trendy, ultramatte finish die tot 16 uur blijft zitten."
3600531513412,1,makeup,lipstick,True,Maybelline New York SuperStay Matte Ink 115 Founder Lipstick,"De Maybelline New York SuperStay Matte Ink 115 Founder Lipstick is een langhoudende paarse lippenstift met een trendy, ultramatte finish die tot 16 uur blijft zitten."
8809657116544,1,skincare,cleanser,True,Round Lab Birch Juice Cleanser,
8809657114731,1,skincare,toner,True,Round Lab 1025 Dokdo Toner,
8720674509907,1,skincare,serum,True,Kruidvat Hydrate Hyaluron Serum Mist,
3337875945622,1,skincare,sunscreen,True,CeraVe SPF50+ Invisible Dry Touch Fluid Sunscreen,
8800289474989,1,skincare,serum,True,Medicube PDRN Pink Peptide Serum,
8710537045215,1,skincare,serum,True,Biodermal Clear Skin Kalmerend Serum,
4059729542038,1,makeup,concealer,True,Essence Silky Blur 90 Hydrating Longwear Concealer,
3600531411114,1,makeup,lipstick,True,Maybelline New York SuperStay Matte Ink 20 Pioneer Lipstick,"DeMaybelline New York SuperStay Matte Ink 20 Pioneer Lipstick is een langhoudende rode lippenstift met een trendy, ultramatte finish die tot 16 uur blijft zitten."
8809640739019,1,skincare,serum,True,Anua Azelaic Acid Hyaluron Redness Soothing Serum,
8809640735790,1,skincare,cleansing oil,True,Anua Heartleaf Pore Control Cleansing Oil,
8720674341989,1,skincare,booster,True,Kruidvat Hydraterende Huidbooster,
4059729542359,1,skincare,essence,True,Essence Bouncy Plump Smoothing Primer,
4059729540621,1,makeup,setting powder,True,Catrice Soft Blur 030 Medium Matte Setting Powder,
9331880040635,1,makeup,pressed powder,True,MCoBeauty Miracle Flawless  3 Medium Warm Pressed Powder,
9331880040628,1,makeup,pressed powder,True,MCoBeauty Miracle Flawless 2 Natural Medium Pressed Powder,
9331880040123,1,makeup,blush,True,MCoBeauty Super Glow Rosy Blush Blush Drops,
9331880040604,1,makeup,pressed powder,True,MCoBeauty Miracle Flawless Translucent Pressed Powder,
8800290362572,1,skincare,serum,True,Goodal Vita-C Dark Spot Care Serum,
8809968130239,1,skincare,toner,True,Beauty of Joseon Glow Replenishing Rice Milk Toner,
8809738316412,1,skincare,serum,True,Beauty of Joseon Calming Serum,
4059729521354,1,makeup,bronzer,True,Essence Baby Got Bronze 20 Holiday Glow Shimmering Bronzer,
4059729447142,1,skincare,essence,True,Essence 50 Skin Tint,
4059729521347,1,makeup,bronzer,True,Essence Baby Got Bronze 10 Golden Hour Shimmering Bronzer,
4059729514998,1,makeup,highlighter,True,Catrice Diamond Haze 010 Gimme Glitter Highlighter,
4059729515094,1,makeup,bronzer,True,Catrice Melted Sun 025 Beach Please Liquid Bronzer,
8809576261059,1,skincare,serum,True,SKIN1004 Madagascar Centella Hyalu-Cica Blue Serum,
8809598455399,1,skincare,toner,True,Cosrx AHA BHA Vitamin C Daily Toner,
8809598455658,1,skincare,serum,True,Cosrx The 6 Peptide Skin Booster Serum,
8809738316139,1,skincare,serum,True,Beauty of Joseon Revive Serum,
8710537044829,1,skincare,serum,True,Biodermal Anti-Age Serum,
8720674244273,1,skincare,serum,True,Kruidvat Hyaluron Intense Hydration Serum Infused Sheet Mask,
8720674230177,1,skincare,serum,True,Kruidvat Vitamin C 10% Glow Serum,
0887167485495,1,skincare,serum,True,Estée Lauder Advanced Night Repair Serum,
8717591561866,1,haircare,conditioner,True,Blistex Daily Lip Conditioner,Houd je lippen in topconditie met Blistex Daily Daily Lip Conditioner. De lipconditioner hydrateert en voedt je lippen intensief en vormt een perfecte basis voor je lippenstift.
8436568905150,1,skincare,body lotion,True,Body Lotion Lemon,
0032522906614,1,skincare,body lotion,True,Nysa Body lotion,
4008268017477,1,skincare,body lotion,True,Body Lotion,
3614274076776,1,skincare,body lotion,True,Angel Body Lotion,
3614272324329,1,skincare,body lotion,True,Giorgio Armani Emporio She Gift Set 30ml EDP + 75ml Body Lotion,
6924832249380,1,skincare,body lotion,True,BoDy lotion,
8858831008120,1,skincare,booster,True,AHA BODY BOOSTER LOTION,
6932511226201,1,skincare,body lotion,True,Papaya body lotion,
5061027980183,1,skincare,body lotion,True,"Body lotion with oats, coconut & hibiscus",
4003583200931,1,skincare,body lotion,True,Body Lotion,
6297000442600,1,skincare,body lotion,True,Yardley Lavender body lotion 200ml 2yrs prod,
8856153345718,1,skincare,body lotion,True,Cherry blossom body lotion 2yrs prod,
0754604150080,1,skincare,body lotion,True,Victoria perfume Body lotions,
6294007505215,1,skincare,body lotion,True,Creme 21 body lotion,
0636874040783,1,skincare,body lotion,True,Body Lotion Coconut & Vanilla With Tangerine,
0636874040233,1,skincare,body lotion,True,Body Lotion Grapefruit & Mint,
0480650783108,1,skincare,bar soap,True,SILKA PAPAYA SOAP 135G,Whitening herbal bar soap
0480901074021,1,skincare,bar soap,True,RDL PAPAYA SOAP 135G,Whitening papaya herbal bar soap
8721082986649,1,skincare,shower gel,True,Marcel's Green Soap Argan Oudh Shower Gel 300 ml,
8721008228983,1,haircare,shampoo,True,Marcel's Green Soap Argan & oudh shampoo refill,
8720254337272,1,skincare,shower gel,True,Marcel's Green Soap Shower gel vanilla cherry blossom refill,
8719587176733,1,skincare,hand soap,True,Care Mint hygiene hand soap,
8719587176757,1,skincare,hand soap,True,Care Lemon kitchen hand soap,
8719587176641,1,skincare,hand soap,True,Care Mint hygiene hand soap refill,
8719325558319,1,haircare,shampoo,True,Marcel's Green Soap Shampoo every day vanilla cherry blossom,
8719587176726,1,skincare,hand soap,True,Care Almond soft hand soap,
8720254337258,1,skincare,shower gel,True,Marcel's Green Soap Shower gel argan oudh refill,
5000167311105,1,skincare,cleanser,True,The Fab Pore Purifying Foam Cleanser,
5412533001068,1,skincare,hand soap,True,Hand Soap - Citrus,
0194346056217,2,skincare,hand soap,True,equate hand soap,
0074182292669,1,skincare,hand soap,True,Advanced Clean Hand Soap,
5015833307818,1,haircare,conditioner,True,The Curl Company Conditioner with Moringa Oil,
5900168906600,1,skincare,liquid soap,True,Liquid Soap Vaniglia,
8698898466057,1,skincare,liquid soap,True,VIONE LIQUID SOAP,
0057800994268,1,skincare,hand soap,True,original scent moisturizing hand soap,
0800897005269,1,makeup,primer,True,NYX Professional Makeup Pore Filler Blurring Primer,
8720674244303,1,skincare,sheet mask,True,Kruidvat Pore Refining Niacinamide & Coconutwater Sheet Mask,
8720674244259,1,skincare,clay mask,True,Kruidvat Pore Detox Clay Mask,
8720674230191,1,skincare,serum,True,"Kruidvat Renew Retinol 0,2% Night Serum",
4059729393807,1,makeup,foundation,True,Catrice 18H HD Matte 030W Powder Foundation,
8710537044010,1,skincare,serum,True,Biodermal Skin Booster Revitalizing Serum,
4251232219883,1,skincare,essence,True,Essence 20 Matt Sand Coverstick,Verberg de imperfecties van je huid met deze Essence 20 Matt Sand Coverstick. De stick verbergt oneffenheden en zorgt voor een egale huid.
4250947593899,1,makeup,mascara,True,FMascara effet faux cils.,"Het vezelborsteltje van de Essence The False Lashes Extreme Volume & Curl Mascara zorgt voor maximaal volume en gekrulde wimpers, voor een valse-wimper-effect."
3600531605681,1,makeup,lipstick,True,Maybelline New York SuperStay Matte Ink 180 Revolutionary Lipstick,"De Maybelline SuperStay Matte Ink 180 Revolutionary Lipstick is een langhoudende roze lippenstift met een trendy, ultramatte finish die tot 16 uur blijft zitten."
3600531605650,1,makeup,lipstick,True,Maybelline New York SuperStay Matte Ink 165 Successful Lipstick,"De Maybelline SuperStay Matte Ink 165 Successful Lipstick is een langhoudende roze lippenstift met een trendy, ultramatte finish die tot 16 uur blijft zitten."
3600531549374,1,makeup,foundation,True,Maybelline New York Fit Me Matte & Poreless 97 Natural Ivory Foundation,"Maybelline Fit Me Matte & Poreless 97 Natural Ivory Foundation past bij de ondertoon en textuur van je huid en heeft een natuurlijke, matte finish."
3600531513382,1,makeup,lipstick,True,Maybelline New York SuperStay Matte Ink 120 Artist Lipstick,"De Maybelline New York SuperStay Matte Ink 120 Artist Lipstick is een langhoudende roze lippenstift met een trendy, ultramatte finish die tot 16 uur blijft zitten."
3600531513450,1,makeup,lipstick,True,Maybelline New York SuperStay Matte Ink 117 Ground-Breaker Lipstick,"De Maybelline New York SuperStay Matte Ink 117 Ground-Breaker Lipstick is een langhoudende rode lippenstift met een trendy, ultramatte finish die tot 16 uur blijft zitten."
3600531469412,1,makeup,lipstick,True,Maybelline New York SuperStay Matte Ink 70 Amazonian Lipstick,"De Maybelline New York SuperStay Matte Ink 70 Amazonian Lipstick is een langhoudende nude lippenstift met een trendy, ultramatte finish die tot 16 uur blijft zitten."
3600531465254,1,makeup,concealer,True,Maybelline New York Instant Anti Age Eraser 11 Tan Concealer,De Maybelline New York Instant Anti Age Eraser 11 Tan Concealer is een zeer goed dekkende concealer met hydraterende gojibesextract en haloxyl. De concealer werkt zichtbaar wallen weg.
3600531465209,1,makeup,concealer,True,Maybelline New York Instant Anti Age Eraser 10 Caramel Concealer,De Maybelline New York Instant Anti Age Eraser 10 Caramel Concealer is een zeer goed dekkende concealer met hydraterende gojibesextract en haloxyl. De concealer werkt zichtbaar wallen weg.
3600531469481,1,makeup,lipstick,True,Maybelline New York SuperStay Matte Ink 80 Ruler Lipstick,"De Maybelline New York SuperStay Matte Ink 80 Ruler Lipstick is een langhoudende rode lippenstift met een trendy, ultramatte finish die tot 16 uur blijft zitten."
3600531469436,1,makeup,lipstick,True,Maybelline New York SuperStay Matte Ink 75 Fighter Lipstick,"De Maybelline New York SuperStay Matte Ink 75 Fighter Lipstick is een langhoudende bruine lippenstift met een trendy, ultramatte finish die tot 16 uur blijft zitten."
3600531300357,1,makeup,lipstick,True,Maybelline New York Superstay 24h 725 Caramel Kiss Lipstick,De Maybelline Superstay 24h 725 Caramel Kiss Lipstick is de superster binnen de langhoudende lipsticks! De SuperStay 24H blijft langer zitten dan je ooit voor mogelijk hield.
8720674509884,1,skincare,serum,True,Kruidvat Glow Vitamin C Serum Mist,
3596200056116,1,skincare,serum,True,Weleda Skin Food Super Serum,
6978931645796,1,makeup,eyeliner,True,Sheglam Bold Moves Kohl Cream Eyeliner Pencil,
8809640734717,1,skincare,ampoule,True,Anua Heartleaf 80 + Panthenol Moisture Soothing Ampoule,
4059729583734,1,makeup,foundation,True,Essence Silky Blur 170 Hydrating Longwear Foundation,
4059729583970,1,makeup,foundation,True,Essence Silky Blur 178 Hydrating Longwear Foundation,
4059729542199,1,makeup,concealer,True,Essence Silky Blur 180 Hydrating Longwear Concealer,
4059729542175,1,makeup,concealer,True,Essence Silky Blur 170 Hydrating Longwear Concealer,
4059729583987,1,makeup,foundation,True,Essence Silky Blur 185 Hydrating Longwear Foundation,
4059729540447,1,skincare,serum,True,Catrice Lazy Day Hydro Serum Stick,
4059729587282,1,makeup,blush,True,Catrice Soft Blur 030 Cinnamon Sugar Powder Blush,
4059729587244,1,makeup,blush,True,Catrice Soft Blur 010 Lychee Lush Powder Blush,
8809738605714,1,skincare,toner,True,Round Lab Mugwort Toner,
0020714426774,1,skincare,serum,True,Clinique All About Eyes Serum Eye Massage Roll-On 15 ml,
3600542656351,1,haircare,conditioner,True,Garnier Loving Blends Grape Moisture Hydraterende & Regenererende Conditioner,
5037156298895,1,skincare,serum,True,John Frieda Frizz Ease The Hydro Sealer Moisture Protect Serum,
8720674511351,1,skincare,micellar,True,Kruidvat Natures Essential Micellar Water,
5060486262205,1,skincare,cleanser,True,Niacinamide Gentle Exfoliating Cleanser,
5060677250226,1,skincare,face wash,True,Exfoliating Face Wash,
8720181819407,1,skincare,deodorant,True,Dove Men + Care Whole Body Bamboo & Aloe Deodorant Spray,
4059729446916,1,skincare,essence,True,Essence 10 Skin Tint,
4059729517166,1,skincare,serum,True,Essence Hello Good Stuff! Glow-C Serum,
4059729393784,1,makeup,foundation,True,Catrice 18H HD Matte 020N Powder Foundation,
0640466164078,1,skincare,toner,True,Bye Bye Blemish Witch Hazel + Tea Tree Skin Toner,
8720674069449,1,skincare,eye cream,True,Kruidvat Skin Science Firming Smooth 45+ Eye Cream,
8720674069456,1,skincare,serum,True,Kruidvat Skin Science Redefinition Power 45+ Face Serum,
8718951705906,1,skincare,essence,True,Palmolive Aroma Essence Restful Sleep Shower Gel,
8411114093338,1,haircare,shampoo,True,Disney Frozen Elsa 2-in-1 Douchegel en Shampoo,
0017854112230,1,skincare,body wash,True,Baylis & Harding Kindness+ Plant Collagen Body Wash,
0017854112223,1,skincare,body wash,True,Baylis & Harding Kindness+ Hyaluronic Acid Body Wash,
0017854112254,1,skincare,body wash,True,Baylis & Harding Kindness+ Vitamin C + Niacinamide Body Wash,
8718951427471,1,skincare,essence,True,Palmolive Aroma Essence Forever Happy Douchegel,
8718951588943,1,skincare,gel douche,True,Palmolive Thermal Revitalising Gel Douchegel,
8714319236617,1,skincare,shower gel,True,Therme Hammam Shower Satin Shower Gel,Verzorg en verwen je huid op een heerlijke manier met Therme Hammam Shower Gel. Met deze douchegel breng je de mysterieuze geur van een echte Oosterse Hammam naar je badkamer.
8719325558258,1,skincare,shower gel,True,Marcel’s Green Soap Vanille & Cherry Blossom Shower Gel,
4008233088563,1,skincare,hand cream,True,Kneipp Soft Skin Softening Hand Cream,Geef je droge en gevoelige huid een intensieve verzorging met Kneipp Amandelbloesem Handcrème. De crème beschermt je huid tegen schadelijke invloeden van buitenaf en maakt ze weer heerlijk soepel en zacht.
4008233162065,1,skincare,body cream,True,Kneipp Soft Skin Nourishing Body Cream,Verwen je huid met deze zachte en heerlijk geurende Kneipp Amandelmelk Amandelolie Body Crème. De crème houdt je huid langdurig zacht.
8809640738616,1,skincare,serum,True,Anua PDRN Hyaluronic Acid Capsule 100 Serum,
8809640736025,1,skincare,toner,True,Anua Heartleaf 77 Soothing Toner,
8720674341996,1,skincare,booster,True,Kruidvat Verzachtende Huidbooster,
4059729587626,1,makeup,primer,True,Catrice ExtrEme Blur Mattifying Primer,
4059729540614,1,makeup,setting powder,True,Catrice Soft Blur 020 Light Matte Setting Powder,
0609332576155,1,skincare,serum,True,e.l.f. Skin Vitamin C Brightening +Glow Serum,
9331880041168,1,makeup,setting spray,True,MCoBeauty Miracle Flawless Setting Spray,
9331880041120,1,makeup,primer,True,MCoBeauty Makeup Grip Primer Base,
9331880040611,1,makeup,pressed powder,True,MCoBeauty Miracle Flawless 1 Light Pressed Powder,
8720674342283,1,skincare,toner,True,Kruidvat Hyaluron Gezichtstoner,
0609332833920,1,makeup,setting powder,True,e.l.f. Halo Glow Dark Setting Powder,
0609332848276,1,makeup,concealer,True,e.l.f. Medium Peach Hydrating Camo Concealer Satin Finish,
0609332848368,1,makeup,concealer,True,e.l.f. Tan Neutral Hydrating Camo Concealer Satin Finish,
0609332848238,1,makeup,concealer,True,e.l.f. Light Ivory Hydrating Camo Concealer Satin Finish,
8495388008854,1,skincare,hand soap,True,Spamyst Hand Soap,
8719325558234,1,skincare,shower gel,True,Marcel’s Green Soap Argan & Oudh Shower Gel,
4059729585509,2,skincare,essence,True,Essence 10 Rosy & Cozy Gelnagellak,
4059729541994,1,makeup,concealer,True,Essence Silky Blur 70 Hydrating Longwear Concealer,
4059729542113,1,makeup,concealer,True,Essence Silky Blur 80 Hydrating Longwear Concealer,
4059729583680,1,makeup,foundation,True,Essence Silky Blur 120 Hydrating Longwear Foundation,
4059729542076,1,makeup,concealer,True,Essence Silky Blur 120 Hydrating Longwear Concealer,
4059729542052,1,makeup,concealer,True,Essence Silky Blur 100 Hydrating Longwear Concealer,
4059729583710,1,makeup,foundation,True,Essence Silky Blur 155 Hydrating Longwear Foundation,
4059729542151,1,makeup,concealer,True,Essence Silky Blur 160 Hydrating Longwear Concealer,
4059729587268,1,makeup,blush,True,Catrice Soft Blur 020 Coral Cloud Powder Blush,
4059729587329,1,makeup,blush,True,Catrice Soft Blur 050 Born To Blonze Powder Blush,
4059729587343,1,makeup,blush,True,Catrice Soft Blur 060 Berry Me Later! Powder Blush,
9331880039813,1,makeup,blush,True,MCoBeauty Highlight & Glow Blush Glow Beauty Wand,
0609332848245,1,makeup,concealer,True,e.l.f. Light Sand Hydrating Camo Concealer Satin Finish,
8700216421980,1,skincare,serum,True,Olay Super Serum,
8006540328668,1,skincare,serum,True,Olay Vitamin C + Aha24 Serum,
8719179677792,1,skincare,serum,True,Kruidvat Skin Science Cellular Power 55+ Face Serum,
3600523614509,1,makeup,foundation,True,L'Oréal Paris Infaillible 200 32H Fresh Wear Foundation,
30146921,1,makeup,lipstick,True,L'Oréal Paris Infaillible Matte Resistance 120 Major Crush Lipstick,
3600524057558,1,makeup,foundation,True,L’Oréal Paris 6.5N True Match Foundation,
3600523614486,1,makeup,foundation,True,L'Oréal Paris Infaillible 260 Golden Sun SPF25 32H Fresh Wear Foundation,De L'Oréal Paris infaillible 260 Golden Sun 24H Fresh Wear Foundation is dé foundation tegen de tekenen van vermoeidheid die tot wel 24 uur houdt.
6291107190099,1,skincare,body lotion,True,Nivea body lotion,
8006530034999,1,haircare,shampoo,True,Head & Shoulders Citrus Fresh Antiroosshampoo,
4987176074928,1,haircare,dandruff,True,head & shoulders sever dandruff 300ml,
3596710568000,1,skincare,savon,True,Pouce savon liquide amande 500ml,Pouce savon liquide amande 500ml
3760194655437,1,skincare,nettoyant,True,Nettoyant multi-usages au savon noir et au huiles essentielles,
9310158111567,1,haircare,hair spray,True,Hair spray,
8909106006553,2,makeup,gloss,True,Tresemme Lamellar gloss,
0022400393759,2,haircare,conditioner,True,Tresemmé Moisture Rich Conditioner,
6281006534902,1,haircare,conditioner,True,Conditioner botanix curl hydration,
0022400393735,1,haircare,conditioner,True,conditioner flawless curls,
6281006535022,1,haircare,conditioner,True,Conditioner hour volume and body,
02240800,1,haircare,conditioner,True,tresemme pro care curls conditioner,
5410091777951,1,skincare,toner,True,Syoss Color Glaze Koper Hair Glossing Toner,
5410091777937,1,skincare,toner,True,Syoss Color Glaze Cool Brunette Hair Glossing Toner,
5410091775520,1,haircare,shampoo,True,Syoss Intense Curls Deep Caring Shampoo,
5410091775643,1,haircare,conditioner,True,Syoss Intense Oleo Deep Conditioner,
5410091775469,1,haircare,shampoo,True,Syoss Intense Volume Deep Caring Shampoo,Syoss Volume Shampoo biedt tot 48 uur luchtig volume zonder je haar te verzwaren. Natuurlijke ingrediënten gecombineerd met het aminocomplex dragen bij aan sterk en gezond haar.
5410091719180,1,skincare,booster,True,Syoss Oleo Intense 6-80 Caramel Blond Haarkleuring,De formule van de SYOSS Color Oleo Intense 6-80 Caramel Blond Permanente Haarverf is verrijkt met een activerende oliebooster. Deze maximaliseert het kleurproces en zorgt voor een langdurige kleurintensiteit met grijsdekking.
5410091702755,1,skincare,booster,True,Syoss Oleo Intense 6-10 Donkerblond Haarkleuring,De formule van de SYOSS Color Oleo Intense 6-10 Donkerblond Permanente Haarverf is verrijkt met een activerende oliebooster. Deze maximaliseert het kleurproces en zorgt voor een langdurige kleurintensiteit met grijsdekking.
5410091702786,1,skincare,booster,True,Syoss Oleo Intense 5-92 Stralend Rood Haarkleuring,De formule van de SYOSS Color Oleo Intense 5-92 Stralend Rood Permanente Haarverf is verrijkt met een activerende oliebooster. Deze maximaliseert het kleurproces en zorgt voor een langdurige kleurintensiteit met grijsdekking.
7506306249219,1,haircare,shampoo,True,shampoo chile savila,
0381370014188,1,skincare,body wash,True,aveeno body wash,
0667659320615,1,skincare,body cream,True,pink cashmere ultimate hydration body cream,
3574661427706,1,haircare,shampoo,True,Johnson bubble bath &wash shampoo 300ml,
8713769602041,1,makeup,bronzer,True,Byron Bay Instant Bronzer Tinted Sun Lotion SPF 30,
8999999719081,1,skincare,sunblock,True,Vaseline Sunblock SPF 30+++,
0871760003095,3,skincare,sunscreen,True,Premium sunscreen face stick,
0419041673546,1,skincare,sunscreen,True,Coppertone sport spray Sunscreen spf 30,
0075486087470,1,skincare,sunscreen,True,Hawaiian Tropic sunscreen lotion Sheer Touch Sheer Touch 30 SPF,
0054402250624,1,makeup,bronzer,True,30 Spraygel Sunscreen with Instant Bronzer Broad Spectrum SPF 30,
3800225479608,1,skincare,sunscreen,True,GENTLE SUNSCREEN LOTION BABY & FAMILY 50 SPF,
0724742003821,2,skincare,sunscreen,True,Alba Botanica broad sunscreen spf 50 tropical fruit clear spray,
0810084872031,1,skincare,sunscreen,True,Hello Bello Face + Body Sunscreen Stick 1 Oz SPF 50,
8997208072590,1,skincare,sunscreen,True,Azarine Calm My Acne Sunscreen SPF 35 PA+++,
8720674386355,1,skincare,serum,True,Kruidvat Derma Salicylic Acid 2% Zuiverend Serum,
8718951741225,1,skincare,deodorant,True,Sanex Dermo Care Protector 48-Uur Deodorant Stick,Geniet van de frisse geur van Sanex Dermo Protector Deodorant Stick. De milde stick gaat nare lichaamsgeurtjes tegen en laat je huid ademen. Je oksels voelen de hele dag droog aan.
8713769500286,1,haircare,shampoo,True,Dermo Care L.O.L. Surprise! Shampoo,Was het haar en de hoofdhuid van je kind op milde wijze met Dermo Care L.O.L. Surprise! Shampoo. De shampoo verzorgt het haar op milde wijze en maakt zelfs het langste haar gemakkelijk doorkambaar.
8713769500729,1,haircare,shampoo,True,Dermo Care My Little Pony Shampoo,Reinig het haar en de hoofdhuid van je kindje op milde wijze met Dermo Care Shimmer & Shine Shampoo. De shampoo is mild voor de ogen en maakt zelfs het langste haar gemakkelijk doorkambaar.
8718951792845,1,skincare,deodorant,True,Sanex Sensitive Whole Body Deodorant Cream,
8718951791572,1,skincare,deodorant,True,Sanex Sensitive Whole Body Deodorant Spray,
3337875903738,1,skincare,serum,True,CeraVe Skin Renewing Vitamin C Serum,
3606000560833,1,skincare,serum,True,CeraVe Hydraterend Hyaluronzuur Serum,
8720674342306,1,skincare,cleansing oil,True,Kruidvat Cleansing Oil To Milk,
0609332852457,1,makeup,primer,True,e.l.f. Stay Cool Primer Stick,
0609332848399,1,makeup,concealer,True,e.l.f. Deep Caramel Hydrating Camo Concealer Satin Finish,
0609332848252,1,makeup,concealer,True,e.l.f. Light Peach Hydrating Camo Concealer Satin Finish,
0609332848337,1,makeup,concealer,True,e.l.f. Tan Sand Hydrating Camo Concealer Satin Finish,
0609332848221,1,makeup,concealer,True,e.l.f. Fair Beige Hydrating Camo Concealer Satin Finish,
8719179677808,1,skincare,eye cream,True,Kruidvat Skin Science Firming Luminous 55+ Eye Cream,
8720674232751,1,haircare,shampoo,True,Kruidvat 2-In-1 Sport Shampoo & Douchegel,Na het sporten kun je wel een frisse douche gebruiken. Verzorg je huid en haar optimaal met Kruidvat 2-in-1 Sport Shampoo & Douchegel.
8720674367729,1,makeup,primer,True,Kruidvat Dreamy Cloud Glowy Finish Foam Primer,
4059729034397,1,makeup,foundation,True,Catrice HD 34 Medium Beige Liquid Coverage Foundation,
8710537043990,1,skincare,serum,True,Biodermal Skin Booster Glow Serum,
8710537044003,1,skincare,serum,True,Biodermal Skin Booster Hydrating Serum,
4059729332714,1,makeup,bronzer,True,Catrice Holiday Skin 020 Off to the Island Luminous Bronzer,
5410091778620,1,haircare,shampoo,True,Schwarzkopf Kids Shampoo & Douchegel,Maak het haar van je kindje makkelijk doorkambaar met Schwarzkopf Kids Shampoo & Conditioner. De shampoo prikt niet en heeft een milde en fruitige geur.
5410091778507,1,haircare,shampoo,True,Schauma For Men Shampoo,"Deze Schwarzkopf For Men Shampoo met hopextracten geeft je haar kracht, glans en volume."
5410091778668,1,haircare,shampoo,True,Schauma 7 Kruiden Shampoo,De Schwarzkopf 7 Kruiden Shampoo maakt je haar voller en krachtiger. Dankzij de toegevoegd kruiden is je haar na iedere wasbeurt schoon en gevoed.
5410091778484,1,haircare,shampoo,True,Schauma Reflex-Silver Shampoo,Om je grijze haren goed te verzorgen en extra mooi uit te laten komen is er Schwarzkopf Reflex-Silver Shampoo . Je haar wordt gevoed en krijgt een prachtige zilverglans.
3600542512237,1,haircare,conditioner,True,Garnier Loving Blends Magnetic Charcoal  Conditioner,
3600542462846,1,haircare,conditioner,True,Garnier Loving Blends Kokosmelk & Macadamia Conditioner,Speciaal om normaal tot droog haar te voeden en verzachten heeft Garnier een recept ontwikkeld met kokosmelk en macadamia. Dagelijks gebruik van deze conditioner maakt je haar zachter en soepeler en geeft het een schitterende glans.
3600542130158,1,haircare,leave-in,True,Garnier Loving Blends Honing Goud Voedende Leave-In Crème,"Speciaal voor beschadigd en breekbaar haar combineert Garnier Loving Blends Honing Goud Voedende Crème drie schatten uit de honingraat: royal jelly, bijenbalsem en honing."
5037156302790,1,skincare,serum,True,John Frieda The Rescuer Weightless Repair Serum,
5037156301687,1,makeup,primer,True,John Frieda Volume Lift Body Building Style Primer,
5037156298338,1,haircare,shampoo,True,John Frieda Frizz Ease Infinite Smooth Shampoo,
5037156298383,1,haircare,conditioner,True,John Frieda Frizz Ease Infinite Smooth Conditioner,
5037156296075,1,skincare,serum,True,John Frieda Pro Filler+ For Fine Hair Scalp Serum,
5037156299052,1,haircare,conditioner,True,John Frieda Shimmering Silver Conditioner,
5037156299038,1,haircare,shampoo,True,John Frieda Shimmering Silver Shampoo,
5037156287899,1,haircare,shampoo,True,John Frieda Go Blonder Lightening Shampoo,
5037156299274,1,haircare,conditioner,True,John Frieda Profiller+ Conditioner,
5037156297713,1,skincare,toning,True,John Frieda Violet Crush For Blondes Purple Toning Masker,
5037156298611,1,haircare,shampoo,True,John Frieda Frizz Ease Miraculous Recovery Repairing Shampoo,Verzorg doelgericht beschadigde zones in je haar met John Frieda Frizz Ease Miraculous Recovery Shampoo. De shampoo gaat haarbreuk tegen en laat je haar er weer gezond uitzien.
5037156299090,1,haircare,shampoo,True,John Frieda Volume Lift Lightweight Shampoo,Geef je haar meer volume en ontwar het tegelijkertijd met John Frieda Luxurious Volume Touchably Full Shampoo.
5037156263978,1,haircare,conditioner,True,"Volume Fit , Nicht beschwerender Conditioner",
8720964842233,1,makeup,blush,True,Jo Malone London Peony & Blush Suede Eau de Cologne,
0603084491834,1,haircare,shampoo,True,Shampoo niacinamida,
0603084459339,1,haircare,shampoo,True,Shampoo morocoargan,
0079400475510,1,haircare,shampoo,True,Shampoo caballero,
8719325558296,1,haircare,shampoo,True,Marcel's Green Soap Shampoo caring argan oudh,
3600524173562,1,haircare,shampoo,True,Nachfüll Shampoo,
5060120165787,2,haircare,shampoo,True,Keratin Classic Shampoo,
8719134212440,4,haircare,shampoo,True,Rituals homme hydrating gel cream / shampoo,
6291069208238,1,haircare,shampoo,True,Hair shampoo repair &restore.400ml.vatika,
0037000823445,1,haircare,shampoo,True,shampoo,
4072600255285,1,haircare,shampoo,True,Shampoo,
6291069756357,2,haircare,shampoo,True,Dabur amla kids shampoo,
7753572006262,1,haircare,shampoo,True,shampoo,
7791293046983,1,haircare,shampoo,True,Dove Shampoo,
7891033534623,1,haircare,shampoo,True,siage revela cachos shampoo 250 ml,
4064700214200,1,haircare,shampoo,True,active shampoo 2 in 1,
8025796000074,1,haircare,shampoo,True,Shampoo erboristico Marsiglia,
4800888169716,1,haircare,shampoo,True,Sunsilk Pink (SHAMPOO) 15ml,
8002410009644,1,haircare,shampoo,True,Doccia Shampoo,
8414152411027,1,haircare,shampoo,True,PHYTO nature Hair-LoSS Prevention Shampoo,
8713713063850,1,haircare,shampoo,True,Lucovitaal Eczeem Psoriasis Shampoo,"Lucovitaal Eczeem Psoriasis Shampoo is geschikt voor de behandeling van eczeem en psoriasis. Gebruik de shampoo twee tot drie keer in de week, ter verlichting van de jeukende, rode, schilferige en droge hoofdhuid."
4251232284300,1,makeup,concealer,True,Liquid Camouflage,"Donkere kringen, onregelmatigheden en roodheid behoren tot het verleden dankzij de Catrice Liquid Camouflage 007 Natural Rose High Coverage Concealer. Deze hooggepigmenteerde concealer is waterproof en blijft lang zitten."
96099315,1,makeup,blush,True,Creme Puff Blush Alluring Rose,Met de Max Factor Crème Puff 025 Alluring Rose Blush breng je een gezonde glow aan op je wangen. Deze poederblusher is speciaal ontwikkeld om de intensiteit op te bouwen.
4250947543214,1,makeup,mascara,True,Essence I Love Extreme Volume 01 Black Waterproof Mascara,"Geef je wimpers een diepzwarte kleur en superveel volume met deze Essence I Love Extreme Volume 01 Black Waterproof Mascara, zelfs tijdens het sporten en zwemmen!"
0192333164587,1,makeup,mascara,True,Clinique High Impact High-Fi Full Volume Mascara 10ml,
3605972252005,1,makeup,setting spray,True,All Nighter Ultra Matte Long lasting Make-up Setting Spray,
0800897266004,1,makeup,primer,True,NYX Professional Makeup The Face Glue Primer,
4059729277114,1,makeup,concealer,True,Catrice True Skin Neutral Biscuit High Cover Concealer,
4059729490681,2,skincare,essence,True,Essence What a Tint! 02 Lip & Cheek Tint,
4059729376282,1,makeup,primer,True,Primer,
4250947544686,1,makeup,concealer,True,Catrice Liquid Camouflage 020 Light Beige High Coverage Concealer,"Donkere kringen, onregelmatigheden en roodheid behoren tot de verleden tijd dankzij de Catrice Liquid Camouflage 020 Light Beige High Coverage Concealer. Deze hooggepigmenteerde concealer is waterdicht en blijft lang zitten."
0800897257576,1,makeup,blush,True,NYX Professional Makeup 01 My Butta Half Buttermelt Blush,
4059729445377,1,skincare,lip balm,True,Catrice Care in Colours 010 Everyday 24/7 Lip Balm,
4059729445551,1,skincare,lip balm,True,Catrice Melt & Shine Juicy 030 Sea-cret Lip Balm,
0810171577481,1,skincare,deodorant,True,Natural Deodorant Watermelon Rush,
4250035200715,1,skincare,essence,True,Essence 01 Black Kajal Pencil,Geef je ogen net dat beetje extra met het Essence 01 Black Kajal Pencil.
4250587771855,2,makeup,eyebrow,True,Eyebrow designer,Breng je wenkbrauwen in vorm en kleur ze bij waar nodig met de Essence 05 Soft Blonde Eyebrow Designer.
3574661724966,1,makeup,cleansing wipe,True,Make-Up be gone Miscellar Cleansing Wipes,
8436551470184,1,skincare,body lotion,True,Body Lotion,
5901742000806,1,haircare,shampoo,True,drSEIDEL Shampoo z chlorheksydyną,
4067796182101,1,haircare,shampoo,True,shampoo,
4066447711448,1,haircare,shampoo,True,Shampoo & Spülung,
9556258002767,1,haircare,shampoo,True,Dezor shampoo,
9557892104480,1,haircare,shampoo,True,Yucomy shampoo,
7804920005816,2,haircare,shampoo,True,shampoo micelar,
2000063559758,1,haircare,shampoo,True,Kreateme shampoo 300g,
2000063559574,1,haircare,shampoo,True,Kreateme shampoo 730g,
4897110032016,1,haircare,shampoo,True,Kesar lamore shampoo 250,
4897110031989,1,haircare,shampoo,True,Kesar lamore shampoo 500,
4897077947583,1,haircare,shampoo,True,Kesar lamore menthol shampoo 500,
8720254710556,1,haircare,shampoo,True,Naïf Baby & kids nourishing shampoo,
8720254710594,1,haircare,shampoo,True,Naïf Baby & kids nourishing shampoo refill,
4511413524039,1,haircare,shampoo,True,DHC Q10 shampoo,
4987046700322,1,haircare,shampoo,True,Kaminoto shampoo 180ml,
7896150023616,1,haircare,shampoo,True,Shampoo yama proteínas,
3574661470573,1,haircare,shampoo,True,Johnson baby shampoo chamomile,
3574669907965,1,haircare,shampoo,True,Johnson sof&shiny 2in1 shampoo 200ml,
4800888156280,1,haircare,shampoo,True,sunsilk shampoo,
8999999612344,1,haircare,shampoo,True,Dove Biotin Hairfall Control Shampoo 155ml,
4061461122843,1,haircare,shampoo,True,Haircare Shampoo,
6223005992376,3,skincare,sunscreen,True,ACNE-PRONE SKIN DAILY SHIELD SPF 50+ SUNSCREEN sUNSCREEN,
3499320018265,1,skincare,cleanser,True,Cetaphil Daily Facial Cleanser,
5020465202578,1,skincare,cleanser,True,"cetaphil, oily skin cleanser",
2000053629126,1,haircare,shampoo,True,Cetaphil baby wash shampoo 50,
29939381,1,skincare,body wash,True,Cetaphil ultra gentle body wash,
3337875549622,1,skincare,cleanser,True,Cerave SA Smiothing cleanser 45%,
3606000552876,1,skincare,face wash,True,Cerave Face Wash,
3337875945790,1,skincare,sunscreen,True,CeraVe SPF30 Inivisible Hydrating Sunscreen,
3337875945660,1,skincare,sunscreen,True,CeraVe SPF50 Invisible Hydrating Fluid Sunscreen,
3337875904353,1,skincare,serum,True,CeraVe Skin Renewing Retinol Serum,
3606000608382,1,skincare,cleanser,True,Acne Control Cleanser,
3337875945820,1,skincare,sunscreen,True,CeraVe Invisible SPF30 Hydrating Sunscreen,
3606000619838,1,skincare,eye cream,True,CeraVe Skin Renewing Eye Cream,
0371782005454,1,haircare,shampoo,True,Shampoo + Conditioner Sawtooth,
8720181079160,1,skincare,body wash,True,Body Wash,
0708002405778,1,skincare,body wash,True,Dragon Fruit Body wash,
8961014249033,1,skincare,face wash,True,ponds face wash,
4088600292526,1,skincare,body wash,True,Kids Body Wash & Foam Bath,
0077043002117,1,skincare,body wash,True,energizing body wash,
8720181462962,1,skincare,body wash,True,shea butter & vanilla BODY WASH,
7290107421348,1,skincare,body wash,True,Mineral Body Wash,
8961014263060,1,skincare,face wash,True,ponds face wash,
8906064451012,1,skincare,face wash,True,face wash,
0708002401671,1,skincare,body wash,True,Faith In Nature Body Wash,
8002340017542,3,skincare,deodorant,True,Deodorante vapo no gas,
0817939018569,1,skincare,body wash,True,Method Body Body Wash,
4800888139672,1,skincare,toner,True,Pond's Acne Clear Pore & Conditioning Toner,
8717163762066,1,skincare,body wash,True,Pampering shea butter and vanilla scent Body wash,
0708002400377,1,skincare,body wash,True,Cocnut Body Wash,
8710919103212,1,skincare,deodorant,True,Odorex Active Care Deodorant Roller,"De frisse, verzorgende deodorant is speciaal ontwikkeld voor de gevoelige huid. Odorex Active Care Deodorant Roller bevat vitamine E en aloe vera, voor extra verzorging. De deodorant is 48 uur effectief tegen transpiratie."
8800280695840,1,skincare,booster,True,Abib PDRN Volume fill-it Booster Creme,
3574661823065,1,skincare,lait corps,True,Lait corps l'original hydratation intense,
8800375070019,1,skincare,serum,True,epii face serum HPT6 Ultra Drop forte,
8800312062824,1,skincare,toner,True,Knock Melt-in Body Toner Pistachio,
0840797128507,1,haircare,shampoo,True,Gentle Daily Shampoo,
6976068950738,1,makeup,concealer,True,"Sunscreen, concealer cream three colour",
9347774002450,1,skincare,bar soap,True,Nudy Rudy Milk Bar Soap With Goat Milk and Shea butter,
3800200962606,1,skincare,shower gel,True,Shower gel ROSE of bulgaria,
3616305449986,1,skincare,shower gel,True,Pure Game Ice Dive Team Force 3 in 1 Shower Gel,
4066447972504,1,haircare,shampoo,True,Ultra Sensitive Totes Meer Shampoo,
4066447384116,1,haircare,shampoo,True,Reiseshampoo & Spülng,
4066447365689,1,makeup,gloss,True,Glossy & Long Spülung,
4066447467932,1,haircare,shampoo,True,Shampoo Seidenglanz,
2000000161108,1,skincare,sunscreen,True,Caviahue protector solar mineral FPS 40,sunscreen stick
5902357008683,1,skincare,liquid soap,True,Jasmin Blüte FlüssigSeife,Liquid soap Jasmin Blossom
8901030846212,1,skincare,body wash,True,Dove body wash,
4067796195477,1,makeup,blush,True,MATTE blush cream trend It up,
8006540895832,1,skincare,gel douche,True,Gel douche parfum monoï,
0850048197183,1,haircare,shampoo,True,Curl Reset Detox Shampoo,
0049056102016,1,haircare,shampoo,True,Old-Fashioned Bar Shampoo Original Formula,
0603084491551,1,haircare,shampoo,True,Fructis Triple Nutrition Shampoo,
0017000169859,1,skincare,hand soap,True,Ocean Splash Hand Soap,
0667659413713,1,skincare,hand soap,True,Touch of Gold Gentle & Clean Foaming Hand Soap,
5011451602045,1,makeup,cleansing wipe,True,Simple Cleansing Wipes 2x25stk,
0850042058794,1,skincare,deodorant,True,Whole Body Deodorant Lavender Sage Smooth Cream,
8700216158459,1,haircare,shampoo,True,Pro-Expert Anti-Dandruff Shampoo,
8021694330374,1,haircare,shampoo,True,Sublime Fruit Nourishing and Silky Honey Shampoo,
4740060011085,1,skincare,hand soap,True,Hand Soap Rhubarb & Apple,
6009523601811,1,haircare,shampoo,True,Special Baby Shampoo,
0811346020269,1,skincare,body wash,True,Unwind Amber & Lavender Hydrating Body Wash,
0811346020313,1,skincare,face wash,True,Mint & Cedar Daily Face Wash,
1230000304061,1,skincare,serum,True,Vipstick Serum,
0190679010445,1,haircare,shampoo,True,Shampoo Eucalyptus,
0079625013115,1,haircare,shampoo,True,Makeup Brush + Sponge Shampoo,
0086449300031,1,skincare,deodorant,True,Mineral Deodorant Stick Unscented,
0812154036923,1,skincare,body wash,True,Body Wash Sea Salt & Cedar,
0041507051614,1,skincare,cleanser,True,Hydrating Milky Cleanser,
8800289474897,1,skincare,toner,True,Medicube PDRN Pink Cica Soothing Toner,
3600541978034,1,haircare,shampoo,True,Fructis Strength & Shine Shampoo,
3600524149864,1,haircare,conditioner,True,Elseve Hyaluron Pure Hydrating Conditioner,
3600524142599,1,haircare,conditioner,True,Elseve Dream Long Conditioner,
3606000577213,1,skincare,cleanser,True,Hydrating Cream-to-Foam Cleanser,
8904417314755,2,skincare,face wash,True,1% Kojic Acid Daily Face Wash,
4064666036908,2,haircare,conditioner,True,wella elements conditioner,
3760162124767,1,skincare,gel douche,True,Gel douche surgras,
3245678709122,2,skincare,nettoyant,True,Lingettes Nettoyantes,Lingettes Nettoyantes
3245678709078,4,skincare,nettoyant,True,Lingettes nettoyantes,Lingettes nettoyantes
80006657,1,skincare,deodorant,True,Deodorante vapo no gas delicato,
4052917068440,1,skincare,nettoyant,True,Nettoyant salle de bain,
3373361000123,1,skincare,savon,True,Copeau savon de marseille,
8901030994777,1,skincare,serum,True,Lakme vit c serum facewash,
0815402023119,1,haircare,conditioner,True,Leave-in conditioner,
8809820696545,1,skincare,cleanser,True,PH 6.5 Whip Cleanser,
0381519493379,1,haircare,shampoo,True,Total Miracle Shampoo with Apricot Oil,
0810095594625,1,skincare,deodorant,True,Odor Squatching Deodorant Birchwood Breeze,
0843536107160,1,skincare,body wash,True,Sea + Surf Men's Body Wash,
0062600621757,2,skincare,serum,True,Stubborn Texture Niacinamide Serum,
6294019000166,1,skincare,shower gel,True,Cosmaline Soft Wave shower gel,
4006000017396,1,skincare,serum,True,Serum anti imperfeciones,
3560070885190,9,haircare,laque,True,300ML LAQUE FORTE CRF,
3515777495302,1,haircare,laque,True,Laque naturelle,
3596710555956,1,haircare,laque,True,Laque protection,Laque protection
0009531113265,1,haircare,shampoo,True,Awapuhi Shampoo,
3600523749188,1,haircare,hair oil,True,"Elvital Jojoba Haaröl - Dickes, Seth Trockenes Haar","Hair oil for thick, very tangled hair"
3245678703892,1,skincare,lait corps,True,Cosmia b - lait corps et massage - pour une douce nuit avec de l'extrait de camomille hydratant - bébé - 500 ml,Cosmia b - lait corps et massage - pour une douce nuit avec de l'extrait de camomille hydratant - bébé - 500 ml
3560071186357,1,haircare,gel coiffant,True,Gel coiffant N6 STRONG carrefour,
8033148530414,1,skincare,cleanser,True,Intimo Delicato Intimate Cleanser Olio Essenziale di Lavanda,
14082337,1,skincare,gel douche,True,Gel douche Monoï,
3596710567997,1,skincare,gel douche,True,Pouce gel douche et bain peche 500 ml,Pouce gel douche et bain peche 500 ml
4056489649373,1,haircare,dandruff,True,Cien Anti Dandruff 2 in 1,
0846733030125,1,makeup,concealer,True,Creaseless Concealer,
0192608259536,1,makeup,concealer,True,Wakeup Artist Under Eye Correcting Concealer,
0030772251782,1,skincare,body lotion,True,Body Lotion Sensitive Series Babe Coconut,
3430750037303,1,skincare,savon,True,Jeanne Arthes Boum Savon Eau De Parfum for Women 100 Ml,
0840074307625,1,skincare,body wash,True,"Kid's 3-IN-1 Shampoo, Conditioner & Body Wash",
4058172178313,1,makeup,mascara,True,Mascara sensitive,
4068134104335,1,makeup,mascara,True,Alterta waterproof mascara,
