code,imgid,pred,keyword,strong,product_name_text,generic_name_text
0006412000089,1,skincare,douche,False,huile de douche Daniel jouvence,
0014926163022,1,haircare,volume,False,Kenra volume spray,
0018787931356,1,skincare,savon,True,Savon Bio Multi-usage à La Menthe,
0018787943304,1,skincare,savon,True,Savon Liquide Bio à La Menthe - Dr Bronner,
0018787943359,2,skincare,savon,True,Savon De Castille Menthe Poivree,
0019962085314,1,skincare,déodorant,False,Beauté & Hygiène / Soins Du Corps / Déodorants,
0019962771637,1,skincare,déodorant,False,Beauté & Hygiène / Soins Du Corps / Déodorants,
0020714001100,1,makeup,bronzer,True,Face bronzer,
0022796170040,1,haircare,curl,False,Curl Quench + Coconut Oil Curl Smoothie,
0051800300975,1,skincare,soin visage,False,Soin visage jour et nuit,
0060383783808,1,skincare,hydratant,False,Lotion extra-hydratante,
0062400195984,1,skincare,nettoyant,True,Nettoyant en profondeur au charbon pour les pores,
0075486089870,1,skincare,spf,False,Broad spectrum SPF 30,
0079245851715,1,makeup,lip gloss,True,sparitual Lip Gloss,
0080878044924,2,haircare,curl,False,Curls,
0086800100393,1,skincare,sunscreen,True,Ultra sheer body mist sunscreen,
0124599801708,1,skincare,creme,False,NIVEA Creme,
01320879,1,skincare,hydratant,False,Lait Parfumé Hydratant Comme une Evidence,
0180551000411,1,skincare,sunscreen,True,FACE & BODY SPF 27 SUNSCREEN ,
02712642,1,makeup,contour,False,le soin contour des yeux,
0301871373164,1,skincare,moisturizing,False,CeraVe Moisturizing Cream,
03828504,1,skincare,soothing,False,Soothing rescue cream mask,
03957114,1,skincare,crème,False,Perle de Coton Crème lavante peaux sensibles,
0615908424874,1,haircare,hair oil,True,S Factor True Lasting Colour Hair Oil 3.4oz,
0618059103247,1,haircare,scalp,False,Phytosolba Phytoapaisant Irritated Scalp 200ML,
0626232140972,1,skincare,hand soap,True,Natural hand soap,
0635494310207,1,skincare,serum,True,Skinceuticals - Serum 10,
0651986101207,1,makeup,lipstick,True,Metallic Sparkle Lipstick,
0651986502882,1,makeup,gloss,True,Gloss magic effet,
0667534781098,1,skincare,hand cream,True,Nourishing hand cream,
0688047130265,1,haircare,conditioner,True,not your mother's beach babe conditioner,
0697045150755,1,skincare,hand cream,True,Ahava Mineral Hand Cream 5.1 Oz.,
0718334337074,1,skincare,essence,True,Shampoing Framboise - 237 ML - Desert Essence,
0724742010133,2,haircare,shampoo,True,Hawaiin Shampoo,
0729238100510,1,skincare,hydratant,False,fluide hydratant shisheido men,
0729238139237,1,makeup,contour,False,Future Solution LX Sérum Intensif Contours Fermeté Shiseido,
0730852167094,1,skincare,hydratant,False,Pureness Gel-Crème hydratant Shiseido,
0735303381050,4,skincare,deodorant,True,soft & dri deodorant,
0738678240755,3,skincare,body wash,True,American Crew Classic Body Wash,
0751672010520,1,skincare,cleanser,True,Foaming Facial Cleanser,
0764302231042,1,haircare,shampoo,True,INTENSIVE HYDRATION SHAMPOO,
0764560540023,1,skincare,sheet mask,True,Cranberry & Apple Sheet Mask,
0768614139584,1,skincare,hydratant,False,Crème ultra-hydratante invisible Shiseido,
0768614191100,5,skincare,spf,False,Benefiance NutriPerfect Crème de Jour SPF15 Shiseido,
0800897140410,1,makeup,powder,False,Powder puff Amour d'adolescent,Crème pour les lèvres en poudre
0809280134869,1,skincare,nettoyant,True,Crème nettoyante au soja,
0815151024573,1,haircare,conditioner,True,Amika Bust Your Brass Cool Blonde Conditioner Sea Buckthorn Berry (Obliphica),
0815921017101,1,haircare,shampoo,True,Volumising shampoo,
0815921017118,1,haircare,conditioner,True,Volumising conditioner,
0816657022872,3,makeup,fond de teint,True,fond de teint satiné longue tenue,
0817574015831,1,haircare,shampoo,True,Amika Triple Rx Shampoo Sea Buckthorn Berry (Obliphica),
0817574018801,2,haircare,conditioner,True,Amika Triple Rx Conditioner Sea Buckthorn Berry (Obliphica),
0817574019808,1,skincare,serum,True,eva nye hair serum,
0817939012475,1,skincare,nettoyant,True,Nettoyant Multi-usages Spray écologique Pamplemousse Rose ? ? Method?,
0827160106249,1,haircare,silicone,False,Pjur Original Bodyglide Silicone Based Lubricant 100ML,
08227973,2,makeup,bb cream,True,Lift me Up Anti Aging BB Cream 10in1,
0834893002328,1,makeup,foundation,True,Phyto-Pigments Flawless Serum Foundation,
0839901003588,1,skincare,crème,False,Crème mains,
0840749002213,4,makeup,nail polish,True,Nail Polish Remover,
0853382004049,1,skincare,moisturizer,False,Face Moisturizer,
0882381080693,1,skincare,peel,False,Peeling jeunesse resurfaçant de l'institut,
0884486255587,1,haircare,curl,False,True Textures Curl Define,
0884486282453,2,haircare,shampoo,True,Raw Uplift Shampoo,
0890397002684,1,skincare,sunscreen,True,SPF 50+ sunscreen for healthier babies,
0890397002790,1,skincare,sunscreen,True,SPF 50+ sunscreen for healthier athletes,
0893689001235,1,makeup,lash,False,Revitalash Advanced Sérum Pour Cils,
0896364002312,1,haircare,olaplex,False,Olaplex Bond Multiplier No. 1,
0896364002329,1,haircare,olaplex,False,Olaplex Bond Perfector No. 2,
09597761,1,makeup,mascara,True,longeyes+ Active Mascara,
10426517,1,skincare,hygiene,False,Stérimare Hygiene du Nez,
11415567,1,skincare,crème,False,Crème mains concentrée,
13282020,1,skincare,spf,False,Seaweed mattifying moisture lotion spf 15,
15681132,2,skincare,deodorant,True,Cedrat stick deodorant,
15812216,1,skincare,crème,False,weleda crème pour le change,
1683737063280,1,skincare,douche,False,Gelée de douche,
19216768,1,skincare,crème,False,crème anti âge ,
2019994999991,1,makeup,top coat,False,Top coat quick dry,
2023730999992,1,skincare,body cream,True,Go With The Flow Body Cream,
20231491,1,skincare,crème,False,crème solaire sport CIEN,
20477127,1,skincare,shower gel,True,Orange Shower Gel,
20561802,1,skincare,crème,False,Crème mains Fleur de Cerisier,
20696443,1,makeup,primer,True,SUPPRIMER,
20703110,1,makeup,contour,False,Contour des yeux formule au myramaze,
20978464,1,haircare,shampoo,True,Après shampooing fantastic volume,
2200017390226,1,skincare,creme,False,Wildrose Intensiv pflegende Handcreme,
22113283,1,skincare,shave,False,Rasierwasser  After Shave,
22136473,1,haircare,shampoo,True,Shampoo Mandelmilch,
22537393,1,skincare,creme,False,Cremedusche  Milch&Honig,
24047357,1,haircare,shampoo,True,Shampooing Classic,
2601010701505,1,haircare,shampoo,True,Shampooing soin clarifiant,
26015682,1,makeup,primer,True,SUPPRIMER,
27041499,3,skincare,savon,True,Savon liquide anti bactérien ,
27044759,1,skincare,deodorant,True,Deodorant Aldi MARE for Men,
2760069594343,1,haircare,cheveux,False,Gel douceur corps & cheveux ultra démêlant,
30095298,1,makeup,vernis à ongles,True,Vernis à ongles,
3010351752715,1,skincare,douche,False,Douche douceur,
3010354000011,1,skincare,savon,True,Savon de marseille,
3014230558078,6,haircare,cheveux,False,Timotei Spray Fixant A l'Extrait Naturel de Citron Fixation Extra Forte 250ml,Aerosol cheveux
3014260027414,1,skincare,crème,False,Crème adhésive prothèses dentaires fixation extra forte,
3014284027445,2,skincare,crème,False,Fixation extra forte,Crème adhésive pour prothèses dentaires
30136304,1,makeup,vernis à ongles,True,Vernis à ongles,
3048090040251,2,makeup,poudre,False,Poudre dentaire blanchissante,
3052503573205,2,skincare,crème,False,cc crèmes,
3052503602318,1,makeup,anticernes,True,bourjois happy light anticernes ultra unifiant ,
3052503702124,1,makeup,mascara,True,mascara Twist up the Volume,
3052503757438,1,makeup,blush,True,Bourjois blush rose ambré 74,
3052505240211,1,makeup,eye shadow,True,Frosty eye shadow - ombre à paupières,
3058320021011,1,skincare,déodorant,False,Déodorant Narta,
3058320047042,1,skincare,lait corps,True,Mixa Intensif peaux sèches lait corps réparateur ,
3058320060010,1,haircare,gel coiffant,True,Vivelle DOP Gel coiffant aux vitamines fixation forte,
3059944117340,1,skincare,crème,False,Crème Douche,
3140100149241,3,makeup,blush,True,Blush Satiné,
3140100251432,1,haircare,cheveux,False,Keranove masque intense cheveux colorés ,
3140100366525,1,haircare,shampoo,True,Shampooing expert anti pelliculaire,
3141380352642,1,skincare,lait corps,True,Lait corps extra-nourissant,
3145891320572,1,makeup,poudre,False,poudre ,
3153716003517,4,skincare,crème,False,crème de jour anti-âge lissante,
3165830003304,1,skincare,savon,True,Savon miel propolis,
3178040622128,2,haircare,curl,False,Got2b Twisted Hold 3 Curling Mousse,
3178041308175,1,haircare,volume,False,S. ultime Cire Volume 100ML,
3178041308793,2,skincare,essence,True,Teraxyl - 2 en 1 - Dentifrice + Bain de Bouche - Non-Stop Fresh aux essences de Menthe,Dentifrice
3178041326445,1,skincare,shower cream,False,Caring Shower Cream Douche Crème Soin,
3178041328920,1,skincare,crème,False,Hydralist gel-crème désaltérant,
3181730076323,1,skincare,douche,False,sanex dermo kids douche et bain,
3181730201459,1,skincare,savon,True,savon au lait et aux amandes douces,Pains de toilette
3182611231466,1,skincare,savon,True,Savon de provence,
3182611234504,1,skincare,savon,True,savon de marseille,
3182611235112,1,skincare,savon,True,Savon de Marseille,
3182611351010,1,skincare,savon,True,Savon aux sels de la mer morte,
3183943607073,1,skincare,savon,True,Savon de marseille bicarbonate,
3221774788773,1,makeup,primer,True,a_supprimer_Revlon,
3222472766179,1,skincare,crème,False,Tonipharm Alodont Crème Fixative Appareil Dentaire 50 G,
3224056064596,3,haircare,gel coiffant,True,gel coiffant,
3245678561225,1,skincare,douche,False,lait de douche,
3245678561348,1,skincare,douche,False,Lait de douche,
3245678600078,1,skincare,crème,False,Crème lavande mains amande,
3245678612590,1,haircare,gel coiffant,True,Gel coiffant,
3245678622766,4,skincare,mousse à raser,True,Mousse à raser,Mousse à raser
3248140650397,3,haircare,volume,False,Baume Démêlant Après-Champooing Volume Brillance,
3250391438136,6,skincare,deodorant,True,Deodorant 24h,
3250391590087,1,skincare,douche,False,Bain & douche Hydrataion,
3250391609925,2,skincare,crème,False,Douche crème Vanille & beurre de Karité,
3250391813186,1,skincare,savon,True,Savon Amande douce,
3251241018485,8,skincare,crème,False,Crème mains Nutrition,
3251241047560,1,skincare,hydratant,False,Lait hydratant,
3253581087107,1,skincare,crème,False,Crème mains,
3253581109892,1,skincare,déodorant,False,Baux Stick Déodorant,
3253581120996,1,skincare,crème,False,crème mains nourrissante miel et karité,
3253581171677,3,skincare,crème,False,Crème main peux sèches,
3253581264096,1,skincare,lait corps,True,Lait Corps Verveine,
3253581285879,2,skincare,crème,False,Crème Pour Les Mains Au Beurre De Karité 30ML P. ..,
3253581318317,1,skincare,crème,False,Crème mains zeste de citron,
3253581321645,2,skincare,lip balm,True,Cherry Blossom Lip Balm,
3253581462256,1,skincare,crème,False,Néroli & Orchidée - Crème Mains - 30 ML - L'occitane En Provence,
3253581506684,4,skincare,shower cream,False,Body shower cream,
3253581535325,1,haircare,shampoo,True,Réparation intense - shampooing,
3254560527225,2,skincare,essence,True,Eau de cologne naturelle* aux essences naturelles,Eau de cologne
3256220516341,1,haircare,gel coiffant,True,"Gel Coiffant Fixation Extrme Acier By U, 250ml",
3256221415490,1,skincare,crème,False,"Crème Lavante Kids, Pompe De 250 Millilitres, Marque U",
3256221674293,1,skincare,nettoyant,True,Eau nettoyante,
3256224064541,1,skincare,déodorant,False,Déodorant soin Dermo Protecteur,
3256224353898,1,haircare,shampoo,True,shampooing sec doux by U,
3256224359395,1,skincare,nettoyant,True,Gel nettoyant visage,
3256224359449,1,skincare,anti-âge,False,Soin anti-âge jour,
3256224359548,1,haircare,cheveux,False,Shampoing doux jasmin et lait de riz cheveux ternes,
3256224363323,1,skincare,crème,False,Crème lavante,
3256224375234,1,skincare,déodorant,False,Déodorant parfumé divine passion,
3256225719167,1,skincare,crème,False,Gel mains antibactérien sans rinçage parfum crème de vanille,
3256225721009,4,haircare,cheveux,False,Gel lavant corps et cheveux,
3257984163673,1,skincare,creme,False,Creme lavante nourrissante ,
3258561640532,1,haircare,laque,True,Laque 300 Forte B. F,
3263855673332,1,skincare,savon,True,Crème Lavante Aux Savons De Marseille Et Huile d Olive,
3263855820514,1,skincare,mousse à raser,True,Mousse à raser,
3263856067413,1,skincare,creme,False,Creme anti age nuit,
3263856067512,1,skincare,hydratant,False,Creme hydratante jour,
3264680005343,1,skincare,crème,False,crème fraîche de beauté,
3264680007750,1,skincare,hydratant,False,Nuxe Kit Découverte Rêve De Miel Crème Mains Et Ongles 30ML + Stick Lèvres Hydratant,
3264680009488,1,skincare,lait corps,True,Prodigieux lait parfumé Lait corps sublimateur,
3264680009877,1,skincare,crème,False,crème raffermissante sublimatrice à l'extrait de cédrat de Corse et huile végétale,
3264680010460,2,skincare,crème,False,Crème détox anti-pollution et éclat - Bio Beauté,
3264680010491,1,skincare,douche,False,Nuxe Men Offre Découverte Douche Rasage Multifonctions,
3264680014871,1,skincare,essence,True,Lotion essence aquabella,
3266191024240,1,skincare,aloe vera,False,2en1 shampoing douche enrichi à l'aloe vera parfum pêche ,
3266670119122,3,skincare,uva,False,Huile aux Monoï 15 uva/uvb,
3273818841623,1,skincare,savon,True,SAVON TRADITIONNEL D'ALEP,
3273818841814,1,skincare,savon,True,Savon Fruits rouges givrés,
3282770030143,2,skincare,gel douche,True,Gel douche Surgras,
3282770038194,1,skincare,lait corps,True,Lait corps hydratant,
3282770038798,1,skincare,crème,False,Crème lavante nourrissante cold cream,Crème lavante
3282770072723,1,skincare,spf,False,Aderma Protect SPF50+ Fluide Très Haute Protection 40ML,
3282770072747,2,skincare,spf,False,Spray Protect Kids SPF50+,
3282770073812,1,skincare,gel douche,True,Klorane Gel Douche Surgras Mûre Mystère,
3282770074161,1,haircare,shampoo,True,Klorane Shampooing à L'extrait Essentiel D'olivier,
3282770074307,3,skincare,hydratant,False,Crème Hydratante Avène Pédiatril Sterile Cosmetics,Crème Hydratante
3282779024549,1,skincare,mousse à raser,True,mousse à raser,
3282779051392,1,skincare,hydratant,False,Masque apaisant hydratant,
3282779051514,1,skincare,cleanser,True,Gentle Milk Cleanser,
3282779058223,4,skincare,crème,False,crème de jour sans rinçage au beurre de mangue,crème hydratante pour cheveux
3282779061216,1,skincare,gel douche,True,René Furterer Initia Gel Douche Tonique 200ML,
3282779077118,4,skincare,gel douche,True,Gel douche surgras Oxygène,
3282779182416,1,skincare,déodorant,False,Déodorant très doux,
3282779226424,2,skincare,soothing,False,Aderma Derm'intim PH 8 Soothing Cleansing Gel 200ML (intimate Hygiene),
3282779268776,1,skincare,crème,False,Crème solaire,
3282779286800,1,skincare,gel douche,True,gel douche surgras jardin aquatique,
3282779300551,1,skincare,crème,False,Crème au Cold Cream Avène Pédiatril ,Visage & Corps 
3282779314350,1,haircare,cheveux,False,Furterer - Absolue Kératine Masque Renaissance Ultime Cheveux Ultra-abîmés Pot,
3282779326889,1,skincare,cleanser,True,Klorane Bebe Cleansing Micellar Water No Rinse Formula 750ML (cleanser),
3282779326988,1,makeup,poudre,False,Poudre de toilette protectrice,Poudre de toilette
3282779330091,1,haircare,shampoo,True,Extra Doux Shampooing Traitant Usage Fréquent - 400ML Ducray,
3282779331586,1,skincare,crème,False,RHEACALM,Crème apaisante riche
3282779352208,1,haircare,cheveux,False,Karité,"Concentré nutrition intense cheveux très secs,abîmes sans rinçage.."
3282779370660,1,skincare,hydratant,False,Ictyane stick hydratant,
3282779374620,1,skincare,spf,False,Crème solaire Enfant SPF 50+ Peaux sensibles & Visage,
3282779393232,1,skincare,moisturizing,False,Klorane Bébé Moisturizing Lotion 500 Ml.,
3282779411189,1,skincare,spf,False,Spray Solaire enfant au calendula protecteur SPF50+ visage et corps,
3283950911153,1,skincare,lait corps,True,Lait corps,
3283950914833,1,skincare,gommage,False,Gommage Argile,
3283950915038,1,skincare,crème,False,Crème protectrice bebe pour le change abricot,
3283950915311,1,skincare,crème,False,Crème Mains Anti-tâches Bio - 75 ML - Cattier,
3283950917704,1,skincare,lait corps,True,Lait corps,
3283950919166,2,skincare,crème,False,Cattier Bébé Liniment Lait Crème Pour Le Change,
3283950919203,2,skincare,hydratant,False,Cattier Bébé Crème Hydratante Hypoallergénique,
3283950920766,1,skincare,nettoyant,True,Lingettes nettoyantes bebe,
3284410027902,1,skincare,nettoyant,True,Gelée Nettoyante Et Purifiante - 200 ML - Melvita,
3284410036638,1,skincare,crème,False,Crème Mains Réconfortante Nectar De Miels - 75ML - Melvita,
3286010008985,1,haircare,shampoo,True,Biolane Shampooing Douceur  ,
3286010021007,1,skincare,déodorant,False,Déodorant,
3286010021243,1,skincare,cleanser,True,Body hair cleanser,
3286010021977,1,skincare,douche,False,NaturéMOI - Douche Lait Riz Bio / Milch-Dusche Mit Reis,
3286010031020,1,haircare,cheveux,False,Huile lavante apaisante corps et cheveux,
3286010031075,1,skincare,gel douche,True,Gel douche nourrissant,
3286010035387,1,haircare,gel coiffant,True,Gel coiffant,
3286011059702,4,skincare,cleanser,True,Body hair cleanser,
3287570401025,1,skincare,savon,True,Savon de Marseille liquide,
3287570402145,1,skincare,crème,False,Crème pour les mains,
3291960003416,1,skincare,pore,False,Lait corporel,
3326240023812,2,skincare,lait corps,True,Varens & Co N°09 Lait Corps 50 ML,
3334005020778,1,skincare,crème,False,Crème sublimatrice 2 en 1 mains et ongles,
3337871325220,1,skincare,serum,True,vichy Aqualia Serum,
3337872418587,3,skincare,moisturizing,False,lipkar Ap + Max triple repair moisturizing cream,
3337875201698,1,skincare,hydratant,False,Lait énergisant hydratant,
3337875398961,2,skincare,crème,False,Effaclar H Crème Lavante,
3337875542654,1,skincare,essence,True,Aua hypnotica. Essence botanique défatigante yeux & cils,
3337875543248,3,skincare,booster,True,Mineral 89,Daily Booster
3346470610347,1,skincare,crème,False,Crème remodelante corps sublime,Crème de soin
3346470610415,1,skincare,crème,False,Super Aqua-Crème - Gel Jour,
3346470611733,1,skincare,crème,False,Le Masque Orchidée Impériale,Crème de soin
3348070140019,2,makeup,poudre,False,Henné Color - Poudre Colorante Acajou - 100G,
3348070250206,1,haircare,cheveux,False,Beauté & Hygiène / Soins Des Cheveux / Colorations Naturelles,
3348901141628,1,haircare,curl,False,Diorshow iconic overcurl 684,
3350033025554,2,haircare,laque,True,Bain de bouche multi-protection antiplaque,Bain de bouche antiplaque
3350033025561,1,haircare,laque,True,Bain de bouche Multi-Protection Antiplaque,
3350033156678,1,haircare,laque,True,Laque fixation extra forte,
3350033186309,1,haircare,cheveux,False,gel lavant corps et cheveux pour bébé,
3350033188396,1,skincare,gel douche,True,Gel douche hydratant parfum citron,
3350033198562,1,skincare,crème,False,Crème lavante argan & karité,
3350033362123,1,skincare,nettoyant,True,Eau nettoyante,
3350900000233,1,skincare,hydratant,False,Crème hydratante a l' orange,
3351500001910,1,skincare,déodorant,False,Stick déodorant chrome,
3355999000652,1,skincare,mousse à raser,True,mousse à raser,
3361370640492,1,skincare,gel douche,True,Gel douche Fraîcheur d'eau,
3365000012659,1,skincare,savon,True,Savon De Marseille Liquide Starwax - Flacon Pompe 300 ML,
3373365002222,1,skincare,savon,True,Véritable savon liquide de Marseille,
3378872059882,1,haircare,volume,False,Outrageous volume,
3378872090748,1,makeup,vernis à ongles,True,Vernis à ongles Séphora - Lazy afternoon,
3378872099994,1,skincare,face mask,True,Sephora Collection Face Mask Green Tea 0.78 Oz,
3378872105992,1,skincare,hydratant,False,Crème main hydratante à la mangue,
3378872106005,1,skincare,hydratant,False,Crème mains hydratante,
3378872108207,1,skincare,hydratant,False,Emulsion hydratante tellement differente,
3378872112600,1,makeup,maquillage,True,palette de  maquillage ,
3378872112792,1,skincare,creme,False,Creme main wonderland,
3378872116479,1,makeup,poudre,False,Poudre de soleil irisee,
3380380048067,2,skincare,douche,False,Douche Des Familles - 1L - Douce Nature,
3380380052682,1,skincare,douche,False,douche sensitive hypoallergénique,
3380380061295,1,skincare,douche,False,Douche Douceur Des Iles - 1L - Douce Nature,
3380380071416,1,skincare,aloe vera,False,Déodorant à Bille Bio Aloe Vera ? ? Douce Nature,
3380810040227,1,skincare,anti-rides,False,Clarins Men  Anti-rides fermeté,
3380810040463,1,skincare,hydratant,False,Baume super hydratant Clarins Men,
3380810185249,5,makeup,primer,True,CLARINS SOS PRIMER 00 - Booste l'éclat ,
3380810232424,1,haircare,shampoo,True,ClarinsMen Shampooing Douche,
3380810553109,1,skincare,gommage,False,Gommage &quot;Tonic&quot; Corps,
3380813033103,3,skincare,rasage,False,ClarinsMen Lotion Après-Rasage,
3387101121207,2,haircare,shampoo,True,Shampooing Poils longs,
3400933495947,1,skincare,creme,False,Creme,
3400935598028,2,haircare,volume,False,Eau oxygénée 10 volumes,
3401320353857,2,skincare,nettoyant,True,Neostrata Skin Active Mousse Exfoliante Nettoyante 125 ML,
3401351322617,1,skincare,hydratant,False,Carmex Baume Hydratant Levres Tube,
3401353647930,1,skincare,mist,False,Bioderma Photoderm After Sun Intense Soothing Mist 125ML (after Sun),
3401397176274,1,haircare,shampoo,True,"Shampooing réparateur cheveux abîmés, cassants",
3401520717831,1,skincare,savon,True,Savon Liquide De Marseille Fleur D'oranger,
3401528509032,1,skincare,spf,False,Photoderm max spf50+,
3401543467126,1,haircare,cheveux,False,Dermassentiel Cheveux & Ongles,
3401547573908,2,skincare,crème,False,Crème philomiel,
3401562576519,1,skincare,crème,False,Bepanthen Protect,Crème pour le change
3401599487697,4,skincare,nettoyant,True,Bioderma Abcderm Lingettes Nettoyantes Visage Et Corps. BT,
3415900030502,1,skincare,crème,False,Crème jeunesse mains,
3430750035361,1,skincare,crème,False,Crème main amande douce,
3439496807195,1,skincare,creme,False,Creme lavante main glycerine,
3450270016725,2,skincare,exfoliant,False,Masque pieds en tissu exfoliant,
3450270025543,2,skincare,uva,False,Rêve de fleur Orchidée sauvage,Eau de parfum
3455270841209,2,skincare,douche,False,Shampoing-Douche Détente,
3455270842336,1,skincare,crème,False,Phytonorm Crème Hydra Douceur Au Souci Bio,
3464660000812,5,skincare,aloe vera,False,Lait plaisir du corps Aloe Vera 30%,
3466762056933,1,skincare,crème,False,Crème mains Coquelicot Lin (Je suis Malicieuse),
3468080007079,1,skincare,hydratant,False,Lait hydratant protecteur monoï de tahiti,
3468080100701,1,skincare,creme,False,Corinne De Farme Creme Ultra-Nourrissante 100Ml,
3468080404915,1,skincare,douche,False,Douche Soin Fraîcheur CORINNE DE FARME,
3474393013201,1,skincare,gel douche,True,Gel Douche Framboise-Grenade,
3474630219991,3,haircare,shampoo,True, Serie Expert Paris Silver Shampoo ,
3474630625129,3,haircare,volume,False,Techni Art - Full volume extra,
3474633002156,1,makeup,gloss,True,Gloss protect system,
3476130149150,1,skincare,spf,False,"Huile sèche au réa, bonzage intense, 50% monoï de tahiti. SPF0",
3478820044035,2,skincare,savon,True,Savon Recette D'Alep - Grand Format,
3486330099605,1,skincare,propolis,False,Spray Nasal Propolis 30 ML,
3489940035223,3,skincare,savon,True,Savon de beauté lavande au lait d'ânesse bio,Savon
3489940035278,1,skincare,pore,False,Lait Corporel Au Lait D'anesse + Huiles Essentielles - 500 ML - Cosmo Naturel,
3489940035315,1,skincare,savon,True,Savon Au Lait D'anesse + Miel Frais - 100 G - Cosmo Naturel,
3489940061413,1,skincare,douche,False,Shampoing douche bio,
3489940061598,1,haircare,shampoo,True,Gravier Bio Shampooing Douche Fruits D'ete,
3489940067026,1,skincare,pore,False,Lait D'anesse Bio Lait Corporel,
3489940070590,1,haircare,shampoo,True,Shampooing Douche Fruits D'été Bio - 1L - Ce'Bio,
3489940130027,1,skincare,crème,False,Crème de jour,
3504105025854,2,skincare,crème,False,Crème change,Soin bébé
3504105028596,3,haircare,shampoo,True,Mustela Shampooing Mousse Nourrisson,
3504105028671,1,skincare,crème,False,Crème nourrissante au cold cream,Soin bébé
3504105028947,1,skincare,crème,False,Stelatopia,Crème émolliente
3504105029029,1,skincare,creme,False,Mustela Stelatopia Creme Lavante,
3504105029937,2,haircare,cheveux,False,Mustela Gel Lavant Apaisant Corps & Cheveux ,
3504105029951,1,skincare,hydratant,False,Mustela Lait Hydratant Apaisant ,
3506770004134,1,skincare,spf,False,Crème visage Protection 100% Minérale SPF 50+,
3506770533153,1,skincare,spf,False,15 SPF moyenne protection au Monoï de Tahiti,
3508240202323,1,skincare,creme,False,Lierac Hydragenist Gel-creme Peaux Normales-mixtes Pot,
3511018800744,1,skincare,savon,True,Savon Liquide De Marseille Citron Menthe Le Comptoir Du Bain,
3511720121755,1,skincare,crème,False,Crème mains ilona,
3515450013601,2,skincare,deodorant,True,Bio Secure Pierre D'alun Grenade 50ML (deodorant),
3516170020825,1,skincare,douche,False,Petite douches de Provence aux huiles essentielles bio,
3517360003345,1,skincare,crème,False,Crème visage effet protecteur seconde peau,
3517360003673,2,skincare,nettoyant,True,Gel nettoyant purifiant,
3517360006100,1,skincare,hydratant,False,crème visage hydratante Amande douce,
3517360009767,2,skincare,gel douche,True,Natessance Gel Douche Jasmin,
3517360010978,1,skincare,nettoyant,True,Mousse nettoyante clarifiante,
3517360011425,2,skincare,gel douche,True,Natessance Gel Douche Argan Fleurs D'oranger,
3517360011456,1,skincare,crème,False,Crème De Douche Lait D'ânesse Camomille Sans Sulfates,
3517360012040,1,skincare,aloe vera,False,Hydra Aloe Vera,
3517360012859,1,skincare,gel douche,True,Gel douche,
3517360013788,1,makeup,contour,False,Eye contour,
3517360016161,1,haircare,shampoo,True,Shampooing Huile Ricin Et Jojoba - 250ML,
3518646026331,1,skincare,douche,False,Shampoing douche minoï de Tahiti,
3518646127014,1,skincare,scrub,False,Gilbertscrub,
3519590252289,1,skincare,savon,True,Savon Liquide,
3522930000693,5,skincare,gel douche,True,Caudalie Gel douche fleur de vigne,
3522930000785,1,skincare,body lotion,True,CAUDALIE Nourishing Body Lotion,
3522930001096,1,skincare,hydratant,False,Crème sorbet hydratante,
3522931030798,1,skincare,crème,False,crème gourmande,
3532662030004,1,makeup,mascara,True,Mascara allongeant,
3532678326221,2,makeup,poudre,False,Poudre dentaire blanchissante,
3537090011304,1,skincare,savon,True,Savon Liquide Neutre,
3537090016279,1,haircare,cheveux,False,Gel lavant corps et cheveux,
3538394920026,2,skincare,gel douche,True,Gel Douche Protecteur à L'Olive - 1L - Coslys,
3538394920231,1,haircare,cheveux,False,Beauté & Hygiène / Soins Des Cheveux / Shampoing Cheveux Gras,
3538394920279,1,skincare,visage,False,150ML Cosmousse Visage,
3538396121100,2,haircare,gel coiffant,True,Gel Coiffant,
3538396251104,1,skincare,hydratant,False,Masque hydratant,
3545230141347,1,makeup,maquillage,True,Miss Cop Palette De Maquillage 30 Couleurs,
3548752085328,1,makeup,fond de teint,True,Fond de teint couvrance invisible - R330,
3549620007640,4,skincare,crème,False,Crème Douche Extra douce Lait D'amande Hypoallergénique,
3549620008289,1,skincare,crème,False,"Crème De Soin Sans Rinçage Aux Huiles D'olive, Karité Argan - Cheveux Secs Et Abîmés",
3549620011623,1,skincare,hydratant,False,Crème mains Hydratante l'huile d'olive  Fluide & non grasse,
3549620033007,1,skincare,crème,False,Crème mains nourrissante,
3549629000369,2,skincare,crème,False,Crème corps réparatrice ,
3551780120053,1,skincare,gel douche,True,gel douche,
3551780820168,2,skincare,savon,True,savon de marseille liquide a l'orange confite,
3558421015006,1,skincare,savon,True,Savon Liquide De Marseille - Bio,
3560070624201,1,skincare,douche,False,Huile de douche richesse nutritive  à l'huile d'argan,Huile de douche
3560070743209,1,skincare,nettoyant,True,Spray nettoyant ,
3560070881406,3,skincare,creme mains,True,Creme mains réparatrice,
3560070885251,3,haircare,laque,True,Laque fixation normale,
3560071010430,1,skincare,gel douche,True,gel douche au monoï de Tahiti,
3564700091432,1,haircare,shampoo,True,"Shampooing Soin Volumateur, 250 Millilitres",
3564700213346,1,haircare,volume,False,Alcool à 70% volume au camphre,
3564700291696,1,skincare,crème,False,"Crème Lavante Perles D'oranger, 300 Millilitres",
3564700389232,1,skincare,nettoyant,True,Eau nettoyante hydratante,
3564700667781,1,skincare,mousse à raser,True,Mousse à raser,
3564700716717,1,skincare,gel douche,True,Carré Homme - Gel Douche Séduction / Duschgel For Men Verführung,
3564700717158,1,skincare,peel,False,Manava - Gommage Corps / Körperpeeling Mit Brauner Zucker,
3567730300376,1,haircare,shampoo,True,Shampooing Douche Provence - 1 L - Dermaclay,
3567730800265,1,skincare,aloe vera,False,Déodorant à Bille Bio Aloe Vera & Thé Vert - - Dermaclay,
3574660156324,1,skincare,nettoyant,True,Visibly Clear gel nettoyant exfoliant douceur,
3574660502527,3,skincare,hydratant,False,Cicabiafine - Baume Douche Hydratant Surgras,
3574660538359,1,skincare,sensitive skin,False,Piz Buin allergy sun sensitive skin lotion,
3574660571462,1,skincare,scrub,False,pink grapefruit daily scrub,
3574660607109,2,skincare,crème,False,crème mains concentrée,
3574660618440,1,skincare,nettoyant,True,Eau nettoyante,
3574660618488,2,skincare,crème,False,Crème lavante cheveux et corps,
3574660653533,1,skincare,hydratant,False,Baume hydratant protecteur,
3574661012582,1,skincare,gel douche,True,Gel douche flor de laranjeira,
3574661016450,1,skincare,crème,False,"Crème Lavante Cheveux Et Corps Bébébiafine, 1L",
3574661039732,1,skincare,nettoyant,True,Visibly clear shine & pore gel nettoyant matifiant,
3574661163918,1,skincare,crème,False,douche crème hypoallergenique,
3574661183923,1,skincare,hydratant,False,"Le Petit Marseillais - Lait Hydratant Karite,Amande,Huile D'argan Lotion / Körperlotion-Bodylotion",
3574661184128,1,skincare,lait corps,True,Lait corps,
3574661185699,1,skincare,nettoyant,True,Visible clear spot control gel nettoyant,
3574661193137,2,skincare,gel douche,True,Gel douche cheveux et corps Menthe et Agrumes,
3574661260419,1,skincare,déodorant,False,Déodorant 24 h extra doux lait de vanille,
3574661288840,1,skincare,hydratant,False,Spray hydratant Nutrition express,
3574661362830,1,skincare,hydratant,False,Lait soin hydratant sublimant,
3574661365640,1,skincare,crème,False,douche crème de soin sublimante,
3583262404719,4,skincare,nettoyant,True,Gel Nettoyant Purifiant,
3593290027217,1,skincare,lait corps,True,Lait corps fleur de jasmin,
3595894852813,2,skincare,moisturizing,False,Omega Pharma Addax Hycalia Moisturizing And Anti-roughness Cream 75ML (hand Care),
3596202024182,1,skincare,crème,False,Onagre crème mains revitalisante,
3596204358520,1,skincare,crème,False,Weleda Bébé Calendula - Crème protectrice Visage,
3596204590951,1,skincare,crème,False,weleda crème de douche vivifiante citrus,
3596206129852,1,skincare,crème,False,Crème Mains à L'amande - 50ML - Weleda,
3596206529621,2,skincare,crème,False,Weleda Bébé Calendula - Crème pour le change,Crème au Calendula pour le change
3596206627433,1,skincare,déodorant,False,Déodorant au citrus,
3596209936310,5,skincare,lait corps,True,Lait corps vivifiant Citrus,
3596490000103,1,skincare,douche,False,Roge Cavailles SURGRAS ACTIF Gel Bain Et Douche,
3596490003661,1,skincare,hygiene,False,Soin toilette intime Extra doux (intimate Hygiene),
3596490005108,1,skincare,douche,False,Huile bain et douche,
3596710177479,1,skincare,mousse à raser,True,Mousse à raser Auchan,
3596710190980,1,skincare,mousse à raser,True,Mousse à raser hydratante a l'allantoïne,
3596710191116,1,skincare,mousse a raser,True,Mousse a raser peaux fragiles,
3596710200795,1,skincare,déodorant,False,Auchan Déodorant Bille Dermoprotecteur Peaux Normales,
3596710410149,1,skincare,déodorant,False,Déodorant mûres et grenades,
3597610185519,1,skincare,creme,False,Creme protectrice,
3600520461427,1,makeup,fond de teint,True,Fond de teint accord parfait,
3600521625262,2,haircare,shampoo,True,Elvive Energizzante Shampoo Delicato Citrus.Cr,
3600522081906,1,makeup,bb cream,True,BB Cream / CC Cream Nude Magique BB Cream,
3600522727941,2,haircare,shampoo,True,Elvital Soin Defense Schützendes Sommer-Shampoo,
3600522838906,1,makeup,fond de teint,True,Accord parfait - Fond de teint fondant unifiant perfecteur,
3600523161522,1,makeup,fond de teint,True,Fond De Teint Cushion Nude Magique,
3600523176168,1,makeup,blush,True,Blush Sculpt,
3600523204038,3,skincare,crème,False,Crème lavante nutritive ,
3600523232499,1,skincare,gel douche,True,Gel douche bois agrumes,
3600523426492,1,haircare,shampoo,True,Shampooing apaisant Phytoclear Antipelliculaire,
3600530768424,1,makeup,fond de teint,True,Dream nude mousse fond de teint ,
3600540569035,1,makeup,bronzer,True,Natural. Bronzer,
3600540809902,1,haircare,shampoo,True,Shampooing ,
3600541269040,1,skincare,crème,False,Crème bienfaisante,
3600541436404,2,skincare,mist,False,Garnier Ambre Solaire Dry Mist 10,
3600541480285,1,skincare,crème,False,Garnier Pure Active BB Crème Anti-imperfections,
3600541660489,1,haircare,shampoo,True,Garnier Fructis Shampoo,
3600541933927,1,skincare,gel douche,True,Gel douche Miel,
3600542023870,1,haircare,shampoo,True,Wahre Schätze Shampoo Grüner Tee,
3600550136180,1,skincare,moisturizer,False,dark and lovely olive oil moisturizer ,
3600550216424,3,skincare,spf,False,Crème Solaire Peaux sensibles SPF 50,
3600550216585,6,skincare,spf,False,Mixa solaire peau sensible SPF 30,
3600550362428,1,skincare,crème,False,Crème douche douceur velours,
3600550362541,3,skincare,spf,False,Spray Solaire Tolérance Optimale Spf50+,
3600550362558,1,skincare,spf,False,Spray Solaire Tolérance Optimale Spf30,
3600550362725,1,haircare,cheveux,False,expert cheveux courts ,
3600550518054,1,haircare,gel coiffant,True,Gel coiffant aux vitamines ,
3600550538137,1,skincare,crème,False,MIXA - Crème Mains Multi-Confort Cold Cream,
3600550812572,2,skincare,spf,False,Brume Solaire Peau Sensible SPF 30,
3600550816839,2,skincare,déodorant,False,Déodorant 24 h micro talc lait d'aloé,
3600550894554,1,skincare,douche,False,Huile de douche apaisante Atopiance,
3600550920765,1,skincare,spf,False,Lait Solaire Protection Bebe 1ères Vacances Spf50+,
3600550944341,1,haircare,laque,True,Eclat laque,
3600550945010,1,haircare,shampoo,True,Shampooing à l'huile d'argan,
3605970754099,1,skincare,sunscreen,True,Kiehls - Sunscreen #mineral,
3605971345746,1,skincare,cleanser,True,Kiehl's Blue Herbal Blemish Cleanser Treatment,
3605971764141,1,skincare,micellar,True,herbal infused micellar cleansing water,
3610340008672,1,haircare,hair mask,True,Dark & Amla Legend Deep TreatmentHair Mask,
3614271567765,3,makeup,mascara,True,Mascara volume effet faux cils ,
3660005004457,1,makeup,poudre,False,Poudre beige moyen,
3660005083612,1,skincare,creme,False,Creme pour mains et pieds,
3660005111582,1,skincare,crème,False,Sebo Végétal - Gel Crème Zéro Défaut,
3660005129419,1,skincare,hand cream,True,Yves Rocher Candied Orange & Almond Hand Cream,
3660005152486,1,skincare,hand cream,True,Blackberries Hand Cream,
3660005153841,5,skincare,crème,False,Crème douche douceur fleur de coton d’Inde,
3660005163260,1,haircare,cheveux,False,huile réparatrice cheveux,
3660005309774,1,skincare,hydrating,False,Yves Rocher Hydra Vegetal Creme Hydrating Gel Cream,
3660005386164,1,skincare,gel douche,True,Gel douche gommant canneberge et amande,
3660005423081,1,skincare,gel douche,True,gel douche fleur de tiaré ylang-ylang,
3660005431383,2,skincare,hydratant,False,Crème mains hydratante longue durée,
3660005433530,1,skincare,douche,False,bain douche vanille ,
3660005438542,1,skincare,serum,True,Serum végétal rides & éclat roll-on illuminateur regard,
3660005466439,1,skincare,douche,False,Bain douche,
3660005549897,1,skincare,scrub,False,Purifying Scrub,
3660005562117,1,skincare,nettoyant,True,sensitive végétal crème nettoyante démaquillante ,
3660005570075,1,skincare,nettoyant,True,seb végétal gel nettoyant ,
3660005571324,1,skincare,crème,False,Hydro végétal gel crème hydratation intense,
3660005643427,3,skincare,crème,False,Lait crème Nutrition 3 en 1,
3660005770826,1,skincare,serum,True,Serum végétal rides & éclat Nuit,
3660005780313,1,skincare,savon,True,Savon exfoliant energisant,
3660005788616,1,skincare,nettoyant,True,Nettoyant démaquillant surgras,
3660005811031,1,skincare,visage,False,Gel désincrustant visage ,
3660005843711,1,skincare,gel douche,True,Gel douche concentré,
3661434000423,2,skincare,cleanser,True,Uriage 1ere Eau No Rinsing Cleanser  (cleanser),
3661434001062,1,skincare,hygiene,False,Uriage Gyn 8 Gel Apaisant Toilette Intime Muqueuses Irritees 100ML (intimate Hygiene),
3661434001345,1,skincare,spf,False,Crème SPF 30 Bariésun,
3661434002335,1,skincare,nettoyant,True,xémose huile nettoyants apaisante ,
3661467002036,2,skincare,anti-âge,False,Le matifiant anti-âge expert,
3661467002043,1,skincare,crème,False,Crème Repulp,
3661467002067,1,skincare,lifting,False,Sérum lifting instantané,
3661467002227,3,skincare,booster,True,Sérum Booster à l’Acide Hyaluronique,
3661467002234,1,skincare,booster,True,Booster vitamine C,
3661467002326,2,skincare,nettoyant,True,Nettoyant lacté,
3661467002333,1,skincare,anti-âge,False,Contour des yeux anti-âge expert,
3661467002463,1,skincare,crème,False,Masque détox à la crème d’argile rose,
3661467002494,2,skincare,gommage,False,Gommage Douceur Hydro-Biotique,
3661596986405,1,haircare,shampoo,True,Shampooing cheveux colorés,
3662076019002,1,skincare,mousse à raser,True,Mousse à raser peaux sensibles,
3662217005147,1,makeup,contour,False,Soin Contour Des Yeux à L'huile De Karité Bio - Avril,
3662217006625,1,skincare,crème,False,Crème Premières Rides - Avril,
3663518166421,1,skincare,douche,False,Douche précieuse,
3664262000160,1,skincare,crème,False,crème nourrissante mains et ongles,
36623846,1,makeup,fond de teint,True,Fond de teint hydratant,
3700100721108,1,skincare,exfoliant,False,Gomme epil minute,gel exfoliant pré-épilation
3700181300902,1,skincare,déodorant,False,Déodorant bille,
3700211191210,1,skincare,propolis,False,Dentifrice à la propolis,
3700281702040,1,skincare,nettoyant,True,Gel nettoyant surgras,
3700281702507,2,skincare,creme,False,topicreme,
3700446410162,1,skincare,douche,False,Mousse De Douche - Peaux Sensibles,
3700454222894,1,skincare,exfoliant,False,Exfoliant douceur,
3700479107244,2,skincare,savon,True,Savon d'alep alepia,Savon d'Alep
3700479110138,1,haircare,shampoo,True,Shampooing d'Alep Original à l'huile de Nigelle ,
3700568405794,1,skincare,crème,False,Crème Teintée pour le corps ,
3700599200917,1,skincare,savon,True,Savon extra doux,
3700599201037,1,skincare,savon,True,Savon Miel Pamplemousse Orange Douce,
3700599201105,1,haircare,shampoo,True,Shampooing Douche,
3700599201266,1,skincare,savon,True,Savon extra doux,
3700599201389,2,skincare,savon,True,savons nourrissants et surgras amande et miel,
3700601503319,1,skincare,savon,True,La maison du savon de marseille,
3700601504378,1,skincare,savon,True,Savon noir liquide,
3700616300026,1,skincare,hydratant,False,Ylae crème de jour hydratante,
3700668700201,1,haircare,cheveux,False,Love & Green Gel Corps & Cheveux Hypoallergénique 0% 750ML,
3700668700225,2,skincare,nettoyant,True,Eau nettoyante hypoallergénique,
3700719011621,1,skincare,creme,False,Creme main,
3700743357801,1,makeup,primer,True,face primer,
3700914602600,1,skincare,visage,False,Huile soyeuse visage et cou,
3700914602938,2,skincare,crème,False,Crème pieds Multi-actions,
3701120000266,1,skincare,serum,True,Hair serum,
3701129800218,2,skincare,spf,False,Photoderm Kids SPF 50+ Mousse solaire,
3760013822477,2,skincare,lait corps,True,Lait corps pour tous,
3760019121703,1,skincare,crème,False,crème ultra émolliente ,
3760026150475,1,skincare,crème,False,Déodorant crème menthe verte karité coco,
3760033480343,1,skincare,déodorant,False,Déodorant pierre d’alun,
3760062882255,1,skincare,savon,True,Savon liquide de Marseille,
3760075070045,1,skincare,nettoyant,True,Alphanova Bébé Eau Nettoyante,
3760075079215,2,skincare,crème,False,Montbrun Crème Réparatrice Mains Bio 50ML,
3760084420343,1,skincare,aloe vera,False,"Gel lavant pour les mains aux huiles essentielles de menthe poivrée, de pin maritime et à  l'extrait d'aloe vera",
3760087903539,1,skincare,savon,True,3 savonnettes naturelles à l'abricot,
3760089422823,3,skincare,lait corps,True,Lait corps centella,
3760096760284,1,skincare,crème,False,Crème contrôle pureté,
3760099311865,1,skincare,déodorant,False,Déodorant alun minéral,
3760099593216,2,skincare,hydratant,False,Cadum Bebe Lait De Toilette Hydratant Bio Sans Rinçage. FL Pompe,
3760099594367,1,skincare,nettoyant,True,Bébé Cadum Lait de Toilette Nettoyant et Hydratant ,
3760099702083,1,skincare,crème,False,Edenens Nectar Purifiant Crème Sébo régulatrice,
3760100173079,1,haircare,shampoo,True,Shampooing protecteur douceur d'amande,
3760100682717,2,haircare,shampoo,True,Shampooing argan,
3760114994196,1,skincare,crème,False,Polaar Nuit Polaire Crème Revitalisante,
3760117511444,1,haircare,shampoo,True,Après-shampooing thé vert bio & huile essentielle de citron,
3760123181525,1,skincare,crème,False,Crème Ultra Réparatrice 20% Miel De Manuka Iaa10+ - 40 ML - Comptoirs & Compagnies,
3760123181549,2,skincare,hydratant,False,Lait Hydratant Bébé Miel De Manuka - 200 ML - Comptoirs & Compagnies,
3760135010035,1,skincare,cleanser,True,Advanced cleanser,
3760138266590,1,skincare,crème,False,Crème d'Urgence Peaux sèches 48h,
3760138268945,1,skincare,peel,False,Dermopeeling,
3760138839381,1,makeup,poudre,False,Le shampoing poudre,
3760141877462,1,haircare,shampoo,True,Shampooing purifiant,
3760143830809,1,skincare,crème,False,Crème De Jour Argan,
3760162120424,1,skincare,savon,True,MKL Savon De Marseille the Vert 1 Litre,
3760163291338,1,skincare,savon,True,Sapophile,Savon surgras
3760172446583,1,skincare,gel douche,True,Gel Douche Karité Format Familial 1 Litre - Bio Seasons,
3760172620242,1,haircare,shampoo,True,Shampooing Les TINCTORIAUX,
3760182264511,1,haircare,shampoo,True, shampooing douche,
3760189190066,2,skincare,savon,True,Savon surgras bio au lait de chèvre alpine ,Savon surgras
3760189190226,1,skincare,pore,False,Soin Hydratant Corporel,
3760201130513,2,skincare,déodorant,False,Déodorant solide,
3760207112094,2,skincare,hydratant,False,Masque-chaussettes hydratant,
3760210760121,1,skincare,douche,False,Toofruit Sensibulle Gelée De Douche Haute Tolérance Framboise Fraise,
3760210792245,1,skincare,crème,False,Crème réparatrice et nourissante,
3760230250022,1,skincare,savon,True,Savon noir MULTI usage,
3760230251265,1,skincare,savon,True,Savon noir bain douche à l'huile d'olive bio,
3770000175271,1,haircare,shampoo,True,Poil à degratter shampooing doux ultra apaisant ,
3770001319124,1,skincare,aloe vera,False,shampoing aloe vera,
3770002306130,1,skincare,crème,False,Amant Du Soir - Crème Régénérante,
3770002703090,3,skincare,crème,False,Ma Crème de Jour,
3770004724017,1,skincare,hydratant,False,Lait corp hydratant vinesime,
3770005171100,1,skincare,savon,True,Savon d'Alep,
3770005798062,1,skincare,savon,True,Savon à Froid Le Suisse Neutre 100GR Clémence Et Vivien,
3770006098116,1,skincare,savon,True,Savon,
3770010488026,1,skincare,déodorant,False,Déodorant naturel,
4001638075107,2,haircare,shampoo,True,Weleda Kids Douche & Shampooing 2-en-1 Citron Vert Pétillant,
4005800016264,3,skincare,hydrating,False,dermo PURIFYER adjunctive hydrating care,
4005800102363,1,skincare,spf,False,Lotion Sun Protection kids SPF 50+,
4005800636516,1,skincare,mousse à raser,True,Mousse à raser,
4005808223244,1,skincare,crème,False,Crème à raser NIVÉA,
4005808669424,3,skincare,peel,False,Tägliches Wasch-Peeling,
4005808825462,1,skincare,lait corps,True,Nivea lait corps douche ,
4005808891641,6,skincare,deodorant,True,Deodorante Talc sensation,
4005900016607,1,skincare,anti-age,False,Soin anti-age Q10 plus mains sèches,
4005900176868,4,skincare,rasage,False,Nobacter Gel De Rasage. Aérosol,
4005900183828,1,skincare,creme,False,Styling Cream Creme Gel,
4005900246592,1,skincare,crème,False,Baby sun Crème solaire très haute protection FPS 50+,
4005900273994,1,skincare,nettoyant,True,Nivea Baby Lait Nettoyant,
4005900441171,1,skincare,crème,False,Lait crème douceur,
4008233112657,1,skincare,douche,False,Douche lavande,
4008233121949,1,skincare,crème,False,crème bad ,
4010355125422,2,skincare,hygiene,False,Hygiene-Tücher - Desinfektion - 15 Tücher,
4010355141859,1,haircare,shampoo,True,babylove shampoo,
4010355252661,1,skincare,peel,False,"Peeling Bio-Aprikose, Bio-Calendula",
4010355301604,1,skincare,creme,False,5in1 zahn-creme,
4015000911955,2,skincare,creme,False,2 in 1 - Zahncreme + Mundspülung - Original,
4015000995030,1,skincare,gel douche,True,fa men - Attraction force,gel douche
4015600628680,1,haircare,volume,False,Wild mega volume,Mascara
4016369527399,1,skincare,crème,False,Crème au souci bio calendula,
4017645011243,3,makeup,nail polish,True,Natural nail polish remover,
4017645011946,1,makeup,powder,False,Logona - Face powder,
4017645021372,1,skincare,creme,False,BIO Avocado Vitamincreme,
4017645040724,1,skincare,hydratant,False,Fluide Hydratant Menthe Bio - 30 ML - Logona,
4020829004931,2,skincare,crème,False,Crème de jour fluide,
4021457476169,1,skincare,crème,False,Crème Pour Les Mains 75ML Lavera,
4021457605804,1,skincare,creme,False,Men Sensitiv Pflegende Feuchtigkeitscreme,
4021457607914,1,haircare,shampoo,True,Organic Aloe Vera wash lotion & shampoo,
4021457613809,1,skincare,creme,False,Zahncreme Classic,
4021457614233,1,skincare,savon,True,Savon liquide,
4021457620005,2,haircare,shampoo,True,Shampooing éclat & Souplesse Bio Fleurs De Mauve & Extrait De Perle - 250ML - Lavera Hair,
4021457620029,2,haircare,cheveux,False,Shampoing Fraîcheur Et Anti-cheveux Gras Bio - 250 ML - Lavera,
4021457621538,1,skincare,nettoyant,True,nettoyant gommage masque,
4025089076933,2,skincare,crème,False,Crème 24H Grenade Bio Et Figue - 150 ML - Sante,
4025089080527,1,skincare,creme,False,Hand- & Nagelpflegecreme,
4040218130065,2,haircare,shampoo,True,Methode Sensitive Lipokerine E,shampooing concentré pour cuirs chevelus sensibles
4045787387773,1,haircare,shampoo,True,Osis+ shampooing sec gainant,
4051089883110,1,haircare,shampoo,True,Shower + Shampoo,
4084500128880,2,haircare,shampoo,True,Clearly Naked Moisture Shampoo,
4084500272088,1,haircare,shampoo,True,H&S shampoo,
4103040019448,1,haircare,shampoo,True,Antischuppen Shampoo,
42207979,1,skincare,aloe vera,False,Handcreme mit Bio-Aloe Vera,
42246657,1,makeup,powder,False,powder touch,
4251347400220,1,skincare,scrub,False,Hello Body Coco Glam Pink Body Scrub,
4260029174601,1,skincare,creme,False,Hautschutz- und Hautpflegecreme mit Bienenwachs,
4260167182360,1,skincare,aloe vera,False,handcreme soft bio aloe vera,
4260198091754,1,skincare,body lotion,True,Body lotion,
4260198091907,3,skincare,hand cream,True,hand cream classic -sensitive,
4305615338798,1,skincare,creme,False,"Handcreme 5,5% Urea",
4305615339221,1,skincare,peel,False,Fruchtsäure Peeling,
4305615481593,1,skincare,serum,True,Q10 Lifting Serum,
4305615502458,1,skincare,peel,False,Peeling Aktiv Kohle,
4305615618913,1,skincare,peel,False,Body-Peeling Bio-Kaffee,
4311501359235,1,skincare,creme,False,Gesichtscreme,
4335896491806,1,haircare,shampoo,True,Baby mildes Shampoo,
4389554945958,1,haircare,shampoo,True,DOP shampooing aux oeufs,
4511413501511,4,skincare,cleansing oil,True,Deep Cleansing Oil,
4543112787378,1,makeup,powder,False,Make up powder,
4710094102998,1,skincare,body wash,True,Dove gentle exfoliating body wash,
4901872895830,1,haircare,shampoo,True,Super mild shampoo,
4902430574051,2,skincare,cleanser,True,Revitalising Cream Cleanser,
5011321489851,2,skincare,crème,False,Fixodent original,crème fixative pour appareils dentaires
5011451106277,2,skincare,moisturising,False,Baby Moisturising Bath,
5022545078448,2,haircare,conditioner,True,Disney Frozen Conditioner,
5025135411649,1,skincare,crème,False,Crème ,
5028197121990,1,makeup,bb cream,True,The Body Shop Vitamin E Cool BB Cream,
5028197479534,1,skincare,shower gel,True,Coconut Bath Shower Gel / Cream,
5028197527204,3,skincare,gel douche,True,Gel douche virgin mojito,
5028197546250,1,skincare,crème,False,Atlantic Seaweed Cream. Gel-crème corps revitalisant,
5028197607319,1,skincare,crème,False,Crème de nuit apaisante aloe,
5028197682811,2,skincare,pore,False,Spa wisdom Maroc Brume dernière touche fleur d'oranger,Brume corporelle
5028197751418,3,makeup,foundation,True,Mate clay skin clarifiying foundation,
5028197824778,1,skincare,pore,False,Lait corporel doux & satine,
5028197890278,1,skincare,pore,False,mangue beurre corporel,hydratant
5028197953669,2,skincare,pore,False,beurre corporel à l'olive,
5038483753927,1,makeup,contour,False,"Préservatifs, Contour, ultra-fins et extra lubrifiés pour des sensations préservées",
5045498902158,1,makeup,blush,True,My Burberry - Blush - Eau de Parfum,
5052319401868,2,skincare,soothing,False,Soothing Bedtime Bath,
5052319403237,3,skincare,moisturising,False,Moisturising baby lotion,
5055586604970,1,haircare,conditioner,True,Conditioner,
5060059575268,1,haircare,thickening,False,Thickening,
5060110223718,1,makeup,primer,True,SUPPRIMER,
5060120165794,1,haircare,conditioner,True,Kératine Classic conditioner,
5060176673458,3,skincare,face mask,True,Face mask virgin olive oil,
5099821001261,2,skincare,body butter,True,Hawaiian Tropic Aftersun Body Butter Exotic Coconut,
5099821001872,1,skincare,sun protection,False,Satin protection Sun protection continuous spray,
5163913807403,1,haircare,shampoo,True,Shampooing douche energisant,
5201109623632,1,haircare,shampoo,True,Olivia Classic Shampoo Droog Haar,
5203069041921,2,skincare,hydratant,False,crème hydratante pour les mains huile d'amande et calendula,
5203069043260,2,skincare,gel douche,True,gel douche figue,
5203069043314,1,skincare,pore,False,lait corporel figue,
5203069063718,1,skincare,douche,False,Get douche cèdre,
5203069066139,1,skincare,nettoyant,True,emulsion nettoyante thé de l'Olympe,
5283157084559,2,haircare,shampoo,True,Amika Bust Your Brass Cool Blonde Shampoo Sea Buckthorn Berry (Obliphica),
5410091718329,3,haircare,shampoo,True,Shampoo,
5410091730482,1,skincare,hydratant,False,Eau micellaire hydratante,
5410306883040,1,skincare,crème,False,Crème lavante main,
5410443814501,1,makeup,primer,True,SUPPRIMER,
5413525201107,1,haircare,shampoo,True,Shampooing lavande,
5413525211106,1,skincare,gel douche,True,Shampooing gel douche romarin,
5425001841660,1,skincare,spf,False,Lait solaire Baby & Kids SPF 50+,
5430000060240,1,haircare,keratin,False,Premium Keratin,
6291100410088,2,haircare,shampoo,True,Henna shampoo,
6901294280755,1,skincare,scrub,False,Crystal body scrub gel,
6903148213469,1,haircare,shampoo,True,Shampoo,
6907376501299,1,haircare,shampoo,True,Baby shampoo,
6920177917489,1,haircare,conditioner,True,Hydro Collagen Conditioner,
6928820029572,5,skincare,micellar,True,Garnier Skin Naturalis Micellar Cleansing Water All-in-1,
6942074216533,1,skincare,hand cream,True,Collagen by watsons - moisturising and firming hand cream,hand cream
7001756383709,1,skincare,creme,False,Handcreme,
72789254,1,haircare,shampoo,True,Syoss Repair Shampoo,
7290008017930,1,skincare,crème,False,Moraz Crème Mains,
7290015877657,1,haircare,volume,False,Gelée densifiante Volume,
7290107427159,1,skincare,retinol,False,Retinol Anti Wrinkle Cream,
7611330011111,1,skincare,creme,False,Bodycreme ,
7611916125294,1,skincare,crème,False,Weleda crème douche lavande,
7630028604947,1,skincare,body lotion,True,Body lotion ,
7640143474622,2,skincare,douche,False,Shampoing Douche Mandarine Bio - 1L - Helvetia Natura,
7702018980857,1,skincare,rasage,False,Gel rasage,
7790010915199,1,haircare,shampoo,True,Gohmso's baby shampoo,
7891150033580,1,haircare,shampoo,True,Shampoo tresemme oil radiante 400ml,
7891528038568,2,skincare,creme,False,Sorriso Fresh Gel Menthol Impact,Creme dental com refrescante bucal
7899572806164,1,makeup,mascara,True,mascara CPA Lola cosmetics,
8001090328809,1,skincare,essence,True,Herbal Essences,
8002340013223,3,skincare,shave,False, After shave balm,
8002410021042,4,skincare,spf,False,Burrocacao Crema solare 30 SPF,
8011502006713,1,skincare,nettoyant,True,Lingettes nettoyantes avec eau active d’orange douce et extrait de ficus,
8029408017290,1,skincare,crème,False,Crème Mains Miel,
8029408029705,1,skincare,hydratant,False,Crème Hydratante Forte A. Hyaluronique - 50 ML,
8029408030664,1,skincare,douche,False,Bain douche nourrissant,
8410412021838,2,skincare,aloe vera,False,Aloe Vera Acondicionador instantáneo - 2 phase nutritivo,
8411047143148,1,skincare,aloe vera,False,Instituto Español Aloe Vera Crema Manos Y Cuerpo 50 ML,
8420649140073,1,skincare,lotion corporelle,True,Lotion corporelle,
8420651417200,1,haircare,curl,False,Herbal BIO Nature Rizos/Boucles/Curl Definition,
8428219000048,1,skincare,exfoliant,False,Deep Clean Vivifiant Gel Exfoliant,
8430321005071,1,skincare,aloe vera,False,Gel de baño aloe vera,
8430830508216,1,skincare,peel,False,Dietesthetic Beauty Purify Black Carbon Peel-off,
8431876069952,1,skincare,nettoyant,True,Baby Lingette Bebe Eco Recharge Rectangulaire 72ctnettoyant Et Adoucissant Epaisse Aloe Vera,
8432729003314,2,haircare,hair loss,False,Hair Loss Control Lotion,
8437004596116,1,skincare,aloe vera,False,Aloe Vera Gel 99% Lanzarote,
8437007627244,1,skincare,aloe vera,False,Aloe vera,
84518149,1,skincare,hydrating,False,pai avocado & jojoba hydrating cream,
8480000746467,1,skincare,aloe vera,False,Aceite Corporal Aloe Vera,
8690131656089,1,skincare,scrub,False,"Farmasi Face Scrub, Lime,",
8699211770219,1,skincare,crème,False,Crème réductrice de pilosité (oeufs de fourmis),
8710447250686,5,skincare,gel douche,True,Dove Gel Douche Coco,Gel Douche
8710447274651,3,skincare,gel douche,True,Dove Gel Douche Mousse Peau Sensible 24h Douceur Pompe,Gel Douche Mousse
8710447774564,1,skincare,aloe vera,False,Skip sensitive 27 lavages. Hypoallergénique avec Aloe Vera.,
8710908238482,1,haircare,laque,True,Timotei Laque Volume de Reve,Laque Capillaire
8710908307645,1,haircare,cheveux,False,Timotei Après Shampoing Cheveux Normaux,Après Shampoing
8710908334566,4,haircare,cheveux,False,AXE Styling Cire Cheveux Brillance Classic Look Fixation Medium Pot,Cire Cheveux
8710908436581,1,skincare,crème,False,Dove Nourishing Care & Oil Crème Douche,
8710908445699,1,skincare,gel douche,True,Axe Sacoche Eau de Toilette Déodorant Gel Douche Black x1,Axe sacoche 3p black
8710908755651,1,haircare,cheveux,False,Timotei Blond Lumière Shampoing Sec au Extrait d'Orange Cheveux Blonds,Shampoing Sec
8710908756665,1,haircare,cheveux,False,Timotei Richesse Suprême Après Shampoing Femme Enrichie à l'Huile de Buriti Cheveux Très Secs,Après Shampoing Femme
8710919155136,1,skincare,crème,False,Bain & Douche Crème Vanille,
8711231103485,2,haircare,shampoo,True,Shampooing pour peaux irritées,
8711231150229,1,haircare,shampoo,True,Shampooing pour chien ,
8711341465022,2,haircare,laque,True,Bain de Bouche Anti Plaques,
8711600954595,1,skincare,mousse à raser,True,Williams expert Gel Peau sensible,Mousse à Raser Gel
8711661020369,1,skincare,crème,False,Crème de nuit pour les mains,
8711700634922,1,skincare,déodorant,False,Brut - Déodorant - Eau De Toilette - Sport Styl?,
8711700917759,1,haircare,shampoo,True,Shampooing Blond Lumière 0% Parabens,
8712561013215,1,haircare,shampoo,True,Shampooing Blond Lumière - Timotei,
8712561018333,1,skincare,douche,False,Axe Douche Gel Marine 250ML (ov ),
8712561519892,3,skincare,déodorant,False,Axe Déodorant Homme Dark Temptation XL 150ml,Déodorant Homme
8712561631112,1,skincare,body wash,True,Dove Purely Pampering Coconut Milk With Jasmine Petals Nourishing Body Wash,
8712561772075,2,skincare,gel douche,True,Dove Gel Douche Amande et Hibiscus,Gel Douche
8714100011379,1,skincare,micellar,True,Simple Shower Gel Micellar Water,
8714100481059,1,skincare,déodorant,False,Déodorant you fresh clean,
8714319174605,1,skincare,shower gel,True,Zen White Lotus,Foaming Shower Gel
8714789355511,1,skincare,douche,False,Douchegel Tahiti 250ML Perle De Soin Papaya,
8714789376783,3,skincare,crème,False,Palmolive Naturals Melk & Olijf Handzeep,"Hydrateer je handen met de Palmolive Naturals Ultra Hydraterend Olijfmelk Crèmezeep. De dermatologisch geteste zeep is verrijkt met olijfmelk en aloë vera-extracten en zorgt voor zijdezachte, schone handen."
8714789999203,1,skincare,lait corps,True,DermoRestore lait corps ,
8715342007038,1,skincare,acne,False,Parche Anti Acne 36 Piezas Hidrocoloide Y Hipoalergénico,
8715342021744,1,skincare,hand cream,True,Vitamine e hand cream,
8716716044574,1,skincare,douche,False,Zensation Mousse De Douche - Format Voyage,
8716716054856,1,skincare,body cream,True,Rituals Ultra Rich Whipped Body Cream Touch of Happiness,
8717163411216,1,skincare,firming,False,Dove firming nourishing lotion,
8717333668785,1,skincare,sun protection,False,Solait sun protection,
8718951059450,1,skincare,douche,False,Huile de douche Hydrate 24 h- Advanced,
8718951079922,2,skincare,crème,False,Crème lavante pour les mains,
8718951153547,1,skincare,gel douche,True,Gel douche passion,
8718951156838,1,skincare,gel douche,True,Gel Douche - Coco Nourrissante,
8719238000554,1,skincare,micellar,True,Micellar Cleansing Water,
8733311216304,1,makeup,eyeshadow,True,24 eyeshadows palette,
8806164115985,2,skincare,soothing,False,Jeju Fresh Aloe Soothing Gel,
8809318929360,1,skincare,soothing,False,aloe vera soothing gel,
8850006493151,1,haircare,shampoo,True,Shampoo,
8858971800035,2,skincare,body lotion,True,Face & body lotion Coconut Aloe Vera,
8888300281082,1,skincare,hand soap,True,Kirei Kirei Antibacterial Foaming Hand Soap,
8901138836153,1,haircare,hair cream,True,Himalaya protein hair cream,
8906015080605,2,skincare,savon,True,Savon Ayurveda,
8908007288730,1,haircare,hair wax,True,Gabru hair wax,
9003740082597,3,skincare,aloe vera,False,Apres Lotion Aloe Vera,
9009827000355,1,skincare,creme,False,bigood Zahncreme Minze,
9192292141316,1,skincare,body cream,True,go with the flow Body Cream,
9319944008715,1,skincare,scrub,False,Redemption Body Scrub,
9327693004438,3,skincare,serum,True,facial recovery serum,
9341571002552,1,haircare,shampoo,True,Goats milk shampoo,
9427182008708,1,skincare,nettoyant,True,Crème nettoyant visage ,
9557327003845,1,haircare,shampoo,True,Baby shampoo,
96109670,11,skincare,déodorant,False,Axe bs provocation 100ml,Déodorant
96132487,1,skincare,crème,False,Crème contour des yeux,
96148402,17,skincare,savon,True,Monsavon Déodorant Femme Spray Compressé Vanille Toute Délicate 100ml,Déodorant
96169322,3,skincare,lip balm,True,Organic help speed oil lip balm,
3770005128258,1,haircare,cheveux,False,Masque pour cheveux colorés aux extraits végétaux,
3600550928013,1,haircare,shampoo,True,Shampooing très doux à la betterave,
3596490001827,8,skincare,savon,True,Savon surgras extra-doux,
4021457614516,1,skincare,foot cream,False,Foot cream,
3600550809619,1,skincare,savon,True,Mixa dry skin expert,Savon douche
3770005798123,1,skincare,crème,False,Déodorant crème,
3662217001743,1,skincare,crème,False,Crème de nuit,
3256220691321,6,skincare,mousse à raser,True,Mousse à raser peaux sensibles by U homme,
3574661368528,1,skincare,nettoyant,True,Gel micellaire nettoyant,
3574661288314,3,skincare,hydratant,False,Hydro boost démaquillant lotion hydratante,
3600550135732,3,haircare,shampoo,True,Shampooing,
4744183017931,1,skincare,crème,False,Crème de la taïga pour les mains protection quotidienne,
4025089071112,1,makeup,mascara,True,Mascara volume sensation,
3596490000288,1,skincare,savon,True,Savon sur gras extra-doux visage/corps,
3579481412611,2,makeup,lipstick,True,Magic lipstick,
8806173507207,3,skincare,hand cream,True,Jeju lotus hand cream,
4250947564257,1,makeup,blush,True,essence mosaic blush,
3596209530341,1,skincare,hydratant,False,Iris crème de nuit hydratante,
3560071024222,11,skincare,crème,False,Crème anti-rides fermeté,
3245678612682,1,skincare,deodorant,True,Deodorant voluptuous time,
4021457613793,1,skincare,savon,True,Savon pour les mains,
8901030640575,1,makeup,foundation,True,Argan oil serum foundation spf45,
3380390900690,1,skincare,savon,True,Savon de Marseille,
3600550811476,1,skincare,crème,False,Crème-huile Nutri-extrême,
8710908627323,1,skincare,essence,True,Derma Spa - Nutri essence 3,
9321299200065,1,skincare,sunscreen,True,Ultra extra care sunscreen,
4005900178022,1,skincare,rasage,False,Gel de rasage,
3273818841616,2,skincare,savon,True,Savon traditionnel d'Alep,
0769915190762,1,makeup,primer,True,Primer fixateur à base de silicone,
3529311009900,3,makeup,base coat,False,Base coat,
4305615543772,4,haircare,shampoo,True,Washgel and shampoo,
30156487,1,skincare,creme mains,True,Creme mains nourissante aromatique,
5028197449285,1,skincare,body butter,True,Body butter,
3365000210642,1,skincare,savon,True,Savon noir,
3298651710516,1,skincare,savon,True,Savon liquide de Marseille,
8710522358948,1,skincare,déodorant,False,Déodorant,
2010055300299,1,skincare,gel douche,True,LE GEL DOUCHE Cactus/Citron vert,
8718951156593,1,skincare,gel douche,True,Gel douche,
3522930001966,1,skincare,gel douche,True,Caudalie gel douche,
3489940070200,1,skincare,douche,False,Bain douche agrumes,
8436097093571,1,skincare,gel douche,True,Gel douche,
8498721026232,1,skincare,creme,False,creme douche douceur de miel,
3284410017279,2,skincare,savon,True,savon extra riche,
7898548819771,1,skincare,crème,False,Crème pour les mains,
8719238009465,1,skincare,shower gel,True,Oil shower gel,
3283950912013,1,skincare,hydratant,False,Soin hydratant,
3250390340683,1,skincare,hydratant,False,Soin de jour hydratant,
3660005069692,4,skincare,gommage,False,Gommage,
8410761000188,1,skincare,savon,True,Savon,
3760238410190,1,skincare,savon,True,Savon,
3383482299030,1,skincare,savon,True,Savon noir,
3489940035308,1,skincare,savon,True,Savon de beauté au lait d ânesse bio,
3401360094505,1,skincare,savon,True,Savon de Marseille Corps & Mains,
3256630010033,1,skincare,savon,True,Savon Noir Mou,
3453810001021,1,skincare,savon,True,Savon de toilette extra doux,
3574661384757,1,skincare,crème,False,Crème extra douce,
0747930000013,1,skincare,crème,False,Crème régénération intense,
4020829006713,1,skincare,crème,False,crème de jour légère à la rose,
3600541957428,1,skincare,hydratant,False,crème hydratante mains,
3253581321553,1,skincare,hydratant,False,crème hydratante  pour  les  mains,
3264680005978,1,skincare,crème,False,Bb crème,
3760137430084,1,skincare,crème,False,Crème legere,
3059944024617,1,skincare,crème,False,Crème dépilatoire Silk & fresh,
5000488108651,1,skincare,creme,False,Rescue Creme,
3264680010811,1,skincare,crème,False,Nuxe rêve de miel - crème corps ultra réconfortante 48h,
3282770112436,1,skincare,gel douche,True,Gel douche au beurre de Cupuaçuu bio,
3282770074710,1,skincare,nettoyant,True,Trixera nettoyant nutri-fluide visage et corps,
27050323,2,skincare,nettoyant,True,BIOCURA lait nettoyant,
7630028601014,1,skincare,douche,False,Douche soin,
3516170024786,1,skincare,douche,False,Douche de Provence,
3600523300488,1,makeup,poudre,False,Accord parfait Highlight poudre glow illuminatrice,
3145891595253,1,makeup,vernis à ongles,True,Vernis à ongles,
3401381507107,1,skincare,pore,False,Soin intime et corporel,
3545230142054,1,makeup,primer,True,make-up primer,
8432225091464,2,haircare,blonde,False,45 days total color care for ice blondes,
3250390949985,1,skincare,déodorant,False,Déodorant fraîcheur florale,
4010160005070,1,skincare,aloe vera,False,Aloe Vera Gel,
4005808583775,1,skincare,micellar,True,Dermo clean mizzelen-reinigungsfluid lozione struccante micellare,
3401351277979,1,makeup,bb cream,True,Créatine AR BB Cream Anti Rougeurs,
3560070925179,3,skincare,crème,False,Crème main nourrissante au beurre de karité,
3760100173086,2,haircare,shampoo,True,Shampooing réparateur délice de karité,
3660005297347,1,makeup,fard à paupières,True,Fard à paupières,
3263855989846,1,skincare,crème,False,Crème lavante peaux sensibles,
3286010040633,1,skincare,déodorant,False,Déodorant pierre dalun mûre,
3700756606514,1,makeup,vernis à ongles,True,Vernis à ongles couleur prune,
3350033018877,1,skincare,déodorant,False,Déodorant femme magnolia,
3660005053370,2,skincare,hydratant,False,Mousse hydratante anti repousse,
4010355493422,1,skincare,creme,False,Creme-Dusche Bio-Kokos,
3490720010804,4,skincare,rasage,False,Baume ultra confort après rasage,
8712561397551,2,skincare,gel douche,True,Williams Gel Douche Homme 3 en 1 Ice Fresh 250ml,Gel Douche Homme
9339341004202,2,haircare,curl,False,Killer Curls,
3760019784755,1,skincare,gommage,False,Gommage Masque Doux à l'argile Blanche,
3600550945072,1,haircare,shampoo,True,Shampooing 2 en 1 très doux au Karité,
3760217371627,1,skincare,hydratant,False,Ibbeo for men Fluide hydratant visage,
11920588,2,skincare,deodorant,True,Deodorant,
15653857,1,skincare,savon,True,Biogommant savon,
3760020732448,1,skincare,savon,True,Savon noir hammam,
3182612703016,1,skincare,savon,True,Savon de Marseille,
3245678613023,3,skincare,deodorant,True,Cosmia deodorant homme atomiseur corps fraicheur 75 ml,Cosmia deodorant homme atomiseur corps fraicheur 75 ml
4250947592281,3,makeup,concealer,True,Camouflage 2in1 make-up & concealer,
5028197769079,1,skincare,body wash,True,Tahitian Tiaré Body Wash,
0718334337876,2,skincare,crème,False,Crème capillaire boucles souples à la noix de coco,
3567730700046,3,skincare,lait corps,True,Lait corps intensif,
3515451118107,1,haircare,cheveux,False,shampoing cheveux normaux,shampoing
4010355583345,1,skincare,creme,False,SoftCreme,
3760207115088,1,skincare,crème,False,Crème de douche en mousse,
3660005823348,1,skincare,gel douche,True,Gel douche concentré,
3770004599486,1,skincare,nettoyant,True,Gel main nettoyant,
3178041327978,3,skincare,douche,False,Fa Bali kiss douchegel,
3474630647374,2,haircare,keratin,False,Keratine thermique,
5028197948276,1,skincare,nettoyant,True,Gel nettoyant mains,
5413525201909,2,haircare,shampoo,True,Shampooing,
3474630130418,1,haircare,shampoo,True,Shampooing tonique,
3140100199925,1,haircare,shampoo,True,Après-shampooing consitioner 10 minéraux essentiels,
3256224359289,1,skincare,lait corps,True,Lait corps hidratant raffermissant,
3560070629428,1,skincare,crème,False,Nectar of nature  Crème nuit,
2021121299997,1,skincare,deodorant,True,Sensitive deodorant,
5400113583257,3,skincare,micellar,True,Micellar water eyes face & lips,
16115859,1,skincare,déodorant,False,Déodorant longue durée,
8050043996541,1,skincare,crème,False,Crème de jour revitalisante,
3178040681163,1,skincare,booster,True,White booster,
4028719205123,1,skincare,creme,False,Teebaumöl - Classik Hand Creme,
3700591900426,1,skincare,crème,False,Crème remodelante jeunesse,
00941709,1,skincare,shower gel,True,Shower gel,
7332531063661,1,haircare,volume,False,Schwarzkopf git 2b volume maniac,
3178047210007,1,skincare,savon,True,Savons de Marseille,
3286010043016,2,skincare,hydratant,False,Crème Douche Hydratante,
5410091712310,1,haircare,conditioner,True,Ultimate repair conditioner,
5765228835852,1,skincare,shower gel,True,Shower gel no parfume,
5765228837979,1,skincare,shower gel,True,Shower gel aloe vera,
8710908472336,2,skincare,savon,True,Dove Savon Pain de Toilette Soin et Huile Surgras,Savon Pain de Toilette
0020714932077,2,makeup,mascara,True,Mascara impact optimal,
7613035058248,1,haircare,shampoo,True,Sanfte Lieblinge. SHAMPOO & Duschgel sensitiv,
5028197414634,2,skincare,gel douche,True,Gel douche pamplemousse rose,
3661596985408,1,haircare,shampoo,True,shampooing argan et karité,
07492969,4,haircare,shampoo,True,Shampooing + douche,
3600523381203,2,haircare,hairspray,True,Hairspray,
3600523526031,1,skincare,visage,False,Huile barbe longue & visage,
20168810,1,skincare,savon,True,savon de Marseille,
07607202,3,skincare,mist,False,Aloe Vera Body Mist,
07668104,1,skincare,shower gel,True,Strawbery Shower Gel,
7391223911130,1,skincare,liquid soap,True,Fsshionline liquid soap,
3600550362510,2,skincare,douche,False,Huile corps sous la douche,
1748567444460,1,skincare,bar soap,True,Neutral bar soap,
20616410,1,skincare,aloe vera,False,Olijfolie-zeep met aloe vera geur,
3515450020708,1,haircare,shampoo,True,Shampoo,
3700601500400,1,skincare,crème,False,Crème visage,
7350069280022,1,haircare,argan oil,False,Argan oil,
5015833307269,3,haircare,frizz,False,Frizz no more,
3273816531786,3,skincare,gel douche,True,Gel douche surgras monoï de Tahiti AO,
8410436207782,1,skincare,creme,False,Creme de douche,
5028197546373,1,skincare,crème,False,Absinthe Crème Mains Purifiante,
3596490003333,1,skincare,crème,False,Crème lavante fermoir apaisante,
0857423001301,3,haircare,hair treatment,True,Tribal chocolate self cleansing hair treatment,
8436097092741,3,skincare,crème,False,Crème de jour LIFT INSTANT,
7290105339157,3,skincare,scrub,False,Shower scrub patchouli lavender vanilla,
3468080408173,6,skincare,visage,False,Brume de soin anti-pollution Détox,brume visage
4005808130146,1,skincare,shower gel,True,Nivea Men energy shower gel,
3257983156218,3,skincare,savon,True,Savon bio nature,
4023161051311,1,skincare,déodorant,False,Déodorant bille,
4021457617609,1,skincare,hydratant,False,Crème hydratante 24h,
3380380071096,1,skincare,douche,False,Douche énergisante guarana,
0730852118768,1,skincare,spf,False,Soin traitant protecteur lèvres SPF 10,
4015100196108,2,haircare,shampoo,True,Gliss Kur Hair Repair Wunder Pflege Shampoo,
8901138509033,1,skincare,acne,False,Acne n pimple cream,
3522930031871,4,skincare,anti-âge,False,Baume liftant regard Resveratrol [Lift],Anti-âge contour des yeux
3522931031887,2,skincare,anti-âge,False,Sérum fermeté Resveratrol [Lift],Sérum anti-âge
3522930031857,2,skincare,crème,False,Crème gourmande mains et ongles Rose de Vigne,Crème mains et ongles
99926632,2,skincare,gommage,False,Gommage lubrifiant poudre de Baikal Purifiante,Gommage visage
3600550928037,3,haircare,shampoo,True,La crème d'avocat après shampooing,
5037156251241,3,makeup,correcteur,True,Sheer blonde correcteur couleur,
3282770074802,3,skincare,hydratant,False,Teint lumière hydratant bonne mine,
8411126039638,1,skincare,gel douche,True,Gel douche miel coco,
3401381332846,1,skincare,pore,False,Sebiaclear Mat+ Pores creme,
3517360010145,1,haircare,shampoo,True,natessance kids shampooing douceur,
02118305,1,skincare,savon,True,Savon,
4005900229298,3,skincare,spf,False,Gesichtspflege Waschgel,
8901153010187,1,skincare,body wash,True,Body wash neem protect,
80058045,1,haircare,shampoo,True,Baby shampoo & bath,
3596206034118,1,skincare,crème,False,Crème nutritive mains et ongles au citr,
0817939001653,2,skincare,savon,True,Savon,
5011321003606,1,makeup,loose powder,True,Loose powder,
4010355558381,3,skincare,serum,True,Augenserum,
3760075070144,1,skincare,hydratant,False,Lait hydratant,
3600550616040,1,skincare,crème,False,Crème douche au talc,
3600541676596,1,haircare,cheveux,False,Huile soleil cheveux,
00988700,1,skincare,déodorant,False,Déodorant 24h,
3760099700010,1,skincare,hydratant,False,Crème régénératrice et hydratante,
3052350893860,1,skincare,savon,True,Copeaux de savon naturel a l'huile d'olive,
3337871318895,3,skincare,rasage,False,Gel de rasage anti-irritations,
7898583350444,1,haircare,shampoo,True,SHAMPOO ARGILA BRANCO,
7611916117947,4,skincare,shave,False,After Shave Balsam,
5012008641500,9,haircare,conditioner,True,Nourish Me Almond Conditioner,
3683080013893,3,skincare,savon,True,Savon surgras le tout doux,
5037156228144,1,makeup,concealer,True,concealer Root Blur,
22113351,1,haircare,volume,False,Haarspray volume ultra stark 4,
4039175007398,4,makeup,nail polish,True,Nail Polish,
4250947512173,1,makeup,nail polish,True,the gel nail polish 31 electriiiiiic,
3574661198514,1,skincare,creme,False,anti-pickel Feuchtigkeitscreme,
4260307638528,1,skincare,peel,False,one ginger moon körperpeeling,
8710908226465,1,skincare,body lotion,True,body lotion pray & go,
3607340779039,1,makeup,eyeshadow,True,Magic Duo Eyeshadow,
30116238,1,makeup,top coat,False,Dr. Res cue gel effect top coat,
4250587785906,1,makeup,nail polish,True,show your feet toe nail polish,
4260198093680,1,skincare,lip balm,True,Natural Lip Balm,
3551780003899,3,skincare,hydratant,False,Crème mains hydratante extra pour fleur de mimosa,
0773602403936,3,makeup,mascara,True,Mascara recourbant,
8001090392114,1,skincare,micellar,True,Pantene PRO-V Micellar Purify & Nourish,
4251232220445,1,makeup,gloss,True,shine shine shine wetlook lipgloss 03 friends of glamour,Lipgloss
4250035270749,1,skincare,crème,False,crayon crème 2en1,
3800038711803,1,skincare,foot cream,False,Magic Mint Foot Cream,
9000101220780,1,haircare,shampoo,True,Tropical shampoo,
3600542061315,2,haircare,conditioner,True,Goodbye Damage conditioner,
4027800022304,2,skincare,creme,False,Rasiercreme,
4250947512135,1,makeup,nail polish,True,the gel nail polish 27 don't be shy!,
4250947512197,1,makeup,nail polish,True,the gel colour nail polish intesiyeing base 33 wild white base,
4250947512142,1,makeup,nail polish,True,the gel nail polish the matt 28 hello sunshine,
4068400004390,1,makeup,nail polish,True,Nagellack nail polish with vitamine,
4250947512265,1,makeup,nail polish,True,the gel nail polish 40 play with my mint,
30071032,1,skincare,anti-âge,False,express manucure lissant anti-âge,
3337875553155,1,skincare,déodorant,False,Déodorant,
3264680004957,1,skincare,hydratant,False,Gel Multi-Fonctions Hydratant,
0764302271314,1,skincare,toner,True,Matcha green tea and probiotics soothing toner,
42288923,1,skincare,deodorant,True,Deodorant,
3564700850688,1,haircare,gel coiffant,True,Gel coiffant effet mouillé,
3600550845181,1,skincare,crème,False,Crème douche et bain,
2200044986508,1,skincare,aloe vera,False,Aloe Vera Gel,
2200214695964,1,skincare,creme,False,2in1 handcreme soforthilfe,
4010355140340,1,skincare,creme,False,"Urea Fußcreme, sehr trockene Füße",
3466762103422,1,skincare,lait corps,True,Lait corps hydratant souplesse & confort,
3383482294134,1,skincare,savon,True,Savon noir,
0666151061811,1,skincare,serum,True,C 12 pure bright serum,
3660005413648,1,skincare,gommage,False,Gommage,
3549620007206,3,skincare,crème,False,crème douche,
8718964048939,2,haircare,frizz,False,"Detangle Hair Brush, Anti-Frizz Haarbürste",
8719827002532,1,makeup,powder,False,"Compact Powder Matt, 151 Sandstorm",
8719827000576,1,makeup,eyeshadow,True,"Eyeshadow Quattro, 609 Galactic Sands",
4058172024382,1,haircare,shampoo,True,Trockenshampoo Fruity Dreams,
6130024162980,1,skincare,crème,False,Bb crème 8 en 1,
0809280117954,3,skincare,hand cream,True,Seaberry hand cream,
3760201130490,5,haircare,cheveux,False,Shampoing solide - cheveux normaux - au pin sylvestre,Shampoing solide
3760114994479,3,skincare,crème,False,La véritable crème de Laponie,
9005800223452,1,haircare,styling mousse,True,Styling mousse,
5765228838990,1,haircare,conditioner,True,Spray Conditioner Leave In Aloe Vera,
8021685600035,3,skincare,spf,False,Sun pure  haute protection SPF 50,
9005800273464,3,skincare,micellar,True,MicellAIR skin breathe micellar water,
3662217000654,2,makeup,poudre,False,La poudre certifiee bio,
6947790799704,2,skincare,essence,True,Hyaluronic acid essence,
3770002381168,1,skincare,savon,True,copeaux de savon de Marseille,
7291067014922,1,skincare,hand cream,True,Hand Cream Violet Amber,
4311501603079,3,skincare,creme,False,Creme Milch & Honig,
3595890230349,1,skincare,crème,False,Crème mains amande douce,
5060226945320,2,skincare,crème,False,Crème de nuit blancheur,
3474393028892,1,skincare,anti-âge,False,Anti-Âge Spécial ongles striés ou endommagés,
3660005086637,1,skincare,hydratant,False,lait hydratant noix de coco,
0309971113062,11,makeup,eye shadow,True,Cream to powder eye shadow,
4021457614394,8,skincare,crème,False,Crème,
1212182227123,2,skincare,savon,True,Savon de toilette,
9421008702610,1,skincare,toner,True,Rosehip - Certified Organic Mist Toner,
3663395072693,2,skincare,hydratant,False,Gel crème désaltérant hydratant,
4059729040299,4,makeup,top coat,False,Ultra quick dry top coat,
8719134039498,2,skincare,sun protection,False,Ritual of karma - sun protection face cream,
8016225940689,2,skincare,essence,True,Savon naturel à l'huile d'olive et essence de laurier,
4036221924227,2,makeup,contour,False,Contouring Palette,
3760121213518,1,haircare,shampoo,True,Shampooing Douche,
4058172169557,1,haircare,volume,False,"Haarspray Volumen-Effekt 4, feines Haar",
3522931002344,1,skincare,nettoyant,True,Mousse nettoyante fleur de vigne,
3770007655011,1,skincare,nettoyant,True,Nettoyant visage,
8710447495643,2,skincare,body lotion,True,Awakening ritual body lotion,
4311596603572,1,skincare,creme,False,Blütezeit erfrischende Zahncreme mit Bio-Nanaminze,
3600530853335,1,makeup,powder,False,super stay powder,
3390150541230,1,skincare,gommage,False,gommage intense fraîcheur,
3607940023938,1,skincare,hydratant,False,Crème visage hydratante baies de goji,
3014230022234,10,skincare,shave,False,Brut a/shave 100ml musc,Après Rasage
0037000918776,2,skincare,deodorant,True,Deodorant,
4005808247127,1,skincare,body lotion,True,Body lotion,
8693495033268,1,skincare,propolis,False,Propolis,
4010355364241,1,makeup,lipstick,True,Ultra matte lipstick,
3700599204564,3,skincare,savon,True,Vent de Liberté,savon
0603084563401,2,skincare,micellar,True,Micellar Cleansing Watrt,
0041507070059,1,skincare,aloe vera,False,Witch Hazel Aloe Vera Formula,
3470321500614,1,skincare,douche,False,Capidouche Rafraîchissant Intense,
8436539636007,2,skincare,aloe vera,False,Gel puro de aloe vera,
4017645038554,1,haircare,shampoo,True,Apres-shampooning age energy cafeine bio,
4010355474520,3,skincare,creme,False,Urea Augencreme,
3401340755617,1,skincare,crème,False,La crème visage,
3600541194335,2,skincare,crème,False,BB crème SkinActive,
0720260691779,3,haircare,shampoo,True,Shampoo,
0720260691786,1,haircare,conditioner,True,Conditioner,
4260442160489,1,skincare,crème,False,Crème douce visage et corps,
3378872118664,1,skincare,gommage,False,Gommage corps pastèque,
5060451730043,2,skincare,hydratant,False,Crème visage hydratante,
3600542198332,1,skincare,visage,False,Uv Water visage et corps Fps 50,
3256224359616,1,haircare,shampoo,True,Après shampooing doux,
3253581491379,5,haircare,shampoo,True,Shampooing pure fraîcheur,
0018084813362,2,haircare,shampoo,True,"Shampure, shampooing fortifie, arôme calmant",
0018084807132,1,haircare,shampoo,True,"Color conserve, shampooing",
3361370705863,1,skincare,savon,True,Savon douceur senteur pêche de vigne,
3401351323096,1,skincare,hydratant,False,Baume hydratant lèvres,
3256220991384,2,haircare,creme décolorante,True,Creme décolorante,
4017645014282,1,skincare,nettoyant,True,Lait nettoyant pur,
7610079004101,1,haircare,shampoo,True,"Gliss Kur, Ultimate Color Shampoo",
8436012151171,1,skincare,aloe vera,False,Gel de Aloe Vera con Aceite del Árbol del Té Caléndula y Germen de Trigo,
8716716059622,1,skincare,gel douche,True,Gel douche,
3700763535982,2,skincare,nettoyant,True,Eau nettoyante 3 en 1,
3600523614493,2,makeup,fond de teint,True,Fond de teint infaillible oxygène technologie,
3660005872636,1,skincare,crème,False,Bb peau parfaite crème sublimatrice,
7611916156496,1,skincare,crème,False,"Edelweiss, crème solaire sensitive",
4021457615124,1,skincare,crème,False,Crème pour les mains,
3499320005678,1,skincare,moisturizing,False,Cetaphil moisturizing cream,
4015600969769,1,skincare,crème,False,Crème,
7312669997274,1,skincare,creme,False,Solcreme ansikte,
5028197171865,1,haircare,argan oil,False,Wilderness Argan oil,
0823168002088,2,skincare,body butter,True,Body Butter Cream Triple Citrus Blend,
3160920506772,1,skincare,crème,False,EFFORT Crème anti-frottement,
0834639000601,2,skincare,nettoyant,True,Gel nettoyant aloès sensible,
3700566902530,3,makeup,contour,False,Contour des Yeux,
3519590111302,2,skincare,savon,True,Savon de Marseille,
3337875489867,3,skincare,serum,True,Liftactiv Serum 10 Supreme,Anti-aging serum
4305615610023,9,skincare,creme,False,Handcreme Grüne Olive,
5028197969417,2,skincare,scrub,False,3in1 wash scrub mask,
4305615551456,2,skincare,creme,False,Perfect Teint (Anti-Rötung Tagescreme),
4010355436436,1,makeup,nail polish,True,N°1 Nail Polish 291,
0854049002064,8,skincare,scrub,False,brightening facial scrub,
3760100682410,1,skincare,creme mains,True,Creme mains surgras,
5028197457402,2,skincare,crème,False,crème pour les mains,
3700194711719,3,skincare,toner,True,Calendula herbal-extract toner,
3253581542972,1,skincare,crème,False,Crème ultra riche corps,
3596710337422,1,skincare,savon,True,Savon de toilette à l'huile d'olive,
3589123104125,1,haircare,cheveux,False,Shampoing cheveux fins,
3222476853363,2,skincare,déodorant,False,Déodorant bio,
5705873773079,1,haircare,shampoo,True,shampooing volumisant,
1116452767336,1,makeup,bronzer,True,Australian Gold Sonnenschutz Spray with  Bronzer,
3282770108385,1,haircare,volume,False,INITIA VOLUME VITALITÉ,
5901878689869,1,skincare,scrub,False,Foot Scrub,
4021457619320,1,skincare,gel douche,True,Men Sensitiv - Gel douche 3 en 1,
3700343040899,2,skincare,déodorant,False,Déodorant soin,
4021457615513,1,skincare,lait corps,True,Lait corps douceur rose sauvage bio,
3760143830762,1,skincare,hydratant,False,Crème de douche hydratante,
3760060280367,1,haircare,cheveux,False,Cheveux et onglew,
3282770037050,1,skincare,nettoyant,True,Eau micellaire nettoyante et purifiante Phys AC,
3468080149311,1,skincare,gel douche,True,gel douche 2en1 corps et cheveux,
20157753,1,skincare,savon,True,savon liquide,
3337872414152,4,skincare,creme,False,Creme para Olheiras La Roche-Posay Pigmentclar Olhos,
4058172187247,4,skincare,aloe vera,False,Gesichtsspray Aloe Vera,
4010355426116,3,makeup,gloss,True,"Glossy blond Spülung, naturblondes und blondiertes Haar",
67776597,1,skincare,savon,True,Savon gommant éclaircissant aux noyaux d'abricot,
3660005524078,1,skincare,douche,False,Bain douche sensuel,
8719134031928,1,skincare,shave,False,The Ritual of Samurai shave cream,
8809576260120,2,skincare,toner,True,Madagascar centella toning toner,
8710624254179,3,skincare,douche,False,Bad en Douche (Kamille en Honing),
8710624257507,1,haircare,shampoo,True,Shampoo 2 in 1 (aloe vera),
3660005951768,2,skincare,douche,False,Huile de douche hammam,
7891150014121,1,haircare,shampoo,True,Shampoo Anticaspa com Eucalipto e Melaleuca,
3760230251487,1,skincare,savon,True,Savon doux visage,
3660005538174,3,skincare,serum,True,Serum vegetal,
0062600700599,2,skincare,nettoyant,True,Nettoyant anti-visage acné,
3326101000198,2,skincare,visage,False,Masque ARGILE BLANCHE peaux ternes visage,
8718951189287,5,skincare,lait corps,True,ZERO% lait corps hydratant,
4010355744098,4,haircare,shampoo,True,alverde men Duschgel + Shampoo,
3401360166035,1,skincare,douche,False,Huile de douche aux 3 huiles précieuses,
3331300000627,1,skincare,crème,False,crème dépilatoire,
3600542010733,1,skincare,micellar,True,Micellar cleasing gel wash,
8717591561880,3,haircare,conditioner,True,Daily lip conditioner,
3600550228700,1,skincare,douche,False,P’tit dop bain + douche,
3400927838682,2,skincare,crème,False,"crème sècheresse cutanées, brulure superficielles",creme arrow
8719134027167,1,haircare,shampoo,True,Après shampooing The Ritual Of Ayurveda,
8719134034509,1,skincare,gel douche,True,Gel douche moussant Ritual Of Samurai,
21445804,4,skincare,lip balm,True,Macadamia Ultra Hydrating Lip Balm,
5060388888244,4,skincare,peel,False,Black Peel Mask,
4744183016002,1,skincare,crème,False,Crème de nuit,
3564700658659,3,skincare,déodorant,False,Déodorant  a la pierre d alun,
3760172446620,1,skincare,gel douche,True,Gel douche extra doux agrumes,
4005900023193,3,skincare,creme,False,Nivea SOS Creme de Mãos,
3660005443591,3,skincare,savon,True,Savon douceur vanille bourbon,
01518614,1,makeup,bb cream,True,BB cream,
3450601026294,2,skincare,aloe vera,False,Crème douche apaisante Aloe vera,
4005808818716,1,skincare,shave,False,"Beruhigende After Shave Creme for women, Mit Panthenol",
0079400264411,1,skincare,déodorant,False,Déodorant,
3600541875296,3,skincare,toner,True,Garnier Wahre Schätze Tonerde ubd Zitrone,
3701154720093,1,skincare,nettoyant,True,Nettoyant Visage,
5765228838969,4,skincare,foot cream,False,Foot cream Aloe Vera,
3600550102291,1,skincare,lait corps,True,Lait corps nourrissant Effet Soleil,
3256226395919,4,skincare,douche,False,Lait douche pêche abricot,
8710908086793,1,skincare,hydratant,False,Derma spaLait hydratant corps,
8714100018095,1,skincare,déodorant,False,Déodorant go fresh,
3331300098730,1,haircare,volume,False,Shampoing sec fraîcheur et volume,
3045206506007,2,skincare,hydratant,False,Lingettes mains désinfectantes hydratantes,
6950865402140,3,makeup,eyeshadow,True,Eyeshadow,
3380810195057,2,skincare,firming,False,Extra-firming nuit,
3500465034246,1,skincare,crème,False,Crème longue vie,
3661434003882,1,skincare,crème,False,CRÈME LAVANTE,
3426354085925,1,skincare,crème,False,Shampoing crème,
8030243019578,2,haircare,cheveux,False,Teinture cheveux,
5712870865935,2,skincare,shaving,True,lovena Men Shaving Foam,
4337185215018,1,skincare,creme,False,bevola Cremeseife Sensitive,
3614223576562,2,makeup,fond de teint,True,Healthy Mix Fond de teint anti-fatigue,
0732168627385,1,skincare,déodorant,False,Le déodorant à la pierre d'alun,
4037067200711,2,skincare,creme,False,Flourid Zahncreme,
3282770108682,6,skincare,gel douche,True,gel douche avoine Rhealba peaux fragiles,
9005800290805,1,skincare,anti-age,False,Anti-age,
3518646027772,1,skincare,savon,True,Savon parfumé,
3760162121278,3,skincare,hydratant,False,Crème visage hydratante,
3401381381691,2,skincare,crème,False,Topialyse - Crème Émolliente,Crème corporelle
3401360266766,2,skincare,pore,False,Huile Sèche Minceur,huile corporelle
3760194652177,2,skincare,savon,True,Savon Genet à l'huile essentielle d'Helichryse,savon en pain
3661434000720,2,skincare,crème,False,Cold Cream - crème protectrice,cold cream
3700227707009,1,makeup,correcteur,True,Correcteur pores dilatés,
3517360017656,10,haircare,cheveux,False,Après-shampoing cheveux hydratés,
3701194501669,3,makeup,powder,False,You are powder,
8809248459449,7,skincare,soothing,False,Snail soothing gel,
3665113019140,1,skincare,nettoyant,True,Gel Nettoyant Visage,
3178041315432,1,haircare,shampoo,True,Shampooing longueurs sublimes,
3517360011029,1,skincare,anti-âge,False,Huile démaquillante anti-âge,
3660005908724,1,makeup,correcteur,True,Correcteur peau parfaite,
4059729209511,1,makeup,eyebrow,True,"the eyebrow pen, semi-permanent, 04 dark brown",
66660996,3,skincare,crème,False,Crème mains à l'argan et à la rose,
3522930002598,1,skincare,crème,False,Vinosource Crème SOS Hydratation Intense,
3160920961090,1,skincare,hydratant,False,Gel lubrifiant et hydratant,
0696770010242,1,skincare,shaving,True,Shaving Cream for Sensitive Skin,
3337875654586,6,skincare,spf,False,Idéal soleil spray douceur SPF50+ enfants,
7290015284097,4,haircare,conditioner,True,Conditioner for normal to dry hair,Conditioner
3665032000083,2,makeup,lipstick,True,liquid matte lipstick yvette,
3347430012959,1,skincare,savon,True,Savon au lait d anesse,
4015100209266,1,skincare,body lotion,True,Nature Box Body Lotion,
4305615610030,1,skincare,aloe vera,False,Hand- & Nagelbalsam Aloe Vera,
0713708421038,1,skincare,body butter,True,Smoothing body butter coconut,
3380380051180,1,makeup,poudre,False,Poudre à linge,
4059729028945,1,skincare,pore,False,Goodbye pores,
4010355253163,4,skincare,shave,False,Sensitiv After Shave Balsam,
3337875586948,2,skincare,crème,False,Crème mains et ongles Thé vert,
8596048003902,1,skincare,creme,False,lovena Körper Duschcreme Feige & Macadamia Milk,
3181730104187,3,skincare,crème,False,Dermo sensitive peaux sensibles; crème de douche,
8710447308110,1,haircare,cheveux,False,Timotei Détox Shampoing Fraîcheur Concombre Cheveux à Tendance Grasse,Shampoing
8003520033666,3,skincare,crème,False,Crème lavante,Maak je handen schoon en geef ze een intensieve verzorging met Palmolive Naturals Milde Verzorging Amandelmelk Wascrème. De wascrème is verrijkt met amandel- en aloë vera-extracten en is dermatologisch getest.
3401344502200,4,skincare,crème,False,Cicavit+ Crème,crème cicatrisante
3140100349818,2,haircare,shampoo,True,Shampooing doux,Shampooing
0062400207793,1,skincare,nettoyant,True,Nettoyant exfoliant au bicarbonate de soude,
4005808668854,8,skincare,scrub,False,Gentle Exfoliating Scrub,
3600550985795,2,skincare,déodorant,False,Déodorant 48H micro-talc actif anti-humidité naturel,
4021457620104,1,haircare,shampoo,True,Lavera Shampoo capelli brillanti & in piega,
4010355348746,4,haircare,shampoo,True,Feuchtigkeits Shampoo,
10922914,2,skincare,creme,False,Creme main nutrition beurre de karite amande douce et huile d argan,
8718951273719,3,skincare,deodorant,True,Sanex men 0% deodorant,
3660005953106,2,skincare,crème,False,Riche crème baume à lèvre repulpant,
3701063805799,1,skincare,savon,True,Savon a barbe,
3760276940062,1,skincare,déodorant,False,Déodorant pour lui,
3450870020399,2,haircare,shampoo,True,Shampooing reviviscence,
8436534962071,2,haircare,shampoo,True,Silver Active Shampooing,
3770002220276,5,skincare,savon,True,Savon artisanal du Val d'Argent,
3600550996913,1,skincare,hydratant,False,Douche hydratante bio coco de Polynésie,
4010355218995,1,skincare,aloe vera,False,Körper-Lotion Bio-Olive Bio-Aloe Vera,
3222472588030,1,skincare,creme,False,Creme la ante dermoprotectrice,
5050136854737,1,skincare,hand cream,True,Hand cream nourishing with cocoa butter,
0750958279620,3,skincare,savon,True,Savon liquide,
3256226758004,1,skincare,hydratant,False,Gel crème hydratant,
4250147150007,1,skincare,creme,False,Ringel-Blumen-Creme,
8572590252357,1,skincare,savon,True,Savon liquide de Marseille,
4305615438672,3,haircare,shampoo,True,Dusche & Shampoo sensitiv,
0768614138129,1,skincare,nettoyant,True,Benefiance mousse nettoyante confort absolu,
3282770201147,1,haircare,shampoo,True,Shampooing à la quinine,
5907506515807,1,haircare,shampoo,True,Hello Nature Shampoo Kokosöl,
8712561423717,1,skincare,gel douche,True,AXE Gel Douche Homme Gold Temptation,Gel Douche Homme
5037156225440,1,haircare,frizz,False,Frizz ease Traumlocken,
5037156225457,1,haircare,conditioner,True,Frizz ease Traumlocken conditioner,
5037156225181,1,haircare,conditioner,True,Sheer blonde go blonder aufhellender conditioner,
8001090047236,1,haircare,shampoo,True,Anti-Schuppen Shampoo apple fresh,
3178041329033,1,skincare,booster,True,Lift + booster anti rides,
3517360012835,2,skincare,savon,True,Savon détachant à l'huile d'olive bio,savon détachant
3253581329948,1,skincare,visage,False,Gel visage global,
4088700074435,1,haircare,shampoo,True,Organic Elements Normal Care Shampoo,
0639370905303,2,skincare,hydrating,False,CND hydrating lotion,
0858763004144,1,skincare,moisturizing,False,Coconut oil moisturizing cream,
4015100292312,2,haircare,shampoo,True,Schauma for men shampoo,
3264680013485,1,skincare,déodorant,False,Déodorant longue durée Nuxe Body aux poudres naturelles d'alun er d'argent,
4058172320620,2,haircare,volume,False,Haarspray Volumeneffekt für feines Haar 4,
4058172320705,2,makeup,gloss,True,Haarspray glossy & shine für jedes Haar 3,
3605972163561,2,skincare,creme,False,Creme de vorps Limitesl edition Janine Rewell,
0077043236383,1,skincare,lotion corporelle,True,Lotion corporelle concombre melon,
3662217001101,2,makeup,vernis à ongles,True,Vernis à ongles,
5057566163798,1,makeup,eyeshadow,True,Chilled eyeshadow palette,
4260167182445,1,skincare,hydratant,False,Classic - soin hydratant à l'huile de jojoba bio,baume pour les lèvres
3466762240707,1,makeup,vernis à ongles,True,"Vernis à ongles, Stay & Care Gel - White Queen",
3564700435748,4,haircare,shampoo,True,Après-Shampooing Réparateur,
8941152010429,1,makeup,powder,False,Danish FULL CREAM MiLK POWDER,Full-cream milk powder
8717163752395,9,haircare,shampoo,True,Timotei Bio Shampooing Femme infusé au Lait d'Amande Douce Cosmebio 250ml,Shampooing Femme
0708002300790,2,skincare,aloe vera,False,Aloe Vera & Tea Tree Hand Wash,
4305615610351,4,skincare,creme,False,Isana Cremeseife Milch & Honig,
4058172002342,1,skincare,creme,False,Balea Cremeseife Cosy Thailand,
4051089815166,1,skincare,body lotion,True,Body Lotion,
3600530733248,2,makeup,correcteur,True,Instant anti age effaceur correcteur multi usages beige rose,
8717163673072,3,skincare,body lotion,True,Sensitive Body Lotion,
4005900389039,1,skincare,deodorant,True,deodorante,
3770010811282,1,skincare,savon,True,Savon shampoing ortie & menthe poivrée,
7730366730121,1,skincare,exfoliant,False,Six exfoliante suavizante,
9002070002107,2,haircare,shampoo,True,Shampoo & Duschbad mit Ringelblumenextrakt,
3141389917606,1,makeup,contour,False,Elixir contour yeux,
4033777000436,2,skincare,crème,False,Crème à  l azulene,
8717403527011,1,skincare,crème,False,Dag & nachtcrème,
3700479109248,3,skincare,savon,True,Savon d'Alep Excellence,
8000137302086,1,makeup,contour,False,AGE SUPREME EYE CONTOUR,
7506195160435,3,haircare,shampoo,True,Shampoo restauración,
3401396977582,1,skincare,spf,False,SPF 50+,
4038235101014,1,skincare,creme,False,Schaum-creme Hand,
5765228837849,1,skincare,aloe vera,False,Toothpaste Aloe Vera,Aloe Vera Toothpaste
4058172320569,3,skincare,hygiene,False,Dontodent Antibakterielle Mundhygiene,
3145891430400,3,skincare,creme,False,Hydra beauty gel creme,
02472429,1,haircare,shampoo,True,Shampoo extracto de miel & manzanilla,
4260198093833,4,skincare,lip balm,True,Natural Lip Balm classic,Hidratante labial
8009518198317,1,makeup,primer,True,Face perfect primer,
3770004051137,1,skincare,hydratant,False,Crème pied hydratante,
42389354,2,skincare,deodorant,True,NIVEA fresh pure 0% Aluminium 48h Deodorant Protection,
3596490003449,1,skincare,déodorant,False,Déodorant,
4005808924417,4,skincare,spf,False,Nivea daily essentials sensitive day cream spf 15,
3373360060029,1,skincare,savon,True,Savon de marseille,
4001638095747,6,skincare,shave,False,Aftershave Balm,
4260365851228,3,skincare,body lotion,True,Coffee body lotion,
9300830026159,1,skincare,body wash,True,Triple moisturising nourishing body wash,
4305615304304,4,skincare,creme,False,Hydro Tagescreme Bio-Traube & Bio-Weisser Tee,
3284410037734,3,makeup,contour,False,Nectar de roses Gel frais contour des yeux poches et cernes,
3052350959351,3,skincare,crème,False,Crème naturelle solide au beurre de karite,
8711600560352,2,haircare,volume,False,Volume & Care,conditioner
3266191023083,1,skincare,pore,False,lait corporel au beurre de karité,
8710908718083,2,skincare,rasage,False,Williams Avant Rasage Electrique,Avant rasage électrique
8719238017989,1,skincare,hydrating,False,Hemp Hydrating Body Balm,
3595894213829,3,makeup,fond de teint,True,Fond de teint,
3387953106100,3,makeup,poudre,False,Poudre,
4061139739021,3,skincare,creme,False,Hand und Nagel Creme,
3253581513026,2,skincare,savon,True,Savon solidaire,
3700462160539,2,skincare,savon,True,Savon au lait d'ânesse frais,
8410436163446,2,skincare,pore,False,LAIT CORPOREL NUTRISKIN,LAIT CORPOREL
0663963233443,1,skincare,cleanser,True,Cleanser,
3760143830519,1,skincare,exfoliant,False,Gommage visage exfoliant,
4744183015876,2,skincare,shower gel,True,Moisturising Natural Shower Gel,
3331849011023,1,skincare,gommage,False,gommage senteur vanille,
3760125130248,10,skincare,nettoyant,True,Gel nettoyant mains,
3770014568007,2,haircare,shampoo,True,umaï shampooing solide doux,
40133249,4,skincare,hydratant,False,Dove DermaSpa Crème Hydratante Corps Richesse Cachemire Pot 300ml,Crème Hydratante Corps
3380380023743,6,skincare,savon,True,La savonnette d'Alep à la boue de la mer Morte,
3560071069919,1,skincare,aloe vera,False,Bandes de cire froire - Aloe Vera - Jambes,bandes de cire froide
3614270638060,3,skincare,hydratant,False,Top Secrets - Hydratant éclat instantané,soin hydratant visage
4260491220547,1,makeup,powder,False,Natural toothpowder Cinnamon,
4056489172277,2,skincare,collagen,False,Collagen Effect,
20516475,1,skincare,body lotion,True,Regenerating Body Lotion,
4010355476388,1,skincare,pore,False,Porenfein KLARENDES WASCH GEL,
3662217008100,1,skincare,crème,False,Crème visage et corps,
8001120929730,5,skincare,scrub,False,scrub corpo esfoliante,
0192040514613,1,skincare,face mask,True,pineapple enzyme clay face mask,
5060144641243,3,skincare,deodorant,True,Original Deodorant,
4305615344416,1,skincare,creme,False,Handcreme Kamille,
5060144644077,3,skincare,body lotion,True,Original Body Lotion,
4017645016668,3,skincare,creme,False,Couperose Creme,
4316268604192,5,skincare,creme,False,diadent Zahncreme Kräuter,
9003570000242,1,skincare,creme,False,Anulind Creme,
0381370033615,1,skincare,cleanser,True,Deep action cream cleanser,
8029513115935,1,skincare,aloe vera,False,sapone mani bio all'aloe vera,
3570564900001,7,skincare,gel douche,True,Gel douche tonifiant aux actifs marins,
1760475677860,1,skincare,gel douche,True,Gel douche petit grain cédrat,
25417708,1,haircare,shampoo,True,Shampooing reflets dorés,
0737052471051,3,skincare,body lotion,True,MOISTURIZING BODY LOTION,
52225857,3,skincare,creme,False,"2in1 Handcreme Soforthilfe für extrem trockene, gespannte und empfindliche Haut",
3286010050649,3,skincare,gel douche,True,Gel douche gourmand,
4061458073172,3,skincare,creme,False,Zahncreme Spearmint,
59081456,1,skincare,savon,True,Activated Charcoal,Savon
4017645027701,3,skincare,shave,False,mann After Shave,
4052136001327,1,makeup,rouge à lèvres,True,Rouge à lèvres,
3401396545071,1,haircare,shampoo,True,Nodé A Shampooing,
3178041344272,1,haircare,shampoo,True,Shampooing solide,
3361370683369,1,skincare,hydratant,False,Huile de douche hydratante - rose délice,
3600523606801,1,haircare,shampoo,True,Magic shampoo invisible dry shampoo,
4059729024060,1,makeup,highlighter,True,Highlighter palette,
8606019175511,1,makeup,foundation,True,Flat foundation brush,
4250035258648,1,makeup,powder,False,Sun matt bronzing powder,
5201641704653,1,makeup,concealer,True,Liquid concealer,
3607345452142,1,makeup,eye shadow,True,Eye shadow,
8606019173074,1,makeup,contour,False,Contouring palette,
4010355426659,3,skincare,creme,False,Beauty Effect Tagescreme,
4011700821143,1,skincare,deodorant,True,Deodorant Stick,
3450601036330,1,skincare,crème,False,Crème douche du matin tonique,
4058172181313,4,skincare,deodorant,True,deodorant sensitiv,
3760220371867,1,skincare,hydratant,False,Crème mains & ongles hydratante Tonus Citrus,
3760106470233,1,skincare,nettoyant,True,Nettoyant multi-usages,
4305615765426,1,skincare,hygiene,False,ISANA  MED  Hygiene Handgel (Alkoholisch},
6414504728430,3,skincare,spf,False,Kosteuttava päivävoide SPF 15,
6180412012700,1,skincare,savon,True,SAVON DE SAFOU CLARIFIANT,
3401320655418,1,skincare,toner,True,Sensibio toner,
4058172325403,1,skincare,creme,False,Fußcreme Teebaumöl,
8717163683651,2,skincare,savon,True,Monsavon Déodorant Femme Brume Senteur Rose soupçon de Thé Vert,Déodorant Femme Brume
3760201130728,4,haircare,shampoo,True,Shampoo solido,
8005610592589,1,skincare,hydratant,False,Shampoing hydratant Hydre,
5900116052939,3,skincare,essence,True,Miceral water with white flower essence,
3760248680330,3,skincare,serum,True,Serum Soie Royale Royal Silk Organic Silky Cure Hydrating Intense Shine Hair Face Body Care,Serum Soie Royale Royal Silk Organic Silky Cure Hydrating Intense Shine Hair Face Body Care
3760248680347,1,haircare,shampoo,True,Organic Shampoo Soie Royale BIO Cure Soyeuse 300 ml Intense Shine Hair Face Body Care,Organic Shampoo Soie Royale BIO Cure Soyeuse 300 ml Intense Shine Hair Face Body Intense Shine Hair Face Body Care
8596048003896,1,skincare,creme,False,lovena Duschcreme Avocado & Sesam,
8596048003919,1,skincare,creme,False,lovena Duschcreme Papaya & Mango,
4017645016248,2,haircare,shampoo,True,Logona Pur Shampoo Duschgel,
3045206502603,2,skincare,crème,False,crème mains antibactérien,
7909189138562,1,skincare,blemish,False,clearskin Avon blemish clearing,
3701129801024,2,skincare,spf,False,Photoderm SPF 30,
3600542289740,1,haircare,shampoo,True,Papaya hair food Shampoo,
3489940063035,6,haircare,cheveux,False,Shampoing solide cheveux secs,
3468080008373,3,skincare,hydratant,False,Lait hydratant après-soleil,
4005900250254,3,skincare,creme,False,Gesichtscreme,
8718951185845,1,skincare,hygiene,False,Hygiene - Plus (sensitive),
8712561456340,3,skincare,déodorant,False,AXE Déodorant Homme Dark Temptation Lot 2x150ml,Déodorant Homme
8712561342612,7,skincare,savon,True,Monsavon Anti-Transpirant Femme Spray Compressé Fleur de Coton Toute Légère 2x100ml,Déodorant Femme Compressé Spray
8711700965040,3,skincare,savon,True,Monsavon Déodorant Femme Bille Grenade Tellement Fraîche,Déodorant Femme Bille
4017645020115,1,haircare,shampoo,True,Festes Pflege-Shampoo Bio-Hanf & Bio-Holunder,
0745114958297,2,skincare,body lotion,True,Magic Men Women,super moisturizing body lotion
0745114958181,3,skincare,body lotion,True,Magic Caramel,clarifying body lotion
0745114958129,1,skincare,visage,False,Lotion Super éclaircissante-Visage,Lotion de beauté
3574661308388,1,haircare,shampoo,True,Après Shampooing fraîcheur détox,
4680038352904,2,haircare,hair mask,True,Ultra Nourishing Hair Mask,
8851932355315,2,haircare,conditioner,True,Soft & Smooth Conditioning Smoothies Clean & Fresh,Conditioner
5907506515906,2,haircare,shampoo,True,Hello nature shampoo,
8003670896715,1,skincare,deodorant,True,Deodorante,
3111930016102,3,skincare,aloe vera,False,Gel d'aloe vera,
30156470,3,skincare,crème,False,crème mains nourrissante aromatique,
5000174439984,2,skincare,anti-perspirant,False,Active Zone,anti-perspirant cream
4010355583925,4,skincare,aloe vera,False,Hydro Körperlotion Bio-Aloe Vera,
4010355235671,1,haircare,shampoo,True,Balea MEN Power Effect Anti-Schuppen Shampoo,
3401360094581,3,skincare,savon,True,Savon corps & mains,Savon de Marseille Corps & mains Lavande
3256226758127,5,haircare,cheveux,False,HUILE SÈCHE NOURRISSANTE CORPS ET CHEVEUX COCO PEAUX TRÈS SÈCHES,
5060176674905,1,haircare,argan oil,False,Organic Moroccan Argan Oil,
6111079033036,1,skincare,hydratant,False,johnsons,huile hydratante
4025089085034,1,haircare,shampoo,True,Festes Glanz Pflege-Shampoo,
3263855670690,2,skincare,creme,False,Creme lavante parfum fraicheur,
3401360170629,1,skincare,crème,False,Crème - Gel Apaisante,crème gynécologique
3760211481438,4,skincare,crème,False,crème solaire,
3660005072890,2,skincare,douche,False,Bain Douche Énergisant,
3600550184921,5,haircare,gel coiffant,True,Gel coiffant green fix,
7624841027762,5,skincare,savon,True,Savon crème - Almond & Honey,
4015100328622,6,haircare,shampoo,True,Festes shampoo,
4003583200863,1,skincare,body lotion,True,Vitality Body Lotion,
6291993010211,4,skincare,déodorant,False,Déodorant,
3700479100092,5,skincare,lait corps,True,Lait corps hydratant beurre de karité,
8410436311311,4,skincare,exfoliant,False,Gel de ducha Exfoliante,
3661985300805,8,skincare,savon,True,Savon de Marseille Passion,
9302000032403,5,skincare,crème,False,Crème Mains Fleur de Tiaré,
4025089083313,1,skincare,creme,False,Dental Med Zahncreme Vitamin B12,
8719238019846,2,skincare,hand cream,True,Hand cream,
3337875597470,1,skincare,moisturising,False,Cerave Moisturising Cream,
4058172325564,3,skincare,aloe vera,False,Bodygel Aloe Vera,
3760099180065,3,skincare,savon,True,Savon d’Alep,
5601348111059,1,skincare,creme,False,Creme gordo,
4058172508851,5,skincare,body lotion,True,Leichte Body Lotion,
30178304,7,haircare,curl,False,Vegan wake up curl day 2,
3574669907736,3,haircare,shampoo,True,Johnson baby shampoo 750ml,
8715342018058,1,skincare,pore,False,Charcoal pore strips,
5010525042954,1,haircare,shampoo,True,Strawberry 2 in 1 shampoo & conditioner,
3700601508093,6,skincare,pore,False,Lait corporel anesse,
0818046000003,3,skincare,sun protection,False,Sun Vital Sun Protection,
4005900227171,1,haircare,volume,False,Diamond volume care,
3760091820242,1,skincare,visage,False,SÉRUM SEV'ACTIVE,SÉRUM VISAGE
8717496478511,2,skincare,savon,True,Savons liquide pour les mains,
4260602123002,4,skincare,creme,False,Jean & Len PHILOSOPHIE* sehr geile HANDCREME OHNE GEDÖNS. VEGAN,
25363166,1,skincare,hygiene,False,Extra hygiene antibacterial hand wash,
03113271,2,skincare,serum,True,Good vibes vitamin c and vitamin b3 serum,
3355313145724,1,skincare,savon,True,Savon de Marseille,
5712873216338,1,skincare,hand soap,True,lovena Hand Soap Milk & Honey,
6928064920123,1,skincare,savon,True,hygiénix savon,
4005900257055,1,skincare,crème,False,NIVEA Care shower orange & avocado oil,Verzorg je huid onder de douche met Nivea Happy Time Douchecrème. De zijdezachte douchecrème met verzorgende bamboemelk verandert in een romig schuim en heeft de fruitige geur van sinaasappelbloesem.
3390150558283,2,skincare,gommage,False,Gommage au sucre relaxant,
3600521571385,1,haircare,laque,True,Laque,
5430000153485,1,haircare,shampoo,True,shampoo bar,
3596490002817,1,skincare,gel douche,True,Gel douche,
6025614922894,1,skincare,savon,True,Savon curcuma,
3600523900787,2,skincare,gel douche,True,"BarberClub gel douche, corps, cheveux & barbe","Gel douche corps, cheveux & barbe"
0669316401699,2,skincare,serum,True,Beard Serum,
8859527700175,1,skincare,serum,True,Mahad body serum,
9556126667739,1,skincare,serum,True,Rexona dry serum roll on,
3596200064425,1,skincare,hydratant,False,Fluide hydratant 24h,fluide hydratant pour le visage
3596200064432,1,skincare,hydratant,False,Contour des Yeux hydratant,fluide hydratant pour le contour des yeux
3401360192539,1,skincare,visage,False,Fluide matifiant,Fluide matifiant pour le visage
8711700963503,3,skincare,body lotion,True,Body Lotion Hydro Pflege,
4058172184765,1,haircare,shampoo,True,Dusche & Shampoo Cool Moon,
4008666203700,4,haircare,shampoo,True,GreenTec Anti-Schuppen Shampoo,
3323036492821,4,haircare,shampoo,True,Shampoo ecrinal with plant extracts,
3245678042199,3,skincare,crème,False,Crème mains et ongles au beurre de karité bio,Crème mains et ongles au beurre de karité bio
5028197946937,3,skincare,serum,True,Pepins de raisin Serum brillance,
6130730000491,1,skincare,déodorant,False,Déodorant pour femme,
50440542,3,skincare,face wash,True,Moisturising Face Wash,
4104260070929,2,haircare,shampoo,True,Shampoo arganöl,
3378872135012,1,skincare,cleanser,True,White Clay Mattifying Cleanser,
3378872143468,1,skincare,toner,True,Gentle pH Balancing Toner,
8022328111116,3,skincare,micellar,True,"Acqua micellare addolcente, i colori dell'orto",
6001374048043,2,haircare,wave,False,Easy waves my precious kids,
3700147200055,2,skincare,douche,False,Shampoing douche tonic,
9310692811527,1,skincare,scrub,False,Pores Be Clean Sensitive Exfoliating Face Scrub with Lilli Pilli & Wattleseed,
3549620006094,1,skincare,savon,True,Pur savon liquide de Marseille,
8431876286496,1,skincare,spf,False,Bote leche solar spf50+ sun ultimate,
8431876282207,1,skincare,booster,True,Mascarilla facial hidratación sos booster plan,
8431876282191,1,skincare,booster,True,Mascarilla facial de arcilla booster plan,
8431876282184,1,skincare,booster,True,Booster regenerador les cosmetiques nº9 booster plan,
8431876282177,1,skincare,booster,True,Booster relax les cosmetiques nº8 booster plan,
8431876282160,1,skincare,booster,True,Booster detox les cosmetiques nº7 booster plan,
8431876282153,1,skincare,booster,True,Booster efecto barrera les cosmetiques nº6 booster plan,
8431876282146,1,skincare,booster,True,Booster ultra hidratante les cosmetiques nº5 booster plan,
8431876282139,1,skincare,booster,True,Booster tonificante les cosmetiques nº4 booster plan,
8431876282122,1,skincare,booster,True,Booster radiante les cosmetiques nº3 booster plan,
8431876282115,1,skincare,booster,True,Booster antifatiga les cosmetiques nº2 booster plan,
8431876282108,1,skincare,booster,True,Booster iluminador les cosmetiques nº1 booster plan,
8431876282092,1,skincare,serum,True,Serum booster plan,
8431876282085,1,skincare,booster,True,Gel contorno de ojos aplicador frio booster plan,
8431876282078,1,skincare,booster,True,Crema para contorno de ojos booster plan,
8431876282061,1,skincare,booster,True,Crema antiedad intensiva de noche booster plan,
8431876282054,1,skincare,booster,True,Crema antiedad de día para piel normal y seca booster plan,
8431876282047,1,skincare,booster,True,Crema antiedad de día para piel mixta y grasa booster plan,
8431876282030,1,skincare,booster,True,Crema antiedad de día para todo tipo de pieles booster plan,
8431876279566,1,skincare,aloe vera,False,Gel de baño aloe vera my baby,
8431876273519,1,skincare,spf,False,Loción solar niños spf50+ sun ultimate,
8431876273502,1,skincare,spf,False,Loción solar spf30 sun ultimate,
8431876273496,1,skincare,spf,False,Loción solar spf30 sun ultimate,
8431876273489,2,skincare,spf,False,Bote leche solar spf50+ sun ultimate,
8431876273472,1,skincare,spf,False,Protector solar facial antiedad color spf 50+ sun ultimate,
8431876273465,1,skincare,spf,False,Protector solar facial antiedad spf 50+ sun ultimate,
8431876273458,1,skincare,spf,False,Facial pieles sensibles spf30 sun ultimate,
8431876273434,1,skincare,spf,False,Pistola leche solar spf15 sun ultimate,
8431876273427,1,skincare,spf,False,Spray solar spf30 sun ultimate,
8431876273410,1,skincare,spf,False,Spray solar spf50+ sun ultimate,
8431876273397,1,skincare,spf,False,Spray pieles sensibles spf50+ sun ultimate,
8431876272222,1,skincare,spf,False,Spray solar invisible spf50 sun ultimate,
8431876272208,1,skincare,spf,False,Spray solar invisible spf30 sun ultimate,
8431876266382,1,skincare,spf,False,Bruma solar facial spf50 sun ultimate,
8431876266375,1,skincare,spf,False,Spray solar invisible sport spf30 sun ultimate,
8431876266368,1,skincare,spf,False,Spray solar sensitive spf50+ sun ultimate,
8431876266351,1,skincare,spf,False,Spray solar niños repelente de arena spf50+ sun ultimate,
8431876262650,1,skincare,aloe vera,False,Crema corporal aloe vera pieles normales,
8431876254129,1,skincare,spf,False,Aceite seco solar coco spf20 sun ultimate spray,
8431876248159,1,skincare,spf,False,Aceite solar coco spf6 sun ultimate pistola,
8431876278569,1,skincare,aloe vera,False,Jabón manos líquido aloe vera crf,
8431876271621,1,skincare,exfoliant,False,Gel de baño exfoliante,
8431876271591,1,skincare,aloe vera,False,Gel de baño aloe vera,
8431876258142,1,skincare,spf,False,Aceite solar coco spf30 sun ultimate spray,
8431876238983,1,skincare,exfoliant,False,Crema exfoliante pies crf,
3560071257293,5,haircare,shampoo,True,Solid shampoo,
4025089060260,1,makeup,gloss,True,Lip duo contour & gloss,
4021457640829,2,haircare,shampoo,True,Shampooing Volume & Vitalité,
4000196030016,1,skincare,creme,False,Hand & Nagelcreme,
8714100138649,7,skincare,savon,True,Monsavon Anti-Transpirant Femme Spray Compressé Vanille Toute Délicate 2x100ml,Déodorant Femme Spray Anti Transpir
59081531,4,skincare,savon,True,Monsavon Déodorant Femme Spray Compressé Bergamote Très Pétillante 100ml,Déodorant
8710522481691,2,skincare,savon,True,Monsavon Déodorant Femme Spray Compressé Bergamote Très Pétillante 2x100ml,Déodorant Femme
8710447332917,2,skincare,gel douche,True,Monsavon Gel Douche Mousse Légèreté Fleurie Pivoine & Freesia 200ml,Gel Douche Mousse
8711600536661,2,skincare,savon,True,Dove Savon Lavant Antibactérien Exfoliant Doux 2x100g,Savon Lavant Antibactérien
3181730272565,10,skincare,bar soap,True,Monsavon bar soap 4x100gr,Savon Lavant Antibactérien
8712561715508,3,skincare,gel douche,True,Axe Gel Douche Homme Black 12h Parfum Frais 2x250ml,Gel Douche Homme
8710522784983,5,haircare,shampoo,True,Timotei Shampooing Purifiant 750ml,Shampooing
8717163752401,5,haircare,shampoo,True,Timotei Bio Après-Shampooing Femme Douceur infusé au Lait d'Amande Douce Cheveux Normaux 250ml,Après-Shampooing Femme
8711700891219,1,skincare,gel douche,True,AXE Gel Douche Homme Apollo 250ml Lot de 2,Gel Douche Homme
8711700889902,1,skincare,gel douche,True,AXE Gel Douche Homme Apollo 400ml Lot de 2,Gel Douche Homme
8711600477438,3,skincare,gel douche,True,Axe Gel Douche Homme Provocation 12h Parfum Frais 2x250ml,Gel Douche Homme
8710447307540,2,haircare,shampoo,True,Timotei Kids Shampooing Démêlant 2en1 Senteur Pomme Ne Pique Pas les Yeux,Shampooing Démêlant 2en1
3181730117804,5,skincare,mousse à raser,True,Williams Mousse à Raser Homme Hydratant 200ml,Mousse a raser
3181730132135,1,skincare,crème,False,Williams Crème à Raser Peau Sensible,
4744183011083,1,skincare,peel,False,Gentle face peeling,
8710447329191,1,skincare,gel douche,True,AXE Gel Douche Gold Lot 2x250ml,Gel Douche
8710447491300,1,skincare,gel douche,True,Monsavon Gel Douche Bio Rose Thé Vert,Gel Douche Bio
8710447332979,1,skincare,gel douche,True,Monsavon Gel Douche Mousse Douceur Fruitée Pêche & Tilleul,Gel Douche Mousse
8710447332948,1,skincare,gel douche,True,Monsavon Gel Douche Mousse Fraîcheur Agrume Pamplemousse & Jasmin 200ml,Gel Douche Mousse
8710447394656,1,haircare,shampoo,True,Timotei Détox Shampooing Femme aux extraits de Baie de Goji Cheveux Ternes,Shampooing Femme
59079682,6,skincare,savon,True,Monsavon BIO Déodorant Femme Bille Rose Thé Vert 50ml,Déodorant Femme
8710522758120,2,skincare,savon,True,MONSAVON BIO Déodorant Femme Bille Rose Thé Vert 2x50ml,Deo roll on
59019114,6,skincare,savon,True,Monsavon Déodorant Femme Bille Lait d'Avoine 50ml,Deo bille
8710522754634,2,skincare,savon,True,Monsavon BIO Déodorant Femme Bille Lait d'Avoine 2x50ml,Deo roll on
8710522754610,1,skincare,savon,True,MONSAVON BIO Déodorant Femme Bille Citron Touche de Verveine 2x50ml,Deo roll on
8710522754597,1,skincare,savon,True,MONSAVON BIO Déodorant Femme Bille Aloé Vera Vanille 2x50ml,Deo roll on
8710447329214,1,skincare,gel douche,True,AXE Gel Douche Homme Gold Lot,Gel Douche Homme
8710447280065,1,skincare,gel douche,True,Dove Surgras Gel Douche Mousse Nourrissante Huile de Rose 24h,Gel Douche Mousse
8710447179529,4,haircare,cheveux,False,Timotei Shampoing Femme à l'Huile de Framboise BIO et de l'extrait de Thé Blanc Cheveux Colorés,Shampoing Femme
3181730272510,1,skincare,savon,True,Monsavon Savon Lait & Amande Douce 2x100g,Savon
8717163947739,1,skincare,gel douche,True,AXE Gel Douche Wild Mojito & Bois de Cèdre,Gel Douche Homme
8717163747216,1,skincare,gel douche,True,Dove Nutrition Intense Gel Douche Mousse à l'Huile de Coton 24h de Douceur Douche & Rasage,Gel Douche Mousse
8710908858567,2,skincare,savon,True,Monsavon Déodorant Femme Bille Vanille Toute Délicate 50ml,Déodorant Femme Bille
8710847972706,5,skincare,gel douche,True,DOVE Gel Douche Pouvoir des Plantes Gingembre 250ml,Huile de Douche
8710522754658,2,skincare,savon,True,Monsavon BIO Déodorant Femme Bille Lait d'Amande 2x50ml,Deo bille
8710522403907,1,skincare,gel douche,True,Dove Gel Douche Surgras à l'Huile d'Amande,Gel Douche
59019107,4,skincare,savon,True,Monsavon BIO Déodorant Femme Bille Lait d'Amande 50ml,Deo bille
3400930087787,3,haircare,shampoo,True,Shampooing ciclopirox olamine,
8717163752418,6,haircare,shampoo,True,Timotei Shampooing 2en1 Purifiant 250ml,Shampooing 2en1
8717163752388,1,haircare,cheveux,False,Timotei Après Shampoing Cheveux Secs Nourrissant au Miel et Jojoba 250ml,Après Shampoing Cheveux Secs
8717163661574,2,skincare,gel douche,True,Dove Surgras Gel Douche Mousse Infusée à l'Huile d'Açaï 24H de Douceur,Gel Douche Mousse
8710847963988,3,haircare,shampoo,True,Timotei Bio Après-Shampooing Femme Éclat Cheveux colorés Grenade & Karité 250ml,Après Shampoing Femme
8710847963971,5,haircare,shampoo,True,Timotei Bio Shampooing Femme Éclat Cheveux colorés Grenade & Karité 250ml,Shampooing Cheveux Colorés
8710847998584,2,skincare,gel douche,True,Monsavon Gel Douche Femme Concentré Vanille 100ml,Gel Douche
8710522707616,1,skincare,gel douche,True,Monsavon Gel Douche Femme Concentré Vanille Lot 2x100ml,Gel Douche Femme
8710847998577,7,skincare,gel douche,True,Monsavon Gel Douche Femme Concentré Fleur de Patchouli 100ml,Gel Douche
8710522707593,1,skincare,gel douche,True,Monsavon Gel Douche Femme Concentré Perle Patchouli lot 2x100ml,Gel Douche Femme
8710847998591,10,skincare,gel douche,True,Monsavon Gel Douche Femme Concentré Amande 100ml,Gel Douche
8710522707579,1,skincare,gel douche,True,Monsavon Gel Douche Femme Concentré Amande Très Douce Lot 2x100ml,Gel Douche Femme
8710908735523,1,skincare,gel douche,True,Dove Gel Douche Mousse Soin Hydratant,Gel Douche Mousse
8710522361610,1,skincare,crème,False,Dove Crème Corps Pot Rosace x1,Crème Corps Pot
59006701,7,skincare,déodorant,False,Axe Déodorant Éco-Spray Origines Yuzu & Matcha Vert 85ml,Déodorant
3348901408745,1,makeup,rouge à lèvres,True,Rouge à lèvres,
8717163748374,6,skincare,savon,True,Msv pdt bio abricot 100g,Savon Pain de Toilette
8712561446389,1,skincare,déodorant,False,Rpk will deo stk 2x75ml,Déodorant Homme Stick
8710908437137,5,skincare,gel douche,True,Dove Gel Douche Surgras à l'Huile d'Argan 400ml,Gel Douche
8717163648643,4,skincare,gel douche,True,Axe Gel Douche Homme 3en1 Ice Cool Fraîcheur Glaciale 250ml,Gel Douche Homme 3en1
8710522682319,1,haircare,shampoo,True,Timotei Shampooing Femme Illuminant 2x300ml,Shampooing
8710522682289,1,haircare,shampoo,True,Timotei Shampooing Femme Huiles Précieuses 2x300ml,Shampooing
8710522682296,3,haircare,shampoo,True,Timotei Shampooing Femme Hydratant 2x300ml,Shampooing
8710522682272,1,haircare,shampoo,True,Timotei Après-Shampooing Femme Nourrissant 2x300ml,Apres-shampooing
8710522652855,1,skincare,déodorant,False,Dove deo bio pdp bil eucx2,Déodorant Bille
8710522652831,1,skincare,déodorant,False,Dove deo bio pdp bil ginx2,Déodorant Femme Bio
8710522652817,1,skincare,déodorant,False,Dove deo bio pdp the2x50,Déodorant Femme Bille
8710522474259,1,skincare,aloe vera,False,Timotei Pure Shampoing Femme Nutrition & Légèreté Cheveux Normaux au Lait de Coco et Aloe Vera Lot,Shampoing Femme
8710522464922,1,haircare,shampoo,True,"Timotei Huiles Précieuses Shampooing Femme aux Huiles d'Argan Bio, d'Amande, Fleur de Jasmin Cheveux Secs et Ternes Lot 6x300ml",Shampooing Femme
8710522464908,1,haircare,cheveux,False,Timotei Nutrition Intense Shampoing Femme à l'Huile d'Avocat 100% d'origine naturelle Cheveux Secs Lot de 6x300ml,Shampoing Femme
8717163947715,10,skincare,gel douche,True,AXE Gel Douche Homme Wild 12h Parfum Frais 250ml,Gel Douche Homme
8712561803847,8,skincare,rasage,False,Brut attr tot as 100ml,Lotion apres rasage
8710908650062,1,skincare,gel douche,True,Axe Gel Douche You 250ml,Gel Douche Homme
8710847953040,10,skincare,gel douche,True,Axe Gel Douche Homme 3en1 Origines Cactus & Bois de Santal 250ml,Gel douche
8710447284117,5,skincare,gel douche,True,Axe sg black 400ml,Gel Douche Homme
8710522643938,4,haircare,shampoo,True,Timotei Shampooing 2 en 1 Douceur 300ml,Shampoing Femme
3770004868131,1,skincare,savon,True,savon nuit de cannelle,
4045612004554,1,haircare,shampoo,True,2in1-Bart-Shampoo,
4015001005608,1,haircare,shampoo,True,Aktiv-Coffein Aktivierungs-Shampoo,
3450601036538,1,skincare,lait corps,True,Lait corps hydratant,
3466762238865,5,skincare,crème,False,Crème pour les mains Home Spa,
3263855673295,7,skincare,crème,False,Crème lavante à l’extrait de miel et de lait,
8710522644065,9,haircare,shampoo,True,Timotei Shampooing Éclat 300ml,Shampoing Femme
8710522644003,1,haircare,shampoo,True,Timotei Shampooing Detox 300ml,Shampoing Femme
4362963313044,1,skincare,moisturizer,False,Cetaphil PRO Oil Control Moisturizer with SPF 30,
20982744,1,skincare,shower gel,True,Cien Shower Gel Orange with Orange extract,
0669558500082,1,haircare,scalp,False,Scalp,
4011700436002,1,skincare,shaving,True,Shaving soap,
3222477186811,1,skincare,aloe vera,False,Crème de jour hydratante Aloe Vera et Acide hyaluronique,
8714789849195,1,skincare,aloe vera,False,Rasierschaum sensitive (with Aloe Vera),
4058172331800,2,skincare,aloe vera,False,Kombilösung sensitive (mit Aloe Vera),
0817513016783,1,haircare,pomade,True,Shea Butter Cream Pomade,
8710447437322,1,skincare,lait corps,True,Dove Nourishing Secrets Spray Lait Corps Invigorating Avocat,Spray Lait Corps
4005900791337,1,skincare,crème,False,Nivea men crème visage corps mains,
08133025,2,skincare,creme,False,Rasiercreme,
42349327,2,skincare,rasage,False,Nivea men rasage corps,Stick de rasage
8711218979102,1,skincare,crème,False,Sudocrem Multi-Expert Zinkzalf,"Sudocrem Multi-Expert Crème verzacht en beschermt, bevat hypoallergene Lanoline en beschermt je huid tegen invloeden van buitenaf."
59006961,1,skincare,déodorant,False,Axe Déodorant Homme Éco-Spray Origines Cactus & Bois de Santal 85ml,Déodorant Homme
8717163668863,1,skincare,gel douche,True,AXE Gel Douche Homme Carbon 3en1 Lot 2x250ml,Gel Douche Homme
8717163668856,3,skincare,gel douche,True,AXE Gel Douche Homme Ice Cool Lot 2x250ml,Gel Douche Homme
8717163648636,3,skincare,gel douche,True,AXE Gel Douche Homme Carbon 3en1,Gel Douche Homme
8712561715300,1,skincare,gel douche,True,AXE Gel Douche Homme Black,Gel Douche Homme
8710447396520,1,skincare,lait corps,True,Dove Lait Corps Original Pompe 250ml,Lait Corps
8710447329207,1,skincare,gel douche,True,AXE Ice Gold Gel Douche Homme Air de la Montagne et Senteur Bois Frais 3 en 1 Lot 2x250ML,Gel Douche Homme
8710447297667,1,skincare,gel douche,True,AXE Gel Douche Mousse Dark Temptation,Gel Douche Homme Mousse
8710447253779,2,skincare,gel douche,True,Axe Gel Douche 3en1 Ice Gold 250ml,Gel Douche Homme
40133218,12,skincare,essence,True,Dove DermaSpa Crème Hydratante Corps Nutri Essence Pot 300ml,Crème Hydratante Corps
8429881700045,1,skincare,aloe vera,False,Aloe vera,
4058172107696,1,skincare,creme,False,Fußcreme Hirschtalg,
8710522668757,1,haircare,shampoo,True,Timotei Shampooing 2 en 1 Nourrissant 300ml,Shampoing Femme
8710447343074,2,skincare,déodorant,False,Dove inv care zero 2x50ml,Déodorant Femme Bille
4260149350107,3,skincare,creme,False,Care Zahncreme (Flüssiger Zahnschmelz),
4011200136907,3,skincare,shave,False,Stick à raser/Shave Stick Classic (with Palm Extract),
4011200115902,3,skincare,creme,False,Rasiercreme Sensitive (with Palm Extract),
8004395001231,3,skincare,shaving,True,"Shaving Cream (Sensitive Skin, with Green Tea and Oatmeal)",
8004395001071,3,skincare,sensitive skin,False,"After Shave Balm (Sensitive Skin, with Green Tea and Oatmeal)",
42389149,1,skincare,anti-transpirant,False,Anti-Transpirant: My Personalized Protection [No. 9],
3770016038027,2,skincare,savon,True,savon crème à l'huile d'amande douce,savon à l'huile d'amande douce
4002448122432,3,skincare,creme,False,Haarentfernungs-Creme Sensitive Power,
8710447381472,1,skincare,savon,True,"Persil Au Savon de Marseille Lessive Liquide Bouquet de Provence Bouteille 4,2L 84 Lavages",Lessive Liquide
4058172618970,1,skincare,shave,False,Ultra Sensitive After Shave Balsam,
4058172336591,3,skincare,creme,False,Ultra Sensitive Tagescreme,
4058172336614,1,skincare,creme,False,Ultra Sensitive Nachtcreme,
4008233151854,2,skincare,aloe vera,False,Soin Lèvres Menthe aquatique - Aloe Vera,baume pour les lèvres
8710447245484,1,skincare,nettoyant,True,Skip Nettoyant Lave-Linge 3 Doses,Nettoyant lave vaisselle
0642968328583,4,haircare,curl,False,Boost curl,
09600033,1,makeup,lipstick,True,Lipstick,
4260285396311,1,haircare,shampoo,True,Festes Shampoo mit Aloe vera,
3504105028398,3,haircare,cheveux,False,Gel lavant doux corps et cheveux,
8714100146262,2,skincare,savon,True,MONSAVON Déodorant Femme Bille Vanille Toute Délicate 2x50ml,Déodorant Femme Bille
8710447342497,3,skincare,gel douche,True,Axe Gel Douche Homme Dark Temptation 12h Parfum Frais 2x400ml,Gel Douche Homme
3181730213452,1,skincare,savon,True,Monsavon Déodorant Femme Bille Fleur de Lotus Presque Divine 50ml Lot de 2,Déodorant Femme Bille
59086703,2,skincare,gel douche,True,Dove Désinfectant Mains Nutrition Intense 50ml,Gel douche
3560071251741,3,skincare,crème,False,NUTRITION CRÈME MAINS à l’huile d’abricot,
4058172444067,3,skincare,aloe vera,False,Handcreme Aloe Vera,
4010355475244,3,skincare,serum,True,Aqua Feuchtigkeits Serum,
9120082226103,1,haircare,shampoo,True,Festes Shampoo Pflegewunder,
27277430,1,skincare,creme,False,Cremeseife,
3380380083372,1,skincare,propolis,False,Dentifrice Propolis,
5414874004531,1,skincare,moisturizing,False,Moisturizing body milk,
3660005616995,1,skincare,serum,True,Serum végétal,
3605970879570,1,skincare,serum,True,Super multi corrective eye opening serum,
9339341004868,1,haircare,leave-in,True,Leave-in.repair,
7340011437383,1,skincare,hand soap,True,hand soap,
3430750041867,1,skincare,pore,False,Amore Mio- lait corporel parfumé,
3450601026591,1,skincare,savon,True,Savon doux aux extraits de Jasmin bio,
3263855823799,1,skincare,rasage,False,Après Rasage Homme Intense,
3760100681352,2,skincare,crème,False,crème mains nourrissant beurre de cacao,
3564700718384,1,haircare,shampoo,True,Shampooing extra-doux à l’extrait d’amande,
3600550941524,1,skincare,creme,False,Douceur creme d'enfance,
3400939126357,1,skincare,crème,False,acide fusidique crème,
7630028610931,1,skincare,shower gel,True,Fanjo shower gel weather melon,
3251241017211,2,skincare,hydratant,False,lait hydratant peaux très seches,
3298651700913,1,skincare,savon,True,Savon liquide de Marseille,
8719238003944,1,skincare,savon,True,Studio savon,
3612060007485,1,skincare,savon,True,Savon Parfumé,
3770002220139,1,skincare,savon,True,savon artisanal,
8719238009403,1,skincare,shower gel,True,Bath & shower gel,
7610849932771,1,skincare,déodorant,False,Déodorant Roll-on,
4015000217040,1,haircare,blonde,False,Nordic blonde,
3245678563731,1,skincare,crème,False,Cosmos collections crème mains à l’huile d’argan naturel,
3582910005650,1,skincare,hygiene,False,Sanofi-synthelabo Physiomer Hygiene Nasale,
4062300054592,1,haircare,cheveux,False,Shampoing corps et cheveux,
6130793000643,1,skincare,savon,True,savon de Marseille,
7640136290062,1,haircare,shampoo,True,Shampoo für normales Haar,
6111254878827,2,skincare,savon,True,savon liquide,
3401381349646,1,skincare,nettoyant,True,Lingettes nettoyantes à huit olive vierge,
3614225573897,1,haircare,volume,False,Festiger Wellaflex Volumen & Repair,
8801051342536,1,skincare,essence,True,Whoo 秘貼 essence,
8715342026442,1,skincare,hand cream,True,Hand cream,
8715342010335,1,skincare,aloe vera,False,Handgel Aloe Vera,
5028197521097,1,skincare,cleanser,True,Tea Tree Skin Clearing Foaming Cleanser,
5028197200503,1,makeup,bb cream,True,Tea Tree Flawless BB Cream,
3253581548523,1,skincare,hand cream,True,Hand cream collection,
3574661399973,1,skincare,hydratant,False,Spray hydratant sublime express,
3700210040274,1,skincare,savon,True,savon,
3182611234511,2,skincare,savon,True,Savon de Marseille,
3564700734759,1,skincare,savon,True,Douceur savon nourrissant,
3700593600164,1,skincare,savon,True,savon de marseille,
3496344214147,1,skincare,savon,True,SAVON,
4744183014831,1,haircare,shampoo,True,Volumen Shampoo,
3701120016007,1,haircare,shampoo,True,Shampooing,
4056800649792,1,haircare,volume,False,WELLA Flex Mousse 2day Volume Extra Strong 200ml,
3614227552999,1,skincare,body lotion,True,Her body lotion,
55656856,1,skincare,uva,False,Solution buvable pour constipation,
3760151308642,1,skincare,crème,False,Crème visage homme,
3700969801225,1,haircare,masque cheveux,True,masque cheveux nuit,
3517360012293,1,skincare,crème,False,Bb crème texture légère,
3466761784417,4,skincare,hydratant,False,Soin hydratant main,
3245678612729,1,skincare,déodorant,False,Déodorant vanille,
3251241034935,1,makeup,primer,True,A Supprimer,
3596490004866,1,skincare,gel douche,True,Gel Douche Surgras Rogé Cavailles,
3511720118250,1,skincare,lait corps,True,Lait corps au lait d’ânesse,
8713551703413,2,skincare,hand cream,True,snail hand cream,
3273819232048,1,makeup,correcteur,True,Correcteur intensif imperfections,
4005808801497,2,skincare,anti-age,False,NIVEA Men Hydraterende Anti-Age Gezichtsgel,
3700388986565,1,makeup,fard à paupières,True,Fard à paupières WET&DRY,
3160920643545,2,skincare,uva,False,Juvamine Huile Essentielle Menthe Poivrée. FL 10ML,
3401560254686,1,skincare,collagen,False,Collagene+,
3350033137264,1,skincare,lait corps,True,huile d'argan (lait corps),
3031443113702,1,skincare,creme,False,Cremedterioan anti calosofades,
3583788429043,1,skincare,gel douche,True,Gel douche,
3489940035230,1,skincare,savon,True,savon lait anesse,
8901138507558,2,haircare,hair cream,True,himalaya hair cream,
3663395031355,1,skincare,savon,True,Savon de Marseille padblabla,
3282770073133,1,skincare,hydratant,False,Crème hydratante avene pediattil,
8715342027883,1,skincare,eye cream,True,Repair eye cream,
4010355307231,4,haircare,shampoo,True,Active Nature Shampoo,
3052503610344,1,makeup,contour,False,Contouring Illusion,
8710444211277,1,skincare,savon,True,Savon mains lavande,
3700256373145,1,skincare,crème,False,Crème anti-âge jour,
4021457619986,1,haircare,shampoo,True,Shampooing protection couleur & soin,
3662076019057,5,skincare,crème,False,crème dépilatoire,
4005808813063,3,skincare,shave,False,Nivea After Shave Balsam Sensitiv,
4973167286890,1,makeup,eyebrow,True,Kanebo Kate lsting eyebrow W BR3,
4550002845537,1,skincare,essence,True,MUJI booster essence lotion,
4946324029968,1,makeup,lash,False,DUP lash beauté 05,
4946324032920,1,makeup,lash,False,DUP lash beauté 07,
4946324029937,1,makeup,lash,False,DUP lash beauté 02,
4946324027872,1,makeup,lash,False,DUP lash secret line,
4946324029951,1,makeup,lash,False,DUP lash beauté 04,
4936968663673,1,makeup,eyeliner,True,Maybelline eyeliner BE -1,
11332006,1,skincare,douche,False,lait de douche srgras,
4005900488404,1,skincare,nettoyant,True,Eau micellaire nettoyante,
3178040671867,1,skincare,gel douche,True,SCORPIO gel douche parfumé NOIR ABSOLU,
3245678622865,3,haircare,laque,True,Laque force et volume,Laque force et volume
3614225545016,1,skincare,gel douche,True,Coffret 2en1 gel douche parfum,
3256226757984,1,skincare,aloe vera,False,aloe vera,
3563210011701,1,skincare,savon,True,Savon au lait d’ânesse Bio,
3600550972412,1,skincare,savon,True,savon bio,
3760162120417,1,skincare,savon,True,Savon liquide de marseille,
3600530670819,1,skincare,anti-age,False,Instant Anti-Age Effekt,
3596490000981,1,skincare,savon,True,Savon liquide de Marseille,
3600523670079,1,makeup,mascara,True,UNLIMITED mascara Waterploof,
3700666900160,1,skincare,crème,False,Crème émolliente visage et corps,
3263854392319,1,skincare,creme,False,creme,
8436097093014,1,skincare,crème,False,Crème,
6679077756819,1,skincare,savon,True,SAVON MARBRE AU MIEL,Savon marbré
7350070870502,1,skincare,cleanser,True,Cetaphil Facial Cleanser,
5037156227499,1,haircare,shampoo,True,Go Blonder shampooing éclaircissant,
5028197521080,1,skincare,nettoyant,True,Nettoyant purifiant visage Tea Tree,
5028197521394,1,skincare,scrub,False,Body Scrub Honeymania 250ml,
2024323999993,1,skincare,mist,False,Body mist HEMA,
8718951196858,2,skincare,déodorant,False,Déodorant Sanex,
4902430401012,3,haircare,shampoo,True,Pantene Pro-V Shampoo Anti Dandruff,
5901845500487,1,haircare,shampoo,True,o`herbal shampoo,
5060528313124,1,haircare,shampoo,True,Sleek & Smooth Shampoo plant keratin & plum,
5425015920368,1,haircare,shampoo,True,shampoo sapindus soapnuts,
7506267908897,1,haircare,shampoo,True,shampoo ludwing,
4005808384174,1,skincare,crème,False,nivea crème,
42355533,1,skincare,hand cream,True,nivea hand cream,
4005808956555,1,skincare,deodorant,True,Nivea deodorant,
6111246207093,1,skincare,crème,False,Crème raffermissante à l'huile d'argan,
12628148,1,skincare,aloe vera,False,creme antirides aloe vera,
3560070986101,3,skincare,lait corps,True,Lait corps hydratant réparateur,
3182611232029,1,skincare,savon,True,Savon de provence extra doux amande,
3253581453711,1,skincare,crème,False,Crème mains,
3253581491461,1,skincare,nettoyant,True,Mousse en crème nettoyante,
3700187411046,1,makeup,fond de teint,True,Fond de teint  crème haute couvrance,
3660005635330,1,skincare,lait corps,True,Lait Corps parfume Thé doré,
3245678589847,1,haircare,cheveux,False,Cosmia - shampoing - au lait - tous types de cheveux - 500ml,Cosmia - shampoing - au lait - tous types de cheveux - 500ml
3600523447572,2,skincare,crème,False,Crème démaquillante fleurs rares peaux sèches et sensibles,
3284410024086,1,skincare,crème,False,Crème main extra-riche,
20778347,1,haircare,shampoo,True,Shampooing,
8716716098669,1,skincare,gel douche,True,Yogi Flow Gel Douche,
4464230388837,1,skincare,ampoule,True,Mag 2 ampoules,
3560070857227,7,skincare,déodorant,False,Déodorant 24h musc vanillé,
27023082,1,skincare,déodorant,False,déodorant,
8710447285336,1,skincare,deodorant,True,"Anarchy for her, deodorant & bodyspray",
3380380000713,1,skincare,déodorant,False,Déodorant verveine des Indes,
3401360212992,1,skincare,déodorant,False,déodorant weleda sauge,
3401320523373,1,skincare,gel douche,True,gel douche sur gras marque verte,
4001638088268,1,skincare,shower cream,False,Welada wild rose shower cream,
7500435128698,1,skincare,booster,True,pantene booster,
3700998202093,2,skincare,savon,True,savon de Marseille à l'huile d'avocat,
8001090488893,1,skincare,essence,True,herbal essences,
3245678689509,1,skincare,nettoyant,True,Gel nettoyant intime fraîcheur,Gel nettoyant intime fraîcheur
3665467000733,3,skincare,hydratant,False,crème hydratante visage,
3517360010534,1,skincare,hydratant,False,creme caresse hydratante mains,
3570565555361,1,skincare,hydratant,False,Lait hydratant et apaisant,
3700648800457,1,skincare,hydratant,False,lait hydratant au tiare,
3466762105907,1,skincare,hydratant,False,masque neige hydratant,
3140100314328,1,haircare,cheveux,False,stimulant fondamental chute de cheveux,
3770001319148,1,haircare,cheveux,False,baume pour cheveux secs et fins au jasmin,
3760099700515,1,skincare,crème,False,Crème solaire haute protection panthénol 0% paraben,
3660005141329,1,skincare,hydratant,False,Crème hydratante végétal,
4009932002133,1,skincare,creme,False,Protefix Haftcreme,
7391681038653,1,haircare,curl,False,Curlicue cream,
3662217007189,1,skincare,crème,False,Avril crème neutre,
3045206392976,1,skincare,nettoyant,True,nettoyant desinfectant,
3286010050359,1,skincare,lait corps,True,lait corps hydratant biopha,
8809340382379,1,skincare,collagen,False,collagen mask pack,
4326470606242,1,skincare,creme,False,Elina Fusscreme,
3760232870259,1,skincare,savon,True,Vrai cube de savon de Marseille,
3593290025206,1,skincare,savon,True,savon alep exfoliant argan bio,
3393190016980,3,skincare,savon,True,Savon Végétal.   Parfum  Mirabelle,
3770010560555,2,skincare,savon,True,Savon au Miel,
3770010560548,2,skincare,savon,True,Savon à la Propolis 100g,
3770010560326,2,skincare,savon,True,Savon à la Gelée Royale,
3596490001711,1,skincare,gel douche,True,Gel douche sur gras,
7790616003368,1,skincare,douche,False,Douche de lèche( confiture de lait),
3266191024684,1,skincare,crème,False,Crème de douche coco,
8717163699263,2,skincare,gel douche,True,Love Beauty And Planet Gel Douche Oasis Nourrissante 400ml,Gel Douche
3263855952598,1,skincare,gel douche,True,Gel douche crème et nutrition,
12217115,1,skincare,aloe vera,False,aloe vera  crème réparatrice  3 en 1,
3282779398060,1,skincare,crème,False,Crème dépilatoire apaisant à l’amande douce,
3264680015861,1,skincare,crème,False,crème prodigieuse Boost,
8025272610780,3,makeup,mascara,True,Luxurious lashes Waterproof mascara,
4059729226921,1,skincare,essence,True,crystal powder essence,
4059729198648,1,skincare,essence,True,essence nude,
7502212293889,1,haircare,shampoo,True,shampoo de chile Medina,
18172768,1,haircare,shampoo,True,Shampoo Medina,
8051414384356,1,haircare,shampoo,True,shampoo capelli ricci,
7805000161491,1,haircare,shampoo,True,Linic shampoo,
8901030703607,2,haircare,shampoo,True,Dove nutritive Solutions dryness Care shampoo,
8719874198240,4,haircare,hair mask,True,hair mask,
3438800804752,1,skincare,crème,False,Crème pour les mains,
6173611771196,6,skincare,serum,True,serum integral CEB7,
3614051322478,3,skincare,visage,False,BASE VISAGE LISSANTE PERFECTRICE,
42316640,1,skincare,deodorant,True,deodorant,
3660005961309,1,skincare,hydratant,False,Après soleil lait hydratant 3 en 1,
3455270811370,1,skincare,propolis,False,Dentifrice tonifiant propolis xylitol - sans menthe,
3178041326391,1,skincare,body lotion,True,Nutritive body lotion,
3700807300040,1,skincare,pore,False,Lait corporel vanille miel,
5060456320676,1,skincare,pore,False,Purifiant corporel,
3253581286104,1,skincare,pore,False,Lait perlé corporel,
20654856,1,skincare,crème,False,Crème de jour grenade,
3660005538747,1,skincare,douche,False,Bain douche vanille bourbon,
3253581434444,1,skincare,rasage,False,Baume après rasage,
7506267910401,1,skincare,body wash,True,body wash,
5397205078657,1,skincare,face wash,True,gentle face wash,
71196466,1,haircare,hair oil,True,Love nature body & hair oil,
7630028603117,2,skincare,body lotion,True,Body lotion hydratante,
3600523557271,1,haircare,curl,False,styl ista curls,
3760026150512,1,skincare,savon,True,douche hypoallergenique surgras dans savon,
3660005759517,3,skincare,douche,False,Douche,
8806164147436,1,haircare,smoothing,False,Aloe smoothing gel,
3662217007202,1,skincare,nettoyant,True,Nettoyant 3 en 1,
3661596986481,1,haircare,shampoo,True,shampooing régule et hydrate,
6135262002463,1,makeup,nail polish,True,piove nail polish remover,
3222477068568,1,skincare,lait corps,True,Lait corps,
4058172483394,1,skincare,savon,True,Savon,
3511720128303,1,skincare,savon,True,savon pomme d amour,
8809340384236,1,skincare,pore,False,Yadah Pore Care Mask Pack,
8027881803805,1,skincare,lait corps,True,mekako lait corps mon teint naturel,
4008233146706,5,skincare,creme,False,Kneip Sekunden-Handcreme,
8719827001535,1,makeup,primer,True,Face primer,
8710908180460,1,haircare,shampoo,True,Tresemme Botanic Shampoo,
8003520033673,4,skincare,hygiene,False,Palmolive Hygiene Plus Family Handzeep,"Reinig je handen intensief met Palmolive Hygiene Plus Wasgel. De gel helpt de verspreiding van bacteriën te voorkomen. De milde wasgel is verrijkt met hydraterende ingrediënten, voor zachte schone handen."
8001090911704,1,haircare,shampoo,True,Head & Shoukders 2 in 1 Shampoo,
4744183011014,1,skincare,firming,False,extra firming night facial mask,
3556500099022,1,skincare,hydration,False,deep hydration rose face cream,
4061458023658,1,skincare,creme,False,Milch & Honig Handcreme,
24007306,3,skincare,peel,False,Mascarilla Peel Off Pure Black,
17264745,1,skincare,lip balm,True,Palmer's Lip Balm,
8001090590145,1,skincare,essence,True,herbal essences champu,
8470001757203,1,skincare,blemish,False,anti-blemish keratolytic emulsion,
8480010170900,1,skincare,aloe vera,False,Aceite corporal aloe vera,
7509552908527,3,haircare,shampoo,True,Elvive oleo extraordinario shampoo,
7896085813399,1,skincare,creme,False,Creme de pentear,
8436551471235,1,haircare,hair mask,True,naturalium extra nourishing keratin hair mask,
3245678671252,4,skincare,exfoliant,False,Exfoliante,Savon soin exfoliant aux noyaux d'abricot
50097173,4,skincare,déodorant,False,REXONA MOTIONSENSE,Déodorant Femme Bille
4744183010505,1,skincare,body butter,True,Sauna & Spa thick natural body butter,
8809340382409,1,skincare,brightening,False,Yadah Brightening Mask Pack,
5397182401080,1,makeup,nail polish,True,Flamazing   NAIL POLISH COLECTION,
8411322236527,1,skincare,exfoliant,False,Amor besos y sal gel exfoliante,
5765228838471,1,skincare,aloe vera,False,roll-on deo crystal aloe vera,
8435327628101,1,makeup,maquillage,True,Plaisance Esponga de maquillage con mango,
3380810060447,1,makeup,mascara,True,Mascara supra volume,
6952938337366,1,makeup,eyeliner,True,pink 21 eyeliner liquid,
8420212331181,1,haircare,shampoo,True,Shampoo,
7501039701553,1,skincare,aloe vera,False,Frescura hidratante aloe vera y pepino,
7774904281799,1,haircare,shampoo,True,Clarissa shampoo,
5524105031714,1,skincare,essence,True,naturnua energy essence,
7750075023994,1,haircare,keratin,False,Kativa keratina,
18194412,1,haircare,shampoo,True,shampooing brillance,
5028197549930,1,skincare,exfoliator,False,Pore-cleansing exfoliator,
3401560403022,1,skincare,anti-age,False,Anti-age,
7501054102687,1,skincare,aloe vera,False,quita esmalte aloe vera renova,
8411047143186,1,skincare,body cream,True,"Aloe Vera, body cream / Crema corporal",
3178040671539,1,skincare,douche,False,FA douche,
7898905620132,1,skincare,creme,False,Creme para m�os Vegan by needs,Hidratante para maos
8719238020958,1,skincare,hand soap,True,hand soap citrus,
3600521997574,1,haircare,shampoo,True,l'oréal paris elvital shampoo,
3473311621016,3,skincare,crème,False,crème phyto-aromatique soin intensif de jour,
3574661529202,1,skincare,soothing,False,soothing clear,
20345013,1,skincare,scrub,False,Skin Foodies. Refreshing Body Scrub. CIEN,
3263854395013,1,skincare,hydratant,False,crème hydratante,
25241112,2,skincare,body lotion,True,st Ives Body Lotion,
8719179197115,1,makeup,primer,True,BE creative make up eye primer,
3760170660097,1,makeup,maquillage,True,Coffret maquillage,
5033102907453,1,haircare,conditioner,True,ion moustuizer  conditioner,
3770000858082,1,skincare,aloe vera,False,ALOE VERA,
3245678599822,5,skincare,crème,False,Crème mains anti-dessèchement,Crème mains anti-dessèchement
3489940063004,1,haircare,shampoo,True,Shampooing solide,
3770002220832,2,haircare,shampoo,True,shampooing solide à l'argile et shikakai,
6192442100746,1,skincare,gel douche,True,Gel douche gelcoline,
3563210022462,3,haircare,shampoo,True,shampooing douche coco Bio dermatologique,
8710908100680,1,skincare,déodorant,False,Williams 75ml stk blueman,Déodorant stick
8712561446631,1,skincare,déodorant,False,Rpk will deo stk 2x75ml,Déodorant Homme Stick
3181730117880,6,skincare,mousse à raser,True,Williams Mousse à Raser Homme Peau Fragile 200ml,Mousse à Raser
8710447445983,1,skincare,gel douche,True,Monsavon Gel Douche Lavande Si Authentique,Gel douche
8710447445938,1,skincare,gel douche,True,Monsavon Gel Douche Coco Tellement Craquante,Gel Douche
8710522355237,1,skincare,gel douche,True,Monsavon Au Lait Gel Douche Grenade Tellement Fraîche 300ml Lot de 2,Gel Douche
8710522355183,1,skincare,gel douche,True,Monsavon Gel Douche Fleur D'oranger Si Belle 300ml Lot de 2,Gel Douche
3181730272589,10,skincare,savon,True,Monsavon Savon Lavant Antibactérien L'Authentique 4x200g,Savon
3181730272572,13,skincare,savon,True,Monsavon Savon Lavant Antibactérien L'Authentique 6x100g,Savon Lavant Antibactérien
8710447204313,1,skincare,gel douche,True,AXE Gel Douche Mousse Copper,Gel Douche
50098026,1,skincare,déodorant,False,Axe ro dark t,Déodorant Homme Anti Transpirant
84195814,1,skincare,rasage,False,AXE Lotion Après Rasage Marine,Lotion Après Rasage
8710447342503,1,skincare,gel douche,True,AXE Gel Douche YOU Lot,Gel Douche Homme
8717163703472,1,skincare,déodorant,False,AXE Coffret Homme Eau de toilette et Déodorant Ice Cool X1,Coffret Homme Eau de toilette et Dé
8710447307557,1,haircare,shampoo,True,Timotei Kids Shampooing Démêlant 2en1 Senteur Rose Ne Pique Pas les Yeux,Shampooing Démêlant 2en1
8710447179512,1,haircare,cheveux,False,Timotei Après Shampoing à l'Huile de Framboise BIO et de l'extrait de Thé Blanc Cheveux Colorés,Après Shampoing
8717163710876,1,haircare,shampoo,True,Timotei Détox Shampooing Femme aux extraits de Baie de Goji Cheveux Ternes Lot,Shampooing Femme
8710522643914,1,haircare,shampoo,True,Timotei Après-Shampooing Pure 300ml,Shampoing Femme
8710522646212,4,haircare,shampoo,True,Timotei Après-Shampooing Illuminant 300ml,Après Shampoing Femme
8712561246514,1,haircare,cheveux,False,Timotei Brun Intense Shampoing Extrait de Henné Cheveux Bruns,Shampoing
8710447344583,1,haircare,cheveux,False,Timotei Shampoing Femme à l'Huile de Framboise BIO et de l'extrait de Thé Blanc Cheveux Colorés Lot,Shampoing Femme
8717163710869,1,haircare,shampoo,True,Timotei 2en1 Shampooing Femme Huille d'Amande Douce Cheveux Normaux Lot de,Shampooing Femme
8710908399800,1,haircare,cheveux,False,Timotei Nutrition Intense Shampoing à l'Huile d'Avocat 100% d'origine naturelle Cheveux Secs Lot,Shampoing
8710908663185,1,skincare,gel douche,True,Dove Gel Douche Nutrition Intense 720ml Flacon Pompe,Gel Douche
8710447319369,1,skincare,savon,True,Dove Sensitive Savon Lavant Antibactérien Micellaire,Savon Pain de Toilette
87343694,1,skincare,déodorant,False,Dove 0% Déodorant Femme Bille Antibactérien Talc Touch,Déodorant
8710447173978,1,skincare,crème,False,Dove Crème Corps Pot Colombes x1,Crème Corps Pot
8710522428887,1,skincare,déodorant,False,Dove 0% Déodorant Femme Bille Talc Touch Lot de,Déodorant Femme Bille
8710908100673,1,skincare,déodorant,False,Brut Musk Déodorant Homme Stick Antibactérien Large Original 48h Sans Alcool,Déodorant Homme Stick Antibactérien
8710908100666,1,skincare,déodorant,False,Brut Déodorant Homme Stick Antibactérien Ocean,Déodorant Homme Stick Antibactérien
8710447349960,1,skincare,déodorant,False,Brut original stick 50x2,Déodorant Homme Stick
8710522433768,1,skincare,déodorant,False,Brut Musk Déodorant Homme Stick Large Original 48h Sans Alcool Lot,Déodorant Homme Stick
8710522433744,1,skincare,déodorant,False,Brut Oceans Déodorant Homme Stick Large Original 48h Sans Alccol Lot,Déodorant Homme Stick
8710447250679,1,skincare,gel douche,True,Dove Secrets de Soin Gel Douche Lavande,Gel Douche
8710447326817,1,skincare,savon,True,Dove Savon Pain de Toilette Micellaire 2x100g,Savon Pain de Toilette
8710447326824,1,skincare,savon,True,Dove Savon Pain de Toilette Pink Lot 2x100g,Savon Pain de Toilette
8710447381045,1,skincare,gel douche,True,Dove Gel Douche Eau Micellaire Anti-Stress 400ml Lot de 2,Gel Douche Eau Micellaire
7630028603162,1,skincare,body lotion,True,Body lotion,
4043662190159,1,skincare,serum,True,Vitamin C Serum,
3282779003889,1,skincare,rasage,False,Baume après-rasage,
8809393401713,1,skincare,clay mask,True,Green Tea purifying clay mask,
5943000102846,2,haircare,shampoo,True,Shampoo,
3337871318901,1,skincare,shave,False,Sensi Shave Rasierschaum,
8710522489796,7,skincare,déodorant,False,Schmidt's Déodorant Stick Signature Charbon + Magnésium 75g,Déodorant stick
4003573021355,1,skincare,vitamin c,False,Vitamin C Tuchmaske,
3574661491066,1,skincare,creme,False,Penaten Creme,
5019091501322,1,skincare,salicylic acid,False,Salicylic Acid Scrub soap,
8001090272751,1,skincare,creme,False,Zahncreme mit Fluorid,
7621500110353,1,haircare,shampoo,True,Ei-Öl Nähr-Shampoo,
3250392496616,1,skincare,déodorant,False,Déodorant anti-traces à la fleur de magnolia,
04587781,1,skincare,déodorant,False,Déodorant Dry Confort antitranspirant 48H,
3273818840152,5,skincare,savon,True,Savon traditionnel de Marseille. Verveine,
3182611239202,1,skincare,savon,True,Savon liquide de Marseille,
8720143125393,1,skincare,sheet mask,True,Facial Sheet Mask,
4305615620466,1,skincare,aloe vera,False,Isana Soft Creme Aloe Vera,
8710447189009,2,skincare,déodorant,False,Dove zero original 2x50ml,Déodorant Femme Bille
5060040701034,4,skincare,scrub,False,Olive face & body scrub,
3551780003462,1,skincare,savon,True,Savon Liquide Marseille,
0811748030613,1,skincare,deodorant,True,Yes to charcoal detoxifying tea tree natural charcoal deodorant,
8720181077685,1,skincare,déodorant,False,Axe Déodorant Homme Collision Cuir & Cookies 48h Non-Stop Frais 200ml,Deo aerosol
8720181075476,1,skincare,déodorant,False,Axe Déodorant Bodyspray Homme Skate & Roses 48h Non-Stop Frais 200ml,Deo aerosol
8710522963494,1,skincare,anti-transpirant,False,AXE Anti-Transpirant Homme Black 72h Anti-Humidité Lot 6x200ml,Deo aerosol
8720182050328,1,skincare,déodorant,False,AXE Déodorant Bodyspray Homme Wild 48h Non-Stop Frais Lot 6x200ml GV,Deo aerosol
8720181092435,1,skincare,déodorant,False,AXE Déodorant Bodyspray Homme Dark Temptation 48h Non-Stop Frais 2x200ml,Deo aerosol
4008233156132,6,skincare,sheet mask,True,Sheet Mask Detox Care,
8410436354622,1,haircare,shampoo,True,Shampoo Bar Repairing,
8710847948039,3,skincare,déodorant,False,Déodorant Here +Now,
3700100721016,2,skincare,crème,False,Lait crème après épilation,
8012603051831,3,haircare,curl,False,Weho curl extreme,
5412141223937,1,skincare,pore,False,lait corporel,
3700100712021,1,skincare,nettoyant,True,Gel nettoyant douceur,
3574660412277,2,skincare,hand cream,True,Neutrogena fast absorbing hand cream,
8710522963524,1,skincare,déodorant,False,AXE Déodorant Provocation Lot 6x200ml GV,Deo aerosol
8710522963517,1,skincare,déodorant,False,AXE Déodorant Dark Temptation Lot 6x200ml GV,Deo aerosol
8710522963531,1,skincare,déodorant,False,AXE Déodorant Bodyspray Homme Skate & Roses 48 Lot 6x200ml GV,Deo aerosol
8720181092398,1,skincare,déodorant,False,AXE Déodorant Bodyspray Homme Provocation 48h Non-Stop Frais 2x200ml,Deo aerosol
8710447425015,1,skincare,gel douche,True,AXE Gel Douche Dark Temptation Lot 6x400ml,Gel Douche Homme
8809323737486,1,skincare,toner,True,Nutrition Toner,
3770006502637,3,skincare,crème,False,Crème main,
4305615621661,1,skincare,creme,False,CREME-ÖL-BAD ENTSPANNUNGS-Zeit cremiges Badeerlebnis mit Macadamia-Nuss-Öl,
8720181089039,1,skincare,anti-transpirant,False,AXE Anti-Transpirant Homme Gold 72h Anti-Humidité Lot 2x200ml,Deo aerosol
4058172674617,1,skincare,peel,False,Fuß-Peeling,
3614223935970,1,skincare,déodorant,False,déodorant adidas,
7506295302322,1,skincare,essence,True,Herbal Essences,
8410751036074,2,skincare,body lotion,True,Body Lotion,
7804945062412,1,haircare,shampoo,True,shampoo,
3770018167008,2,skincare,savon,True,savon saponifié à froid,
8480010168426,1,skincare,aloe vera,False,Toallitas crema aloe vera,
8717163680155,1,haircare,shampoo,True,shampoo,
6180412012717,1,skincare,savon,True,savon de safou,
8710447448007,1,skincare,gel douche,True,AXE Gel Douche Homme Music 250ml Lot de 2,Gel Douche Homme
4021457614363,2,skincare,lait corps,True,Lait corps hydratant jojoba et aloe vera bios,
4021457617517,4,skincare,eye cream,True,Illuminating eye cream,
4021457620289,2,skincare,crème,False,Crème mains et ongles huile d'olive et camomille bios,
4250587733808,1,makeup,eyeshadow,True,Absolute Nude Eyeshadow Palette,
4260393230019,1,skincare,creme,False,Sorion Creme,
4250094900601,2,skincare,peel,False,Enzyme Peeling,
8710847971365,2,skincare,gel douche,True,AXE Gel Douche Black Lot 2x400ml,Gel Douche
8720181136399,2,skincare,gel douche,True,Axe Gel Douche 3en1 Homme Re-Load Frais et Vivifiant Lot 2x400ml,Gel douche
8720181059124,2,skincare,anti-transpirant,False,AXE Anti-Transpirant Homme Collision Cuir & Cookies 72h Anti-Humidité 200ml,Deo aerosol
8720181059100,2,skincare,anti-transpirant,False,Axe Anti-Transpirant Homme Dark Temptation 72h Anti-Humidité 200ml,Deo aerosol
8720181077722,5,skincare,déodorant,False,Axe Déodorant Homme Wild 48h Non-Stop Frais 200ml,Deo aerosol
59089506,1,skincare,déodorant,False,AXE Déodorant Homme Stick Collision Cuir & Cookies 48 h Non-Stop Frais Lot 2x50ml,Deo stick
8720181059117,4,skincare,anti-transpirant,False,Axe Anti-Transpirant Homme Ice Cool 72h Anti-Humidité 200ml,Deo aerosol
8720181092503,1,skincare,déodorant,False,AXE Déodorant Bodyspray Homme Collision Cuir & Cookies 48h Non-Stop Frais Lot 2x200ml,Deo aerosol
8720181061981,1,skincare,anti-transpirant,False,Axe Anti-Transpirant Homme Black 72h Anti-Humidité 200ml,Deo aerosol
8720181068096,5,skincare,anti-transpirant,False,AXE Anti-Transpirant Homme Gold 72h Anti-Humidité,Deo aerosol
8720181092831,1,skincare,déodorant,False,AXE Déodorant Bodyspray Homme Draps Frais & Wasabi 48h Non-Stop Frais 2x200ml,Deo aerosol
8720181140372,1,skincare,gel douche,True,Axe Gel Douche Magnum Billionaire 12h Parfum Frais Lot 2x250ml,Gel douche
8720181140365,4,skincare,gel douche,True,Axe Gel Douche Homme Magnum Gold Caramel Billionaire 12h Parfum Frais 250ml,Gel douche
8720181092480,1,skincare,déodorant,False,AXE Déodorant Homme Spray 48h Fraîcheur Wild 2x200ml,Deo aerosol
8720181092800,1,skincare,déodorant,False,AXE Déodorant Bodyspray Homme Skate & Roses 48h Non-Stop Frais Lot 2x200ml,Deo aerosol
3606000552593,3,skincare,nettoyant,True,nettoyant moussant visage,
8720181001833,1,skincare,déodorant,False,AXE Déodorant Éco-Spray Origines Yuzu & Matcha Vert Lot 2x85ml,Déodorant
8710847915123,1,skincare,déodorant,False,AXE Déodorant Homme Bois de Cèdre Lot 2x100ml,Axe bodyspray compresse wild 100mlx2
59089599,1,skincare,déodorant,False,AXE Déodorant Stick Homme Ice Chill 48h Non-Stop Frais Lot 2x50ml,Deo stick
8710847972607,1,skincare,gel douche,True,AXE Gel Douche Homme Wild Mojito & Bois de Cèdre Lot 6x400ml,Axe gel douche wild 400ml 4+2
4316268522069,1,skincare,creme,False,Cremeseife,
8717163730645,1,skincare,gel douche,True,AXE Collision Gel Douche Homme Cuir & Cookies Lot 4+2 offerts,Gel Douche Homme
8720181133022,2,skincare,gel douche,True,Axe sg skate&rose 2x250ml,Gel douche
8720181133015,3,skincare,gel douche,True,Axe sg skate&roses 250ml,Gel douche
3700601501261,1,skincare,savon,True,Savon Litchee-Mangue,
8710847954993,2,skincare,déodorant,False,Axe Coffret Black Homme Eau de Toilette 100ml & Déodorant 150ml x1,Mixed
8710847977770,1,skincare,déodorant,False,Axe Coffret Dark Temptation Homme Eau de Toilette 100ml & Déodorant 150ml x1,Mixed
8710847954979,1,skincare,gel douche,True,"AXE Trousse Dark Temptation Eau de Toilette 100ml, Déodorant 150ml & Gel Douche 250ml x1",Mixed
8710847977954,1,skincare,gel douche,True,"AXE Trousse Homme Black Eau de Toilette 100ml, Déodorant 150ml & Gel Douche 250ml x1",Mixed
8710447442364,5,skincare,lait corps,True,Love Beauty And Planet Lait Corps Hydratation Sublime 400ml,Lait Corps
8710447442296,5,skincare,lait corps,True,Love Beauty And Planet Lait Corps Nutrition Veloutée 400ml,Lait Corps
8710847977930,1,skincare,gel douche,True,"AXE Trousse Homme Wild Eau de Toilette 100ml, Déodorant 150ml & Gel Douche 250ml x1",Mixed
8710847955013,2,skincare,déodorant,False,AXE Coffret Wild Eau de Toilette 100ml & Déodorant 150ml x1,Mixed
8720181141690,4,skincare,gel douche,True,MONSAVON BIO Gel Douche certifié Bio Abricot Pointe de Basilic 300ml,Gel douche
8710522754726,1,skincare,gel douche,True,Monsavon Gel Douche Bio Au Lait de Riz Lot 2x300ml,Pw liquids
4045612007357,1,skincare,hygiene,False,Hygiene-Seife,
8717163714348,1,skincare,gel douche,True,Dove Gel Douche Soin Infusée à l'Huile d'Argan Lot 2x400ML,Dove Gel Douche
8710847955730,1,skincare,gel douche,True,Dove Gel Douche Soin Hydratant Lot 2 x 400ml,Gel Douche
8720181089985,3,skincare,gel douche,True,DOVE Gel Douche Hypoallergénique 2x400ml,Gel douche
8710908706332,1,skincare,savon,True,Dove Savon Pain de Toilette Original 2x100g Lot de 3,Savon Pain de Toilette
8720181109409,1,skincare,savon,True,MONSAVON Gel Lavant Main Mandarine & Thé Blanc,Gel main
8720181109393,1,skincare,savon,True,MONSAVON Gel Lavant Main Rose & Jasmin,Gel hydroalcoolique
3331300004762,4,skincare,gommage,False,GOMMAGE CORPS INTENSE,
3760041751206,2,haircare,cheveux,False,Baume multi usages cheveux et corps,
8710522942628,1,skincare,gel douche,True,DOVE Gel Douche Pouvoir des Plantes Arbre à Thé 2x250ml,null
8710522436127,2,skincare,gel douche,True,Dove Gel Douche Surgras Argan 2x750ml,Gel Douche
8710522431160,1,skincare,gel douche,True,Dove Gel Douche Nutrition Intense 750ml Lot de 2,Gel Douche
8717163689837,9,haircare,shampoo,True,Love Beauty and Planet Après-Shampooing Oasis Réparatrice 400ml,Après-Shampooing
8710847935930,7,haircare,shampoo,True,Love Beauty and Planet Après-Shampooing Femme Vague d'Hydratation 400ml,Apres-shampooing
8717163689844,10,haircare,shampoo,True,LOVE BEAUTY AND PLANET Shampoing Éclosion de Couleur 400ml,Shampooing
8717163689851,11,haircare,shampoo,True,Love Beauty and Planet Après-Shampooing Éclosion de Couleur 400ml,Après-Shampooing
8711600463066,1,skincare,déodorant,False,REXONA Déodorant Femme Bille Invisible Aqua 50ml Lot de 2,Déodorant Femme Bille
8711600458758,1,skincare,déodorant,False,DOVE Déodorant Femme Anti-Transpirant Bille Invisible Dry Lot 2x50ml,Déodorant Femme Bille Anti Transpirant
8711600458659,1,skincare,déodorant,False,DOVE Déodorant Femme Anti-Transpirant Bille Original 2x50ml,Déodorant Femme Bille Anti Transpirant
8710522487358,1,skincare,déodorant,False,DOVE Déodorant Femme Stick Original 0% 2x40ml,Déodorant
8720181068263,5,skincare,crème,False,DOVE Care & Protect Crème Lavante Pompe Antibactérienne 250ml,Pw liquids
4901234248021,2,skincare,scrub,False,Everish Scrub Wash,
8720181108884,1,skincare,gel douche,True,Lifebuoy Gel Hydroalcoolique Mains Tube 50ml,Gel douche
7290011843199,1,skincare,shave,False,After Shave Balm,
8720181131066,1,skincare,déodorant,False,Axe Déodorant Marine 150ml,Deo aerosol
8720181075414,4,skincare,déodorant,False,Axe Déodorant Homme Bodyspray Ice Cool 48h Non-Stop Frais 200ml,Deo aerosol
59082866,1,skincare,déodorant,False,Rexona Déodorant Aérosol Compressé Femme Anti-Transpirant Maximum Protection 96H Clean Scent 100ml,Déodorant Aérosol Compressé Femme A
8720181075445,1,skincare,déodorant,False,AXE Déodorant Homme Bodyspray Musk 48h Non-Stop Frais 200ml,Deo aerosol
8720181131042,5,skincare,déodorant,False,Axe Déodorant Gold Temptation 150ml,Deo aerosol
59082873,1,skincare,déodorant,False,Rexona Déodorant Aérosol Compressé Femme Anti-Transpirant Maximum Protection 96H Confidence 100ml,Déodorant Aérosol Compressé Femme A
59081579,1,skincare,déodorant,False,Lbp deo ro 50ml fraicheur,Déodorant
8710847977794,2,skincare,déodorant,False,AXE Coffret Provocation Eau de Toilette 100ml & Déodorant 150ml x1,Mixed
8720181136405,1,skincare,gel douche,True,Axe Gel Douche 3-en-1 Homme Re-Load Frais et Vivifiant 6x400ml,Gel douche
8034013931329,1,skincare,creme,False,creme main,
4311596611461,3,skincare,creme,False,Baby Pflegecreme,
3701129801031,1,skincare,spf,False,Photoderm Max spf 50+,
8858994700480,3,skincare,spf,False,Collagen UV Expert SPF50+PA++++,
8720181071874,1,skincare,anti-transpirant,False,Axe Anti-Transpirant Homme Dark Temptation 72h Anti-Humidité 2x200ml,Deo aerosol
8720181071836,1,skincare,anti-transpirant,False,AXE Anti-transpirant Homme Collision Cuir & Cookies 72h Lot 2x200ml,Deo aerosol
8720181072215,1,skincare,déodorant,False,Axe Déodorant Homme Spray Anti-Transpirant 72h Ice Cool 2x200ml,Deo aerosol
8710447365656,1,haircare,masque cheveux,True,LOVE BEAUTY AND PLANET Masque Cheveux Oasis Réparatrice 300ml,Masque Cheveux
73103714,14,skincare,déodorant,False,Loading…,Déodorant Homme Stick Antibactérien
7898911309564,1,skincare,creme,False,Creme hidratante para os pés,
8714100016794,1,skincare,gel douche,True,Axe gd 250x2 you clfresh,Gel Douche Homme
8710847977916,1,skincare,gel douche,True,AXE Trousse Provocation Eau de Toilette 100ml - Déodorant 150ml & Gel Douche 250ml x1,Mixed
3664262001907,4,skincare,hydratant,False,Eau de soin hydratante,
8710847902086,1,skincare,déodorant,False,Schmidt's Déodorant Bille Rose + Vanille 50ml,Deo bille
8710447365342,10,haircare,shampoo,True,Love Beauty and Planet Après-Shampooing Hydratation Radieuse 400ml,Après-Shampooing Femme
8710447365304,9,haircare,shampoo,True,Love Beauty And Planet Shampooing Hydratation Radieuse 400ml,Shampoing Femme
3701154700057,1,skincare,hydratant,False,Hydratant riche visage,
3350033737235,3,skincare,crème,False,La Crème de nuit qui apaise,
8717644937129,1,haircare,shampoo,True,Dove Après-Shampooing Réparation Intense 2x200ml,Après Shampoing
0764302016946,1,haircare,shampoo,True,Emerge It’s Knot Happening Sulfate-Free Shampoo,
5011408026948,6,makeup,powder,False,face powder,
3760100682748,2,haircare,masque cheveux,True,Masque cheveux Fortifiant,
4002448134107,1,skincare,crème,False,Crème de nutrition intense pour les pieds et les ongles,
4007295027862,1,skincare,crème,False,Crème pieds au suif de cerf,
4260167185729,7,haircare,shampoo,True,Volumen Shampoo,
8436097093007,1,skincare,pore,False,Lait corporel nutritif à l'huile d'amande douce peaux sèches,
5037200081701,2,haircare,hair mask,True,hair mask,
8710847970016,1,skincare,rasage,False,AXE Après-Rasage Fraîcheur Marine 100ml,Aftershave
3401373541324,1,makeup,poudre,False,bicare plus poudre,
8710444219044,2,skincare,hand soap,True,Hygienic hand soap,
5055443637745,1,skincare,lip balm,True,Lip Balm,
4058172491436,3,skincare,creme,False,Handcreme Cocos & Lotosblüte,
0532012176287,1,makeup,poudre,False,Poudre dentaire blanchissante,
8697419548715,1,haircare,hair mousse,True,Dalize hair mousse,
3574661554280,1,skincare,crème,False,Neutrogena Hydro Boost Aqua Gel Dagcrème,Neutrogena Hydro Boost Aqua Gel heeft een zeer lichte textuur. De gel verfrist direct en bevat de hydraterende ingrediënten glycerine en hyaluronzuur.
0070942508247,1,haircare,laque,True,Red Cote (révélateur plaque dentaire,
5901887032120,1,skincare,body lotion,True,body lotion,Body lotion
6130024166087,3,skincare,gel douche,True,Gel douche smithies,
1160131870367,1,makeup,poudre,False,Dentifrice en poudre,
3564700756935,1,skincare,nettoyant,True,Nettoyant pour appareils dentaires,
3577056023576,4,haircare,laque,True,antiplaque,
3600523715725,1,skincare,crème,False,Stylista nutri curls (crème sculpteuse de boucles),
3600542222792,6,skincare,creme,False,Sensitive expert+ Gesicht: Gel-Creme 50+,
6432620176195,1,skincare,aloe vera,False,Dentifrice expert aloe Vera et coco,
8711568021032,1,makeup,poudre,False,charbon poudre de blanchiment,
4311596695850,3,skincare,creme,False,Zahncreme Kräuter,
3245678131572,2,skincare,creme,False,Eco recharge - creme lavante mains,Eco recharge - creme lavante mains
5765228836545,1,skincare,body lotion,True,body lotion,
02337876,2,skincare,savon,True,Savon traditionnel de Marseille,
3337875205184,3,skincare,hydratant,False,Lait dynamisant hydratant Gingembre Rouge,
8718537747511,2,skincare,sheet mask,True,Anti-imperfection  sheet mask,
3760169790255,3,skincare,savon,True,Savon d'alep 8% Alepo soap,
3760217370583,1,haircare,shampoo,True,Après shampooing Avoine et sauge,
59081333,1,skincare,déodorant,False,Schmidt's Déodorant Stick Signature Charbon + Magnésium 75g,Déodorant stick
4388441055879,1,skincare,hygiene,False,Rewe Hygiene Spray,
8710847902093,1,skincare,déodorant,False,Schmidt's Déodorant Bille Bergamote + Citron Vert 50ml,Déodorant Bille
8710522512555,1,skincare,déodorant,False,REXONA 0% Compressé Déodorant Femme Anti Transpirant Protection Naturelle Senteur Floral Lot 2x100ml,Déodorant Femme Anti Transpirant
8710847902079,1,skincare,déodorant,False,Schmidt's Déodorant Bille Charbon + Magnésium 50ml,Déodorant Bille
8710522512531,1,skincare,déodorant,False,REXONA 0% Compressé Déodorant Femme Anti Transpirant Protection Naturelle Lot 2x100 ML,Déodorant Femme Anti Transpirant
8712561920872,1,skincare,déodorant,False,REXONA Déodorant Femme Bille Fraicheur Continue 50ml Lot de 2,Déodorant Femme Bille
96113318,1,skincare,déodorant,False,Rexona Déodorant Femme Bille Antibactérien Fraicheur Continue 50ml,Déodorant Femme Bille Anti Transpirant
3253581667194,2,skincare,déodorant,False,Déodorant stick,
8710522489833,9,skincare,déodorant,False,Schmidt's Déodorant Stick Signature Bergamote + Citron Vert 75g,null
8710522489819,12,skincare,déodorant,False,Schmidt's Déodorant Stick Signature Rose + Vanille 75g,Déodorant stick
8710522489871,3,skincare,déodorant,False,Schmidt's Déodorant Stick Peaux Sensibles Thé au Jasmin 75g,null
8710522489857,4,skincare,déodorant,False,Schmidt's Déodorant Stick Peaux Sensibles Noix de Coco + Ananas 75g,null
8906012842961,1,skincare,scrub,False,FACE & BODY SCRUB,
8002295084132,1,haircare,shampoo,True,winni's naturel shampoo uso frequente melograno e mirtillo nero,
3660005573304,1,haircare,shampoo,True,yves rocher shampoo riparazione,
3700153110232,1,skincare,crème,False,Crème anti-frottements,
8710604799638,6,skincare,gel douche,True,Love Beauty And Planet Gel Douche Femme Vague d'Hydratation 400ml,Gel douche
4690302431754,2,skincare,serum,True,serum,
4045787132199,1,haircare,shampoo,True,Hydrating Colour Shampoo,
8422828920377,1,skincare,aloe vera,False,Body gel aloe vera,
5948874121818,2,skincare,gel douche,True,Gel douche,
6291107220994,1,haircare,shampoo,True,Shampooing 2en1,
3770013219009,3,skincare,déodorant,False,Déodorant naturel Thé vert,
4010355298201,3,skincare,shave,False,Energy Q10 After Shave Balsam,
0768563309212,2,haircare,conditioner,True,Cosmic Wave Leave in Conditioner,
05222056,2,skincare,crème,False,Douche Crème,
9555680004288,3,skincare,shower cream,False,Alovera shower cream,
4260376297398,2,haircare,shampoo,True,Shampooing,
4010355325761,1,skincare,aloe vera,False,Après-Lotion Bio-Aloe Vera,
4010355253330,1,skincare,creme,False,cremeöllotion,
7649991272060,8,skincare,soothing,False,Active Water Gel,Soothing and Purifying gel
7649991272015,7,skincare,soothing,False,Active Water,Soothing and Purifying spray
0670367815083,1,skincare,anti-aging,False,Anti-Aging Cleansing Gel,
42277255,1,skincare,creme,False,NIVEA Creme,
8720181083037,1,skincare,nettoyant,True,Lifebuoy Expert Lingettes Nettoyantes Mains x10,Lingettes
8710847929083,10,skincare,gel douche,True,Dove Gel Douche Soin Hydratant 750ml,Gel Douche
0856556004111,1,skincare,serum,True,C-Firma™ Vitamin C Day Serum,
8720143124266,2,skincare,mist,False,sparkling bady mist,
3831070656463,5,skincare,calming,False,Aloe Vera calming jelly,
8718951430921,3,skincare,gel douche,True,Gel douche,
8718951430167,3,skincare,gel douche,True,Gel douche,
8718951426207,3,skincare,gel douche,True,Gel douche,
8809563100095,2,skincare,centella,False,Centella Green Level Recovery Cream,
0871760007895,2,makeup,primer,True,Tinted SPF30 Face Unscented Matte Finish Primer,
0056599677550,2,makeup,mascara,True,Ultimate Volume Mascara,
0855586004375,2,makeup,lipstick,True,Velvet Hug Luxe Matte Lipstick,
8005010473501,1,skincare,aloe vera,False,Sapone Liquido ricarica nutriente Aloe Vera,
1625325468220,2,skincare,face mask,True,huda beauty lemon face mask,
0682223020197,1,skincare,moisturizer,False,Jack Black Double-Duty Face Moisturizer SPF 20,
0855380004304,1,skincare,shave,False,Post-Shave Balm,
0808124174252,1,skincare,hand soap,True,Mrs. Meyer's Clean Day Hand Soap,
3660398001149,2,skincare,crème,False,uriage crème Extrême 90,
0764302231059,1,haircare,conditioner,True,Manuka Honey & Mafura Oil Conditioner,
0052800673779,1,haircare,conditioner,True,Deeply Restoring Pracaxi Recovery Oil Conditioner,
0086800211549,2,skincare,sunscreen,True,UltraSheer Dry-Touch Sunscreen,
4058172738197,2,haircare,shampoo,True,Balea m'en fresh Shampoo,
4027800020553,2,skincare,savon,True,Savon à barbe,
3760257885214,1,haircare,cheveux,False,Shampoing solide - Glamourous - Cheveux secs,Shampoing solide
0885492857437,1,skincare,cleanser,True,Renewing SA Cleanser,
6909122263956,1,skincare,cleanser,True,Purity Made Simple One-Step Facial Cleanser,
0850003310312,1,skincare,cleanser,True,The Cult Classic Purifying Face Cleanser,
0787734793087,1,skincare,cleanser,True,Foaming Facial Cleanser,
0688098772469,1,skincare,cleanser,True,Toleriane Hydrating Gentle Face Cleanser,
0707129221810,1,skincare,cleanser,True,Renewing Cleanser,
0767332100531,1,skincare,cleanser,True,Acne Control Clarifying Cleanser,
5765228837900,1,skincare,deodorant,True,Coconut Cream Deodorant,
0840797140622,1,skincare,body lotion,True,Naturally derived body lotion,
0207146744762,1,skincare,face wash,True,Clinique For Men Charcoal Face Wash,
0736032631508,1,skincare,face wash,True,Clinique For Men Face Wash,
0767332108902,1,skincare,cleanser,True,Prebiotic 4-In-1 MultiCleanser,
0815517026746,1,skincare,cleanser,True,Pure Skin Deep Cleanser with Red Clay,
0687735305046,1,skincare,face wash,True,Wake Up Beautiful Dream Jelly Face Wash,
0880917938852,1,skincare,cleanser,True,Positively Radiant Brightening Facial Cleanser,
0809280149078,1,skincare,cleanser,True,Travel Size Soy Face Cleanser,
3380810427325,1,skincare,cleanser,True,Hydrating Gentle Foaming Cleanser,
0687735302366,1,skincare,face wash,True,Coconut Milk Cream to Foam Face Wash,
0603084512843,1,skincare,face wash,True,SkinActive Micellar Foaming Face Wash,
0850016280015,1,skincare,cleanser,True,Balancing Cleanser: Oil Control,
0687735302793,1,skincare,face wash,True,Rose Kombucha Flower Powered Face Wash,
0695637151555,1,skincare,pore,False,Egg White Perfect Pore Cleansing Foam,
3380810427318,1,skincare,cleanser,True,Purifying Gentle Foaming Cleanser,
0687735301727,1,skincare,face wash,True,Kale Detox Deep Cleaning Face Wash,
0593911549114,1,skincare,vitamin c,False,Fresh Pressed 7-Day System with Pure Vitamin C,
3605971634321,1,skincare,cleanser,True,Clearly Corrective Brightening Exfoliating Daily Cleanser,
0687735303905,1,skincare,face wash,True,Cosmic Hemp Balancing Face Wash,
0578303697260,1,skincare,cleanser,True,Makeup Melt Jelly Cleanser,
0702685964737,1,skincare,face wash,True,Purifying Face Wash,
0651473710028,1,skincare,cleanser,True,Vitamin C Ester Citrus Brightening Cleanser,
0717334136052,1,skincare,cleanser,True,A Perfect World Antioxidant Cleanser with White Tea,
0816645029012,1,skincare,cleanser,True,Gentle Gel Cleanser,
5045096475795,1,skincare,cleanser,True,The Fab Pore Purifying Foam Cleanser,
0676280041783,1,skincare,cleanser,True,CBD Clean Sweep Foaming Facial Cleanser,
0182289000046,1,skincare,face wash,True,Glacial Face Wash,
0808144252008,1,skincare,pore,False,Charcoal Pore Pudding intensive wash-off treatment,
0846733031467,1,skincare,face wash,True,Sugar Rush - Mini Squeezy Clean Face Wash,
0651473705673,1,skincare,cleanser,True,High Potency Classics Nutritive Cleanser,
0701853046145,1,skincare,face wash,True,Travel Size Checks and Balances Frothy Face Wash,
0689992827231,1,skincare,scrub,False,Coffee Face Scrub Herbal Blend For Oily And Combination Skin,
0794628317960,1,skincare,face wash,True,Fantastic Face Wash,
7602005480745,1,skincare,cleanser,True,Pore Cleaner Foam Cleanser,
0651473707714,1,skincare,cleanser,True,Acne Relief Gentle &amp; Soothing Cleanser,
3605971482144,1,skincare,cleanser,True,Cucumber Herbal Conditioning Cleanser,
0609332599901,1,skincare,cleanser,True,Holy Hydration! Daily Cleanser,
8809370696286,1,skincare,cleanser,True,Clean It Zero Foam Cleanser,
0182289000985,1,skincare,face wash,True,Travel Size Glacial Face Wash,
0813424023070,1,skincare,cleanser,True,Ultra Hydrating Green Juice Cleanser,
0846733034703,1,skincare,face wash,True,Sugar Rush - Squeezy Clean Face Wash,
0809280138300,1,skincare,face wash,True,Travel Size Sugar Strawberry Exfoliating Face Wash,
8809598451926,1,skincare,cleanser,True,Hydrium Triple Hyaluronic Moisturizing Cleanser,
0810022912010,1,skincare,cleanser,True,Calm On Foaming Cream Cleanser,
0609332822177,1,skincare,cleanser,True,SuperClarify Cleanser,
0808144295005,1,skincare,cleanser,True,Cryosea Firming Icy-cold Cleanser,
0689551340072,1,skincare,cleanser,True,The Balance pH Balancing Gel Cleanser,
0651986704897,1,skincare,cleanser,True,Hangover Wash The Day Away Gentle Foaming Cleanser,
0687735304469,1,skincare,cleanser,True,Vegan Cream Creamy Gel Cleanser,
0289841361833,1,skincare,face wash,True,Working Man&#39;s Face Wash,
0792734300265,1,skincare,blemish,False,Anti-Blemish Facial Wash,
0814627025007,1,skincare,cleanser,True,Melt Away Vitamin C Triple Action Cleanser,
4005900622907,3,skincare,hydratant,False,Masque tissu hydratant,
8801619047859,3,skincare,soothing,False,SOOTHING,
0869519000020,2,haircare,pomade,True,Reuzel Hollands finest pomade,
7502245181474,2,skincare,serum,True,serum,
8809080823408,2,skincare,ampoule,True,EGF Collage Ampoule,
8002036986312,2,skincare,collagen,False,collagen,
3760175170041,1,skincare,savon,True,Savon au lait d'ânesse,savon
8809327940059,1,skincare,pore,False,Egg White Pore Foam,
3380810427332,1,skincare,cleanser,True,Soothing Gentle Foaming Cleanser,
3614229376777,1,skincare,cleanser,True,Nature In A Jar Gentle Detoxifying Cleanser With Agave,
0180510400122,1,skincare,micellar,True,Kiwi &amp; Pomegranate Micellar Cleansing Water,
3605975080865,1,skincare,cleanser,True,Ultra Facial Oil-Free Cleanser,
5203069091056,1,skincare,cleanser,True,Travel Size Greek Yoghurt Foaming Cream Cleanser,
0666151010734,1,skincare,cleanser,True,Travel Size Skin Resurfacing Cleanser,
0815921016876,1,skincare,cleanser,True,Tomatoes Detoxifying Charcoal Cleanser,
0651043300482,1,skincare,cleanser,True,Clear Genius Clarifying Gel Cleanser,
0813920019126,1,skincare,cleanser,True,DeliKate Soothing Cleanser,
4511413519479,1,skincare,face wash,True,Face Wash Powder,
0735379340012,1,skincare,face wash,True,Refreshing Face Wash,
0302990220506,1,skincare,cleanser,True,Daily Refreshing Cleanser,
0682223020463,1,skincare,cleanser,True,Acne Remedy Balancing Foam Cleanser,
0717897060771,1,skincare,cleanser,True,SkinSoak Foaming Cleanser,
0722301639207,1,skincare,cleanser,True,Watermint Gin Daily Face Cleanser,
0813920016217,1,skincare,cleanser,True,Travel Size ExfoliKate Cleanser Daily Foaming Wash,
0852569003561,1,skincare,micellar,True,Peach &amp; Papaya Micellar Cleansing Water,
5060571720177,1,skincare,scrub,False,Coffee Face Scrub Citrus Blend For Dry Skin,
0651473710691,1,skincare,cleanser,True,Hypoallergenic CBD Sensitive Skin Therapy Gentle Cleanser,
0874316000630,1,skincare,cleanser,True,White Tea Purifying Cleanser,
0785364010352,1,skincare,cleanser,True,Travel Size Glycolic Foaming Cleanser,
0810016292548,1,skincare,cleanser,True,Sea Minerals + Collagen Facial Cleanser,
0689574962282,1,skincare,cleanser,True,No Makeup Easy Rinse Makeup-Removing Cleanser,
0885302032887,1,skincare,cleanser,True,Dr. Andrew WEIL for Origins Mega-Mushroom Skin Relief Micellar Cleanser,
0810425035873,1,skincare,cleanser,True,Magic Gel-to-Milk Cleanser,
0855275007106,1,skincare,micellar,True,Micellar Cleansing Water,
8806190718730,1,skincare,cleanser,True,Namaste Kitten Clarifying Cannabis Sativa Hemp Seed Oil Cleanser,
3337875674942,1,skincare,micellar,True,Pureté Thermale Mineral Micellar Water for Sensitive Skin,
0688941763491,1,skincare,face wash,True,Travel Size Sea Foam Complete Face Wash,
0811748035014,1,skincare,cleanser,True,Watermelon Super Fresh Facial Cleanser,
0609408012228,1,skincare,propolis,False,Don&#39;t Miss A Spot Propolis Cleansing Foam,
0302993921288,1,skincare,cleanser,True,Travel Size Gentle Skin Cleanser,
3614229839456,1,skincare,cleanser,True,Purity Made Simple One-Step Facial Cleanser with Turmeric Extract,
5051167917576,1,skincare,cleansing balm,True,Pro-Collagen Cleansing Balm,
3605971307928,1,skincare,cleansing oil,True,Midnight Recovery Botanical Cleansing Oil,
0641628501731,1,skincare,cleansing balm,True,Pro-Collagen Rose Cleansing Balm,
8809653230879,1,skincare,cleansing oil,True,Pore Cleansing Oil - PHA,
5045098699724,1,skincare,cleansing balm,True,Glow Your Mind Nourishing Cleansing Balm,
0602573665466,1,skincare,cleansing oil,True,Cleansing Oil,
0641628001736,1,skincare,cleansing balm,True,Travel Size Pro-Collagen Cleansing Balm,
0887167222243,1,skincare,cleansing balm,True,Advanced Night Micro Cleansing Balm,
0729238119895,1,skincare,cleansing oil,True,Perfect Cleansing Oil,
0716170225418,1,skincare,cleanser,True,Soothing Cleansing Oil Face Cleanser,
8809115025937,1,skincare,cleansing oil,True,Gentle Black Deep Cleansing Oil,
0857334005788,1,skincare,cleanser,True,Oil to Milk Cleanser,
0785364010178,1,skincare,cleansing oil,True,Cleansing Oil,
3605972076168,1,skincare,cleanser,True,Cannabis Sativa Seed Oil Herbal Cleanser,
8809653230930,1,skincare,cleansing balm,True,Pore Cleansing Balm - AHA,
8809448637357,2,skincare,cleansing oil,True,Pore Cleansing Oil - BHA,
5060571720528,1,makeup,powder,False,Cleansing Face Balm With Apricot Powder,
3760239240987,1,skincare,cleansing oil,True,Solid Cleansing Oil,
0834893006067,1,skincare,cleansing oil,True,STEM CELLULAR Cleansing Oil,
0814627025137,1,skincare,cleansing oil,True,Bare Face Beauty Skin-Hydrating Cleansing Oil,
0792850894099,1,skincare,cleansing oil,True,Facial Cleansing Oil,
0850003721378,1,skincare,cleanser,True,Gel Balm Cleanser,
8809427864293,1,skincare,cleansing oil,True,Black Sugar Perfect Cleansing Oil,
8809653230947,1,skincare,cleansing balm,True,Pore Cleansing Balm - PHA,
0819793010253,1,skincare,cleansing oil,True,Olive &amp; Rosehip Face Cleansing Oil,
0670367935507,1,skincare,cleansing oil,True,Anti-Aging Cleansing Oil Makeup Remover,
0717334221499,1,skincare,cleansing oil,True,Modern Friction Cleansing Oil with Radiance-Boosting White &amp; Purple Rice,
8809532446759,1,skincare,cleansing oil,True,Mineral Pink Salt Deep Cleansing Oil,
0819793010291,1,skincare,cleansing oil,True,Olive &amp; Tea Tree Cleansing Oil,
8809255783865,1,skincare,cleansing oil,True,Black Cleansing Oil,
0888265602036,1,skincare,cleansing oil,True,Truffle Therapy Cleansing Oil,
0794866353386,1,skincare,cleansing oil,True,Argan Cleansing Oil,
0817919015175,1,skincare,moisturizer,False,Confidence In A Cream Anti-Aging Moisturizer,
0850014698355,1,skincare,hydrating,False,24-7 Moisture Hydrating Day &amp; Night Cream,
0769915190731,1,skincare,moisturizing,False,Natural Moisturizing Factors + HA,
3605972264602,1,makeup,foundation,True,Bye Bye Foundation Oil-Free Matte Full Coverage Moisturizer with SPF 50+,
0607845023180,1,skincare,moisturizer,False,Pure Radiant Tinted Moisturizer SPF 30,
0666151031081,1,skincare,spf,False,Dynamic Skin Recovery Broad Spectrum SPF 50,
3605972298522,1,skincare,serum,True,Hello Results Wrinkle-Reducing Daily Retinol Serum-in-Cream,
3337875545846,1,skincare,moisturizer,False,Toleriane Double Repair Face Moisturizer UV SPF 30,
0793379245584,1,skincare,moisturizing,False,AM Facial Moisturizing Lotion SPF 30,
0736150172129,1,skincare,moisturizer,False,Tinted Moisturizer Natural Skin Perfector Broad Spectrum SPF 30,
8719189416398,1,skincare,shower gel,True,Marcel's Green Soap Shower Gel &quot;Argan & Oudh&quot;,
3574661601618,3,skincare,gel douche,True,Gel douche énergisant Orange Pamplemousse,
0816218022969,1,skincare,spf,False,Play Everyday Lotion SPF 50 with Sunflower Extract,
6133151003607,2,skincare,aloe vera,False,gel d'aloe vera,
3760115092518,1,skincare,propolis,False,Dentifrice à la propolis,
3538396120509,1,skincare,gel douche,True,Gel douche tonifiant verveine bio et citron,
0816218026530,1,skincare,sunscreen,True,Unseen Sunscreen,
3327520970185,2,haircare,cheveux,False,Baume vegetal actif multi-soin peau et cheveux tradition karité,
0869637000308,1,skincare,salicylic acid,False,Salicylic Acid Acne Healing Dots,
3760189190042,2,skincare,savon,True,savon bio,
6923700934472,1,skincare,essence,True,Revitalift crystal micro essence,
8002410009613,2,haircare,shampoo,True,Doccia shampoo energizzante con cedro & zenzero,
4036221432302,1,skincare,toning,True,XSmall Vivifying Toning Lotion,
8710847935961,1,haircare,conditioner,True,Planet Marine Moisture Conditioner,
0815680006149,1,haircare,curl,False,Curling Sealer,
5414635102292,2,makeup,maquillage,True,crayons de maquillage,
4710363803960,2,makeup,makeup remover,True,Makeup remover,
4005900700933,3,skincare,spf,False,natural balance tagespflege,
0769915194982,1,skincare,hyaluronic acid,False,Hyaluronic Acid 2% + B5,
3600522356868,2,skincare,serum,True,aqua serum,
50097029,1,skincare,déodorant,False,REXONA Men Déodorant Homme Bille Anti Transpirant Quantum Dry 48h,Déodorant Homme Bille Anti Transpirant
0887777111111,2,skincare,acne,False,Oil-Free Acne Wash,
8690131111427,3,skincare,firming,False,firming mask,
0637913614354,1,makeup,powder,False,Texture Matte Hair Powder Dust,
8710447442470,7,skincare,hydratant,False,Love Beauty And Planet Masque tissu Infusion Hydratante x1,Masque tissu
7317400015842,2,haircare,silicone,False,TePe Easypick M/L,Als je ook tussen je tanden echt goed wilt reinigen zijn TePe Easypick Interdentale Borsteltjes iets voor jou. Ze hebben een flexibele pick met siliconen coating voor een gemakkelijke en effectieve reiniging tussen je tanden.
8682232500248,1,skincare,savon,True,Savon au safran,
7711004999292,1,skincare,aloe vera,False,vanekaa aloe Vera,
3770022269019,2,skincare,savon,True,Savon liquide pour mains,
8015700161458,4,haircare,cheveux,False,Réparateur cheveux,
3770022038011,2,skincare,gel douche,True,Gel douche écologique et bio,
5099821001919,2,skincare,hydration,False,Silk Hydration Aid Soft Face,
0071249263907,2,skincare,cleanser,True,Extreme Cleanser,
3760138839251,1,makeup,poudre,False,Dentifrice en poudre,
3253581373422,1,skincare,deodorant,True,Citrus Verbena Stick Deodorant,
4744183012608,1,skincare,scrub,False,Organic Shop Brazilian Coffee Bodyscrub,
4056489241812,3,skincare,crème,False,Crème pour le change,
8710847949470,1,haircare,shampoo,True,LOVE BEAUTY AND PLANET Shampooing Solide Vague Volumisante Eau de Coco & Fleur de Mimosa 90g,Shampooing Solide
3605972154842,1,makeup,primer,True,Oil Free Makeup Primer,
0098132562954,1,makeup,foundation,True,Performance Wear Liquid Foundation,
4010355473028,2,skincare,serum,True,vital serum,
3661434007903,3,makeup,contour,False,Soin Apaisant Contour des Yeux,
7611916001420,3,skincare,deodorant,True,Deodorante limone,
4005900592446,4,skincare,soin visage,False,Nivea Men Soin Visage & barbe de 3 jours,
0187132005209,1,haircare,shampoo,True,Everyday Shea Shampoo Lavender,
0022400006758,2,haircare,conditioner,True,Light Moisture Conditioner Pro Pure,
3564700760772,1,skincare,visage,False,Gommage Visage Douceur,
8710908826047,1,haircare,cheveux,False,AXE GEL CHEVEUX Extrême Look Pot 75ml,Gel cheveux
3145891415605,1,skincare,crème,False,Le Lift crème huile réparatrice,
3350033678453,1,skincare,gel douche,True,Gel Douche Fleur d'Oranger,
3614810001064,1,skincare,douche,False,Déodorant douche,
8717163714355,1,skincare,gel douche,True,Dove Gel Douche Soin à l'Huile d'Amande Lot 2x400ml,Gel Douche
10881105,2,skincare,sheet mask,True,fruits face sheet Mask,
4005900294722,1,skincare,creme,False,Creme Care Sabonete com hidratante,
0079400152466,1,skincare,déodorant,False,déodorant,
5998889508142,1,haircare,keratin,False,Keratin,
8720143127595,1,skincare,visage,False,masque pour visage,
4809010740038,1,skincare,toner,True,rdl toner,
8717163699249,1,skincare,gel douche,True,Love Beauty And Planet Gel Douche Pluie Rafraîchissante 400ml,Gel Douche
8717163699270,1,skincare,gel douche,True,Love Beauty And Planet Gel Douche Cascade Détox 400ml,Gel Douche
59081463,1,skincare,savon,True,Schmidt's Savon Rose et Vanille,Savon
8809412862617,2,skincare,brightening,False,Metal brightening mask,
8717163889947,11,skincare,gel douche,True,Love Beauty And Planet Gel Douche Femme Aurore Éclatante 400ml,Gel Douche Aurore éclatante 400ml
6111103001161,1,skincare,savon,True,Savon liquide,
4260683180895,1,skincare,firming,False,Firming Make Up Skin 784,
8710847951237,1,skincare,gel douche,True,Love Beauty And Planet Gel Douche Femme Hydratation Radieuse 400ml,Gel Douche
4897099080930,1,skincare,eye cream,True,eye cream,
4058172619816,1,skincare,creme,False,Pro Climate Zahncreme,
3607345216713,1,skincare,shave,False,Adidas After-shave Pure Game,
4058172493133,3,skincare,peel,False,Clear 2 in 1 Peelingmaske - Heilerde Bio-Grüntee,
5900117008911,2,makeup,lash,False,lash architect,
3600541599048,1,haircare,shampoo,True,Shampooing sec purifiant,
3770005872427,1,skincare,gel douche,True,Gel douche pulpe exotique,
4103040019899,1,skincare,creme,False,sebamed Creme mit 2% Vitamin E,
8717163924167,1,haircare,shampoo,True,Love Beauty And Planet Shampooing Aurore Éclatante 400ml,Shampooing Femme
4305615828206,1,skincare,aloe vera,False,Ölfreies Aloe Vera Gel,
3574660260038,1,skincare,creme,False,Handcreme Crème Mains,
0055086009096,1,skincare,scrub,False,Beloved Green Clay & Eucalyptus Whipped Body Scrub,"Exfoliant, body scrub"
3574661236650,1,skincare,creme,False,Fußcreme,
59081586,1,skincare,déodorant,False,Love Beauty And Planet Déodorant Femme Bille Douceur Huile d'Argan & Lavande Vegan,Déodorant Femme Bille
59081593,1,skincare,déodorant,False,Love Beauty And Planet Déodorant Femme Bille Soin Beurre de Murumuru & Rose Vegan,Déodorant Femme Bille
8710447365649,1,haircare,masque cheveux,True,Love Beauty And Planet Masque Cheveux Eclosion de couleur,Masque Cheveux
59081487,1,skincare,savon,True,Schmidt's Savon Cèdre et Genévrier,Savon
8025272645249,2,haircare,volume,False,Lip volume,
4005900819260,1,skincare,shave,False,Hyaluron After Shave Balsam,
0250022593770,1,skincare,mist,False,Bamboo water protectivr mist,
12162314055800013,1,skincare,hand cream,True,hand cream,
3666057006234,1,skincare,anti-rides,False,Anti-Rides Fermeté,
1891075010730,1,skincare,vitamin c,False,vitamin c-oil,
3600551006383,3,skincare,déodorant,False,Déodorant 48 h micro-talc,
6970183710161,1,makeup,powder,False,Face powder cream,
3660005761855,2,skincare,gel douche,True,Gel Douche Parfumé,
3700155352920,2,makeup,maquillage,True,Palette Maquillage,
3250392148089,1,skincare,crème,False,Crème lavante pour les mains,
5346474760138,1,makeup,lipstick,True,mate lipstick,
15812278,1,skincare,serum,True,biome balancing repair serum,
4005900855848,1,skincare,deodorant,True,Dark Forest Deodorant,
0764302204183,1,haircare,conditioner,True,Shea moisture daily hydration conditioner,
42419488,1,skincare,deodorant,True,Deodorant,
4305615684673,1,makeup,powder,False,Mineral Powder,
4800888209603,1,skincare,deodorant,True,deodorant,
30034192,1,skincare,acne,False,All in one acne control,
5726512173111,2,haircare,shampoo,True,shampoo,
8935006101630,1,skincare,face wash,True,Face wash,
91911298,1,haircare,conditioner,True,Balm conditioner Pantene Pro-V,
5710404603114,1,haircare,shampoo,True,shampoo anti-frizz,
0071164304112,2,haircare,shampoo,True,hask curl creme moisturizing shampoo,
3021011018300,1,skincare,acne,False,Acne fighting and whitening cream,
3660005533902,1,skincare,body lotion,True,Yves Rocher SO Elixir Purple Body Lotion,
4008233148915,1,skincare,creme,False,Sekunden Fusscreme,
8809386880266,1,skincare,hand cream,True,moisture milk hand cream,
3760100183443,2,skincare,gel douche,True,Gel douche karité Evoluderm,
4007547203037,1,skincare,savon,True,Savon détachant au fiel,
3600550965896,1,skincare,sensitive skin,False,sensitive Skin expert,
3263855988399,1,skincare,savon,True,savon enrichi en lait,
8710522489895,3,skincare,déodorant,False,Schmidts Déodorant Stick Peau Sensible Sans Parfum 58ml,Déodorant stick
14122279,1,haircare,scalp,False,dry scalp treatment,
4058172784989,1,haircare,shampoo,True,TROCKEN SHAMPOO,
3178041339827,2,skincare,hydratant,False,Baume corps hydratant,
0849607060839,1,skincare,acne,False,Xtracare Oil Free Acne Wash 200ml,
3564700439869,1,skincare,crème,False,Crème dépilatoire,
4680012390113,1,skincare,shaving,True,Shaving cream,
3700281702774,1,skincare,face wash,True,face wash,
0305210130159,2,haircare,keratin,False,Intensive cate healthy hands stronger nails with keratin,
8809568743938,1,haircare,shampoo,True,Shampoo,
9000100663410,1,haircare,shampoo,True,Ultimate reapair strenght shampoo,
5901887036388,1,skincare,hand cream,True,ziaja hand cream,
6932874125364,2,skincare,essence,True,vibrant glamour essence liquid,
0650240025396,2,makeup,lash,False,ZAN ZUSI B.B FLASH 30,
0640140025398,1,makeup,lash,False,ZAN ZUSI B.B FLASH 30,
3760100682694,3,skincare,lait corps,True,Lait corps argan Evoluderm,
4001638526708,1,skincare,body butter,True,Weleda Skin food body butter,
07102442,1,skincare,creme,False,lakme peach milk soft creme,
8809598453661,1,skincare,cleanser,True,salicylic acid daily gentle cleanser,
5060120167620,6,haircare,shampoo,True,Restoring clay shampoo,
8809255783698,2,skincare,crème,False,Matte crème au nymphéa alba,
0764302204213,5,haircare,leave-in,True,daily hydration leave-in treatment,
7290011521806,1,haircare,shampoo,True,Shampoo hidratante,
3660005867380,1,makeup,poudre,False,poudre libre,
3600540044921,2,skincare,serum,True,ciracle pore serum,
4897075010418,1,skincare,aloe vera,False,aloe Vera,
8901138818258,1,skincare,hand lotion,False,hand lotion,
0639277711168,1,skincare,scrub,False,Foaming acne scrub,
3600531411152,1,makeup,lipstick,True,Maybelline superstay matte lipstick,
7908124401556,1,skincare,eye gel,False,eye gel,
4021457637577,2,skincare,crème,False,Lait crème doux corps,
4058172336317,3,skincare,creme,False,Prothesenreinigungscreme,
4010355507280,3,skincare,serum,True,Rough Nature Bartserum,
3560071234669,1,skincare,gommage,False,gommage douceur,
0820645226050,2,haircare,hair oil,True,Black Vanilla Hair Oil-Amazon,
3661434060335,1,skincare,spf,False,Uriage eau therma spf 50,
8711218979133,2,skincare,crème,False,Sudocrem Multi-Expert Zinkzalf,"Sudocrem Multi-Expert Crème verzacht en beschermt, bevat hypoallergene Lanoline en beschermt je huid tegen invloeden van buitenaf."
8904256002479,2,skincare,body lotion,True,Nivea Body Lotion,
6941794504449,1,skincare,spf,False,Sun block cream spf90,
4311501613153,3,skincare,creme,False,Elkos Body: Hand Creme Q10,
0602989879747,3,makeup,eyeshadow,True,Return of The Jet Eyeshadows: Book 4,
9313880576048,2,skincare,brightening,False,extra brightening,
0852200005008,1,skincare,face wash,True,face wash,
3264680023323,1,skincare,serum,True,super serum,
0682353010211,1,makeup,lip liner,True,eye & lip liner pincle,
3665467000740,1,skincare,hydratant,False,Crème hydratante corps à 10 ingrédients,
7680604040027,1,skincare,crème,False,Dexeryl crème,
4032061211831,1,skincare,body butter,True,Relaxing Body Butter,
6971710950746,2,skincare,body lotion,True,rose body lotion,
3567730300161,1,haircare,shampoo,True,Shampooing spécifique bio capilargil,
3574660428889,1,skincare,scrub,False,Facialscrub,
4792081019762,1,skincare,body lotion,True,vaseline body lotion,
3600523330034,1,skincare,micellar,True,Micellar water,
91158985,2,haircare,shampoo,True,shampoo,
6222019602004,1,skincare,scrub,False,scrub honey and collagen,
4305615780764,1,skincare,creme,False,Handcreme,
3596200062117,4,skincare,lait corps,True,Skin Food Lait Corps,
6924833403309,1,skincare,aloe vera,False,collagène 3 in 1 Aloe vera,
4260365850566,1,skincare,body lotion,True,Coconu Body Lotion,
3700143614122,1,haircare,cheveux,False,gel corps et cheveux,
6151013000205,5,haircare,hair cream,True,Beautiful you miracle hair cream,
6972309830180,2,skincare,retinol,False,retinol cream,
6412600835083,1,skincare,serum,True,Overnight care LASH & EYEBROW SERUM,
0667534876619,1,skincare,mist,False,Body mist,
8001117570648,2,skincare,aloe vera,False,Crema da barba all'aloe vera,
3474636857845,1,haircare,shampoo,True,shampoo,
8806173450350,3,skincare,soothing,False,Soothing & Moisture Aloe Vera 92% Soothing Gel,
6412600834659,5,makeup,foundation,True,BLUR 16H LONGWEAR FOUNDATION,
0655439007962,1,skincare,exfoliant,False,2% BHA Body Smoothing Spot Exfoliant,Body Smoothing Spot Exfoliant
0070501062241,1,skincare,moisturizer,False,Oil free acne moisturizer,
6132064300155,1,skincare,crème,False,Crème confiante lesaine restore,
3661163405865,1,skincare,deodorant,True,Natural Vitality Perfumed Deodorant Spray,
5059605477538,3,haircare,conditioner,True,Aloë Vera Conditioner Bar,
7791001009668,2,haircare,shampoo,True,"Champú con extracto de oliva, Eco certificado, Bio amigable",Shampoo
00101627,1,skincare,hydrating,False,"Hydrating face mist, hyaluronic",Face mist
8714100917541,1,haircare,shampoo,True,Shampoo,
9314807051754,2,skincare,sensitive skin,False,sensitive skin cream,
7908132216289,1,skincare,creme,False,creme para o corpo,
3700593603936,1,skincare,savon,True,Persavon lessive 0%,
4001638502399,2,skincare,déodorant,False,24h Roll-on Déodorant,
3245678612514,7,skincare,rasage,False,Baume après rasage,Baume après rasage
8720354199138,1,skincare,shower gel,True,Peach shower gel,
4056489424147,2,haircare,shampoo,True,Anti Dandruff Shampoo,
3612622861333,3,haircare,shampoo,True,Shampoo Ultra Suave Água de Coco,
5701058006048,1,skincare,body lotion,True,Body Lotion Wild Lemongrass,
8712561036276,2,haircare,shampoo,True,Dove shampoo,
0877917005295,2,skincare,serum,True,Serum Eclaircissant,
0833263001053,1,skincare,crème,False,Crème à raser,
4058172094514,2,skincare,pore,False,balea porenfein mattierende,
3574661435718,2,skincare,douche,False,Douche &bain,
3760083571336,1,skincare,crème,False,Crème pour barbe chanvre bio,
3355313146530,1,haircare,shampoo,True,shampoo ma Provence argile verte,
3596200062063,2,skincare,lait corps,True,Lait corps hydration,
4015000718479,1,skincare,deodorant,True,bac Deodorant Classic Men,
4316268515610,1,skincare,creme,False,Pure & Basic Cremeseife Milch & Honig,
8710447365724,1,haircare,shampoo,True,Droogshampoo,
6221155062345,2,haircare,shampoo,True,Honey Anti-Breakage Shampoo,
7640163065473,1,skincare,liquid soap,True,Hand Nourishing Liquid Soap,
5037378010220,2,skincare,cleanser,True,gental skin cleanser,
7501026011511,3,skincare,exfoliant,False,Jabón exfoliante con limón y chía,
3614226150356,1,makeup,concealer,True,Concealer,
3600523902026,2,skincare,serum,True,Frizz killer serum,
8904035417487,2,skincare,lip balm,True,joy lip balm,
8906028061196,1,makeup,eyeliner,True,Eyeliner,
3010351753064,1,skincare,savon,True,savon surgras,
8906087772590,1,skincare,scrub,False,mamaearth coco face scrub,
7793742007903,4,skincare,hydrating,False,Dermaglós facial,daytime hydrating lotion
6264707004578,1,skincare,booster,True,age control booster,
8718537746453,1,skincare,hand cream,True,Sensitive hand cream,
6903072375486,1,makeup,lipstick,True,lipstick,
6955545460854,2,makeup,blush,True,Blush Kit,
4005900098313,2,skincare,body lotion,True,body lotion,
5998889508432,2,haircare,shampoo,True,Kallos Keratin Shampoo,
3282770148282,1,haircare,shampoo,True,shampooing dermo-protecteur extra-doux,
8021983812680,2,haircare,shampoo,True,Fisio Shampoo,
5901887006916,1,skincare,soothing,False,Sensitive soothing day cream,
8710447334621,1,skincare,micellar,True,sensitieve skin micellar water,
5060176675148,2,haircare,shampoo,True,Organic virgin coconut oil shampoo,
0000992934765,1,skincare,hydratant,False,Hydro Boost gel-crème corps hydratant & désaltérant,
8057968992214,2,haircare,shampoo,True,shampoo,
90014128,1,haircare,shampoo,True,Shampooing  végan lait de coco cheveux secs,
8437020200127,1,skincare,aloe vera,False,Locion corporal Antioxidante Aloe vera & Açai Bio,
0688047130623,2,haircare,curl,False,Curl Talk Defining Curl Cream,
0077043644607,1,skincare,scrub,False,Acne Control Apricot Scrub,
05886409,1,skincare,antiperspirant,True,Fruity Melon Fresh Infusions Invisible Antiperspirant,
0012044389812,1,skincare,deodorant,True,Timber Deodorant,
0037000789307,1,skincare,deodorant,True,Wilderness Deodorant with Lavender,
0792850157002,1,skincare,lip balm,True,Pomegranate Moisturizing Lip Balm,
3701129804322,1,skincare,crème,False,Bioderma Atoderm Crème,
6928001839969,1,skincare,essence,True,blossom essence,
0056599671961,1,makeup,makeup remover,True,Gentle Makeup Remover Pads for Sensitive Eyes,
0056594004665,2,skincare,exfoliant,False,exfoliant,
0085805445942,1,skincare,crème,False,Crème Visible différence,
3700256376665,1,skincare,booster,True,Booster with collagen,
8421691467941,1,skincare,aloe vera,False,Deo Roll-on Aloe Vera,
0057800814214,1,makeup,nail polish,True,Nourishing Nail Polish Remover,
4025089076667,1,skincare,creme,False,24h Creme Bio-Granatapfel & Feige,
3504105034337,2,skincare,creme,False,creme change,
8719179255143,1,skincare,aloe vera,False,solait aftersun aloe vera,
4017512187064,1,skincare,creme,False,Süßer Winterzauber Reichaltige Handcreme,
3592619216165,1,skincare,crème,False,Dexeryl crème,
0884486453358,1,haircare,shampoo,True,redken extreme shampoo,
0048155903975,2,skincare,moisturizing,False,moisturizing vitamina E skin cream,
8809547410196,2,skincare,sunscreen,True,Sunscreen lotion,
09233195,2,haircare,curl,False,curl manifiesto,
4800888223104,1,skincare,cleanser,True,ponds hydrating jelly cleanser,
7750215013519,1,skincare,aloe vera,False,gel aloe vera,
4059729192189,3,makeup,loose powder,True,Glow Illusion Loose Powder translucent radiance,
3253581292723,4,skincare,creme,False,creme de mains l'occitane,
5310001200398,1,makeup,powder,False,baby powder,
3600542418775,1,haircare,shampoo,True,Shampooing démélant,
4058172925610,2,skincare,creme,False,Fußcreme Urea,
3563210022523,2,haircare,shampoo,True,Shampooing douche aloé vera bio,
8006540498576,3,haircare,conditioner,True,REPAIR Argan oil vegan conditioner,
8006540497067,8,haircare,shampoo,True,Purify & Hydrate Silicone Free Shampoo,
0309970121082,1,makeup,powder,False,mitchum bamboo powder,
8051160831814,3,skincare,scrub,False,Scrub corpo in gel alla frutta,
0750007492185,1,skincare,deodorant,True,deodorant,
8713745109960,2,makeup,eyebrow,True,Eyebrow pencil,
3660005919485,1,makeup,fond de teint,True,Fond de teint perfection Yves rocher Zero defaut,
0810029313957,3,haircare,conditioner,True,Pro-Growth Castor conditioner,
3466762645267,2,makeup,lash,False,Lash CURVE,
01217285,2,skincare,deodorant,True,old spice fresh deodorant,
8809470122043,2,skincare,ampoule,True,N.M.F AQUARING AMPOULE MASK EX.,
4005808920518,3,skincare,crème,False,NIVEA Crème Soft Cream Douchegel,
7891033926329,2,makeup,mascara,True,MASCARA ACELERA O CRESCIMENTO,
0022796672001,1,haircare,shampoo,True,Shampoo purifying+ charcoal detox,
3401560235043,1,skincare,peel,False,Filorga sleep and peel crème resurfaçante,
0022796972217,3,haircare,conditioner,True,Damage remedy Coconut oil conditioner,
3760361730004,4,skincare,moisturizer,False,Age Beautifying Moisturizer,
3770013219047,5,skincare,déodorant,False,Déodorant Naturel Fleur d'oranger,
6132262400046,1,skincare,hydratant,False,crème hydratante visage,
3760099591496,1,skincare,savon,True,Cadum Savon Doux,
0060815052816,1,skincare,moisturizing,False,Fresh Mint Dry Mouth Moisturizing Mouthwash,
8850029034522,1,skincare,spf,False,Nivea Sun Extra Protecr C&E Vitamin Sun Care SPF 50 PA+++,
8809035140956,1,haircare,hair wax,True,Python Therapy Mart Hair Wax,
3263854998900,1,skincare,douche,False,La Douche Dermo Protectrice,
8717644384329,1,haircare,shampoo,True,Shampoo Sunsilk Aloe Vera tutti i capelli,
4005900418135,4,skincare,body lotion,True,Body Lotion,
0079400017437,1,skincare,deodorant,True,Sexy Intrigue Invisible Solid Antiperspirant & Deodorant Stick,
3468080082007,7,skincare,savon,True,Savon Surgras extra-doux bio,
7613312377468,2,skincare,mousse à raser,True,Mousse à raser,
4028841133240,2,haircare,shampoo,True,Après-shampooing au Jojoba,
4041700398406,2,makeup,mascara,True,mascara,
3600523329847,3,skincare,micellar,True,Micellar Water,
7798177225557,2,skincare,serum,True,Hyaluronic 4D serum,
0071164371282,1,haircare,shampoo,True,Coconut dry shampoo,
0309970107925,4,makeup,foundation,True,Colorstay Full Cover Foundation,
0079400122681,3,skincare,deodorant,True,Deodorant Extra Fresh,
5060176671560,1,skincare,deodorant,True,Deodorant,
0065743085417,1,haircare,shampoo,True,Hypoallergenic Shampoo,
3600551054124,2,skincare,crème,False,douche crème,
13958830,1,haircare,shampoo,True,12 reasons shampoo,
8050046480061,1,haircare,shampoo,True,Renovase shampoo,
8411905008985,4,skincare,aloe vera,False,Leche corporal aloe vera,
0065743085080,4,haircare,shampoo,True,Shampoo 2in1 kiwi and avocado,
6106615191004,3,skincare,peel,False,AHA30%+BHA2% peeling solution,
3600542389204,4,haircare,shampoo,True,Fructis shampoo (watermelon),
4066447109160,2,skincare,creme,False,bodycreme,
6923859200183,2,makeup,powder,False,luxury powder banana,
4316268597234,2,skincare,aloe vera,False,"Gentlemen's Rasiergel, sensitiv mit Aloe Vera & Panthenol",
03622612,1,haircare,shampoo,True,extra ordinary onion shampoo,
3660005615776,5,skincare,douche,False,Bain douche énergisant,
4058172778988,1,skincare,creme,False,Balea pflegecreme you are truly awesoms,
3250391545315,2,skincare,hydratant,False,soin de jour hydratant,
4056489576334,2,skincare,creme,False,cien gold creme hidratante,
0814655020388,1,skincare,face mask,True,Collagen face mask,
8432583831382,1,skincare,savon,True,Savon,
6052415002012,1,haircare,pomade,True,bergamote pomade,
4066447110548,1,skincare,body lotion,True,Leichte Body Lotion,
7702277869658,1,haircare,shampoo,True,Ultra Nutrit Shampoo Restaura Max,
3245678671139,11,skincare,savon,True,Savon doux à l'huile d'olive,Savon doux à l'huile d'olive
4058172921087,1,haircare,shampoo,True,Shampoo,
4025089075202,1,haircare,shampoo,True,Family repair shampoo,
3605054557707,2,makeup,gloss,True,l'oreal Paris casting creme gloss conditionner,
3522930003823,2,skincare,gel douche,True,thé des vignes gel douche,
3660005934662,2,skincare,gommage,False,gommage granité éclat,
8809643053273,1,skincare,sleeping mask,False,Laneige Lip sleeping mask,
6941349342670,1,skincare,lip mask,False,crystal lip mask,
7501026006609,2,skincare,savon,True,Savon de coiffeuse à la rose,
7506267923791,1,skincare,savon,True,Savon liquide pour les mains à la mangues,
6001087012768,2,skincare,toner,True,Flawless radiance refreshing toner,
6971764151083,1,haircare,hair wax,True,Hair wax,
8809738316511,1,skincare,body lotion,True,Lavendar Hand and Body Lotion,
4103040392015,1,haircare,shampoo,True,SebaMed Every-Day Shampoo,
3606000552555,1,skincare,moisturizing,False,Moisturizing Cream,
3600522230953,1,haircare,conditioner,True,Elvive Colour Protecting Conditioner,
3600520433424,1,haircare,shampoo,True,Elvive colour protect shampoo,
8717163924174,1,haircare,shampoo,True,Love Beauty and Planet Après-Shampooing Aurore Éclatante 400ml,Après-Shampooing
6923700922165,2,haircare,blonde,False,Loreal paris excellence fashion 9.13 golden blonde,
0061972002362,1,makeup,blush,True,CG cheekers blush,
0052800674875,2,haircare,shampoo,True,Shampoo,
8693712016982,1,skincare,déodorant,False,Déodorant,
6001087003537,1,haircare,shampoo,True,Organics shampoo,
8001841618326,2,skincare,shave,False,Transparent shave gel,
60023834,2,skincare,deodorant,True,Men 48H Deodorant,
4021457619771,1,haircare,shampoo,True,Lavera Glanz Shampoo,
4021457612956,1,skincare,creme,False,Lavera Baby u. Kinder Pflegecreme,
8720604312447,1,skincare,sheet mask,True,FACIAL SHEET MASK,
4005900365491,1,skincare,creme,False,Creme care,
8022297064253,1,haircare,shampoo,True,shampoo,
3660005259529,1,skincare,crème,False,crème mains,
8888202065261,1,makeup,powder,False,Enchanteur Powder,
8961014003284,1,haircare,shampoo,True,Shampoo,
3494800017363,1,skincare,body lotion,True,body lotion,
8690239035168,1,makeup,nail polish,True,Nail polish remover,
5901887023111,2,skincare,body lotion,True,Cocoa Butter Body Lotion,
3549620008388,1,haircare,shampoo,True,Shampooing karité,
3245678612415,6,skincare,déodorant,False,Déodorant instant voluptueux,Déodorant instant voluptueux
3700571400298,1,skincare,hydratant,False,Axo white lait hydratant,
8717163648667,3,skincare,shower gel,True,Ice chill shower gel,
8710908657092,1,skincare,bar soap,True,Dove baby bar soap,
11046240,1,skincare,body lotion,True,Moisture blend body lotion,
4806520632099,1,skincare,cleanser,True,Marine caviar facial cleanser,
0656272984366,2,skincare,crème,False,Crème de douche nourrissante,
8690131100490,1,skincare,hand cream,True,hand cream farmasi naturelle sea therapy,
3859892751197,1,skincare,hand cream,True,oliva hand creame with lavander,
3574660527452,1,skincare,body lotion,True,Deep Moisture Body Lotion,
4010355952431,1,skincare,creme,False,UREA Handcreme,
3760095252353,1,skincare,hydratant,False,duolys soin hydratant anti âgé riche,
7898582394128,3,haircare,shampoo,True,Génoma ortho reconstruction shampoo,
8430321719428,1,skincare,aloe vera,False,ia Gel de bano aloe vera y bambu,
3286010064615,2,haircare,shampoo,True,Shampooing Anti-pelliculaire,
3264680023279,2,skincare,nettoyant,True,Poudre de noyaux - masque nettoyant,
5017634005979,1,haircare,conditioner,True,John Frieda FRIZZease Dream Curls Conditioner,
0058738999394,1,skincare,nettoyant,True,Lingettes nettoyantes,
4010355306494,1,haircare,shampoo,True,Nutri-Care Shampoo Bio Mandel,
3600522713203,1,haircare,shampoo,True,"Elvive, extraordinary oil shampoo",
4084500910119,1,haircare,shampoo,True,Golden Raspberry and Mint Shampoo,
0022796170514,1,haircare,shampoo,True,Nourish & moisture   coconut milk shampoo,
8003510028191,1,haircare,shampoo,True,bagno doccia shampoo al tè verde,
20250904,2,haircare,shampoo,True,cien shampoo pro vitamin,
5601182015001,2,haircare,shampoo,True,Shampoo,
5011321595200,1,haircare,shampoo,True,Shampoo,
7891150062788,1,haircare,shampoo,True,Shampoo ritual de crecimiento,
0056100020561,1,haircare,shampoo,True,Head and Shoulders Classic Clean Shampoo,
0883484002476,3,haircare,shampoo,True,Pert Shampoo and conditioner,
0022400525761,5,haircare,shampoo,True,Tresemme Shampoo coconut milk and aloe vera,
7804920018779,1,haircare,shampoo,True,Shampoo ballerina,
7501022103173,1,haircare,shampoo,True,baby shampoo,
7610067472073,1,haircare,shampoo,True,Shampoo care,
3600523597468,1,haircare,shampoo,True,Elvive Dream Lengths Restoring Shampoo,
0079400313416,1,haircare,shampoo,True,Dove Shampoo,
0065743085684,1,haircare,shampoo,True,Argan Oil Therapy Shampoo,
8436533671004,1,haircare,shampoo,True,India shampoo,
4902430267724,1,haircare,shampoo,True,Shampoo,
3600542040037,3,haircare,shampoo,True,Shampoo,
0079400470799,1,haircare,shampoo,True,Shampoo,
8719281041313,1,haircare,shampoo,True,Shampoo,
7421002044619,1,haircare,keratin,False,Vet Keratina,
4045612007630,1,haircare,shampoo,True,Festes Shampoo,
0022796940919,1,haircare,shampoo,True,Nourishing coconut milk shampoo,
400246592473000799,1,haircare,shampoo,True,Hemp Castor Oil Shampoo,
7709990584561,1,haircare,shampoo,True,Shampoo Hidratante Coco,
6937854918035,1,haircare,shampoo,True,shampoo Vrizz,
7899572810826,1,haircare,shampoo,True,Shampoo Chá Latte,
4800888169693,1,haircare,shampoo,True,Sunsilk shampoo,
8033331430019,1,haircare,shampoo,True,Liperol Olio shampoo,
0079400478863,2,skincare,body wash,True,"Suave kids 3 in 1 Shampoo, Conditioner, Body Wash",
6171575941020,1,haircare,shampoo,True,zenential solid shampoo,
9348159000276,1,haircare,shampoo,True,Petway skin care shampoo,
0671570001645,1,haircare,shampoo,True,Aquage Smoothing Shampoo,
0713708451042,2,haircare,shampoo,True,smooth operator shampoo,
4013891817783,1,skincare,peel,False,Dermasel Bali Spa Body Peel Körper Peeling,Körper Peeling
4056489586852,1,skincare,shower gel,True,shower gel coconut,
4056489586845,3,skincare,shower gel,True,Shower Gel Melon for a bright Star yo tour day Marca Cien,
5902811788373,1,skincare,crème,False,Crème régénératrice peau des mains,
5057566517157,1,makeup,contour,False,Double Ende Contour Stick (light),
8720143126109,1,skincare,lip balm,True,101 Dalmatians Lip Balm Strawberry Scent,
3606000560314,1,skincare,moisturizing,False,cera ve baby moisturizing cream,
0017000046211,2,skincare,face wash,True,Dial mens body and hair and face wash,
3250392927189,1,haircare,cheveux,False,Gel lavant corps et cheveux,
4005800631542,1,skincare,creme,False,ph5 Handcreme,
6133630000530,1,skincare,savon,True,Savon Liquide Main Amir,
5900525050816,3,skincare,retinol,False,Multi Kolagen Retinol,
0071249214817,1,makeup,fond de teint,True,fond de teint,
3499320011341,2,skincare,creme,False,Creme Protetor para as Mãos,
23460232,4,skincare,creme,False,Tagescreme Bio-Mandel,
0035000996312,1,skincare,deodorant,True,"Speed Stick Zero Deodorant for Men, Fresh Woods",
4610082710894,1,skincare,hand cream,True,Hand cream ?8B0B5,
4058172491412,4,skincare,creme,False,Fußcreme Teebaumöl,
3245678090480,4,skincare,lait corps,True,Lait corps hydratant nourrissant,Lait corps hydratant nourrissant
8480000226327,5,skincare,serum,True,Serum oil Curl Perfect,
0810020173697,1,skincare,body lotion,True,SPF 50+ Body Lotion,
8006540438794,1,skincare,micellar,True,micellar purify & nourish,
4745090047530,2,skincare,vitamin c,False,Vitamin C +B3,
7441115001408,1,haircare,shampoo,True,h5 ZERO Shampoo,
4066447103397,3,skincare,shave,False,After Shave Balsam,
22307101,1,skincare,antiperspirant,True,antiperspirant magnolia,
3770013899089,1,skincare,crème,False,crème visage bonne mine,
0855070005055,4,skincare,shave,False,Bergamot After-Shave,
0745110443445,1,haircare,cheveux,False,Shampoing solide cheveux secs Bio 80ml,Shampoing solide cheveux secs Bio 80ml
0745110443452,1,haircare,cheveux,False,Shampoing solide cheveux gras Bio 80ml,Shampoing solide cheveux gras Bio 80ml
0829576999873,2,makeup,nail polish,True,nail polish remover,
5057566076609,1,makeup,primer,True,primer,
8714100016961,1,skincare,gel douche,True,AXE Gel Douche Homme Provocation Lot 6 X 400ML(dont 2 offerts),Gel Douche Homme
0634084130249,5,skincare,shave,False,After shave face oil,
3700538600501,1,skincare,savon,True,savon,
3250391609956,2,skincare,crème,False,Douche crème Fleur de Tiaré & Ambre,
7331162255100,1,haircare,shampoo,True,shampoo dandruff treatment,
4005900910226,1,haircare,shampoo,True,Haarmilch Shampoo,
7502260490544,1,haircare,shampoo,True,Mora azul shampoo matizador,
5765228835807,5,haircare,shampoo,True,Shampoo no perfume,
4008890006429,1,haircare,shampoo,True,ANTI SCHUPPEN SHAMPOO,
0041220963522,1,skincare,body lotion,True,lavender & vanilla body lotion,
5000174149944,1,haircare,shampoo,True,Shampoo,
4250947564226,2,makeup,blush,True,mosaic blush,
4005900709394,1,haircare,shampoo,True,Shampoo,
4015100213324,1,haircare,shampoo,True,Shampoo,
5000174244823,1,skincare,antiperspirant,True,Antiperspirant cream stick,
3701154700941,2,skincare,deodorant,True,Deodorant protection 12h,
3770002220986,4,makeup,poudre,False,dentifrice en poudre au charbon végétal et à la menthe,
4305615808901,1,haircare,shampoo,True,Nutricare Shampoo,
3560071191511,1,skincare,aloe vera,False,Aloe Vera,
3701311401193,1,skincare,déodorant,False,Déodorant soin 48h - Cédrat bio & bambou bio,
4066447101522,1,skincare,creme,False,tagescreme,
3770015082007,1,haircare,shampoo,True,Shampooing Solide au Ricin,
0072140633783,1,skincare,calming,False,Eucerin skin calming cream,
7640163065589,1,haircare,shampoo,True,Prija shampoo,
8001841590943,1,haircare,shampoo,True,Pantine shampoo 190ml,
4820266830137,1,skincare,hyaluronic acid,False,Hyaluronic Acid + Vitamine C + E,
3600523540730,3,haircare,shampoo,True,total repair 5 low shampoo,
8719326327242,2,skincare,crème,False,AYZ ooglid crème,
4003573115030,2,skincare,peel,False,Aktivkohle Strong peel-off maske,
8711661000576,1,makeup,nail polish,True,Caring nail polish remover,
0079400716019,1,haircare,shampoo,True,Dove shampoo,
0079400866608,1,haircare,shampoo,True,Dove ultra care shampoo,
6221155058522,4,haircare,shampoo,True,shampoo,
0079400649492,1,haircare,shampoo,True,dove shampoo,
0022796916792,2,haircare,shampoo,True,thick & full biotin & collagen shampoo,
5765228837474,1,haircare,shampoo,True,Shampoo rosemary,
2200269415098,1,haircare,shampoo,True,Shampoo,
0022400528434,1,haircare,shampoo,True,Tresemme shampoo collagen,
0071164303160,1,haircare,shampoo,True,Argan oil repairing shampoo,
0022796180711,1,haircare,shampoo,True,"Maui moisture shampoo
Maui moisture shampoo",
5201279049669,3,haircare,shampoo,True,Oily dandruff shampoo,
4021457605033,1,haircare,shampoo,True,Lavera Apfel Shampoo,
7501199418360,1,haircare,shampoo,True,Shampoo Pert,
3701154701160,2,skincare,niacinamide,False,Sérum Acide salicylique + Niacinamide,Sérum anti-imperfections
37510001,1,skincare,body lotion,True,Hand & Body Lotion,
60203345,1,skincare,cleanser,True,Facial Cleanser,
8720289261115,1,skincare,hand cream,True,YOU'RE A GODDES - HAND CREAM,
8058664129386,1,skincare,shower gel,True,Bath and shower gel Baby Moments Kids,
3661434008894,1,skincare,crème,False,crème teintée tinted cream,
8009518324983,1,makeup,lipstick,True,LIPSTICK LINER,
0381519025358,1,skincare,creme,False,Clairol professional soy 4plex activator creme Permanente developer oxydante Permanente,
4305615700984,3,makeup,nail polish,True,Nail polish remover,
4260602120223,1,haircare,conditioner,True,repair conditioner,
8999999549305,1,skincare,serum,True,Vaseline Super Food Skin Serum,
8720181044731,1,skincare,douche,False,Dove Douche Soin Hypoallergénique pour Peau Sensible 400ml,Gel douche
8710522495858,1,skincare,gel douche,True,"Love Beauty And Planet Coffret Shampooing, Gel douche, Masque en Tissu Beurre de Muru Muru et Rose x1","Coffret Shampooing, Gel douche, Masque Tissu"
4066447091847,1,skincare,creme,False,Ultrasensitive Tagescreme,
42420675,2,skincare,creme,False,Pflege Creme,
42402152,2,skincare,creme,False,Deocreme mit Natron,
4005900118165,1,skincare,creme,False,Sonnencreme 20 Bornze,
4058172935664,1,skincare,creme,False,Sonnencreme 50,
4015100719130,1,haircare,shampoo,True,Silbershampoo,
3045206501460,1,skincare,aloe vera,False,Sanytol Gel lavant antibacterien Hydradant Aloe Vera Thé Vert bio,
3574661680996,5,skincare,savon,True,Savons soin surgras huile d'amande douce,2 savons soin surgras huile d'amande douce
8809738310960,1,skincare,essence,True,ginseng essence water,
6414505158083,5,skincare,body cream,True,Lv Oat Rich Body cream,
0827755070122,3,makeup,lash,False,Brut Classic Splash On,
4066447215373,2,skincare,peel,False,Liquid Peeling 2% BHA,
8058664129126,3,skincare,body lotion,True,Body Lotion,
35722902242216850,2,skincare,creme,False,Rosen Tagescreme,
0853382004001,1,skincare,shave,False,Shave cream,
8480000796790,1,skincare,exfoliant,False,"Limpiador, exfoliante y mascarilla arcilla blanca",
8480000230195,3,haircare,curl,False,activador de rizos curl perfect,
42417941,2,skincare,creme,False,Gesichtssonnencreme,
3600542462143,2,haircare,shampoo,True,Creme-Shampoo Argan Mandelcreme,
3245678131510,1,skincare,creme,False,Cosmia creme lavante mains orchidee noire,
3600542035095,1,skincare,creme,False,creme de pentear tesouros de mel,
8809554847268,1,skincare,foot cream,False,Foot Cream Urea 9.8,
4060390602983,1,skincare,hand cream,True,Rose bud hand cream,
4011200590907,1,skincare,hygiene,False,Palmolive Hygiene Total,
8002340008472,1,skincare,aloe vera,False,Sapone Intimo Mantovani estratti di aloe vera e Timo,
8002340013230,1,skincare,shaving,True,Noxzema Schiuma da barba (burro di cacao) Shaving Cream Cocoa butter,
2518720001606,1,skincare,shave,False,AFTER SHAVE LOTION,
0037000680994,5,skincare,deodorant,True,Deodorant,
8436097095537,1,haircare,shampoo,True,Après-shampooing coco,
0810052960166,1,skincare,niacinamide,False,Watermelon glow niacinamide dew drops,
8058647641584,1,haircare,shampoo,True,shampoo antiforfora,
8411126066429,1,haircare,shampoo,True,Shampooing,
8906105611962,1,skincare,body lotion,True,body lotions Himalayan rose wow skin science,
4056489368427,5,skincare,crème,False,crème solaire active 30 FPS haute protection,
3245678704561,2,skincare,douche,False,KIDS 3 EN 1 DOUCHE SHAMPOING BAIN MOUSSANT FRAISE et CERISE,KIDS 3 EN 1 DOUCHE SHAMPOING BAIN MOUSSANT FRAISE et CERISE
4021457610099,1,makeup,powder,False,Fine Loose Mineral Powder,
4058172951244,1,makeup,nail polish,True,easy & speed Nail polish 200,
3600551100760,1,skincare,lait corps,True,lait corps nourissant,
3045206501453,2,skincare,aloe vera,False,Gel lavant anti bactérien 95% d'origine naturelle. Aloe Vera et Thé vert bio.,
3298651716945,2,skincare,savon,True,savon à l'huile d'olive Santal,
7898430170423,2,makeup,mascara,True,mascara,
5060447943549,1,skincare,moisturising,False,Childs farm Moisturising hand wash unfragranced,
8436097092628,4,skincare,exfoliant,False,Exfoliant Purifiant,
4005808232529,1,skincare,body lotion,True,Nivea Irresistibly Smooth Body Lotion Moisturiser + Shea Butter 400mL,
4005808237487,2,skincare,body lotion,True,Nivea Body Lotion 400ml,
3760207117297,1,skincare,déodorant,False,Énergie Fruit Déodorant 24h,
3549620007916,1,skincare,douche,False,Gelée de douche Fleur d'amandier,
8414716130180,2,haircare,keratin,False,Acondicionador Keratina,
3264680028014,1,skincare,creme,False,Creme Fraiche 3 en 1,
0045929696507,1,skincare,deodorant,True,Cocopits deodorant,
8904035417111,1,skincare,sunblock,True,Joy Hello Sun sunblock & anti-tan loyion,
8016225953252,1,skincare,aloe vera,False,balsamo labbra aloe vera,
8006540739136,1,haircare,shampoo,True,Shampoo,
8003520023322,1,skincare,hygiene,False,Palmolive Hygiene Plus,
9782924645260,1,skincare,uva,False,livre &quot; tellement sauvage &quot;,
8809581455900,1,skincare,blackhead,False,Goblin blackhead,
8693495033497,1,skincare,savon,True,Savon Lavender & Chamomille,
5060018594255,4,skincare,aloe vera,False,Dentifrice coconut oil and aloe vera,
4800888210470,1,skincare,serum,True,Rexona serum sakura,
9556126668248,1,skincare,serum,True,Rexona dry serum,
4800888210401,1,skincare,serum,True,Dove Serum pink,
4800888210395,1,skincare,serum,True,Dove serum blue,
4005808867202,1,skincare,toner,True,Nivea extra white toner,
4005800308765,1,skincare,acne,False,Nivea acne repair,
8850029036427,1,skincare,acne,False,Nivea acne repair,
4005800314520,1,skincare,serum,True,Extrawhite serum lotion,
00035945,1,skincare,acne,False,Whip foam acneclear,
8411114090559,3,haircare,cheveux,False,Gel corps et cheveux (bouteille Iron Man),
0735745796030,1,skincare,visage,False,Lait de toilette visage et corps Collagène,"lutte contre la déshydration, le vieillissement de la peau, relâchement cutané,  capacité a regénérer les tissus de l’épiderme. Présent naturellement dans le corps jusqu’à l’âge de  25 ans."
0735745796023,1,skincare,visage,False,Lait de toilette visage et corps Argan,"Hydrate, adoucit, réduit les rides"
0735745796016,1,skincare,visage,False,Lait de toilette visage et corps Jojoba,"Convient à tout type de peau, nourrit, assouplit et répare les peaux très sèches."
0735745796122,2,skincare,visage,False,Lait de toilette visage et corps Jojoba,"Convient à tout type de peau, nourrit, assouplit et répare les peaux très sèches."
0735745796115,1,skincare,aloe vera,False,Lait de toilette visage et corps Aloe vera,"Bonne hydratant, régénérant, donne l’élasticité a la peau pour lutter contre le  vieillissement."
0735745796146,1,skincare,visage,False,Lait de toilette visage et corps Collagène,"lutte contre la déshydration, le vieillissement de la peau, relâchement cutané,  capacité a regénérer les tissus de l’épiderme. Présent naturellement dans le corps jusqu’à l’âge de  25 ans."
4005900196156,1,skincare,body lotion,True,Nivea body lotion,
7750075059498,1,haircare,keratin,False,keratina,
9343682000083,1,haircare,argan oil,False,Argan oil & hemp seed,
9316542120412,1,makeup,primer,True,Natio Ageless Illuminating Primer,
3245678159989,3,skincare,nettoyant,True,Nettoyant salle de bain anticalcaire 500ml,Nettoyant salle de bain anticalcaire 500ml
3701159001852,1,skincare,savon,True,Balia / savon huile olive,
3380810205190,1,skincare,cleanser,True,Gentle Foaming Cleanser (with cottonseed),
3245678562031,5,skincare,douche,False,Shampoing douche mineraux marins,Shampoing douche mineraux marins
3245678562215,3,skincare,gel douche,True,Gel douche gourmand à la guimauve,Gel douche gourmand à la guimauve
3245678562246,3,skincare,gel douche,True,Gel douche gourmand au tendre caramel,Gel douche gourmand au tendre caramel
3245678562307,2,skincare,gel douche,True,GEL DOUCHE ET BAIN A LA MÛRE SAUVAGE et A LA GRENADE,GEL DOUCHE ET BAIN A LA MÛRE SAUVAGE et A LA GRENADE
3245678562338,1,skincare,shower gel,True,Shampoo bath and shower gel 3 in 1 monoï,Shampoo bath and shower gel 3 in 1 monoï
3245678562451,3,skincare,douche,False,Shampoing douche et bain aux mineraux marins,Shampoing douche et bain aux mineraux marins
3245678562512,3,skincare,gel douche,True,Gel douche et bain Cerise et Jasmin,Gel douche et bain Cerise et Jasmin
3245678562901,3,skincare,douche,False,Shampoing douche fresh 3 in 1,Shampoing douche fresh 3 in 1
3245678561737,3,skincare,douche,False,Shampoing douche mineraux marins,Shampoing douche mineraux marins
3245678561911,10,skincare,douche,False,Shampoing douche monoï,Shampoing douche monoï
4005900036490,1,skincare,anti-perspirant,False,Black & White Invisible Anti-Perspirant,
4005900144652,1,skincare,hydration,False,Niviea aloe hydration,
4005900209726,1,skincare,lait corps,True,Nivea Body milk  Lait corps,
4005900217936,1,skincare,creme,False,Creme care Soap,
4005900418883,7,skincare,aloe vera,False,Body loción aloe vera,
4005900444554,2,skincare,body lotion,True,Express Hydration body lotion,
4005900499257,1,skincare,micellar,True,micellar,
4005900683397,1,skincare,creme,False,NIVEA Verzachtende reinigingscreme amandelolie,Nivea Essentials Verzachtende Reinigingscrème bevat amandelolie en Hydra IQ. De reinigingscrème reinigt je droge huid zacht en zonder je huid uit te drogen.
4005900884152,2,makeup,luminous,False,Cellular Luminous 630 Anti-Pigmentflecken Getöntes Fluid,
4005900933034,1,skincare,creme,False,Creme sensitiven,
3061376202983,1,haircare,shampoo,True,Gernier shampoo,
4005900465603,1,skincare,spf,False,Crème solaire Spray Corps Spf 20 Activateur de Bronzage Protège et Bronze,
8022297064932,2,haircare,shampoo,True,Semi Dilino Illuminating Low Shampoo (Diamond - Normal Hair),
4056489234708,2,skincare,body lotion,True,Cien lightweight body lotion,
3059949933136,1,skincare,hydratant,False,crème hydratante adoucissante,
3245678041277,2,skincare,aloe vera,False,Gel lavant doux corps et cheveux à l'extrait d'aloe vera bio,Gel lavant doux corps et cheveux à l'extrait d'aloe vera bio
3245678041284,4,skincare,hydratant,False,Crème hydratante visage et corps à l'extrait de calendula bio,Crème hydratante visage et corps à l'extrait de calendula bio
3245678045725,2,skincare,douche,False,KIDS 3 EN 1 DOUCHE SHAMPOING BAIN MOUSSANT FRAISE et CERISE,KIDS 3 EN 1 DOUCHE SHAMPOING BAIN MOUSSANT FRAISE et CERISE
3245678068014,6,skincare,gel douche,True,Gel douche shampooing à l'amande douce bio,Gel douche shampooing à l'amande douce bio
3245678128459,2,haircare,volume,False,Cosmia - shampoing sec - fraicheur - 200 ml / volume nominal 270ml ?,Cosmia - shampoing sec - fraicheur - 200 ml / volume nominal 270ml ?
3245678045718,1,skincare,douche,False,DOUCHE SHAMPOING BAIN MOUSSANT MANGUE et ANANAS,DOUCHE SHAMPOING BAIN MOUSSANT MANGUE et ANANAS
8714100512043,1,haircare,shampoo,True,Dove Après Shampoing Strengthening,Apres-shampooing
3245678033098,2,skincare,gel douche,True,Cosmia - gel douche et bain lait - à l'avoine - 750 ml,Cosmia - gel douche et bain lait - à l'avoine - 750 ml
3596710517114,1,skincare,douche,False,Lait de douche aux extraits d'amade et de lait d'avoine,Lait de douche aux extraits d'amade et de lait d'avoine
3596710517107,4,skincare,douche,False,lait de douche amande,Lait de douche aux extraits d'amade et de lait d'avoine
3596710517084,1,skincare,douche,False,Recharge lait de douche aux extraits de noix de coco et de lait d'avoine,Recharge lait de douche aux extraits de noix de coco et de lait d'avoine
3596710517060,6,skincare,douche,False,Lait de douche aux extraits de noix de coco et de lait d'avoine,Lait de douche aux extraits de noix de coco et de lait d'avoine
3596710517091,1,skincare,douche,False,lait de douche pêche,Lait de douche aux extraits de pêche et de lait d'avoine
3596710517077,4,skincare,douche,False,Lait de douche aux extraits de noix de coco et de lait d'avoine,Lait de douche aux extraits de noix de coco et de lait d'avoine
3596710517145,1,skincare,douche,False,Lait de douche aux extraits vanille et de lait d'avoine,Lait de douche aux extraits vanille et de lait d'avoine
3596710517138,1,skincare,douche,False,Lait de Douche Aux Protéines de Lait,Lait de Douche Aux Protéines de Lait
3596710517121,1,skincare,douche,False,Lait de douche aux extraits de miel et de lait d'avoine,Lait de douche aux extraits de miel et de lait d'avoine
3245678106518,7,skincare,gel douche,True,Gel douche a l'eau de coco,Gel douche a l'eau de coco
3245678044490,2,skincare,gel douche,True,Cosmia gel douche et bain lait hydratant a la noix de coco,Cosmia gel douche et bain lait hydratant a la noix de coco
3245678075890,3,skincare,gel douche,True,Cosmia - gel douche et bain - instant mystérieux - 750ml,Cosmia - gel douche et bain - instant mystérieux - 750ml
3245678075883,3,skincare,gel douche,True,Gel douche et bain INSTANT VOLUPTUEUX,Gel douche et bain INSTANT VOLUPTUEUX
3245678044384,1,skincare,gel douche,True,Cosmia gel douche lait hydratant a la vanille,Cosmia gel douche lait hydratant a la vanille
3245678044360,2,skincare,gel douche,True,Cosmia gel douche lait hydratant a l'amande douce,Cosmia gel douche lait hydratant a l'amande douce
3245678044469,2,skincare,gel douche,True,Cosmia gel douche et bain lait hydratant a la vanille,Cosmia gel douche et bain lait hydratant a la vanille
3245678044445,1,skincare,gel douche,True,Cosmia gel douche et bain lait hydratant a l'amande douce,Cosmia gel douche et bain lait hydratant a l'amande douce
3245678044414,2,skincare,gel douche,True,Cosmia gel douche lait hydratant a la noix de coco,Cosmia gel douche lait hydratant a la noix de coco
3245678044377,1,skincare,gel douche,True,Cosmia gel douche lait hydratant a la peche,Cosmia gel douche lait hydratant a la peche
3245678042175,7,skincare,gel douche,True,Cosmia bio gel douche relaxant amande douce,Cosmia bio gel douche relaxant amande douce
3245677725345,5,skincare,gel douche,True,Cosmia bio gel douche tonifiant citron verveine,Cosmia bio gel douche tonifiant citron verveine
3245678069202,2,skincare,gel douche,True,Gel douche soin,Gel douche soin
8710522467749,1,skincare,gel douche,True,Dove Gel Douche Mousse Douceur Gourmande Lot,Gel Douche Mousse
3564700743461,7,haircare,shampoo,True,Natïis Après shampooing extra doux huile d'argan camélia,
3140100394344,1,haircare,shampoo,True,Shampooing anti pelliculaire aux tea tree et dandrilys,
3760162121667,1,haircare,shampoo,True,shampooing solide,
3178041351164,2,haircare,shampoo,True,Shampooing solude RÉPARATION,
41508282,1,haircare,shampoo,True,shampooing solide N. A. E bio,
3178041351188,1,haircare,shampoo,True,Shampooing solide nutrition,
3245677725437,7,skincare,déodorant,False,Déodorant,Déodorant
3245677725475,2,skincare,déodorant,False,Déodorant compressé,Déodorant compressé
3245677725468,2,skincare,déodorant,False,Déodorant compressé,Déodorant compressé
3245678612439,2,skincare,déodorant,False,Déodorant vanille,Déodorant vanille
3245678612422,2,skincare,déodorant,False,Déodorant grenade,Déodorant grenade
3245678045077,9,skincare,déodorant,False,Déodorant,Déodorant
3245678045114,7,skincare,déodorant,False,Déodorant,Déodorant
3245678045138,5,skincare,déodorant,False,Déodorant,Déodorant
3245678612491,2,skincare,déodorant,False,Déodorant Energy 24h,Déodorant Energy 24h
3245677725352,6,skincare,deodorant,True,Deodorant doux bio hibiscus,Deodorant doux bio hibiscus
3245678612507,4,skincare,déodorant,False,Déodorant power 24h,Déodorant power 24h
3245677725420,11,skincare,déodorant,False,Déodorant,Déodorant
3245677725444,9,skincare,déodorant,False,Déodorant,Déodorant
3596710509287,11,skincare,déodorant,False,Déodorant,Déodorant
8710522476079,3,skincare,déodorant,False,DOVE Déodorant Femme Spray Pierre d'Alun et Beurre de Karité 6x200ml,null
3245677725666,10,skincare,anti-transpirant,False,Anti-transpirant,Anti-transpirant
3245677725369,2,skincare,hydratant,False,Cosmia cosmos- eau micellaire hydratante - à l'extrait de calendula bio - 500 ml,Cosmia cosmos- eau micellaire hydratante - à l'extrait de calendula bio - 500 ml
3245678599815,1,skincare,crème,False,Crème mains anti-dessèchement,Crème mains anti-dessèchement
3245678599846,1,skincare,crème,False,Crème mains SOS mains abîmées,Crème mains SOS mains abîmées
3245678622841,2,haircare,laque,True,COSMIA - LAQUE À LA PROVITAMINE B5 ET VITAMINE PP - FORCE et BRILLANCE - 300ML/ VOLUME NOMINAL405ML ?,COSMIA - LAQUE À LA PROVITAMINE B5 ET VITAMINE PP - FORCE et BRILLANCE - 300ML/ VOLUME NOMINAL405ML ?
3245678629871,4,skincare,aloe vera,False,Cire professionnelle à l'aloe vera,Cire professionnelle à l'aloe vera
3245678629901,1,skincare,aloe vera,False,Bandes de cire froide corps à l'aloe vera,Bandes de cire froide corps à l'aloe vera
4002448098188,1,skincare,creme,False,waschcreme,
3298656600799,1,skincare,savon,True,savon de Marseille en tranches,
3245678671245,1,skincare,savon,True,Savon doux à l'extrait de fleur de jasmin,Savon doux à l'extrait de fleur de jasmin
3596710514458,2,skincare,savon,True,Boite porte savon solide,Boite porte savon solide
3596710520114,1,skincare,savon,True,Capsules 2 en 1 au savon de Marseille,Capsules 2 en 1 au savon de Marseille
3245678042151,1,skincare,savon,True,Cosmia bio,Bio savon liquide mains a l'amande douce bio
3701436910037,1,skincare,savon,True,savon bienfaisant,
3245678671214,2,skincare,savon,True,Savon doux à l'huile d'amande douce,Savon doux à l'huile d'amande douce
6132154700193,1,skincare,savon,True,savon mains,
3245678599839,2,skincare,crème,False,Crème mains anti-âge,Crème mains anti-âge
3245677724942,2,skincare,crème,False,Crème Anti-âge jour bio à l'huile d'Argan et acide hyaluronique,Crème Anti-âge jour bio à l'huile d'Argan et acide hyaluronique
3245678704448,1,makeup,poudre,False,Talc en poudre,Talc en poudre
3245678141281,7,skincare,anti-transpirant,False,Anti-transpirant,Anti-transpirant
3245678671184,2,skincare,savon,True,Savon doux au beurre de karité,Savon doux au beurre de karité
3245678056417,1,skincare,creme,False,Eco recharge - creme lavante mains,Eco recharge - creme lavante mains
3245677724959,2,skincare,crème,False,Crème anti-âge nuit bio à l'huile d'argan et acide hyaluronique,Crème anti-âge nuit bio à l'huile d'argan et acide hyaluronique
3245678671207,10,skincare,savon,True,savon de Marseille brut,savon de Marseille brut
3245678629925,1,skincare,aloe vera,False,Crème dépilatoire corps à l'aloe vera,Crème dépilatoire corps à l'aloe vera
3245677724966,10,skincare,visage,False,Gommage visage,Gommage visage
3596710522002,1,skincare,scrub,False,Cosmia bio trousse soin visage anti age + scrub,Cosmia bio trousse soin visage anti age + scrub
3245678629895,1,skincare,aloe vera,False,Bandes de cire froide visage a l 'aloe vera,Bandes de cire froide visage a l 'aloe vera
3596710514427,9,skincare,douche,False,Fleur de douche,Fleur de douche
3245678629932,2,skincare,crème,False,Crème dépilatoire corps au beurre de karité,Crème dépilatoire corps au beurre de karité
3245678144718,10,skincare,uva,False,Cosmia - eau de parfum - cosmia sauvage - pour homme - 100 ml,Cosmia - eau de parfum - cosmia sauvage - pour homme - 100 ml
3245678599853,1,skincare,crème,False,Crème pieds anti-dessèchement,Crème pieds anti-dessèchement
3245678612545,3,skincare,rasage,False,Lotion apres-rasage activ,Lotion apres-rasage activ
3245678612453,3,skincare,anti-transpirant,False,Anti-transpirant,Anti-transpirant
3245678612477,4,skincare,anti-transpirant,False,Anti-transpirant no trace,Anti-transpirant no trace
3245678069226,2,skincare,creme,False,Dermo confort nutri creme de douche soin,Dermo confort nutri creme de douche soin
3245678090473,2,skincare,gommage,False,Gommage corps douceur aux grains de fruit de la passion,Gommage corps douceur aux grains de fruit de la passion
3245678042229,2,skincare,hydratant,False,Creme visage hydratante a l'huile d'amande douce bio,Creme visage hydratante a l'huile d'amande douce bio
3245678069219,2,skincare,creme,False,Creme de douche soin,Creme de douche soin
3245678042236,4,skincare,hydratant,False,Cosmia cosmos bio - eau micellaire hydratante - à l'extrait de calendula bio - tous types de peaux - 250 ml,Cosmia cosmos bio - eau micellaire hydratante - à l'extrait de calendula bio - tous types de peaux - 250 ml
3245678075876,1,skincare,shower gel,True,Shower gel mysterious time,Shower gel mysterious time
3245678623572,2,skincare,crème,False,Crème anti-âge jour et nuit 4 en 1,Crème anti-âge jour et nuit 4 en 1
3245678600009,2,skincare,collagen,False,Soin contour des yeux anti rides au Collageneer,Soin contour des yeux anti rides au Collageneer
3245678599983,1,skincare,collagen,False,Cosmia - crème de nuit - 40 + anti rides au collageneer® - tous types de peaux - 50ml,Cosmia - crème de nuit - 40 + anti rides au collageneer® - tous types de peaux - 50ml
3245678599976,3,skincare,collagen,False,Cosmia crème de jour anti rides au collageneer®,Cosmia crème de jour anti rides au collageneer®
3245678691496,4,skincare,nettoyant,True,Lingettes nettoyantes à l'huile d'olive,Lingettes nettoyantes à l'huile d'olive
3245678691489,1,skincare,nettoyant,True,Lingettes nettoyantes à l'aloe vera bio,Lingettes nettoyantes à l'aloe vera bio
3245678691472,5,skincare,visage,False,Lingettes visage et mains à l'huile d'amande douce,Lingettes visage et mains à l'huile d'amande douce
8436097094134,1,skincare,nettoyant,True,lingeries nettoyantes,
3245678709085,2,skincare,nettoyant,True,Lingettes nettoyantes,Lingettes nettoyantes
3245677745961,5,skincare,visage,False,25 lingettes démaquillantes visage et yeux,25 lingettes démaquillantes visage et yeux
3222472863427,1,skincare,savon,True,gel l'avant savon de Marseille feuilles d olive,
0712221734328,1,skincare,savon,True,Savon argan bio,
3010351760123,1,skincare,savon,True,savon bébé,
3564706621169,2,skincare,savon,True,copeaux de savon de marseille,
3660050015408,1,skincare,savon,True,savon certifié au lait de chèvre bio,
3489940081169,2,skincare,savon,True,"savon liquide, certifié bio",
3010351750421,1,skincare,savon,True,savon,
3770010742067,1,skincare,savon,True,savon api,
3700599202744,1,skincare,savon,True,Savon extra doux,
8710908719615,1,skincare,savon,True,Dove Savon Pain de Toilette Soin et Huile Surgras 2x100g Lot de 3,Savon Pain de Toilette
20168797,4,skincare,savon,True,Savon de Marseille amande,
5060144647818,1,skincare,déodorant,False,Déodorant Naturel Menthe et Eucalyptus,
5712873282302,1,skincare,shaving,True,"Shaving Gel, Sensitive, with Aloe Vera & Vitamin E",
8712561252485,3,skincare,déodorant,False,Axe Déodorant Bodyspray Homme Provocation 48h Non-Stop Frais 150ml,Déodorant Homme Spray
8710522428900,1,skincare,déodorant,False,DOVE Déodorant Femme Anti-Transpirant Stick Original 2x50ml,Dove Déodorant Femme Stick Anti Transpirant Original Lot de 2x40ml
0711381309339,1,skincare,hand soap,True,Stonewall Kitchen - Herbes de Provence Hand Soap 16.9 oz,
7590749524132,1,skincare,crème,False,crème mains,
3660005628844,1,skincare,crème,False,crème mains,
9782017209935,1,skincare,crème,False,Crème main nourrissante,
3253581542958,1,skincare,crème,False,Crème mains peaux sèches,
3660005302164,1,haircare,cheveux,False,Cheveux & ongles,
3614224874407,1,makeup,vernis à ongles,True,Vernis à ongles Red Carpet,
2100003054517,1,makeup,vernis à ongles,True,Vernis à ongles lait,
3245678589793,1,haircare,cheveux,False,Cosmia - shampoing après-shampoing expert - antipelliculaire 2 en 1 au climbazole - cheveux normaux - 400ml,Cosmia - shampoing après-shampoing expert - antipelliculaire 2 en 1 au climbazole - cheveux normaux - 400ml
3596710515431,3,skincare,crème,False,Crème dépilatoire au beurre de karité,Crème dépilatoire au beurre de karité
3245678589779,1,haircare,cheveux,False,Cosmia - shampoing expert - antipelliculaire citrus au climbazole - cheveux à tendance grasse à pellicules - 400ml,Cosmia - shampoing expert - antipelliculaire citrus au climbazole - cheveux à tendance grasse à pellicules - 400ml
3245678562635,1,skincare,crème,False,Cosmia - crème de douche soin de50,Cosmia - crème de douche soin de50
3245678706305,1,skincare,crème,False,Cosmia - crème mains - au beurre de karité - 30 ml,Cosmia - crème mains - au beurre de karité - 30 ml
3596710515424,13,skincare,aloe vera,False,Cire professionnelle à l'aloe vera,Cire professionnelle à l'aloe vera
3245678671283,3,skincare,savon,True,Savon,Savon
3245678693315,4,haircare,volume,False,COSMIA - MOUSSE COIFFANTE - VOLUME - POUR CHEVEUX FINS et SANS VOLUME - 250 ML/ VOLUME NOMINAL335ML ?,COSMIA - MOUSSE COIFFANTE - VOLUME - POUR CHEVEUX FINS et SANS VOLUME - 250 ML/ VOLUME NOMINAL335ML ?
3245678154533,1,haircare,cheveux,False,Cosmia - shampoing technique color + /- à l'extrait de grenade et filtre uv - cheveux colorés - 250ml 400ml,Cosmia - shampoing technique color + /- à l'extrait de grenade et filtre uv - cheveux colorés - 250ml 400ml
3245678704394,1,skincare,nettoyant,True,Cosmia b - eau nettoyante - à l'huile d'amande douce - bébé - 250ml,Cosmia b - eau nettoyante - à l'huile d'amande douce - bébé - 250ml
9888888811489,1,skincare,crème,False,crème main,
3596710515448,7,skincare,aloe vera,False,Crème dépilatoire à l'aloe vera,Crème dépilatoire à l'aloe vera
3282770098938,1,skincare,spf,False,Créme SPF 50+,
3545500405018,2,skincare,crème,False,crème légère anti âge,
3760020737337,1,skincare,crème,False,Crème karité nourrissante,
3760098407637,1,makeup,contour,False,contour des yeux,
3700914701181,1,skincare,anti-age,False,Sérum anti-age,
08557239,1,skincare,crème,False,crème de la reine,
3660005899466,1,skincare,hydratant,False,Soin hydratant 3 en 1,
3660005104607,2,skincare,lait corps,True,Lait Corps Énergisant Framboise Menthe Poivrée,
3700343046242,4,skincare,visage,False,spray solaire visage et corps 50 SFP,
3222475630064,1,skincare,crème,False,Crème de soin nourrissante,
7110534393127,1,skincare,savon,True,savon surgras karité- avocat,
3537090020320,1,skincare,hydratant,False,crème hydratante pour toute la famille,
5025970801322,3,skincare,creme,False,Giveaway Creme,
4005808283712,1,skincare,creme,False,Sonnencreme 30,
8001090516152,1,skincare,creme,False,Zahncreme Pro Zahnschmelz,
4066447276749,2,skincare,creme,False,Dontodent Zahncreme Antibakteriell,
3574661606187,1,skincare,soothing,False,"Le Petit Marseillais Soothing Aloe Vera Body Milk 250ml, (8.9oz)",
8436570022807,1,skincare,spf,False,natural shield spf 30,
8004608242666,1,skincare,serum,True,Minu/hair serum,
8006540097144,1,haircare,conditioner,True,coconut milk conditioner,
8606106776331,2,skincare,collagen,False,Super Collagen beauty direct  BIOTIN,
4058172926204,2,haircare,shampoo,True,Natural Beauty Shampoo,
50052790,1,skincare,hydrating,False,Hydrating Light Moisturiser,
0072151452991,1,skincare,clay mask,True,Clay Mask,
4025089081296,3,skincare,anti-aging,False,Sante Anti-Aging Handcreme,
5010724526774,2,haircare,shampoo,True,Original Dry Shampoo,
5010724527375,2,makeup,blush,True,Dry Shampoo blush,
5010724527498,1,haircare,shampoo,True,Dry Shampoo,
5010724528105,1,haircare,shampoo,True,Batiste Dry Shampoo,
5010724532973,1,haircare,shampoo,True,dry shampoo,
5010724535950,1,haircare,shampoo,True,Batiste Dry Shampoo,
0851557003033,3,haircare,curl,False,Curl love,
3282770203806,1,haircare,keratin,False,KERATINcaps force et vitalité,
8025272627276,1,makeup,mascara,True,mascara violet,
8719238031183,1,haircare,curl,False,Curl definition cream,
5601312089711,1,skincare,creme,False,Creme Gordo,
0020714649562,1,skincare,moisturizing,False,Clinique For Men Moisturizing Lotion 100ml,
8901012116913,1,haircare,shampoo,True,Johnson's no more tears baby shampoo,
5050456522460,1,skincare,shower gel,True,Endless Night shower gel,
3474636970155,2,haircare,curl,False,Curl manifesto,
4059729287359,1,makeup,foundation,True,Pretty natural foundation,
3574661670393,1,skincare,moisturising,False,Aveeno kids face & body moisturising lotion,
8809851670620,1,skincare,serum,True,ceremoist glow lip serum,
2000008677486,1,makeup,powder,False,Compact Powder,
8809255781908,1,skincare,scrub,False,Black Scrub MASK,
10727946,1,skincare,lip balm,True,Apollo Lip Balm,
01897166,1,makeup,nail polish,True,acetone free nail polish remover,
5045091726632,3,skincare,eye cream,True,Boots No7 Men - Protect & Perfect Intense Advanced Eye Cream,
93035184,4,skincare,sunscreen,True,Sunscreen Lotion,
0017000068152,1,skincare,deodorant,True,Deodorant,
8858854602879,1,skincare,spf,False,skin doctor sun 60spf,
8480000860781,3,haircare,curl,False,Mascarilla Curl Perfect,
4260191981021,3,skincare,shave,False,Gaisbock after-shave,
5000169618813,1,haircare,shampoo,True,Anti Dandruff 2 - in 1 Shampoo and Conditioner,
5037156256291,1,haircare,frizz,False,Frizz Ease,
4063528009708,2,haircare,shampoo,True,Festes Shampoo für trockenes Haar,
9421906733105,1,skincare,mist,False,wake me up watermelon and rose face mist,
11162643,1,skincare,creme,False,NACHTCREME VITAL,
5060453457139,1,skincare,sunscreen,True,sunscreen whitening and vanishing,
4066447394757,1,skincare,creme,False,Clear Waschcreme,
5060144647726,1,skincare,deodorant,True,Natural Deodorant Skincare,
5060528326964,1,haircare,shampoo,True,happy naturals curl defining shampoo,
0041546000062,1,skincare,collagen,False,B'EAU Watermelon Citrus Collagen Water,
4005900917829,1,haircare,shampoo,True,Shampoo Classic mild,
96190807,2,haircare,pomade,True,Clay Pomade,
9000101049299,1,haircare,heat protection,False,Heat protection spray,
6928820029558,1,skincare,micellar,True,Garnier Micellar,
8997209270032,1,skincare,peel,False,Somethinc Peeling,
8710198369453,1,skincare,face wash,True,Gentle Face Wash,
4260602120872,1,skincare,body wash,True,hand & body wash Rosemary/Rosemary Duft,
4011700435074,1,haircare,shampoo,True,TABAC'S original bartshampoo & conditioner,
0877917000214,1,skincare,savon,True,FAIR & WHITE SAVON,
4025089084914,1,haircare,shampoo,True,Shampoo,
4063528001412,1,haircare,shampoo,True,Shampoo Bar,
4008233161235,1,skincare,creme,False,Cremedusche,
4063367400872,4,skincare,shave,False,Men After Shave Lotion,
9339341022619,1,haircare,blow dry,False,blow dry ever bounce,
8001120704504,1,haircare,shampoo,True,shampoo antiforfora,
0859475006075,2,skincare,deodorant,True,Life doesn’t stink Deodorant Unscented,
0859475006051,2,skincare,deodorant,True,Life Doesn’t Stink Deodorant Tangerine Spice,
4066447239058,3,skincare,niacinamide,False,Niacinamide Tagescreme,
4066447380439,1,skincare,creme,False,Enthaarungscreme,
5060489794680,1,skincare,moisturizing,False,Moisturizing gel-cream spf 30,
7509546680750,1,skincare,creme,False,Creme Dental Natural Extracts Açaí e Frutas Vermelhas,
7896512915917,1,skincare,acne,False,Sabonete Antiacne,
3612623516164,2,skincare,moisturising,False,moisturising lotion,
5050456522293,1,skincare,shower gel,True,"Playboy New York, Shower Gel & Shampoo",
3327520005054,1,makeup,gloss,True,actigloss,
7897751902300,1,skincare,creme,False,Sabonete com Creme Hidratante Vegetal,
24432191,4,skincare,déodorant,False,Eco-Recharge Déodorant naturel fleur d'oranger,
2006050164141,1,haircare,shampoo,True,Shampooing,
8901012116944,1,haircare,shampoo,True,Johanson baby shampoo,
0083800049004,1,skincare,peel,False,7TH Heaven Superfood Pomegranate Peel-Off Mask,
10211986,1,skincare,douche,False,Douche Lotus,
4021457650859,4,skincare,vitamin c,False,Glow by nature Tagespflege Q10+Vitamin C,
9005800240060,1,skincare,creme,False,Winter Edition - Creme,
42390022,1,skincare,creme,False,Handcreme - 3in1 Repair,
4005900909428,1,haircare,shampoo,True,Sensitive Power - Shampoo,
7331121404150,1,skincare,hand soap,True,Silky Vanilla - Hand Soap,
3574661578224,2,skincare,crème,False,Crème de douche extra douce Lilas Bio,
8008970048703,2,haircare,shampoo,True,Wash and Go Shampoo and Conditioner,
8720181336188,1,skincare,shower gel,True,Radox strawberry and rasberry shower gel,
3504105028183,1,skincare,nettoyant,True,mustela gel nettoyant,
4005808911110,1,skincare,creme,False,Nivea duschcreme,
5606859404980,1,skincare,creme,False,Creme nivea hom,
42219323,1,skincare,anti-perspirant,False,Black And White Invisible Anti-perspirant,
4005808369867,1,skincare,lip balm,True,Nivea lip balm strawberry shine,
4005808795697,1,skincare,shower cream,False,Coconut shower cream,Verzorg je huid met deze exotisch ruikende Nivea Creme Coconut Douchecrème. De douchecrème met verzorgende jojoba-olie hydrateert je huid en heeft de heerlijke geur van kokos.
4005808182589,2,skincare,toner,True,nivea toner,
42231516,2,skincare,scrub,False,Scrub,
4005808236879,1,skincare,body lotion,True,Nivea body lotion,
3560071235963,1,skincare,nettoyant,True,Nettoyant M.S Savon de Marseille carrefour,
3760254813166,1,skincare,savon,True,Savon visage à l acide hyaluronique,
6111224000661,1,skincare,savon,True,Savon doux nature,
6132123400208,1,skincare,savon,True,savon liquide,
3461640094014,1,skincare,savon,True,Savon au miel,
0630500663360,1,skincare,savon,True,Savon à vaiselle Coriandre et Lime,
5400141411256,1,skincare,savon,True,Savon pour les mains,
3560071073725,1,skincare,savon,True,savon délicat crème hydratante carrefour,
3600541116153,2,skincare,crème,False,Crème visage perfecteur 5-en-1 medium 50ml,
8719238021016,1,skincare,visage,False,masque pour le visage,
3701527600045,1,skincare,creme,False,Creme de jour visage cbd,
3401360296732,2,skincare,crème,False,Crème visage,
3560071423025,8,haircare,shampoo,True,Solid SHAMPOO cheveux normaux,
5054563067449,1,skincare,creme,False,Ultra Haftcreme Frisch,
5054563074300,1,skincare,creme,False,Ultra Haftcreme starker Halt,
3468080081444,3,haircare,shampoo,True,Baby bio organic shampoo,
5012008733007,1,haircare,shampoo,True,shampoo,
4305615709871,1,skincare,peel,False,peel off maske,
0381370039211,1,skincare,moisturizer,False,Creamy oil moisturizer,
3337875598774,1,skincare,cleanser,True,Foaming Cleanser,
8901030943355,1,haircare,conditioner,True,Dove intense repair conditioner,
2004060025063,5,skincare,serum,True,serum facial,
0033200005469,2,skincare,deodorant,True,Essentials with NATURAL DEODORIZERS JUNIPER BERRY DEODORANT,
6001067089827,1,haircare,shampoo,True,Palmolive apple shampoo,
4063367263378,1,skincare,body lotion,True,Med Body Lotion mit 15% Urea,
3830052955860,1,skincare,collagen,False,Beauty collageno,
8901247573277,1,haircare,hair oil,True,vasmol black hair oil,
8901247573956,1,skincare,serum,True,Serum,
8901153920271,1,skincare,aloe vera,False,Kara Aloe Vera & Mint Oil,
6902395482369,1,makeup,lipstick,True,"Maybelline lipstick 903, 657, 660",
8906005271693,1,skincare,hydrating,False,cetaphil daily advance ultra hydrating lotion,
8901526592326,1,skincare,face mask,True,Vitamin c face mask,
8906118412495,1,skincare,toner,True,Plum Alcohol Free and fragrance free green tea  toner,
8904091129461,1,makeup,powder,False,CANDID POWDER 60G,
07005800,1,haircare,shampoo,True,nioxin shampoo,
0793596799440,1,skincare,micellar,True,acqua micellare cleanup,
0079400448002,1,skincare,deodorant,True,dove deodorant,
0079400462770,1,haircare,shampoo,True,sauve tropical coconut shampoo,
0080878189229,1,haircare,shampoo,True,Pantene Shampoo,
7319861016888,1,haircare,shampoo,True,Shampoo. Dry scalp moisturising,
3661803666380,1,skincare,propolis,False,gommes miel propolis,gommes miel propolis à base de miel d'acacia
3600541126046,2,skincare,hand cream,True,7 day hand cream,
8717163962039,7,skincare,rasage,False,Brut a/r 100 oceans,Après Rasage
0665138000386,1,skincare,savon,True,savon vert pour les mains,
6130601006447,1,haircare,shampoo,True,shampooing,
0811068014355,2,skincare,scrub,False,Lavender scrub,
8992946521829,2,skincare,scrub,False,Body scrub,
5000167234275,1,skincare,scrub,False,Sugar Crush Body Scrub,
8961014238150,1,haircare,shampoo,True,Shampoo,
0081555774806,2,makeup,lipstick,True,cream lipstick,
8993137685429,1,makeup,foundation,True,Foundation,
0812154031720,4,skincare,deodorant,True,native deodorant,
0078522090656,4,skincare,deodorant,True,jason calming lavinder deodorant,
3600523434596,1,skincare,body wash,True,Hydra Sensitive Body Wash,
3222475427664,2,skincare,lait corps,True,Lait corps nourrissant Ysiance,
4305615639383,3,skincare,creme,False,Cremeseife Sensitiv,
5052197005561,1,haircare,silicone,False,Perfect Glide Silicone Gel,
8710447474419,1,skincare,face wash,True,Simple Purifying Face Wash,
3600542290081,2,skincare,aloe vera,False,aloe Vera hair food,
4056489329770,2,haircare,shampoo,True,Shampoo vegan Aloe Vera,
0381371177301,1,haircare,shampoo,True,Johnson’s Baby Shampoo,Baby Shampoo
8714789673653,2,skincare,hygiene,False,Hygiene Plus,
3574660032314,1,skincare,hydratant,False,"Enydrial, baume labial hydratant",
5060144643964,1,haircare,shampoo,True,Original Beard Shampoo & Conditioner,
0667535863816,1,skincare,body cream,True,Body Cream,
7630028603216,1,skincare,body lotion,True,Urea Body Lotion,
03920038,1,skincare,body lotion,True,dove body lotion,
0062600062925,1,skincare,body wash,True,Skin Relief Body Wash,
0072140026165,2,skincare,body wash,True,body wash,
0022796170811,1,haircare,shampoo,True,Hibiscus Shampoo,
4058172626159,1,haircare,shampoo,True,Shampoo Feuchtigkeit,
0708002400414,1,haircare,shampoo,True,Lavender and Geranium Shampoo,
4015100336825,1,haircare,shampoo,True,Syoss Shampoo,
8710908352188,1,haircare,shampoo,True,Men+Care Fortifying Shampoo Conditioner,
50398997,1,haircare,shampoo,True,Shampoo Luxurious Moisture,
4084500019195,6,skincare,deodorant,True,deodorant stick,
4084500124165,1,haircare,conditioner,True,Conditioner,
4084500104891,1,haircare,wave,False,Miracle Beach Waves,
4084500084971,6,haircare,keratin,False,Keratin Protect Oil,
3760099595388,1,haircare,cheveux,False,gel corps et cheveux,
8809733213389,2,skincare,soothing,False,Jeju Cica Soothing Cream,
5711914175764,1,makeup,eyeshadow,True,"Mineral waterproof eyeshadow, vanilla highlight",
3614228413442,2,makeup,foundation,True,Always fabulous foundation,
5902082552833,1,makeup,bb cream,True,Aloe BB cream,
5902082553267,1,makeup,pressed powder,True,Aloe pressed powder,
3616303397173,1,makeup,foundation,True,Healthy mix foundation,
5057566439374,1,makeup,powder,False,Super matte powder,
4059729308177,1,makeup,foundation,True,Stay all day 16h foundation,
5057566415699,2,skincare,sleeping mask,False,"Lip sleeping mask, vanilla",
5057566656931,1,makeup,pressed powder,True,Pressed powder,
4059729282026,1,makeup,foundation,True,True skin hydrating foundation,
5056369117175,1,makeup,concealer,True,Nice touch concealer,
3616302990146,1,makeup,foundation,True,"Kind & Free, foundation",
5057566518437,2,skincare,scrub,False,"Lip scrub, vanilla bean",
0800897123277,1,makeup,concealer,True,HD Photogenic Undereye Concealer Wand,
0800897157210,1,makeup,foundation,True,Can't Stop Won't Stop 24Hr Full Coverage Matte Finish Foundation,
0800897157395,1,makeup,foundation,True,full coverage foundation,
4059729382863,3,skincare,essence,True,"STUFF! HELLO, GOOD essence PORE MINIMIZING SER",
4059729340900,1,skincare,booster,True,Beauty booster,
4059729340917,1,skincare,booster,True,Beauty Booster Collagen drink,
4059729277404,1,makeup,nail polish,True,Catrice More than Nude nail polish,
4059729195715,1,makeup,nail polish,True,Shine Last & Go Gel Nail Polish 46 Black Is Back,
4059729232236,1,skincare,peel,False,Peel off base coat,
4059729271808,1,makeup,primer,True,Jelly primer,
4059729208675,1,makeup,eyeshadow,True,Eyeshadow 09 morning glory,
4059729233301,1,makeup,lipstick,True,Crystal power lipstick,
3616303439941,1,skincare,anti-perspirant,False,Fresh 48H Anti-Perspirant,
3616302735617,2,skincare,cleanser,True,Hydrating cream cleanser,
0075371003325,2,skincare,scrub,False,Tahitian vanilla bean scrub,
0075371003332,1,skincare,scrub,False,coco colada scrub,
5057566295468,1,skincare,toner,True,Revolution Prevent Blemish Targeting Toner,
5057566229593,1,makeup,nail polish,True,High gloss nail polish,
5057566509688,1,skincare,eye cream,True,Miracle Eye Cream,
5057566328814,1,skincare,cleanser,True,Salicylic Acid Daily Facial Cleanser,
5057566654487,1,makeup,lip gloss,True,Chocolate Swirl Lip Gloss Vanilla Gelato,
4056489498896,2,skincare,serum,True,Cellintense face serum,
5028197957780,1,skincare,cleanser,True,Guarana and Coffee Energising Cleanser for Men,
5055586605298,2,haircare,shampoo,True,Kukui oil shampoo,
8901030841439,3,skincare,body lotion,True,Vaseline body lotion,
8904330602199,2,haircare,hair wax,True,Hair wax,
0856017000010,1,haircare,shampoo,True,CANTU S/B MOIST SHAMPOO 400Ml,
0817513015700,3,haircare,curl,False,Cantu Shea Butter Wave Whip Curling Mousse,
3600523242658,2,skincare,anti-âge,False,SoinAge Perfect anti-âge re-fortifiant nuit 50ml,
0302993921820,1,skincare,cleanser,True,Gentle Skin Cleanser,
4894532933044,1,skincare,pore,False,Bye Bye Pores,
5055402978780,1,makeup,primer,True,Pro Base Hyaluronic Acid jelly primer,
3337875598750,6,skincare,moisturising,False,"CeraVe Moisturising Lotion 1L, for dry to very dry skin",
3517360019452,3,skincare,aloe vera,False,Hydra aloe vera,
3517360010565,1,skincare,aloe vera,False,Hydra aloe vera,
0024589641843,2,skincare,scrub,False,Perfect Lip Scrub,
5060242152290,2,skincare,face mask,True,face mask,
6914371210576,1,makeup,bronzer,True,Highlighter and Bronzer,
4056489458340,2,skincare,body lotion,True,Caring moments Body lotion w argan oil and peony,
0887167616844,2,makeup,lip liner,True,Double Wear 24h Stay-in-Place Lip Liner,
8699296625923,1,haircare,shampoo,True,Shampooing,
8998866108492,2,makeup,loose powder,True,AZZURA Loose Powder resh Look light beigi 01,
8410935055631,1,skincare,cleanser,True,Creamy jelly cleanser,
5045098694521,1,skincare,face mask,True,Tea Tree And Witch Hazel Peel Off Face Mask,
5098928123319,1,haircare,shampoo,True,Elave Shampoo,
4058172879609,4,skincare,peel,False,Peeling Gel 3in1 Fresh,
8717953245434,2,skincare,sunscreen,True,Dermatologist Sunscreen SPF 50,
3600523733088,2,haircare,hair oil,True,Elvital Trockenes Haar,Hair oil for tangled hair
3600523881611,1,skincare,body wash,True,Total Clean Total Action 5 In 1 Body Wash,
3600523967834,1,skincare,ampoule,True,Collagen Ampoules,
3600522230557,1,haircare,conditioner,True,Elvive Triple Resist X3 Conditioner,
3600523649280,1,skincare,shave,False,2IN1 Shavecare,
3600524025502,1,skincare,serum,True,L'Oréal Paris Revitalift Filler Oogserum,
3600523582259,1,skincare,deodorant,True,Stress Resist Deodorant,
3600523074228,1,makeup,primer,True,Primer Infaillible,
3600523232529,1,skincare,shower gel,True,Hydra Energetic Shower gel,
3600520984001,2,makeup,gloss,True,Casting crème gloss 834,
3600522634133,1,skincare,antiperspirant,True,Men Expert antiperspirant,
3600523557325,3,skincare,serum,True,"Stylista, the sleek serum",
3600523968305,1,skincare,peptide,False,Pro-Collagen Peptides,
3600541970533,1,haircare,shampoo,True,garnier shampoo,
3600541744516,2,skincare,micellar,True,micellar water,
3600542221092,2,skincare,aloe vera,False,Hair Food Aloe Vera,
3600542469951,2,skincare,aloe vera,False,Body Superfood crema corporal calmante con aloe vera,
3600541887602,1,haircare,shampoo,True,Shampoo wahre Schätze,
3600541375710,1,skincare,creme,False,Nutrisse creme,
3600542462150,1,haircare,conditioner,True,Wahre Schätze Honig Schätze Spullung,Conditioner
0309977809013,2,makeup,eyeliner,True,Revlon eyeliner,
0752830779389,2,skincare,cleanser,True,Cleanser,
4056489329732,1,skincare,creme,False,Cremedusche,
3596200062094,3,skincare,lait corps,True,Lait corps apaisant,
8718951433083,1,skincare,shower gel,True,Sanex Zeron % dry skin shower gel,
3760001820058,1,skincare,propolis,False,Spray Buccal Propolis Et Thym - 20ML - Propolia,
07802782,1,skincare,body cream,True,Superdrug Vitamin e intesive all over body cream,
8414002072910,2,skincare,aloe vera,False,Champú hidratante aloe vera,
8480000790590,1,makeup,bb cream,True,BB cream SPF30,
3433422408203,1,skincare,creme,False,Fusscreme,
3433422406834,1,skincare,toner,True,Clarifying Toner,
3337872420085,2,skincare,spf,False,Anthelios xl 50 spf + spray,
4061458203463,1,skincare,creme,False,Handcreme,
3538394920217,1,haircare,shampoo,True,shampooing nutrition intense mirabelle de Lorraine,
8414227057679,2,skincare,savon,True,savon main,
8904035426649,1,skincare,face wash,True,ubtan face wash,
9310692415145,1,haircare,dandruff,True,anti dandruff scalp care,
4008233131573,1,skincare,body lotion,True,Body Lotion,
8718951389120,1,skincare,body wash,True,Body Wash,
8718951388468,1,skincare,shower gel,True,Biomeprotect Dermo Shower Gel,
3760100682359,1,skincare,hydratant,False,masque hydratant,
3760148158311,1,skincare,hydratant,False,Masque hydratant,
8009518323948,1,skincare,peel,False,maschera peel off,
3378872127871,1,skincare,peel,False,Masque peeling pamplemousse,
8906105615045,1,skincare,body lotion,True,Body Lotion,
0717489950015,1,makeup,blush,True,Milani Rose Powder Blush,
7896044954989,1,haircare,shampoo,True,Shampoo Antirresíduos Lima-da-Pérsia,
7500435154222,1,haircare,shampoo,True,Shampoo Bambu Nutre e Cresce,
7891010974886,1,skincare,acne,False,Gel de Limpeza NEUTROGENA® Acne Proofing™,
7891150050129,1,haircare,shampoo,True,Shampoo Dove Ritual de Reparação,
2200251559212,1,haircare,shampoo,True,Shampoo lang,
7611480001598,1,skincare,creme,False,Fusscreme,
7640127416808,1,haircare,shampoo,True,Romulsin Shampoo Weizenkeim,
8698898444802,1,skincare,shower gel,True,BIOTOL HYGIENE SHOWER GEL,
0761571362200,1,skincare,spf,False,Natural Perfection Double Shield Sun Stick 50+ SPF PA++++,
6001374079306,1,skincare,body cream,True,BODY CREAM,
6001374079368,2,skincare,body cream,True,BODY CREAM,
6001374067105,1,skincare,body lotion,True,Play girl body lotion 400ml,
6001374079429,1,skincare,body cream,True,Play girl body cream 400ml,
3048841618272,1,skincare,face wash,True,King.C. Gillette beard & face wash,
3014260218799,1,haircare,wave,False,Cool Wave,
0192598994271,3,skincare,body lotion,True,Lemon verbena scented body lotion,
7702018978120,5,haircare,wave,False,Cool Wave,
8992304073458,1,skincare,shaving,True,PowerWhite shaving,
3178041340274,2,skincare,crème,False,Crème de jour anti-âge,
3830052955884,1,skincare,collagen,False,Collagene skin care,
0022796172204,1,skincare,body wash,True,Extra Hydrating  Shea Butter Body Wash for Very Dry Skin 577ml,
4059729371874,1,makeup,primer,True,Redness reducer primer,
4015000971065,1,skincare,aloe vera,False,Pril Sensitive Aloe Vera,
3614221187418,1,makeup,rouge à lèvres,True,Rouge à lèvres,
3607349610258,1,makeup,rouge à lèvres,True,Rouge à lèvres,
17600333,1,skincare,rasage,False,Baume après rasage,
4513574031302,1,skincare,acne,False,acne care &facial washing,
8936035203289,1,skincare,clay mask,True,Clay mask,
5017857071461,1,skincare,creme,False,Sofn'free  Cortical Creme Relaxer SUPER FOR COARSE HAIR 250 ml,
0616762143635,3,skincare,creme,False,creme relaxer,
8718951217003,1,skincare,shower cream,False,Milk & Honey Shower Cream,
8718951212046,1,skincare,shower cream,False,Berry Delight Shower Cream,
8017596115485,2,haircare,shampoo,True,Shampoo fior di magnolia,
8710908710773,3,skincare,micellar,True,Gel micellar wash,
4102968000033,3,skincare,creme,False,Kinderzahncreme,
3606000537972,2,skincare,moisturizing,False,Moisturizing Cream,
3606000537637,2,skincare,moisturizing,False,CeraVe Itch Relief Moisturizing Lotion,
3606000537194,1,skincare,cleanser,True,Foaming Facial Cleanser,
3606000537330,1,skincare,moisturizing,False,Moisturizing Cream,
3606000537422,1,skincare,moisturizing,False,Moisturizing cream,
3606000534957,1,skincare,cleanser,True,Foaming Facial Cleanser,
3606000554832,2,skincare,sunscreen,True,CereVe hydrating sheer sunscreen,
3606000577138,1,skincare,cleanser,True,Acne Control Cleanser,
3606000471146,1,skincare,cleanser,True,Gentle Cleanser Cream,
8809301766170,1,skincare,essence,True,Ariul hand essence,
0718334221137,5,skincare,deodorant,True,Natural deodorant Lavender+sage,
6001087362757,1,skincare,body wash,True,radox body wash,
6001087362764,1,skincare,body wash,True,radox body wash,
6001087373784,2,skincare,body lotion,True,Legacy body lotion,
8017596122803,1,skincare,deodorant,True,Deodorante Spray Talco,
4025089079774,2,haircare,shampoo,True,Après shampooing,
8710908506321,1,haircare,shampoo,True,Pure shampooing,
3222475121753,1,skincare,crème,False,Crème lavant Pamplemousse pompe casino,
8710447310601,1,skincare,body lotion,True,Dove body lotion,
3596710510979,3,skincare,nettoyant,True,Eau nettoyante visage et corps à l'extrait de calendula,Eau nettoyante visage et corps à l'extrait de calendula
9351089000407,2,skincare,scrub,False,Saffron Face Scrub,Saffron Scrub
5060406143843,1,makeup,foundation,True,HD foundation,
3256228934239,3,haircare,gel coiffant,True,Gel coiffant,
8999908273307,1,skincare,moisturizing,False,Marina natural rich moisturizing,
4305615971179,4,skincare,creme,False,Prokudent Kräuter Zahncreme,
7896307304780,1,haircare,shampoo,True,Shampoo Vegano Vitaminado,
3504105025793,1,skincare,crème,False,Crème change 123,
8059602240767,1,haircare,shampoo,True,Eloderma Shampoo - Capelli normali,Shampoo Eloderma per capelli normali (normal hair)
8000036024300,2,skincare,deodorant,True,Neutro Sensazioni Naturali Spray Fragranza Marina,Deodorante Spray Neutro Sensazioni Naturali Fragranza Marina Antimacchia Infasil
3251248047655,2,skincare,liquid soap,True,"Le Petit Marseillais - Traditional Pure Liquid Soap Pump, 300ml (10.6oz)",
4005808113460,1,skincare,body lotion,True,Nivea Body Lotion Express Hydration,
4005808274666,1,skincare,hand cream,True,attix hand cream,
4005808369928,1,skincare,lip balm,True,Nivea Hydrocare Lip Balm SPF 15 4.8g,
0094000459166,1,skincare,deodorant,True,"Wild country, roll-on deodorant",
8436014314567,2,skincare,retinol,False,Aloe vera puro 100% retinol,
8480017123060,2,skincare,spf,False,Kids SPF50,
0381371175680,1,haircare,shampoo,True,Johnson's Head to Toe Wash and Shampoo,
7290015714549,1,haircare,shampoo,True,Black caviar total repair shampoo,
9551345259789,1,haircare,shampoo,True,Spray shampoo,
7611773153195,2,skincare,anti-aging,False,Anti-aging day cream,
5050136235840,1,skincare,cleanser,True,Nutraeffects refreshing gel cleanser,
8435383508256,1,skincare,spf,False,Luxury skin cells daywear cream SPF 15,
0034285250126,1,haircare,shampoo,True,shampoo,
8411126026072,2,haircare,keratin,False,Flex con keratina acondicionador clásico,
4058172958816,1,skincare,serum,True,Lash Repair Over Night Serum,
8021983810051,1,skincare,aloe vera,False,Crema mani aloe vera,
95998862,5,skincare,spf,False,ULTRA LIGHT AQUA GEL SPF 30,
10299887,1,skincare,deodorant,True,Deodorant cristal gel musk,
8906007750356,1,makeup,powder,False,Tooth powder,
8480000442918,1,haircare,shampoo,True,Men Shampoo Fortificante,
3574661587721,1,skincare,body wash,True,JOHNSON'S ANTI BACTERIAL BODY WASH,
3245678589694,3,haircare,shampoo,True,Extra gentle shampoo with chamomile & honey,
8961014007183,1,haircare,shampoo,True,dove nutritive shampoo,
60025630,1,haircare,wave,False,easywaves,
3245678045732,2,skincare,douche,False,DOUCHE SHAMPOING BAIN MOUSSANT MANGUE et ANANAS,DOUCHE SHAMPOING BAIN MOUSSANT MANGUE et ANANAS
3245678612613,1,haircare,gel coiffant,True,Gel coiffant fixation extrême,Gel coiffant fixation extrême
3245678091562,1,skincare,hydratant,False,"Cosmia - soin des lèvres - hydratant - lèvres desséchées et gercées - 4,2 g","Cosmia - soin des lèvres - hydratant - lèvres desséchées et gercées - 4,2 g"
3245678091593,3,skincare,hydratant,False,"Cosmia - soin des lèvres - hydratant - lèvres desséchées et gercées - 2 x 4,2 g","Cosmia - soin des lèvres - hydratant - lèvres desséchées et gercées - 2 x 4,2 g"
3245678562932,1,skincare,douche,False,Shampoing douche energy 3 in 1,Shampoing douche energy 3 in 1
3245678069196,1,skincare,creme,False,Dermo confort nutri creme de douche soin,Dermo confort nutri creme de douche soin
3245678069189,1,skincare,gel douche,True,Gel douche soin,Gel douche soin
3245678069172,1,skincare,creme,False,Creme de douche soin,Creme de douche soin
3245678045862,2,skincare,douche,False,DOUCHE SHAMPOING BAIN MOUSSANT POMME et POIRE,DOUCHE SHAMPOING BAIN MOUSSANT POMME et POIRE
3245678044407,1,skincare,gel douche,True,Cosmia gel douche lait hydratant a la fleur de coton - flacon avec capsule,Cosmia gel douche lait hydratant a la fleur de coton - flacon avec capsule
3245678599228,1,skincare,crème,False,Crème visage et corps,Crème visage et corps
3245678562840,1,skincare,visage,False,Cosmia - shampoing douche - sport 3en1 - corps visage cheveux - 75 ml,Cosmia - shampoing douche - sport 3en1 - corps visage cheveux - 75 ml
3245678561799,1,skincare,gel douche,True,GEL DOUCHE MÛRE SAUVAGE et GRENADE,GEL DOUCHE MÛRE SAUVAGE et GRENADE
3245678622827,2,skincare,aloe vera,False,Cosmia - gel à raser - à l'aloe vera - peaux sensibles - 75 ml / volume nomial 140ml ?,Cosmia - gel à raser - à l'aloe vera - peaux sensibles - 75 ml / volume nomial 140ml ?
3245678671153,7,skincare,savon,True,Savon doux à l'extrait de fleur de jasmin,Savon doux à l'extrait de fleur de jasmin
3245678612620,1,haircare,gel coiffant,True,Gel coiffant fixation béton,Gel coiffant fixation béton
3245678590287,3,skincare,serum,True,Cosmia - serum soin expert repair + - à l'huile d'onagre - cheveux secs et abimés - 50ml,Cosmia - serum soin expert repair + - à l'huile d'onagre - cheveux secs et abimés - 50ml
3245678671276,4,skincare,savon,True,Savon soin sensation d'hydratation,Savon soin sensation d'hydratation
3245678154526,1,haircare,cheveux,False,Cosmia - shampoing technique color + / - à l'extrait de grenade et filtre uv - cheveux colorés - 250ml,Cosmia - shampoing technique color + / - à l'extrait de grenade et filtre uv - cheveux colorés - 250ml
3245678622834,1,haircare,laque,True,COSMIA - LAQUE À LA PROVITAMINE B5 ET VITAMINE PP - FORCE et BRILLANCE - 75ML/VOLUME NOMINAL 110ML ?,COSMIA - LAQUE À LA PROVITAMINE B5 ET VITAMINE PP - FORCE et BRILLANCE - 75ML/VOLUME NOMINAL 110ML ?
3245678622650,1,haircare,volume,False,Cosmia - shampoing sec - volume - 50 ml / volume nominal 75ml ?,Cosmia - shampoing sec - volume - 50 ml / volume nominal 75ml ?
3245678590249,1,haircare,cheveux,False,Cosmia - démélant soin - argan et jasmin - cheveux secs et abîmés - 200ml,Cosmia - démélant soin - argan et jasmin - cheveux secs et abîmés - 200ml
3245678045091,1,skincare,déodorant,False,Cosmia - déodorant - power - 150 ml,Cosmia - déodorant - power - 150 ml
3245678043851,1,haircare,cheveux,False,Cosmia - shampoing extra doux - à l'argile et parfum citron* - cheveux à tendance grasse - 250ml e,Cosmia - shampoing extra doux - à l'argile et parfum citron* - cheveux à tendance grasse - 250ml e
3245678622667,1,haircare,volume,False,Cosmia - shampoing sec - volume - 200 ml / volume nominal 270ml ?,Cosmia - shampoing sec - volume - 200 ml / volume nominal 270ml ?
3245678706312,1,skincare,crème,False,Cosmia - crème mains - à l'huile d'amande douce - 30 ml,Cosmia - crème mains - à l'huile d'amande douce - 30 ml
3245678590294,3,skincare,serum,True,Cosmia - serum soin expert liss + - à l'extrait d'argan anti frizz - cheveux secs ou difficiles à lisser - 50ml,Cosmia - serum soin expert liss + - à l'extrait d'argan anti frizz - cheveux secs ou difficiles à lisser - 50ml
3245678671146,7,skincare,savon,True,Savon doux à l'huile d'amande douce,Savon doux à l'huile d'amande douce
3245678561768,1,skincare,douche,False,Shampoing douche monoï,Shampoing douche monoï
3245678590041,1,haircare,volume,False,Cosmia - shampoing expert volume + - à l'actipone alpha-pulp - cheveux fins - 400ml,Cosmia - shampoing expert volume + - à l'actipone alpha-pulp - cheveux fins - 400ml
3245678671221,9,skincare,savon,True,Savon doux à la fleur d'oranger et huile d'argan,Savon doux à la fleur d'oranger et huile d'argan
0850001265515,1,haircare,conditioner,True,Pomegranate and honey leave-in conditioner,
5283022011437,1,makeup,makeup remover,True,ELSADA XOXO MAKEUP REMOVER,
3600523959600,1,skincare,micellar,True,L'OREAL MICELLAR WATER,
8906007676984,1,skincare,face wash,True,JOVEES FACE WASH,
3700206705842,1,skincare,savon,True,savon à raser,
0022796976710,5,haircare,conditioner,True,Biotin & collagen conditioner,
3600523379545,1,haircare,hairspray,True,Elnett Satin Hairspray,
4897075012733,1,skincare,vitamin c,False,vitamin C,
3574660123425,1,skincare,body lotion,True,Daily Moisturing Body Lotion Normal To Dry Skin,
8720181022548,1,skincare,body lotion,True,body lotion,
0072140019433,2,skincare,body lotion,True,Skin Calming Body Lotion for Dry and Itchy Skin,
3050000022097,1,skincare,body lotion,True,Vaseline body lotion,
3600541022065,1,skincare,hydrating,False,Intensive 7 days hydrating lotion,
3600541022102,1,haircare,smoothing,False,garnier body smoothing nourishing lotion,
0667552223587,2,skincare,body lotion,True,japanese cherry blossom body lotion,
0724742003708,2,skincare,body lotion,True,Very emollient body lotion,
0667557939551,1,skincare,body lotion,True,daily nourishing body lotion,
4001638096829,1,skincare,body lotion,True,Baby body lotion,
0072785138131,1,skincare,body lotion,True,hand body lotion,
5060120170248,1,skincare,hand lotion,False,XBC Hemp Hand Lotion 100ml,
0667553789341,2,skincare,body lotion,True,vanilla bean body lotion,
4025089085201,1,skincare,body lotion,True,Body lotion,
0654749352007,1,skincare,body lotion,True,Nourishing lavender hand and body lotion,
0718334337449,1,skincare,essence,True,dessert essence Bulgarian lavender hand and body lotion,
5021320126589,1,skincare,body lotion,True,CBD Alchemist - Coconut infusion - moisturising body lotion,
5017402018521,1,skincare,body lotion,True,Tisserand lavender & white mint body lotion,
0010181046803,1,skincare,body lotion,True,palmers hemp oil relief body lotion,
0811068019336,1,skincare,body lotion,True,Dr Teals Body Lotion,
8857123700568,1,skincare,body lotion,True,Koji Acid Body Lotion,
8714572936866,1,skincare,body lotion,True,Body lotion,
5201720030420,1,skincare,body lotion,True,oliviamo body lotion,
6001224249484,1,skincare,body lotion,True,Body Lotion,
7290113146600,1,skincare,body lotion,True,Moroccan oil body lotion,
7332531084055,1,skincare,body lotion,True,nae fig hibiscus body lotion,
0062600234216,1,skincare,body lotion,True,aveeno active naturals positively radiant body lotion,
8809863720054,1,skincare,body lotion,True,Anti-Blemish body lotion,
14059506,1,skincare,body lotion,True,AVON natural bodycare papaya & soy milk hand &body lotion,
8901248126373,1,skincare,body lotion,True,Boro plus body lotion,
0810021200286,1,skincare,body lotion,True,Dr teals hemp body lotion,
0811966010923,2,skincare,body lotion,True,out of Africa shea butter body lotion,
0810333026581,1,skincare,body lotion,True,Coconut milk & vitamin E body lotion,
0077043236406,1,skincare,body lotion,True,24 Hour Restoring Almond and Flaxseed Oil Body Lotion,
7702031311218,3,skincare,body lotion,True,Body lotion,
0811068019312,2,skincare,body lotion,True,Nourishing Coconut Oil Body Lotion,
0667551169091,1,skincare,body lotion,True,Vanilla bean noel shimmer fizz body lotion,
8710198129248,1,skincare,body lotion,True,Body lotion,
8712561488297,1,haircare,shampoo,True,DOVE SHAMPOO COLOUR CARE,
8712561488280,1,haircare,shampoo,True,Intensive Repair Shampoo,
6928001834902,1,skincare,soothing,False,Aloe vera 99% soothing gel,
3610340653827,1,haircare,shampoo,True,L'OREAL ELVIVE KERATIN SHAMPOO,
8682232500965,1,haircare,shampoo,True,COSMOLIV OLIVE OIL SHAMPOO,
0888711875205,1,makeup,eyeshadow,True,Eyeshadow,
8901030962653,1,haircare,shampoo,True,Dove shampoo,
0792850024205,2,makeup,powder,False,2 in 1 diaper cream and powder burts bees baby,
5012583200741,1,skincare,deodorant,True,Total Defence Deodorant,
5012583204558,1,haircare,heat protection,False,Schwarzkopf Heat Protection Spray,
5012583208785,1,skincare,hand soap,True,Liquid hand soap,
5012583210764,1,haircare,hairspray,True,got2b Plump’d Volumising Hairspray,
0817513016677,2,haircare,curl,False,cantu curl activator cream,
0018787920046,1,skincare,lip balm,True,Naked Lip Balm,
0773602048717,1,makeup,rouge à lèvres,True,612 Russian Red rouge à lèvres mat,
42299943,1,skincare,anti-perspirant,False,Anti-Perspirant,
3245678704400,1,skincare,nettoyant,True,Eau nettoyante,Eau nettoyante
3245678033081,1,skincare,douche,False,Cosmia - lait de douche - à l'avoine - 250 ml,Cosmia - lait de douche - à l'avoine - 250 ml
3245678704431,1,skincare,nettoyant,True,Lait nettoyant,Lait nettoyant
3596710525690,3,skincare,shower gel,True,Cosmia shower gel blackberry pomegranate 750 ml,Cosmia shower gel blackberry pomegranate 750 ml
3596710516872,1,skincare,savon,True,Savon liquide mains,Savon liquide mains
3596710521531,5,skincare,crème,False,Crème lavante mains,Crème lavante mains
3596710516896,1,skincare,savon,True,Savon liquide mains,Savon liquide mains
3596710516889,1,skincare,savon,True,Savon liquide mains,Savon liquide mains
3596710521654,3,skincare,crème,False,Recharge crème lavante mains,Recharge crème lavante mains
3596710521623,2,skincare,crème,False,crème lavante main recharge coton,Recharge crème lavante mains
3596710521593,3,skincare,crème,False,Crème lavante mains,Crème lavante mains
3596710521609,3,skincare,crème,False,Crème lavante mains,Crème lavante mains
3596710521630,3,skincare,crème,False,Recharge crème lavante mains,Recharge crème lavante mains
3245678612583,1,haircare,gel coiffant,True,Gel coiffant fixation forte,Gel coiffant fixation forte
3245678590270,2,haircare,cheveux,False,Cosmia - huile capillaire expert - nourrit et sublime douceur et brillance - tous types de cheveux / all kinds of hair - 100ml,Cosmia - huile capillaire expert - nourrit et sublime douceur et brillance - tous types de cheveux / all kinds of hair - 100ml
3245678622674,1,haircare,volume,False,Cosmia - shampoing sec - volume - 200 ml / volume nominal 270ml ?,Cosmia - shampoing sec - volume - 200 ml / volume nominal 270ml ?
3596710497553,7,skincare,savon,True,Savon de marseille,Savon de marseille
4005900917744,1,haircare,shampoo,True,Volume Wonder Shampoo mit Bambus-Extrakt,
8809324921808,1,skincare,acne,False,Care Plus + Acne Cover Patch,
8719189451184,1,skincare,body lotion,True,Softening Body Lotion,
0309976414508,1,makeup,lipstick,True,Lipstick,
3508240014070,1,skincare,hydratant,False,Lierac Homme - gel hydratant énergisant anti-fatigue et revitalise,
5901887053507,1,skincare,shower gel,True,Natural Care Shower Gel,
3770026747001,1,skincare,crème,False,Crème visage,
3760194657707,1,skincare,hydratant,False,Crème visage de jour hydratante au kiwi breton et au gel d'aloé vera,
3770026747056,1,skincare,gel douche,True,Duo shampoing gel douche,
7640119233543,1,skincare,aloe vera,False,Aloe Vera Gel Fytofontana,
8480000468253,3,skincare,aloe vera,False,Gel corporal aloe vera,
3380810234985,1,skincare,creme,False,handcreme,
3760194652948,1,skincare,gel douche,True,Gel douche Mure de Bretagne,
8712561845151,1,skincare,moisturising,False,Moisturising Bath Cream,
5037156227376,1,haircare,shampoo,True,John Frieda Purple Shampoo,
9321299301007,1,skincare,sunscreen,True,Cancer Council Everyday Value SPF50 Sunscreen,
5902730835400,1,skincare,shower gel,True,Shower gel for men 8 in 1,
5015833314472,2,skincare,scrub,False,Daily Face Scrub,
5028197315146,1,skincare,scrub,False,Smoky Poppy Seed Scrub,
0079400189455,5,haircare,shampoo,True,Shampoo and Conditioner,
6928001833271,1,skincare,scrub,False,Aloe Vera Facial scrub,
0041388000466,2,skincare,lip balm,True,Medicated lip balm,
0792850901667,1,skincare,scrub,False,Conditioning Lip Scrub,
5045096769344,1,skincare,scrub,False,Flake Away Body Scrub,
5000158100640,1,skincare,scrub,False,Facial Scrub,
5028197549671,1,skincare,scrub,False,Body Scrub,
4010355476371,1,skincare,peel,False,Peeling Gel,
0070501060902,2,skincare,cleanser,True,Deep Clean Facial Cleanser,
8719134011623,2,skincare,anti-aging,False,The ritual of namaste anti-aging day cream,
42402107,1,skincare,aloe vera,False,"Lippenpflege Isana, Aloe Vera",
3600542371957,1,haircare,shampoo,True,Shampoo 2 in 1,
3600542289757,1,haircare,shampoo,True,Aloe Vera Shampoo,
5011451104020,1,skincare,face wash,True,Face Wash,
8901644000147,1,haircare,shampoo,True,Shampoo,
0684742610606,1,skincare,scrub,False,Bright and beautiful face scrub,
8710447362945,5,skincare,sensitive skin,False,Sensitive Skin Care Lotion,
3760209542530,1,skincare,lait corps,True,Crème solaire Lait Corps Spf 50,
4058172449697,1,skincare,creme,False,nagelcreme,
7630028605579,1,skincare,aloe vera,False,Duschgel Baumwohlextrakt & Aloe Vera,
0055989032108,4,skincare,visage,False,Collection beauté masque en feuille pour le visage,
8901030704307,1,haircare,shampoo,True,Dove shampoo,
7899706244107,1,haircare,shampoo,True,Shampoo,
6009679061255,1,makeup,powder,False,Care prickly heat powder,
8993137699549,1,skincare,clay mask,True,Wardah nature daily MINERAL + clarifying clay mask,
6130024167152,1,skincare,douche,False,Mousse de douche,
4010355411266,2,makeup,gloss,True,Jelly Pudding Lipgloss 40 addicted to red,
8480000468536,3,skincare,exfoliant,False,Exfoliante corporal con partículas de coco,
8809057518474,1,skincare,serum,True,ROJUKISS HYA PORELESS SERUM,
4006000048765,1,skincare,deodorant,True,Fresh Aktive Deodorant Men,
4005900925954,1,skincare,scrub,False,NIVEA repair ACNE daily scrub,
5028197850821,1,skincare,body butter,True,Hemp body butter,
5028197749170,1,skincare,body butter,True,Frosted plum body butter,
5028197590000,1,skincare,body butter,True,50ml Body Butter Strawberry,
7891176113068,1,skincare,creme,False,Condicionador Creme para Pentear Original﻿,
5012254050125,1,skincare,scrub,False,St. Ives Apricot Facial Scrub Fresh Skin 150mL,
5012254059777,3,skincare,scrub,False,Blemish Control Scrub Apricot,
5012254061190,2,haircare,shampoo,True,Luxurious Moisture Shampoo,
3178041321785,2,skincare,crème,False,Diadermine Expert Fondamental Nachtcrème,"Deze ultra-rijke Diadermine Expert Fondamental Nachtcrème voldoet aan de belangrijkste behoeftes van de veeleisende, zeer rijpe huid."
3178041343619,2,haircare,shampoo,True,N.A.E Riparazione Shampoo 250ml (8.8oz),
3178041330510,1,haircare,curl,False,curl me,
4021457629114,1,skincare,creme,False,Zahncreme Whitening,Zahncreme Whitening
4260198093703,1,skincare,lip balm,True,Natural lip balm orange,
8717163762011,1,skincare,body wash,True,Gentle Scrub Body Wash,
3600542430722,1,haircare,leave-in,True,Leave-in cream,
4800888210418,1,skincare,serum,True,Dove serum green,
0079400588531,1,haircare,shampoo,True,Suave Clarifying Shampoo,
8999999025427,1,haircare,dandruff,True,Brylcreem anti dandruff,
3600542137294,1,skincare,micellar,True,Micellar Milky Cleansing Water,
3574661604732,2,skincare,body lotion,True,Aveeno body lotion,
5060391846743,1,skincare,serum,True,Guava eye serum,
0012044039847,2,skincare,deodorant,True,Deodorant Swagger,
4058172738012,2,skincare,peel,False,Peeling Gesicht,
3600522496038,1,haircare,shampoo,True,Shampoo,
8006540662335,1,haircare,hair mask,True,Deep moisture hair mask,
3600541116382,1,makeup,bb cream,True,Skin Active BB Cream,
3600542461429,1,haircare,shampoo,True,Garnier Hafermilch Shampoo,
3600524055332,1,haircare,conditioner,True,Colour Protecting Conditioner,
8684149440259,2,skincare,peel,False,Rise & Shine Cilt Temizleyici Peeling Jel Pirinç Özlü,Peeling
8718114627007,1,haircare,conditioner,True,Dove conditioner,
7509546666976,1,makeup,luminous,False,Luminous white,
6009710202777,1,skincare,retinol,False,retinol recovery,
20330392,1,skincare,lifting,False,Mascarilla efecto lifting,
8901030902628,1,haircare,shampoo,True,Sunsilk shampoo of jojoba oil and onion extract,
8901030794599,1,haircare,shampoo,True,Shampoo,
8001090895981,1,haircare,shampoo,True,Shampoo,
8901277013125,1,haircare,shampoo,True,BEER SHAMPOO DAMAGE FREE,
3574669908146,2,skincare,creme,False,Creme bons sonhos,
4806515163737,1,skincare,deodorant,True,DEOplus deodorant powder,
8999908060105,1,makeup,powder,False,MY BABY Fresb fruity baby powder,
4809010508898,1,skincare,deodorant,True,Milcu DEODORANT POWDER,
8851932376051,1,skincare,spf,False,Vaseline spf 24+++,
5901887034919,1,haircare,argan oil,False,Argan Oil Face Cream,
3600551100722,6,skincare,lait corps,True,Lait corps nutritif,
0850010792156,1,skincare,niacinamide,False,NATURIUM Niacinamide Gel Cream 5%,
20014261,1,haircare,shampoo,True,SHAMPOO GEL AND BUBBLE BATH,
0806360251003,1,skincare,scrub,False,Lotus herbals Apriscrub,
8858994418385,1,makeup,eyeliner,True,Sivanna eyeliner,
8851818183087,1,skincare,shower cream,False,Bioré Moisture SHOWER CREAM,
8851818183193,1,skincare,shower cream,False,Bioré Moisture SHOWER CREAM,
8851818182868,1,skincare,shower cream,False,Bioré SHOWER CREAM,
8710447492178,1,skincare,aloe vera,False,Aloe vera desodorante,
8710447224342,2,haircare,shampoo,True,Shampoo,
8710447304044,2,haircare,conditioner,True,Restoring Ritual Conditioner,
8710447244647,1,skincare,anti-perspirant,False,Anti-perspirant,
8435102552881,1,makeup,nail polish,True,Nail Polish Bordeaux,
8435102551686,1,makeup,nail polish,True,Nail Polish,
8710908769085,1,skincare,body lotion,True,DoveBody Lotion,
4305615683300,1,skincare,aloe vera,False,Hydro Pflege-Gel Aloe Vera,
8719238033286,1,skincare,aloe vera,False,FACE CLEANSING BAR aloe vera,
5000468000074,4,skincare,aloe vera,False,Milde Seife - Aloe Vera,
4058172779077,1,skincare,creme,False,Pflegecreme mit Sheabutter,
8858994430288,1,makeup,mascara,True,Sivanna mascara,
8901030971839,8,skincare,moisturizer,False,vaseline deep moisturizer,
0735745796221,1,skincare,gel douche,True,Gel Douche Metisse FLB,A la bave d'escargot
0735745796207,1,skincare,gel douche,True,Gel Douche Anti Age FLB,"Vitamines A,C et E"
0056719905044,1,skincare,savon,True,Savon Ananas charbon activé,
3596710517169,1,skincare,douche,False,Lait de douche aux extraits de pêche et de lait d'avoine,Lait de douche aux extraits de pêche et de lait d'avoine
3596710524778,1,skincare,douche,False,Recharge lait de douche aux extraits d'amade et de lait d'avoine,Recharge lait de douche aux extraits d'amade et de lait d'avoine
3596710517152,1,skincare,douche,False,Lait de douche aux extraits vanille et de lait d'avoine,Lait de douche aux extraits vanille et de lait d'avoine
3596710524112,4,skincare,masque visage,True,Glow masque visage eclat,Glow masque visage eclat
3596710524051,8,skincare,creme,False,Q10 - recharge creme jour anti-rides,Q10 - recharge creme jour anti-rides
3596710524068,8,skincare,creme,False,Q10 - recharge creme nuit anti-rides,Q10 - recharge creme nuit anti-rides
3596710524075,11,skincare,creme,False,Recharge creme anti-age jour expert duo age,Recharge creme anti-age jour expert duo age
3596710524099,6,makeup,contour,False,Soin contour des yeux expert duo age,Soin contour des yeux expert duo age
3596710524082,11,skincare,creme,False,Recharge creme anti-age nuit expert duoage,Recharge creme anti-age nuit expert duoage
3596710524105,10,skincare,serum,True,Serum expert duo age,Serum expert duo age
3596710524136,11,skincare,creme,False,Creme visage eclat a la vitamine c,Creme visage eclat a la vitamine c
3596710524143,8,skincare,creme,False,Recharge creme visage eclat a la vitamine c,Recharge creme visage eclat a la vitamine c
3596710524396,10,skincare,creme,False,Q10 - creme nuit anti-rides,Q10 - creme nuit anti-rides
3596710524150,9,skincare,serum,True,Serum eclat a la vitamine c,Serum eclat a la vitamine c
3596710524402,19,skincare,creme,False,Creme jour anti-rides au q10,Creme jour anti-rides au q10
3596710524433,10,skincare,creme,False,Creme anti-age jour expert duo age,Creme anti-age jour expert duo age
3596710524440,16,skincare,creme,False,Creme anti-age nuit expert duo age,Creme anti-age nuit expert duo age
3663395018141,1,skincare,crème,False,Crème nuit bebe,
7798111210762,1,skincare,serum,True,Serum humectante Dadatina,
7798111211226,1,skincare,serum,True,REFILL SERUM REPARADOR DADATINA,
0797715211134,1,skincare,serum,True,Serum reparador Dadatina,
03595000,1,skincare,crème,False,Crème intime,
5015833327908,1,skincare,vitamin c,False,Vitamin C superfruits,
4015100336702,1,haircare,shampoo,True,Kosmetik - Haare - Shampoo Syoss Keratin,
7798216220390,1,skincare,serum,True,SERUM FACIAL VEGANIS ACIDO HIALURONICO,
4001638080040,1,skincare,serum,True,WELEDA Serum Reafirmante,
4001638086882,1,skincare,spf,False,Feuchtigkeitspflege,
4001638580250,5,skincare,crème,False,Skin Food Voedende Nachtcrème,
4001638523158,1,skincare,creme,False,gesichtscreme,
4001638096614,3,skincare,crème,False,Weleda Baby calendula gezichtscrème,
6009695583847,1,skincare,body wash,True,gynaeguard body wash,
4743318139630,1,skincare,serum,True,SERUM FACIAL NATURA SIBERICA ILUMINADOR,
4743318140438,1,skincare,serum,True,SERUM FACIAL NATURA SIBERICA CALMANTE,
4743318148083,1,makeup,mascara,True,MASCARA RENOVADORA ANTI-OX SIBERICA,
8901138508159,1,skincare,body lotion,True,Himalaya cocoa butter body lotion,
7790740000332,1,haircare,shampoo,True,Shampoo,
4800888169709,3,haircare,shampoo,True,sunsilk shampoo (g) aloe vera 15ml,
0840821181942,2,haircare,shampoo,True,SHAMPOO,
4066447410822,1,haircare,shampoo,True,Shampoo,
3600523682768,1,haircare,shampoo,True,loreal purple shampoo,
8710908657979,1,haircare,shampoo,True,Baby dove shampoo,
4063367117251,1,haircare,shampoo,True,Kinder Shampoo,
3282779384117,1,haircare,shampoo,True,Shampoo wüstendattel,
0810333028660,1,haircare,shampoo,True,Tea Tree And Rosemary Plant-Based Shampoo,
3574661474915,1,haircare,shampoo,True,Baby Shampoo,
4021457647620,1,haircare,shampoo,True,Shampoo Frische,
4021457646586,1,makeup,eyebrow,True,Eyebrow Powder Duo,
3574661700991,2,skincare,crème,False,Crème de douche et bain,
3574661596105,1,haircare,shampoo,True,shampoo,
3574661561905,2,skincare,gel douche,True,Gel douche extra doux,
5998889516093,1,haircare,shampoo,True,Coconut shampoo,
6009679063617,1,haircare,shampoo,True,Shampoo,
8470001638151,1,skincare,sunscreen,True,Sunscreen,
3560071444112,1,skincare,gel douche,True,gel douche pure 0%,
4005900946195,1,skincare,crème,False,Nivea Crème,
3614222915744,1,makeup,bb cream,True,bb cream,
9555250007312,1,makeup,foundation,True,Silkygirl Skin Perfect Liquid Foundation,
3770023023009,1,skincare,déodorant,False,Déodorant nature,
0649674028219,1,skincare,blemish,False,Ruby kisses No more Blemish,
3701436908348,2,skincare,nettoyant,True,Cleansing foam/Mousse nettoyante,
4015100432275,1,haircare,blonde,False,BLONDE ULTRA AUFHELLER L1++,
0764412204158,4,skincare,douche,False,gel bain et douche,
3660005459660,1,skincare,douche,False,"Noix de coco, bain douche",
3660005766126,1,skincare,crème,False,Crème solaire,
3450601041051,1,skincare,crème,False,Crème douche Peaux sensible,
0070330364370,1,makeup,highlighter,True,Marking highlighter grip,
8901153920226,1,skincare,aloe vera,False,Kara Aloe vera & Cucumber Wipes,
3800225903844,1,skincare,peel,False,Black Mask peel off,
8015150135825,1,skincare,spf,False,Unico Esencia Universal Juventud SPF 15,
0381371157648,1,skincare,face wash,True,Night Relaxing Oil-Free Deep Cleaning Face Wash,
8410412024860,1,skincare,shave,False,After shave gel aloe,
4743318100364,1,skincare,exfoliant,False,Algas organicas y sal marina exfoliante corporal,
8410412503167,1,skincare,aloe vera,False,Gel + champú tonificante aloe vera,
0079400244079,1,skincare,deodorant,True,Deodorant Arctic Edge,
0022796972200,3,haircare,shampoo,True,Coconut miracle shampoo,
0400440600455,1,haircare,curl,False,ondas curly,
0011111611917,1,skincare,sensitive skin,False,dove sensitive skin,
0011111014145,2,skincare,body wash,True,Deep Clean Body Wash,
0079400312792,3,haircare,conditioner,True,Dove Conditioner,
0011111016538,3,skincare,face wash,True,Body+Face Wash,
8961014248890,1,skincare,face wash,True,Acne control face wash,
8992946519338,1,skincare,scrub,False,skin lightening body scrub,
8718951377103,1,haircare,shampoo,True,PALMOLIVE APPLE SHAMPOO,
8718951377073,1,haircare,shampoo,True,PALMOLIVE GREEN TEA SHAMPOO,
3606000559950,1,skincare,cleanser,True,Hyrdrating Cream To Foam Cleanser,
4005800287510,1,skincare,crème,False,Crème mains anti taches anti âge,
4005800151514,1,skincare,shaving,True,shaving cream,
4063528071545,2,haircare,shampoo,True,Foamie BHA Scalp Shampoo,
20179007,1,skincare,hand cream,True,Cien Hand Cream,
3660005404196,3,skincare,pore,False,Lait corporel,
5060144648754,1,haircare,shampoo,True,Original Shampoo,
5060144645562,1,skincare,razor,False,Original bamboo razor Set,
5060144646125,1,skincare,scrub,False,Energising Face Scrub,
5060144646224,1,skincare,shower gel,True,Shower gel,
5060144645135,1,skincare,scrub,False,Face scrub,
5060144647733,1,skincare,deodorant,True,Vetivier & Black Pepper Deodorant,
5060144644008,1,skincare,face wash,True,Oil Control Face Wash,
5060144643865,1,skincare,shave,False,Sensitive Shave Cream,
5060144646217,1,skincare,shower gel,True,Shower Gel,
5060144646989,1,skincare,shave,False,Original Shave Duo Set,
5060144642240,1,skincare,face wash,True,Original Face Wash,
8430055001844,1,haircare,cheveux,False,soins pour cheveux,
3600551009179,1,skincare,crème,False,la crème de jouvence,
03405632,1,skincare,crème,False,la crème de jouvence,
8852788061467,1,skincare,hand cream,True,Hand Cream,
3760325100072,1,skincare,crème,False,Crème de soin été indien,
7613379432858,1,haircare,shampoo,True,Shampoo Conditioner,
8906005274106,2,skincare,cleanser,True,Gentle Skin Cleanser,
8906005274137,1,skincare,moisturising,False,Moisturising Lotion,
3700194708573,1,haircare,shampoo,True,Shampoo,
7624841027816,1,skincare,creme,False,Handseife creme,
4005808123834,3,skincare,crème,False,NIVEA Crème soft douchecrème,Voor een zachte huid was je jezelf met Nivea Creme Soft Douchecrème. De hydraterende douchecrème is verrijkt met amandeloliën en verandert in een verzorgend romig schuim.
7624841023917,1,skincare,creme,False,Cremedusche,
7640108106292,1,skincare,creme,False,Sonnencreme,
8886467020124,4,skincare,body cream,True,Nourishing body cream,
3616826026086,2,skincare,creme mains,True,creme mains,
3560071276911,2,haircare,cheveux,False,Huile lavante 2 in 1,Huile lavante 2 en 1 corps et cheveux
3596710516971,4,skincare,gel douche,True,gel douche mure grenade,Gel douche parfum mûre et grenade
3596710516964,9,skincare,gel douche,True,Gel douche parfum mûre et grenade,Gel douche parfum mûre et grenade
3596710516940,1,skincare,gel douche,True,Gel douche parfum marshmallow,Gel douche parfum marshmallow
3596710517015,4,skincare,gel douche,True,Gel douche parfum olive,Gel douche parfum olive
3596710516926,5,skincare,gel douche,True,Nutri gel douche soin,Nutri gel douche soin
3596710517039,6,skincare,shower gel,True,Shower gel tropical,Shower gel tropical
3596710517008,1,skincare,gel douche,True,Gel douche oriental,Gel douche oriental
3596710517046,5,skincare,gel douche,True,Gel douche comcombre et aloe vera,Gel douche comcombre et aloe vera
3596710516995,5,skincare,gel douche,True,Gel douche oriental,Gel douche oriental
3596710517183,10,haircare,shampoo,True,SHAMPOOING et DOUCHE AU SEL MARIN,SHAMPOOING et DOUCHE AU SEL MARIN
3596710517213,4,skincare,gel douche,True,Cosmia shampoing et gel douche 2 en 1 monoi 750 ml,Cosmia shampoing et gel douche 2 en 1 monoi 750 ml
3596710517190,4,skincare,gel douche,True,shampooing et Gel douche sel marin,SHAMPOOING et DOUCHE AU SEL MARIN
3596710517220,5,skincare,shower gel,True,Shampoo and shower gel monoï,Shampoo and shower gel monoï
3596710517343,8,skincare,gel douche,True,Shampoing et gel douche power,Shampoing et gel douche power
3337875787222,1,haircare,shampoo,True,PSOlution Kerato-reducing treating shampoo,Shampooing traitant kératoreducteur hypoallergénique
3770005798031,3,skincare,savon,True,Savon surgras Le Gecko Romarin & Citron,
4059729341556,2,makeup,lash,False,Lash Princess Liner black waterproof,Eye liner
6920523508026,1,makeup,eyebrow,True,BB Eyebrow,
8830000025466,1,makeup,mascara,True,Hearty heart mascara,
8858910617441,1,makeup,mascara,True,ODBO mascara,
8830000024230,1,makeup,eyebrow,True,Hearty heart eyebrow,
8433295062576,1,skincare,serum,True,Serum capilar,
8433295048280,2,haircare,keratin,False,Keratina,
3760123181044,1,skincare,crème,False,crème réparatrice,
4001638502481,1,skincare,serum,True,WELEDA Serum Redensificante Antiedad,
8471210090013,1,skincare,exfoliant,False,Exfoliante Organico,
8471210090167,1,skincare,peel,False,Mascarilla Peeling Facial,
5903991430854,1,skincare,serum,True,Serum Cara y Manos EDOA,
8904263800105,1,skincare,lip balm,True,Lip Balm,
8058180746876,1,skincare,aloe vera,False,Camomilla e Aloe Vera,
8941102310159,3,skincare,aloe vera,False,Surf excel with ALOE VERA,Detergent
3450601036552,3,skincare,lait corps,True,Lait corps nourrissant à l'huile de coco & beurre de mangue,
0840797157613,1,skincare,deodorant,True,Hey Humans Cucumber Kiwi Deodorant,
4005900370983,1,skincare,deodorant,True,Nivea Black & White Invisible Fresh Antiperspirant Deodorant 250mL,
4311501666203,1,skincare,deodorant,True,Fresh Deodorant,
3506770032007,1,skincare,déodorant,False,Déodorant lovea monoï,
0035000968425,1,skincare,deodorant,True,toms deodorant,
8720181292118,1,skincare,deodorant,True,gofresh Deodorant,
96137130,1,skincare,deodorant,True,Dove Go Fresh Deodorant,
4058172453687,1,skincare,deodorant,True,deodorant,
8720181192043,1,skincare,deodorant,True,Deodorant,
87342512,1,skincare,deodorant,True,Roll On Deodorant,
8710847909542,1,skincare,deodorant,True,Deodorant bodyspray 150ml Fresh skateboard.,
3607343211413,3,skincare,deodorant,True,Deodorant cream,
6130353000793,1,skincare,déodorant,False,Touareg déodorant,
0079400433879,2,skincare,deodorant,True,Deodorant night,
96009598,1,skincare,deodorant,True,Deodorant,
0023400076864,1,skincare,deodorant,True,anti-perspirant & Deodorant,
0856650006172,1,skincare,deodorant,True,The healthy deodorant,
0812154032130,1,skincare,deodorant,True,Vanilla & Chai Deodorant,
5012008667203,1,skincare,deodorant,True,Dry Deodorant,
42348634,1,skincare,deodorant,True,Deodorant Fresh,
18863341,1,skincare,deodorant,True,Tom's deodorant,
0731177812102,1,skincare,deodorant,True,Natural Deodorant,
0196566140004,1,skincare,deodorant,True,deodorant,
0017000211299,1,skincare,deodorant,True,Sport Fresh Deodorant,
06112714,1,skincare,deodorant,True,secret deodorant,
0850696008923,1,skincare,deodorant,True,Unscented planet-base deodorant baking soda free aloe vera gel glide + calendula infused,
0077326665251,1,skincare,deodorant,True,Tom's of Maine natural deodorant,
8717163640937,1,skincare,deodorant,True,Deodorant and Bodyspray,
05877100,1,skincare,deodorant,True,Speed Stick Fresh Deodorant,
50574483,1,skincare,deodorant,True,Deodorant,
5205962004096,1,skincare,deodorant,True,GARDEN MEN anti-perspirant deodorant,
0079400013439,1,skincare,deodorant,True,Deodorant,
0079400451743,1,skincare,deodorant,True,Deodorant Cool Rush,
0309975122299,1,skincare,deodorant,True,Men Mitchum 48hr sport deodorant,
0079400013422,1,skincare,deodorant,True,Deodorant Intense Sport,
0309975122091,1,skincare,deodorant,True,Roll-on Antiperspirant and Deodorant,
0079400026743,1,skincare,deodorant,True,Deodorant Cool Impact,
0079400507402,2,skincare,deodorant,True,dove sensitive deodorant,
0813424021168,1,skincare,deodorant,True,Deodorant,
0011111353404,1,skincare,sensitive skin,False,sensitive skin,
0079400725080,1,haircare,shampoo,True,daily moisture shampoo,
0035000996626,1,skincare,mist,False,aloe mist,
0035000993618,1,skincare,scrub,False,active scrub,
0030772062852,1,haircare,scalp,False,itchy scalp care,
0071249665671,1,haircare,shampoo,True,72h hydrating shampoo,
0071249666203,1,haircare,shampoo,True,72h hydrating shampoo,
0079400118028,1,skincare,deodorant,True,Antiperspirant deodorant,
0839294000119,1,skincare,aloe vera,False,PERCARA ALOE VERA,
8901088209885,1,skincare,aloe vera,False,Aloe vera,
8606029269965,1,haircare,panthenol,False,VELNEA FACE CREAM 50ml e 24hCAre & shea butter with panthenol,
59095538,2,skincare,anti-perspirant,False,Rexona Advanced Protection Bright Bouquet 0% alcohol anti-perspirant anti-traspirant,
3600524075712,1,skincare,serum,True,Power Age Serum,
3600521055816,1,skincare,crème,False,L'Oréal Paris Men Expert Hydra Energetic Comfort Max Hydraterende Gezichtscrème,Hydrateer en verzorg je huid met L'Oréal Paris Men Expert Hydra Energetic Comfort Max Intensief Hydraterende Gezichtscrème. Geschikt voor de droge en gevoelige huid.
3600542461313,2,skincare,creme,False,"Sanfte Hafermilch, Reiscreme & Bio-Hafermilch, beruhigende Spülung",
3600530746507,1,makeup,foundation,True,Fit me foundation,
3600542227360,2,skincare,deodorant,True,Mineral protection,Deodorant
3600542050579,1,skincare,toner,True,Rose soothing toner,
3600531401870,1,makeup,foundation,True,SuperStay foundation,
3600542359146,2,haircare,hair mask,True,"Garnier - Ultra Doux Honey Treasure Hair Mask, 320ml (11.3oz)",
3600542231572,1,haircare,hair mask,True,Hair food - 3 in 1 hair mask,
3600542133487,1,haircare,conditioner,True,Ultimate blends conditioner,
3600542133678,1,haircare,conditioner,True,Ultimate Blends Conditioner,
3600550972177,1,skincare,hydratant,False,La crème radieuse hydratante,
3600542184809,1,skincare,hydrating,False,Hydrating mist,
3600551039435,1,skincare,crème,False,La crème rose de jouvence,
3600551045702,2,skincare,anti-âge,False,Soin biovital anti-âge,
3600542326698,2,skincare,micellar,True,Micellar Cleansing water,
3600542342650,1,haircare,conditioner,True,Repairing Hair Food Papaya And Coconut conditioner,
3661434005534,1,skincare,spf,False,Hyséac 3-REGUL SPF30,
8720181336034,1,skincare,shower gel,True,Radom Feel Awake Shower Gel,
3662217006182,1,skincare,masque visage,True,Masque visage purifiant,
9100000706924,1,skincare,creme,False,Zahncreme,
8712561405737,1,haircare,shampoo,True,Baby shampoo,
4056489688082,1,haircare,shampoo,True,Anti schuppen Shampoo,
4066447379174,3,skincare,hand lotion,False,hand lotion,
3662361003198,2,skincare,spf,False,Lait sun secure spf 50,
6291060704067,1,haircare,hair oil,True,Dabur Vatika hair oil 300ml,
3350900001360,1,makeup,mascara,True,mascara sourcil volumateur,
3770011315048,2,skincare,booster,True,SKIN BOOSTER,
3263855630397,3,haircare,shampoo,True,Shampooing Antipelliculaire,
3263854182415,1,skincare,crème,False,Crème lavante,
3401329447748,1,skincare,essence,True,Hydrabio essence lotion,
4066447376715,1,haircare,hairspray,True,Balea Hairspray Gloss & Shine,
4066447241198,2,haircare,hair oil,True,Balea Professional Lock Hair Oil,
5410091727734,1,skincare,shower gel,True,Fa Shower gel cream & oil silk magnolia,
3284410031077,1,haircare,shampoo,True,Shampooing Soin Douceur - Miel de Fleurs & Fleurs d'Oranger,
0792850025004,1,skincare,lip balm,True,Coconut & Pear Moisturizing Lip Balm,
0681131249140,1,skincare,pore,False,Deep Cleansing Pore Strips,
0099482503178,3,haircare,shampoo,True,Volume & Thickness shampoo,
0071249406922,5,haircare,conditioner,True,bond repair Conditioner,
3564700718469,2,haircare,shampoo,True,shampooing extra-doux,
5430000060226,4,haircare,keratin,False,premium keratin caviar,
0526990008548,1,haircare,cheveux,False,Le petit olivier baume cheveux,
8851445945195,2,skincare,moisturizer,False,Coconut Lip Moisturizer,
2099970145833,3,haircare,shampoo,True,Bella Beauty DAMAGED HAIR SHAMPOO PROFESSIONNAL PERFORMANCE,
3760211483289,2,skincare,crème,False,Crème corps scintillante,
3600542527118,3,haircare,shampoo,True,Ultra doux shampooing reconstituant Trésors de miel,
3549169165382,1,skincare,savon,True,Savon vaisselle fleur d'oranger,
5391510478737,1,skincare,cleanser,True,2 in 1 Cleanser + Toner,
3178041360951,1,haircare,shampoo,True,Après-shampooing à l'huile d'argan,Après-shampooing nourrissant et adoucissant
3593910101013,1,skincare,crème,False,crème de beauté jour,
3474630620926,1,haircare,shampoo,True,Smoothproof Shampoo Kamelie,Shampoo
4021457645039,1,skincare,crème,False,crème Mains,
3616302498567,1,skincare,shower gel,True,Shower Gel,Duschbad
8032274060734,1,haircare,shampoo,True,Normalizing Daily Shampoo,
3474637103545,1,haircare,conditioner,True,Strength Recovery Conditioning Cream,Conditioner
3474637103576,1,haircare,shampoo,True,Strength Recovery Shampoo,
42424536,1,skincare,peel,False,Creme Öl Peeling Traubenkern-Öl & Meersalz,
0840797146303,2,skincare,hydrating,False,Hydrating Overnight Mask,
8719033561571,1,skincare,hand soap,True,Believe in Happy Hand Soap,
4005900679178,1,skincare,deodorant,True,Fresh Comfort,Deodorant
8032274060871,2,haircare,pomade,True,No. 302 Clay Pomade,Haarwachs
96081754,1,skincare,deodorant,True,Dove,Deodorant
4058172181559,3,skincare,shave,False,Fresh After Shave,
3760324842034,1,skincare,déodorant,False,Déodorant solide en stick parfum citron,
3760033480947,2,skincare,déodorant,False,déodorant baume,
3600542011044,1,skincare,micellar,True,garnier micellar gel,
3760100683097,1,haircare,masque cheveux,True,masque cheveux,
4043662190166,1,skincare,serum,True,Beauty Glam Clear Skin Serum,
3450601040238,4,skincare,déodorant,False,Déodorant Bois de cèdre,
3520839340049,1,skincare,visage,False,eau miscellaire visage & yeux,
8006540422083,1,skincare,essence,True,Herbal Essences,
3700147214076,1,haircare,cheveux,False,Shampoing cheveux secs,
3700147200062,1,haircare,cheveux,False,Shampoing cheveux normaux,
3700147214083,1,haircare,cheveux,False,Shampoing cheveux gras,
80000000256654,1,skincare,sheet mask,True,sheet mask,
4262437030043,2,skincare,creme,False,Alles Routine nachhaltige Sonnencreme,
4088700175873,3,skincare,collagen,False,collagen code,
0071164301111,1,haircare,shampoo,True,Tea Tree Shampoo,
3600542565639,1,skincare,spf,False,AMBRE SOLAIRE Hydra 24H Sonnenschutz-Spray (SPF 30),Sonnencreme
3760162122114,1,skincare,gel douche,True,Gel douche surgras,
4066447377309,1,skincare,creme,False,Balea Pflegecreme mit magisch-verwunschenem Duft,
4066447382341,1,skincare,vitamin c,False,Vitamin C Maske,
3283950924344,1,haircare,shampoo,True,Kids - Shampooing douche 2 en 1,
8809563103072,1,skincare,centella,False,Wonder releaf centella daily sun lotion,
0687735304483,5,skincare,collagen,False,Vegan Collagen Overnight Recovery Cream,
30149397,1,makeup,top coat,False,Nagelgel top coat,
3337875829007,6,skincare,serum,True,CeraVe Retinol Serum Tegen Post-Acne Vlekjes,
4005900917706,1,haircare,shampoo,True,Nivea Anti Schuppen Shampoo,
4005808247431,1,skincare,body lotion,True,NIVEA BODY LOTION 5in1,
4005808475018,2,skincare,spf,False,Kids ultra protect and play spf 50,
4005808588701,1,skincare,shaving,True,Shaving cream sensitive,
4005808685844,1,skincare,body cream,True,NIVEA MEN BODY CREAM,
4005808713059,1,skincare,body lotion,True,Nivea Body Lotion Cocoa Butter 625 ml,
4005808713257,1,skincare,serum,True,Extra White Body Serum Care & Protect,
4005808776269,1,skincare,body lotion,True,NIVEA MEN BODY LOTION,
4005808899296,3,skincare,crème,False,NIVEA Crème Care Douchecrème,Verwen je huid met de verzorgende en hydraterende Nivea Creme Care Douchecrème. Deze douchecrème bevat verzorgende oliën en pro-vitamine en laat je huid heerlijk zacht en soepel aanvoelen.
3760375980006,1,skincare,squalane,False,SQUALANE,
8720181157110,3,skincare,serum,True,Vitamins C+E+F booster serum,
4001499943973,1,skincare,shower gel,True,Frosch Senses Aloe Vera Sensitive Shower Gel,Shower Gel with Aloe Vera
8002410045321,1,skincare,moisturizing,False,Moisturizing Duschcreme,Duschcreme
4005900022639,1,skincare,body lotion,True,Nivea men revitalizing body lotion,
6001051003129,1,skincare,body lotion,True,NIVEA MEN BODY LOTION,
4005900378187,1,skincare,body cream,True,"Nivea body cream, Express hydration",
4005900629937,1,skincare,body lotion,True,Body lotion,
4005900883896,1,makeup,luminous,False,Luminous glow night cream,
4005900929044,1,skincare,serum,True,Clear up daily serum,
8850029036359,1,makeup,luminous,False,nivea luminous,
42439233,1,skincare,antiperspirant,True,"NIVEA Antiperspirant Deo Roll-on Joy of Life with roses & lilies fragrance, 50 ml",
42299837,2,skincare,deodorant,True,"Nivea for Men Cool Kick Anti-Transpirant Deodorant ROLL-ON, 50 ML",
0059323082101,2,skincare,hand cream,True,kamil hand cream,
2000228623058,1,skincare,hand cream,True,hand cream,
0460006013037,1,skincare,body cream,True,Trader Joe's Hand & Body Cream,
0840044700319,1,skincare,hand cream,True,EOS Shea Better hand cream,
3574661750521,3,skincare,spf,False,Neutrogena Gesichtspflege,
3574661022550,1,skincare,creme,False,Fußcreme mit Nordic Berry,
3574661593807,2,skincare,spf,False,Bright Boost SPF 30,
3574661332505,1,skincare,scrub,False,Clear & defend face scrub,
0070501194928,1,skincare,cleanser,True,Neutrogena ultra gentle daily cleanser with pro vitamin B5,
3574661199894,1,skincare,hand cream,True,Visibly renew Hand Cream,
3574661288345,1,skincare,cleanser,True,Hydro Boost Cleanser Water Gel,
3574661292014,1,skincare,cleanser,True,Hydro Boost Cleanser,
0070501051054,2,makeup,makeup remover,True,Makeup Remover Cleansing Towelettes & Face Wipes,
9311679293268,1,skincare,lip balm,True,Acai Berry Lip Balm,
5060391841410,1,skincare,lip balm,True,Dr organic khemp oil lip balm,
0190430023998,1,skincare,lip balm,True,swedish fish flavored lip balm,
0792850140998,3,skincare,lip balm,True,BEESWAX LIP BALM,
8588006036978,2,skincare,lip balm,True,"Lip balm, honey and vanilla",
0725364630464,1,skincare,lip balm,True,Lip Balm,
0857866007151,1,skincare,lip balm,True,Unscented Lip Balm,
4005900886651,5,makeup,luminous,False,luminous anti dark spot night cream,
4894532928200,1,skincare,scrub,False,Papaya Milk Scented Cream Body Scrub,
3517360019711,2,skincare,lait corps,True,Lait corps surgras karité bio,
3700599202041,1,skincare,savon,True,Savon surgras douceur,
8710276400320,2,skincare,crème,False,Crème de jour,Deze hydraterende dagcrème verzorgt en verzacht je huid de hele dag. Dermolin Hydraterend Dagcrème is speciaal ontwikkeld voor de gevoelige huid.
8006540446485,1,skincare,serum,True,Face serum luminous cica promo,
0009531112855,1,skincare,serum,True,super skinny serum,
0011111125186,1,skincare,body wash,True,body wash,
0019962085215,1,skincare,deodorant,True,Ylang-Ylang + Calendula Deodorant naturel,
0022400393681,1,haircare,shampoo,True,tresemme shampoo,
0022796918864,1,haircare,keratin,False,brazilian keratin therapy,
0022796936110,1,haircare,shampoo,True,Argan Oil Shampoo,
0037000733331,1,haircare,shampoo,True,head and shoulder's shampoo,
0037000748366,1,skincare,savon,True,Savon a veisselle,
0037000878100,1,skincare,savon,True,Savon Dawn Platinum,
0037836092787,1,skincare,hand cream,True,hand cream,
0041260010781,1,makeup,nail polish,True,Nail Polish Remover,
0047400130715,3,skincare,shave,False,Gillete's Series Shave Gel,
0054402510537,2,skincare,sunscreen,True,Australian gold sunscreen,
0055086002516,1,skincare,bar soap,True,Dignity Bar Soap,
0055451001021,2,haircare,shampoo,True,Tresemme Shampoo,
00590471,1,skincare,body wash,True,citrus body wash,
0065743322048,1,haircare,shampoo,True,Live clean healthy scalp shampoo,
0070018112620,2,haircare,shampoo,True,nioxin shampoo,
0072151169523,1,skincare,toning,True,toning body lotion,
0075724251991,2,haircare,shampoo,True,Argan oil shampoo,
0079400052483,2,haircare,shampoo,True,dove daily moisture shampoo,
0079400588524,1,haircare,shampoo,True,sauve shampoo,
0079400599384,1,skincare,antiperspirant,True,Dry spray antiperspirant,
0079400720115,1,haircare,conditioner,True,dove conditioner,
0080878040315,1,haircare,shampoo,True,smoothing shampoo,
0099482444389,1,skincare,vitamin c,False,Effervescent Vitamin C Fizzy Drink Mix,
01277528,1,haircare,shampoo,True,shampooing nutrition légère,
01627787,2,haircare,conditioner,True,Palmer's Olive Oil Formula Deep Conditioner,
0190679000064,1,skincare,essence,True,Shampoo herbal essences,
0190679004772,1,haircare,conditioner,True,Hello Hydration Conditioner,
0190679004956,1,haircare,shampoo,True,shampoo,
0381370036579,2,skincare,hand cream,True,Aveeno skin relief hand cream,
0381371161362,1,skincare,cleanser,True,Clean and Clear Day/Night Cleanser,
0381519186462,1,haircare,shampoo,True,aussie shampoo,
04467052,1,haircare,hair gel,True,Hair gel GUMMY Spiky,
0603084491865,1,haircare,shampoo,True,Garnier Fructis Shampoo,
0603084547456,1,haircare,shampoo,True,Garnier Fructis Shampoo Grow Strong,
0603084559602,1,haircare,curl,False,garnier curl treat,
0603084573776,1,skincare,hydrating,False,garnier hydrating treat mask,
0615908427004,1,haircare,shampoo,True,Fashionista shampoo,
0659436279636,1,skincare,creme,False,Deocreme - Waldnebel,
0667542532217,1,skincare,body lotion,True,Bath and Body Works Sugar Plum Swirl Body Lotion,
0667549315554,1,skincare,shower gel,True,gingham shower gel,
0667549315578,1,skincare,body cream,True,gingham bath ultra shea body cream,
0667549315592,1,skincare,mist,False,gingham fragrance mist,
0667552822094,1,skincare,hand cream,True,hand cream bbw,
0676280044999,1,skincare,creme,False,beaches and creme black,
0681131050937,1,skincare,body wash,True,equate body wash,
0685428010697,1,haircare,hair gel,True,Bumble and Bumble hair gel,
0708783603622,1,skincare,savon,True,Persavon,
0717897059515,2,makeup,eye shadow,True,Utla River North Eye Shadow,
0752754015242,1,skincare,mousse a raser,True,mousse a raser,
0792850069992,1,skincare,foot cream,False,Burt's bees coconut foot cream with vitamin E,
0792850155008,1,skincare,lip balm,True,Bert's Bees Beeswax Lip Balm,
0800897835439,2,makeup,blush,True,High definition blush - Intuition,
0808124700468,2,skincare,hand soap,True,meyers hand soap,
0811068015994,1,skincare,body lotion,True,Dr. teals body lotion. coconut oil,
0812729005019,1,haircare,shampoo,True,shampoo,
0814513023865,1,haircare,conditioner,True,viral colorconditioner,
0814591013185,1,haircare,curl,False,ouidad vitacurl gel,
0817939005187,2,skincare,hand soap,True,Method Green tea and Aloe hand soap,
08137395,1,haircare,conditioner,True,Smoothing Deep Conditioner,
0820645226067,2,haircare,shampoo,True,Black Vanilla Moisture & Shine Sulfate Free Shampoo for Dry Hair,
0827553100052,1,skincare,hand cream,True,Hand Cream collection,
0827755090953,1,haircare,wave,False,Blue Wave,Anti-perspirant+Deodorant
0832630000057,1,skincare,nettoyant,True,Lait nettoyant,
0850426006083,3,haircare,shampoo,True,Dry shampoo,
0878639000117,1,skincare,bar soap,True,Every Man Jack Bar Soap,
0883484333532,1,haircare,shampoo,True,pert shampoo,
0884486225672,1,haircare,shampoo,True,matrix shampoo,
0884486331199,1,skincare,face wash,True,Daily face wash,
0895697002075,1,skincare,hand soap,True,Raw Sugar Hand Soap,
0895697004833,1,skincare,body cream,True,bolero Beverly hills moisturizing body cream,
09497696,1,haircare,shampoo,True,shampoo,
13436094,1,skincare,hand soap,True,Care Cream hand soap,
29023172,1,haircare,shampoo,True,Shampoo 2 in 1,
3045204808677,3,skincare,crème,False,crème solaire visage 50+,
3140100251203,1,haircare,shampoo,True,SHAMPOOING GRIS ECLATANT DEJAUNISSANT,
3140100355628,1,haircare,shampoo,True,Shampooing anti chute,
3140100405101,1,skincare,gel douche,True,Gel douche hydratant,
3222477321557,1,skincare,savon,True,savon de Marseille,
3250391571673,2,skincare,lait corps,True,Lait corps nourrissant peau sèche à très sèche,
3256226507121,1,skincare,déodorant,False,Déodorants,
3263855723617,1,skincare,crème,False,crème soins actif,
3263855884493,1,skincare,déodorant,False,déodorant homme 👨,
3264680023576,2,skincare,douche,False,gelée de douche parfumée,
3323030000619,1,makeup,mascara,True,triple action black mascara,
3337875583657,1,skincare,serum,True,Hyalu B5 serum,
3346029200296,1,skincare,savon,True,pain dermatologique sans savon,
3350033673564,1,skincare,crème,False,la crème de jour qui hydrate,
3466762418915,1,skincare,serum,True,Serum anti âge,
3504105035969,1,skincare,crème,False,Crème visage bébé Mustela,
3520710010023,2,skincare,déodorant,False,Maissa déodorant,
3529311212201,1,skincare,nettoyant,True,Gel moussant nettoyant mains,
3538396131406,2,skincare,gel douche,True,Gel douche haute tolérance mélisse bio,
3538396150506,2,haircare,shampoo,True,shampooing,
3560071014841,1,skincare,gel douche,True,Gel douche - Ylang-Ylang,
3574661385419,1,skincare,crème,False,Crème extra douce pêche blanche,
3574661549699,1,skincare,gel douche,True,Gel douche Le Petit Marseillais lait,
3596710329830,1,skincare,crème,False,Crème pour les mains,
3600523310500,1,haircare,volume,False,volume millions de cils,
3600523823680,1,haircare,shampoo,True,Shampoo reconstruir dream long elvive,
3600541938519,1,skincare,micellar,True,Micellar Cleansing Water,
3600542048699,1,skincare,cleanser,True,Garnier green tea face cleanser,
3600542298346,1,makeup,bronzer,True,Delial natural bronzer,
3600551054322,1,skincare,crème,False,Cadum crème douche,
3600551103693,3,haircare,shampoo,True,le shampooing très doux,
3607349316723,1,makeup,eyeliner,True,Manhattan Eyemazing Eyeliner,
3614222812982,1,skincare,shower gel,True,HAIR & BODY SHOWER GEL,
3661985083357,1,skincare,savon,True,Savon de Marseille,
3701063808523,1,haircare,cheveux,False,Cheveux et ongles,
3701129801048,1,skincare,spf,False,Photoderm bronz spf 50+,
3701429804077,2,skincare,crème,False,crème solaire - haute protection visage - corps,
3760026040110,1,skincare,savon,True,savon naturel à l’huile d’olive vierge extra de Balagne,
3760041751343,1,skincare,scrub,False,Scrub lavant,
3760269130074,1,skincare,savon,True,Savon de soin lait d'ânesse,
3760311950704,1,skincare,gel douche,True,Gel douche lavande,
3770003173021,1,skincare,nettoyant,True,Lait nettoyant,
4001638501989,1,skincare,lip balm,True,weleda skin food lip balm,
4002554155324,1,makeup,eyeliner,True,Manhattan Eyeliner Original Japanese Ink black,
4005808700110,1,skincare,face mask,True,Nivea face mask,
4005900510006,1,skincare,deodorant,True,nivea deodorant,
4005900645814,2,skincare,hand cream,True,nivea hand cream 3 in 1 repaircare,
4005900787897,1,skincare,aloe vera,False,Locion corporal de Aloe vera NIVEA,
4008233145853,1,skincare,creme,False,Kneipp Cremebad winter edition,
4008666218384,2,haircare,shampoo,True,shampoo,
4010355306456,1,haircare,shampoo,True,alverde coffein shampoo,
4025089071143,1,makeup,eyeliner,True,Eyeliner pencil No. 00 white,
4744183010222,1,skincare,hand cream,True,Oblekpikha Hand Cream,
5012583206897,1,skincare,booster,True,staybright colour booster,
5033102880107,1,haircare,scalp,False,Scalp relief,
5060082259197,1,skincare,hand cream,True,Hand Cream,
5060120165282,1,haircare,shampoo,True,argan oil travel size shampoo,
5060176671140,1,haircare,conditioner,True,dr organic organic Aloa Vera Conditioner,
5280134963012,1,skincare,body wash,True,Lighten up Anti-Aging shea buttter Body wash,
5601227036954,1,haircare,shampoo,True,Shampoo camomila,
5765228836149,1,haircare,hair oil,True,Hair oil coconut,
5765228837443,1,haircare,shampoo,True,shampoo camomile Urtekram,
6001051003723,1,skincare,body lotion,True,Nivea body Lotion,
6281006422100,3,haircare,shampoo,True,shampoo,
6291012887435,1,haircare,argan oil,False,Argan oil & olive oil lotion,
7500435158015,2,haircare,shampoo,True,shampoo shampoo,
7506306311145,1,haircare,shampoo,True,shampoo coco,
7506339351316,1,haircare,shampoo,True,Summer Edition restauración shampoo,
7649995614026,2,skincare,crème,False,crème de jour a huile de chanvre,
7702111506893,1,haircare,shampoo,True,Shampooing,
7703582386618,1,haircare,shampoo,True,shampoo nutritivo,
7794740091307,1,skincare,aloe vera,False,crema corporal con castana de indias te verde y aloe vera,
7891150042261,1,haircare,shampoo,True,suave shampoo,
7896048606938,1,skincare,creme,False,creme de ureia needs,
8001841289007,1,haircare,shampoo,True,Shampoo,
8001841501871,1,skincare,essence,True,Herbal Essence pure Potent Aloe Bamboo,
8433295048273,1,haircare,keratin,False,Mascarilla keratina,
8436576506615,1,skincare,face mask,True,hemp face mask idc institute,
8480000442536,1,haircare,shampoo,True,shampoo color intense,
8480017096258,1,haircare,shampoo,True,shampoo pH neutro,
8480017166487,1,haircare,shampoo,True,BONTE shampoo oliva cabello muy seco,
8690131106591,1,haircare,shampoo,True,Tea Tree Shampoo,
8696630139306,1,makeup,mascara,True,Mascara,
8710400442745,1,skincare,creme,False,Hand Creme,
8710447349915,1,skincare,anti-transpirant,False,REXONA Men Anti-Transpirant Cobalt Dry Bille Lot 2x50ml,Déodorant Homme Bille Anti Transpir
8712561315975,2,skincare,deodorant,True,Deodorant,
8712561484398,5,skincare,body lotion,True,Vaseline Essential Healing Body Lotion,Vaseline Essential Healing Bodylotion voedt de droge en gevoelige huid zeer intensief. Hierdoor is je huid tot wel 3 weken lang beschermd en hersteld. Bovendien verstevigt de crème de huid en laat deze er gezond uitzien.
8713921000104,1,skincare,crème,False,handcrème,
8714100016800,1,skincare,gel douche,True,Axe gd 250ml you ref twin,Gel Douche Homme
8718692103955,1,skincare,toner,True,hyalunoic toner hyaluron toner,
8718951321588,1,skincare,déodorant,False,déodorant nature protect,
8719134011661,1,skincare,anti-aging,False,namast� flow anti-aging,
8719179478221,2,makeup,eyeshadow,True,eyeshadow Nights like this,
8720254337098,1,haircare,shampoo,True,Green soap 2 in 1 shampoo,
8720289263720,1,skincare,creme,False,Creme de main,
8806179484687,1,makeup,blush,True,Blush,
8809581079946,1,skincare,cleanser,True,UQINU HOMME DERMA ACNE CLEANSER,
8906064450206,1,haircare,shampoo,True,shampoo,
9421008705604,1,skincare,deodorant,True,asano deodorant,
9789025753856,1,makeup,lash,False,Raller Lash,
8718375522622,1,skincare,serum,True,Moroccan Argan Oil Hair Serum,
11214991,1,skincare,savon,True,Savon D'ALEP,
4005808817405,2,skincare,shaving,True,Nivea Men Shaving Gel,
4005808817726,3,skincare,shaving,True,Nivea shaving cream,
4005808836178,2,skincare,face wash,True,face wash,
30049086,2,haircare,shampoo,True,"Head-to-toe, wash & shampoo",
3600551039848,1,haircare,cheveux,False,Bébé - Gel lavant corps et cheveux,
3700601100631,5,skincare,savon,True,savon d'Alep,
7804907924727,1,haircare,frizz,False,oleo antifrizz con aceite de argan 100% organico,
07173554,1,skincare,douche,False,Bain Douche Parfumé,
8436556086366,1,haircare,shampoo,True,Shampoo,
3600551154947,2,skincare,anti-transpirant,False,Anti-transpirant 48h,Déodorant
3600542376297,1,haircare,shampoo,True,Recharge shampooing ultra doux trésor de miel,Shampooing
5712874642297,1,skincare,aloe vera,False,Duschcreme Aloe Vera & Limette,
7340160902756,1,skincare,spf,False,Day Gel Cream SPF 15,
5201100629626,6,skincare,anti-age,False,Garnier solar ambre anti-age super UV,
8809598454354,1,skincare,soothing,False,Aloe Soothing Sun Cream,
6975959830111,1,skincare,soothing,False,aloe soothing & hydating scale,
20299989,1,skincare,spf,False,Mattifying Sun Lotion SPF 30,Solkräm med mattande effekt SPF 30
5410076896301,2,skincare,essence,True,Herbal Essences bee strong shampoo,
5410076230280,1,haircare,shampoo,True,Shampoo - Gunther,
42417309,3,skincare,creme,False,Hand Creme,
4005900447258,1,skincare,body oil,True,NIVEA BODY OIL IN LOTION Rose LOTION,
4005900909466,1,haircare,shampoo,True,Anti Fett Shampoo,
42204244,2,skincare,creme,False,creme,
4005900818119,2,skincare,face wash,True,face wash,
4056489827153,1,skincare,creme,False,Cremedusche Sensitiv,
8002410022421,1,skincare,spf,False,Burrocacao Latte Solare. Pelli delicate. 30 SPF,
42420729,1,skincare,creme,False,Pflege Creme,
3574661606040,1,skincare,creme,False,Wundschutzcreme,
8001841768946,1,skincare,essence,True,Herbal essences,
8001841659510,1,haircare,hair mask,True,BEAR FRUIT STRAWBERRY HAIR MASK,
8001090326430,1,skincare,essence,True,Herbal essence mask,
3245678044483,5,skincare,gel douche,True,Gel douche et bain lait hydratant à la fleur de coton,Gel douche et bain lait hydratant à la fleur de coton
3245678599662,3,skincare,nettoyant,True,Gel nettoyant visage,Gel nettoyant visage
3596710497454,2,skincare,savon,True,Savon noir mou a l'huile de lin,Savon noir mou a l'huile de lin
8006540314913,2,skincare,creme,False,Super Haftcreme,
8902979025843,1,haircare,shampoo,True,Chik shampoo,
8901012111024,1,makeup,powder,False,gohnsons baby powder,
8901030863233,1,skincare,shave,False,AXE after shave lotion,
8720289265953,1,makeup,maquillage,True,Palette maquillage,
8719668004740,1,makeup,maquillage,True,Palette de maquillage,
3760100183375,1,skincare,gommage,False,gommage corps argan,
3770036159047,2,skincare,serum,True,Botox-like Peptide Serum,Serum anti-age for face
8025272646741,1,makeup,mascara,True,Green me volume mascara,
8025272980937,1,makeup,mascara,True,Precious rituals mascara,
7908132208437,1,haircare,shampoo,True,Shampoo Natura mamãe bebê,
3700601100891,3,skincare,savon,True,savon liquide au lait d'ânesse bio et aloe vera,
4066447354775,1,skincare,creme,False,Cremegel Hydro,
0810425035958,3,skincare,body lotion,True,Face + Body Lotion,
00020257,4,skincare,retinol,False,Face Cream - organic rose oil Hyaluronic acid Retinol,
0005900088413,1,skincare,deodorant,True,Deodorant,
00014478,1,makeup,luminous,False,Luminous white,
0003700124306,1,skincare,déodorant,False,Invisible Solid,Déodorant
00004054,1,skincare,savon,True,Savon noir aroma. Zone,
00005119,3,makeup,powder,False,Electrolytes Powder,
00000735,1,skincare,crème,False,Crème pour barbe,
0001000000410,1,skincare,body wash,True,Body wash,
0001087203246,1,skincare,sleeping mask,False,Cica Sleeping Mask Mini,
0011131399802,1,haircare,shampoo,True,Golden morocco argan oil shampoo,
0001234567891,3,skincare,nettoyant,True,Mousse nettoyante 100% naturelle à base d'huile de colza bio,Mousse nettoyante 100% naturelle et végétale à base d'huile de colza bio
00013199,2,haircare,shampoo,True,Yves Rocher Reparation Shampooing Soin Nutri-Reparateur,Shampooing cheveux secs
0016675461807,1,skincare,mist,False,Victoria's  Secret  Fragrance Mist,
0020714258511,1,skincare,cleansing oil,True,Take The Day Off Cleansing Oil,
0020714598907,1,skincare,moisturizing,False,Dramatically Different Moisturizing Lotion+,
0020714821234,1,skincare,cleansing balm,True,Travel Size Take The Day Off Cleansing Balm,
0020714900267,1,skincare,cleanser,True,All About Clean Rinse-Off Foaming Cleanser,
0002203099321,1,haircare,shampoo,True,DTOX THERAPY SHAMPOO,
00023281,1,skincare,hydratant,False,Hydratant velouté visage à l'aloé vera bio,
02624236,1,skincare,savon,True,Savon surgras extra-doux lait de rose,
00029513,2,skincare,hydratant,False,Eau hydratante parfumée des lagons,
03038948,1,makeup,poudre,False,Poudre exoféne,
0000306010102,2,haircare,shampoo,True,Shampooing,
0000308010101,6,skincare,body wash,True,Reviive body wash,
0003082112210,1,haircare,shampoo,True,Intensiv-Shampoo,Shampoo
0030985004571,1,skincare,cleanser,True,Ultra Hydrating Alkaline Cloud Cleanser,
0030985004618,1,skincare,cleanser,True,Hydrating Cleanser,
0030985004816,1,skincare,cleanser,True,Anti-Wrinkle Cleanser,
0041507070516,1,skincare,cleanser,True,Witch Hazel Blemish Clearing Cleanser,
00443261,1,skincare,cleanser,True,Peter Schmidinger  5in1 High-Intense micro powder cleanser,
00528783,2,haircare,shampoo,True,johnsons baby shampoo,
06244810,1,skincare,savon,True,Savon de toilette aux huiles essentielles,
0628915642916,1,haircare,shampoo,True,Shampoo,
06650079,2,skincare,creme,False,Creme facial,
06880773,1,skincare,creme,False,Bariésun creme mineral,
0070501050354,1,skincare,scrub,False,Deep Clean Gentle Facial Scrub,
0070501061626,1,makeup,cleansing wipe,True,Neutrogena Cleansing Wipes,
0070501112601,1,skincare,cleanser,True,Skin Balancing Gel Cleanser,
0070501112618,1,skincare,cleanser,True,Skin Balancing Clay Cleanser,
0070501112625,1,skincare,cleanser,True,Skin Balancing Milky Cleanser,
0070501872956,1,skincare,cleanser,True,Ultra Gentle Daily Cleanser,
0070501872963,1,skincare,cleanser,True,Ultra Gentle Hydrating Cleanser,
0007124935553,1,skincare,clay mask,True,Loreal Pure-Claly Mask Clear & Comfort,Clay Mask
0072140020910,2,skincare,hydration,False,Eucerin Daily Hydration Cream SPF 30,
00746140,4,skincare,gel douche,True,Gel douche hydratant haute tolérance,
07787411,4,skincare,visage,False,Lait visage douceur,
0079400351746,1,skincare,deodorant,True,Dove clear tone Deodorant,
0007940060068,1,skincare,deodorant,True,Dove advanced care dry spray antiperspirant deodorant,
00812212,1,skincare,creme,False,HAND Creme,
0098132400034,1,skincare,hydrating,False,Complexion Rescue Tinted Hydrating Gel Cream Broad Spectrum SPF 30,
0098132574032,1,skincare,cleanser,True,Pureness Gel Cleanser,
0098132583539,1,skincare,cleansing oil,True,SMOOTHNESS Hydrating Cleansing Oil,
0098132589357,1,skincare,cleanser,True,Poreless Clay Cleanser,
09937180,1,skincare,crème,False,Atoderm crème,
4059729407870,1,makeup,gloss,True,lipgloss,
4305615861937,2,skincare,serum,True,Alterra Hyaluron Serum,
8997220243596,1,skincare,brightening,False,Brightening Facial Wash,
9372264870200059918,1,skincare,mist,False,Magnolia + Grapefruit Body Mist,
5057566672344,1,skincare,peptide,False,Peptide Pout Lip Treatment,
4005900038005,1,skincare,body lotion,True,Nivea Express Hydration Body Lotion 400mL,
4260754961293,2,skincare,creme,False,Handcreme,
8595717708520,1,skincare,deodorant,True,vilgain Deodorant,
3256228115218,4,skincare,deodorant,True,Deodorant U bio fraîcheur,
8436097095124,1,skincare,deodorant,True,DEODORANT 48 H,
0030772006863,1,skincare,déodorant,False,Déodorant gel,
3596710536665,1,skincare,déodorant,False,Déodorant 24h,Déodorant 24h
0000113391625,1,skincare,deodorant,True,Native Deodorant,
8717644012208,3,skincare,deodorant,True,Africa Deodorant & Bodyspray,
0812154030181,1,skincare,deodorant,True,Deodorant for Women,
96032435,1,skincare,deodorant,True,Roll On Deodorant Pomegranate And Lemon Verbena Scent,
8717163994252,1,skincare,deodorant,True,Invisible Dry Spray Deodorant,
6111246200445,1,makeup,poudre,False,Poudre dentifrice,
71833347,1,skincare,essence,True,Désert Essence,
8809563103430,1,haircare,panthenol,False,Mighty bamboo panthenol cream,
5904966741036,1,skincare,creme,False,creme mãos amêndoa be beauty 50ml,
16615656,1,makeup,lash,False,Flashmasque,
3450270016510,1,skincare,masque visage,True,masque visage en tissu,
5099821137151,1,skincare,hydrating,False,Hydrating Protection,
8719238041328,6,haircare,curl,False,Curls,
8700216200653,1,haircare,hair mask,True,Coconut hair mask,
8428076006276,6,skincare,creme,False,Veet Expert Creme corpo p normal 200ml,
5607047016176,4,makeup,mascara,True,mascara facial,
5607047010648,1,skincare,creme,False,Máscara facial creme acido hialuronico,
5903900964067,1,skincare,creme,False,Creme corpo,
5607047016220,1,skincare,bakuchiol,False,Máscara  tecido facial bakuchiol,
5601009986903,1,skincare,creme,False,Creme noite Q10,
8901030922848,1,haircare,argan oil,False,Argan Oil & Lavender,
4056489329725,1,skincare,shower gel,True,Organic citrus shower gel,
8436097095735,4,skincare,gel douche,True,Gel douche plaisir Grenade Rose,
4056489036265,1,skincare,crème,False,cien bb crème,
3401363628561,1,makeup,poudre,False,Poudre pour pieds Hygie - PPP,
3600524093068,1,skincare,anti-transpirant,False,Heat Protect 48H Deo Roll-On Anti-Transpirant,
0019100208421,3,skincare,soothing,False,Jergens Soothing Aloe lotion,
4066447377125,1,skincare,creme,False,Handcreme Olive,
3600524012601,3,skincare,serum,True,L'Oréal Paris Age Perfect Cell Renaissance Midnight Serum,
8717163430026,1,skincare,gel douche,True,Dove Gel Douche Soin et Eclat Surgras 750ml,Gel Douche
8718114216478,1,skincare,antiperspirant,True,Antiperspirant,
8710447217054,2,skincare,peel,False,Peeling macadamia,
0079400499561,2,haircare,frizz,False,dove anti frizz set,
6281006444270,1,haircare,conditioner,True,Nourishing Secrets Thickening Ritual Conditioner,
8717163710234,1,skincare,body wash,True,Body Wash,
8710847929052,1,skincare,body wash,True,Dove Body Wash,
8717644682944,2,skincare,body wash,True,Dove Men+Care Body Wash,
8718951599727,1,skincare,anti-transpirant,False,Anti-transpirant stick Sanex Dermo Fraîcheur Active 48h,
3600542421713,1,skincare,aloe vera,False,ALOE VERA HAIR FOOD,
8715342045207,1,skincare,face mask,True,Metallica face mask,
3596710536603,5,skincare,crème,False,Crème main,Crème main
4311501066379,5,skincare,creme,False,elkos Body Milch & Honig Süss duftende Cremeseife,
8851932285476,1,skincare,body lotion,True,Vaseline Intensive Care Body Lotion Aloe Smooth 225mL,
7509552931143,1,makeup,gloss,True,glycolic gloss,
3600551055022,2,skincare,nettoyant,True,Eau nettoyante,
3600551017914,1,skincare,savon,True,Dermo-respect sans savon,Gel douche
3600551101224,2,skincare,lait corps,True,Lait Corps Réparateur,
3600551100784,1,skincare,lait corps,True,Lait corps antidessèchement,
3596710524037,1,skincare,gommage,False,Gommage corps,Gommage corps
3596710524303,5,skincare,hydratant,False,Crème hydratante visage et corps,Crème hydratante visage et corps
4066447239515,1,skincare,shower gel,True,shower gel foam,
8901103171678,1,skincare,shave,False,Oxylife Shave Gel,
8906014764827,1,skincare,moisturising,False,Bajaj Almond Drops Moisturising Soap,
8718951647619,1,skincare,hygiene,False,Palmolive Hygiene-plus sensitive handzeep,Ga voor een ultieme reiniging van je handen met Palmolive Hygiene-Plus Sensitive Handzeep. De handzeep met aloë vera bevat natuurlijke ingrediënten die verspreiding van bacteriën tegen gaan en voor een heerlijke geur zorgen.
8718951601888,2,skincare,douche,False,Sanex Expert skin health protector douchegel,
0381371151059,1,skincare,moisturizing,False,Eczema Therapy Daily Moisturizing Cream,
0381371156658,1,skincare,moisturizing,False,Eczema Therapy Daily Moisturizing Cream,
0381371151035,4,skincare,body lotion,True,Body Lotion,
0381371023905,3,haircare,shampoo,True,Baby Daily Moisture Wash & Shampoo,
0381371192915,2,skincare,moisturizing,False,Stress relief moisturizing lotion,
8902979023177,1,makeup,powder,False,Meera Herbal Powder,
8901030753992,1,skincare,body wash,True,Pears Naturale Body Wash,
8904256009812,1,skincare,body lotion,True,Nivea Body lotion Aloe Hydration,
42204091,1,skincare,moisturising,False,Nivea Soft Light Moisturising Cream,
8901138509217,1,skincare,face wash,True,Himalaya Oil Clear Lemon Face Wash,
42204169,1,skincare,moisturising,False,Nivea Soft Light Moisturising Cream,
8904256010139,1,skincare,body lotion,True,Nivea Body Lotion Aloe Hydration,
8904417305258,1,skincare,sunscreen,True,Mamaearth  Vitamin C Daily Glow Sunscreen,
8901088200073,1,skincare,serum,True,LIVON serum,
3660005903781,1,skincare,crème,False,Cica-crème réparatrice,
8901088051613,3,skincare,body lotion,True,Parachute Body Lotion,
8901248154116,3,skincare,aloe vera,False,Boro Plus Organic Aloe Vera Gel,
6920354833410,1,skincare,vitamin c,False,Total 12 vitamin C,
3610340015588,1,skincare,crème,False,Color Naturals Crème,
3600523351244,1,makeup,gloss,True,casting crème gloss,
4987176080547,1,skincare,moisturizer,False,Olay AHA moisturizer,
8006540583319,1,skincare,serum,True,miracle serum champú,
5607047017302,1,haircare,shampoo,True,Shampoo,
6970734412070,1,skincare,propolis,False,Propolis Zisaitong,
0062600262950,1,skincare,crème,False,Gel-crème corps,
8719134143355,2,skincare,creme,False,Handcreme,
12216833,1,skincare,vitamin c,False,vitamin C,
3600542565820,1,skincare,nettoyant,True,Gel nettoyant moussant,
3610340626944,1,skincare,aloe vera,False,RESTORE PLUS MILD CREAM RELAXER + ALOE VERA EXTRA,
4005808134939,2,skincare,creme,False,creme soft,
4005900133342,3,skincare,creme,False,NIVEA CREME DARK SPOT REDUCTION,
42397748,1,skincare,creme,False,Creme,Hautcreme
4005900660435,1,makeup,primer,True,Styling Primer Straight,
42398127,1,skincare,creme,False,Handcreme,
4005900079930,1,skincare,creme,False,Creme,
4005900924070,2,skincare,body lotion,True,Nivea vitamin body lotion,
4005900802958,1,makeup,luminous,False,Nivea luminous evenglow,
4006000043487,1,skincare,serum,True,Body Öl-Serum Anti-Dehnungsstreifen,
4005900674128,1,haircare,shampoo,True,Shampoo Kinder,
4005808130078,2,skincare,shower cream,False,Cashmere & cotton seed oil shower cream,Voor een soepele huid was je jezelf met Nivea Cashmere Moments Douchecrème. De hydraterende douchecrème met kasjmierproteïnen verandert in een heerlijk zacht schuim en heeft de warme geur van orchidee.
3660005086675,2,skincare,body lotion,True,Body lotion coconut,
8904132918399,1,haircare,hair oil,True,Almond hair oil,
8902979025867,2,haircare,shampoo,True,chik shampoo,
3660005423036,1,skincare,exfoliant,False,Exfoliante de manos,
3414090801329,9,skincare,creme,False,Nivea creme,
5056217803342,2,skincare,vitamin c,False,vitamin C scrub fix,
3583787131541,1,skincare,nettoyant,True,nettoyant corps,
8402001006029,4,haircare,shampoo,True,Shampoo,
3600551146065,6,skincare,déodorant,False,Déodorant invisimax,
4005900756114,5,skincare,creme,False,Nivea Creme,
5060120170217,2,haircare,shampoo,True,XHC Hemp Shampoo,
4902430118651,1,skincare,hydration,False,HERB ESS COND HYDRATION 300ML,
4902430118798,1,skincare,hydration,False,HERB ESS S/PO0 HYDRATION 300ML,
4902430624534,1,haircare,conditioner,True,Pantene Miracles Supplement Conditioner,
4902430672559,1,skincare,shave,False,Gillette Sensitive Shave Gel 195ml 2/22,
4902430681049,1,skincare,sensitive skin,False,Gillette Fusion Sensitive Skin 195ml 2/22,
4902430759649,1,makeup,luminous,False,OLAY LUMINOUS,
4902430917896,3,skincare,serum,True,Olay Retinol 24 night serum,
3596710517206,1,haircare,shampoo,True,SHAMPOOING et DOUCHE AU SEL MARIN,SHAMPOOING et DOUCHE AU SEL MARIN
3468080408142,3,skincare,douche,False,Douche relax,
6686303444631,1,skincare,shower gel,True,🚿 shower gel adidas,
3260776501003,1,skincare,aloe vera,False,Gel lavant pour les mains à l’ aloe vera,
3245678704332,9,haircare,cheveux,False,Gel lavant corps et cheveux aux extraits de calendula et de camomille,Gel lavant corps et cheveux aux extraits de calendula et de camomille
3282779060134,1,skincare,shaving,True,Shaving gel,
3014260284350,1,skincare,shave,False,Gillette After Shave Gel,
8480000442819,2,haircare,frizz,False,Champú Liss Frizz Control,
4005900567932,2,skincare,lip balm,True,Original Care Lip Balm,
3577056020742,1,skincare,crème,False,Crème sécheresses cutanées,
3273816026695,1,skincare,crème,False,crème mains,
3701129804308,2,skincare,creme,False,atoderm creme,
6111033004522,1,skincare,hydratant,False,Lait Hydratant,
3337871311292,4,haircare,shampoo,True,Stimulating shampoo,
8690131102739,1,skincare,face wash,True,Face Wash,
3600523500284,1,makeup,concealer,True,L'Oreal True Match Concealer Rose Ivory 1R/C,
7310610024987,1,skincare,shower gel,True,Sunsilk Shower Gel Herbal Happines 200ml,
30143265,1,makeup,mascara,True,Maybelline Volume Express Mascara Big Shot Black,
8710447365397,1,haircare,volume,False,Love Beauty & Planet Balsam Volume & Bounty 100ml,
3600521627426,1,makeup,blush,True,L'Oreal Blush True Match Rose Bonne Mine 165,
3600542020695,1,haircare,shampoo,True,Fructis Strenght & Shine Shampoo 250ml,
4015600745882,1,haircare,shampoo,True,Head&Shoulders Shampoo Classic Clean 400ml,
6111263790127,2,skincare,savon,True,Savon Marseille,
4015000624206,1,skincare,shower gel,True,Fa sport shower gel 2yrs prod,
4005808916511,1,skincare,shower gel,True,Nivea men protect care shower gel 500ml 2yrs prod,
4005900631701,1,skincare,sheet mask,True,Nivea Sheet Mask Urban Skin Detox,
4005900639523,1,makeup,makeup remover,True,Nivea Eye Makeup Remover Glow Double Effect 125ml,
4005900964441,2,skincare,crème,False,crème,
3574661700809,4,skincare,crème,False,"Crème de Douche & Bain Extra Douce, Abricot Bio & Noisette Bio",
3574661650357,1,haircare,shampoo,True,shampooing douceur bio,
3574661568867,1,skincare,uva,False,le petit marseillais bio rose sauvage1,
4005900339263,5,skincare,soothing,False,soothing,
4005900843418,1,skincare,deodorant,True,Deodorant - FRESH OZEAN,
4005808406029,1,skincare,creme,False,Nivea Shower Creme Soft 750ml,"Verzorg je huid dagelijks met Nivea Creme Soft Douchecrème. Deze douchecrème met hydraterende bestanddelen, zoals amandelolie, verzorgt je huid optimaal. De crème geeft een heerlijk zacht schuim."
4005900917171,2,skincare,creme,False,Nivea Creme,
4005900939777,1,skincare,shower gel,True,Shower Gel,Shower Gel
4005900369581,5,skincare,body lotion,True,body lotion,
8588006041835,1,haircare,shampoo,True,Shampoo,
3660005133751,1,skincare,crème,False,crème mains nourrissante eau d'arnica bio,
3401343613730,1,skincare,moisturising,False,Bioderma Hydrobio moisturising mask,
3282770141252,1,haircare,shampoo,True,Shampooing,
8718951321793,1,skincare,déodorant,False,déodorant natur protect à la Pierre d'alun,
8719134164473,1,skincare,soothing,False,Soothing liquid dish wash,
3600524017729,1,skincare,eye cream,True,L'Oreal Revitalift Filler Eye Cream 30ml,
3600524029593,1,haircare,shampoo,True,Feuchtigkeitsshampoo,
3600524074791,1,haircare,bond repair,False,Bond Repair Spülung,
3600524075453,1,skincare,serum,True,Aminexil Anti Haarverlust Serum,
3600524127954,5,makeup,gloss,True,Shampoing  Glycolic Gloss,
3600524128470,2,makeup,gloss,True,Glycolic Gloss,
3600523033942,1,makeup,mascara,True,Mascara Volume Million Lashes Feline,
3600523155200,1,makeup,powder,False,True Match Powderer Vanilla 2N,
3600523234615,2,haircare,shampoo,True,Elvital Color Vive Shampoo 250ml,
3600523279319,1,skincare,serum,True,L'Oreal Revitalift Fast Acting Serum 30ml,
3600523289806,1,haircare,shampoo,True,Color Glanz Shampoo,
3600523310524,1,makeup,mascara,True,Mascara Volume Million Lashes Fatale,
3600523352807,1,haircare,blonde,False,L'Oreal Brow Artist Xpert Cool Blonde 102,
3600523352814,1,haircare,blonde,False,L'Oreal Brow Artist Xpert 103 Warm Blonde,
3600523352838,1,haircare,brunette,False,L'Oreal Brow Artist Xpert Brunette 105,
3600523352852,1,haircare,brunette,False,L'Oreal Brow Artist Xpert 107 Brunette,
3600523399796,1,makeup,lipstick,True,Color Riche Lipstick Matte Blush in a Rush 103,
3600523399888,1,makeup,lipstick,True,Maybelline Color Riche Lipstick Matte Paris Cherry,
3600523399932,1,makeup,lipstick,True,L'oreal Color Riche Lipstick Matte Erotique 640,
3600523399956,1,makeup,lipstick,True,L'Oreal Color Riche Lipstick Matte Mon Jules 430,
3600523400010,1,makeup,lipstick,True,Maybelline Color Riche Lipstick Matte Haute Rouge,
3600523438112,1,makeup,mascara,True,L'Oreal Miss Manga Mascara Baby Roll,
3600523463664,1,makeup,mascara,True,L'Oreal Mascara Unlimited Black,
3600523465262,1,makeup,lipstick,True,Color Riche Lipstick Only in Paris Shine 112,
3600523465309,1,makeup,lipstick,True,L'Oreal Color Riche Lipstick Beautyguru Shine 352,
3600523493524,2,haircare,shampoo,True,Elvital Shampoo Extra Fine Coconut 250ml,
3600523500185,1,makeup,concealer,True,True Match Concealer Rose Vanilla 2R/C,
3600523500208,2,makeup,concealer,True,True Match Concealer Creamy Beige 1 stk,
3600523500222,1,makeup,concealer,True,L'Oreal True Match Concealer Golden Beige 3D/W,
3600523500239,1,makeup,concealer,True,L'Oreal True Match Concealer Beige 4N,
3600523500253,1,makeup,concealer,True,L'Oreal True Match Concealer Golden Amber 7D/W,
3600523518777,1,makeup,lipstick,True,L'Oreal Color Riche Lipstick Bae Shine Obsess,
3600523528691,1,haircare,pomade,True,Men Expert Barber Club Pomade 75ml,
3600523586363,1,haircare,shampoo,True,Elvital Shampoo Dream Lenght 400ml,
3600523586424,1,haircare,shampoo,True,Elvital Shampoo Dream Lenght 500ml,
3600523614400,1,makeup,foundation,True,L'Oreal Infallible Foundation Porcelaine 015,
3600523614417,1,makeup,foundation,True,L'Oreal Infallible Foundation True Beige 130,
3600523626267,1,haircare,shampoo,True,Aufbaushampoo,
3600523640195,1,makeup,foundation,True,L'Oreal Foundation Infallible Lin/Linen 100,
3600523655601,1,skincare,serum,True,L'Oreal Lash Serum Transparent,
3600523675685,1,makeup,powder,False,L'Oreal Powderer Infallible Magic Loose,
3600523682751,1,haircare,shampoo,True,Elvital Shampoo Color Vive Silver 200ml,
3600523687145,1,makeup,lipstick,True,L'Oreal Lipstick Color Riche Plump Guava 104,
3600523700431,1,makeup,lipstick,True,L'Oreal Lipstick Color Riche Plump Coconut 107,
3600523705979,1,skincare,mist,False,L'Oreal Mist Wult Shake & Glow,
3600523718269,1,skincare,face wash,True,Hydra Energetic Wake-Up Effect Face Wash,Face Wash Gel
3600523741090,1,makeup,setting spray,True,L'Oreal Infallible Magic Setting Spray,
3600523741502,5,skincare,déodorant,False,Men Expert Déodorant,
3600523755271,1,haircare,brunette,False,L'Oreal Brow Artist Plumper Brunette,
3600523783755,1,makeup,foundation,True,L'Oreal Foundation Infallible 24H Matte Cover 90,
3600523783809,1,makeup,foundation,True,L'Oreal Foundation Infallible Matte Cover G.Beige,
3600523784394,1,makeup,foundation,True,Foundation Infallible 24H Matte Cover Rose Ivory,
3600523784400,1,makeup,foundation,True,L'Oreal Foundation Infallible Matt.Cover R.Vanilla,
3600523784448,1,makeup,foundation,True,L'Oreal Foundation Infallible Matte Cover G. Amber,
3600523794874,1,makeup,gloss,True,L'Oreal Brilliant Signature Lipgloss.L'Optimiste,
3600523794881,1,makeup,gloss,True,L'Oreal Brilliant Signat. Lipgloss La Confeniente,
3600523806881,1,makeup,gloss,True,Casting Creme Gloss 410 Cool Chestnut,
3600523806904,1,makeup,gloss,True,Casting Creme Gloss 510 Cool Mocha,
3600523864058,1,makeup,highlighter,True,L'Oreal Highlighter Wult Coco Fever 01,
3600523882137,1,haircare,shampoo,True,Elvital Shampoo Full Resist 250ml,
3600523924226,1,makeup,primer,True,L'Oreal Infallible Grip Primer,
3600523939718,1,skincare,creme,False,Excellence Creme Ultra 3.11 Ash Dark Brown,
3600523939763,1,skincare,creme,False,Excellence Creme Ultra 4.11 Ash Brown,
3600523939817,1,skincare,creme,False,Excellence Creme Ultra 5.11 Ash Light Brown,
3600523939916,1,skincare,creme,False,Excellence Creme Ultra 7.11 Ash Blond,
3600523950140,1,skincare,scrub,False,Men Expert Barberclub Beard & Face Scrub,
3600523968480,1,makeup,mascara,True,L'Oreal Mascara Lash Paradis Moonlight Noir Brown,
3600523969692,1,makeup,powder,False,L'Oreal Bronze Powder Baby One Time,
3600523971305,1,makeup,gloss,True,L'Oreal Plump in Gloss Brillant Signature Maximize,
3600523971312,1,makeup,gloss,True,L'Oreal Plump in Gloss Brillant Signature Soar 402,
3600523971336,1,makeup,gloss,True,L'Oreal Plum in Gloss Brilliant  Amplify 406,
3600523971350,1,makeup,gloss,True,L'Oreal Plump in Gloss Signature Inflate,
3600523971367,1,makeup,gloss,True,L'Oreal Plump in Gloss Brillant Signature Heighten,
3600523975303,1,haircare,shampoo,True,Elvital Shampoo Color Vive Refill 500ml,
3600523975433,1,haircare,shampoo,True,Elvital Shampoo Dream Lenght Refill 500ml,
3596710524310,1,skincare,lait corps,True,Lait corps,Lait corps
3596710524389,6,skincare,hydratant,False,Soin de jour hydratant,Soin de jour hydratant
3600541367593,2,haircare,shampoo,True,garnier shampoo,
3600541979871,1,haircare,shampoo,True,Shampoo Fructis,
4056489526735,1,skincare,hand cream,True,hand cream olive,
8402001010729,2,makeup,long lasting,False,Perfilador de labios Long Lasting 07 rojo,
8402001010750,2,makeup,long lasting,False,Perfilador de labios Long Lasting 11 nude,
8402001010712,2,makeup,long lasting,False,Perfilador de labios Long Lasting 06 fucsia,
8402001008108,2,makeup,long lasting,False,Perfilador de labios Long Lasting 01 rosa nude,
8480000733580,2,makeup,eyeliner,True,Perfilador de ojos Eyeliner 02 negro,
8480000675842,2,makeup,eyeliner,True,Perfilador de ojos Eyeliner waterproof negro,
8402001021077,2,makeup,eyeliner,True,Delineador de ojos Pearly Eyeliner Universe 01 plata,
8402001016585,2,makeup,eyeliner,True,Delineador de ojos Eyeliner Shine Gold,
8402001021114,2,makeup,gloss,True,Brillo de labios Pearly gloss Universe 02 plata,
8402001021121,2,makeup,gloss,True,Brillo de labios Pearly gloss Universe 03 bronce,
8402001016981,2,makeup,highlighter,True,Iluminador facial fluido Highlighter 01,
5901887029663,1,skincare,spf,False,Manuka Tree - Crema Día Normalizadora SPF10,
8480000733528,2,haircare,volume,False,Máscara de pestañas Maxi Volume negro,
8480000733504,2,haircare,volume,False,Máscara de pestañas Volume & Curve XL negro,
8402001021091,2,makeup,eyeshadow,True,Paleta sombras de ojos Eyeshadow Universe Deliplus,
8480000402752,2,makeup,long lasting,False,Sombra de ojos Long Lasting Deliplus 02,
8480000402776,2,makeup,long lasting,False,Sombra de ojos Long Lasting Deliplus 04,
8480000864710,1,skincare,exfoliant,False,Exfoliante corporal mineral,
8480000707871,3,makeup,long lasting,False,Sombra de ojos Long Lasting Deliplus 08,
8480000422866,2,makeup,top coat,False,Tratamiento para uñas gel brillo top coat,
3574661680934,2,skincare,savon,True,"savon extra doux lait, main & corps",
5045095406318,1,makeup,eyeliner,True,Natural collection black eyeliner,
8428076006269,2,skincare,creme,False,Veet Expert Creme zona íntima 2x50ml,
8697420535742,2,skincare,micellar,True,compact micellar cucumber,
3596710523993,1,skincare,hydratant,False,Créme corps hydratante,Créme corps hydratante
3596710524044,1,skincare,gommage,False,Gommage pieds,Gommage pieds
3596710524341,1,skincare,crème,False,Crème mains anti-âge 2 en 1,Crème mains anti-âge 2 en 1
3596710523986,1,skincare,crème,False,Crème mains nourrissante,Crème mains nourrissante
3600542546089,2,skincare,crème,False,Crème nutri-eclat vitamine C,
4058172737831,2,skincare,creme,False,Handcreme buttermilk,
5901887035435,1,haircare,keratin,False,Leche de Cabra - Mascarilla Capilar con Keratina,
5060489792341,5,skincare,moisturizing,False,moisturizing gel cream,
4034348111315,1,haircare,shampoo,True,Derma Shampoo,
0065519924568,1,skincare,moisturizing,False,Moisturizing Cream,
3337875840620,10,skincare,spf,False,CeraVe SPF30 Hydraterende Gezichtscrème,
3606000560192,2,haircare,shampoo,True,cerave wash and shampoo,
3606000551916,1,skincare,moisturising,False,CeraVe Moisturising,
7090025533099,1,skincare,moisturising,False,"Moisturising Hand Wash, White Tea & Verbena 500 ml",
7319470813007,2,skincare,moisturising,False,Nivea After Shave Balm Moisturising 100ml,
8901399005305,1,skincare,moisturising,False,SANTOOR Skin Moisturising Sandal & Turmeric,
6004931015694,1,skincare,moisturising,False,JUST FOR KIDS SCALP SOOTHING OIL MOISTURISING SPRAY,
8906022357110,1,skincare,moisturising,False,vitamin e with aloe Vera moisturising cream,
0810020170177,1,skincare,moisturising,False,Daily Moisturising face SPF 50+,
5020465200437,2,skincare,moisturising,False,Cetaphil Moisturising Lotion,
0083078001902,1,skincare,lip balm,True,Carmex Strawberry Moisturising Lip Balm,
3574660679946,2,skincare,moisturising,False,Moisturising stick,
59080022,1,skincare,moisturising,False,moisturising facial wash,
5000128869348,1,skincare,hand cream,True,Moisturising Hand Cream,
5028197127466,1,skincare,moisturising,False,Moisturising &. Cleansing  Hang Hrö,
2550060190015,1,skincare,aloe vera,False,Aloe vera gel,
8710908877681,1,skincare,shower cream,False,Mineral Therapy Shower Cream,
7630028628424,1,skincare,shower gel,True,Shower Gel,
5000101082214,1,skincare,bar soap,True,Imperial Leather Gentle Bar Soap 4 x 100g,
5000101505409,1,skincare,calming,False,Imperial Leather Calming Bath Soak,
3560071277062,4,skincare,hydratant,False,Lait de toilette hydratant,
8480000507570,2,makeup,bb cream,True,BB cream,
8718951561564,1,skincare,déodorant,False,Sanex dermo tolérance,Déodorant
8718951523050,1,skincare,creme,False,creme sæbe,
8480000468734,5,skincare,retinol,False,Sérum facial Retinol Regen Skin,
8480000443359,7,haircare,shampoo,True,Shampoo natural,
8480000442840,2,haircare,frizz,False,Hidrocrema Liss Frizz Control,
8480000443380,3,haircare,argan oil,False,Mascarilla Argan Oil,
8480000442895,1,skincare,serum,True,Be radiant serum iluminador,
8480000443649,1,haircare,volume,False,Volumen champú,
3596710497485,5,skincare,savon,True,Savon noir a l'huile de lin,Savon noir a l'huile de lin
3760104701193,1,skincare,savon,True,Savon liquide de Marseille,
3616305448378,1,skincare,shower gel,True,Made for Men Shower Gel,
3600551124797,2,skincare,crème,False,La crème à l'acide hialuronique pur,
3596710520572,5,skincare,visage,False,Lingettes visage et mains,Lingettes visage et mains
4987176234254,1,haircare,shampoo,True,shampoo,
3574661391502,1,skincare,body lotion,True,Body lotion gel,
4066447072068,1,skincare,peel,False,Pink Peel-off Maske,
5060489792365,1,skincare,cleanser,True,Creamy Jelly Cleanser,
4056489268116,1,skincare,shave,False,G Bellini X-bolt for Men Aftershave Eau De Toilette Spray,
8480000677969,2,skincare,serum,True,Serum Plex Repair,
3596710524006,1,skincare,crème,False,Crème corps réparatrice,Crème corps réparatrice
3596710523979,1,skincare,creme mains,True,Creme mains,Creme mains
3596710520589,1,skincare,nettoyant,True,Lingettes nettoyantes,Lingettes nettoyantes
3596710524426,2,skincare,hydratant,False,Creme hydratante visage,Creme hydratante visage
3181730332221,13,skincare,rasage,False,Williams As Aqua Velva 100ml 12x,après rasage
3596710524365,1,skincare,creme mains,True,Creme mains,Creme mains
3282770389883,1,skincare,cleansing oil,True,Xeracalm lipid-replenishing cleansing oil,
3596710536610,9,skincare,lait corps,True,Lait corps hydratant,Lait corps hydratant
3596710536689,1,haircare,shampoo,True,Shampooing,Shampooing
9300607761436,1,skincare,body lotion,True,Aveeno Skin Relief Moisturising Body Lotion Sensitive 1L,
5900273002358,1,skincare,deodorant,True,Deodorant,
3337875663076,3,skincare,cleanser,True,Normaderm Intensive Purifying Cleanser,
3574669908504,3,skincare,aloe vera,False,Aceite corporal bebé con aloe vera,
3282770145373,1,haircare,shampoo,True,Klorane ultra gentle shampoo 400,
8712561479806,2,skincare,crème,False,Intensive Care Essential Healing 200ml,Vaseline Essential Healing Bodylotion voedt de droge en gevoelige huid zeer intensief. Hierdoor is het tot wel 3 weken lang beschermd en hersteld. Bovendien verstevigt de crème de huid en laat het er gezond uitzien.
5011451103870,2,skincare,moisturising,False,simple moisturising facial wash,
8718951544383,1,skincare,douche,False,Tahiti douche coco,
5906071002705,1,skincare,serum,True,Regeneracyjne serum do paznokci,
5000174070354,3,makeup,primer,True,Olay,"Olaz Double Action Dagcrème & Primer is een iconische klassieker die je huid tijdloze schoonheid geeft dankzij de originele hydraterende formules van Olaz. Voor een zachtere, gladdere, mooiere en gezonder uitziende huid."
4550512979524,2,skincare,cleansing balm,True,Cleansing balm (Dullness),
4550512979517,2,skincare,cleansing balm,True,Cleansing balm (anti-oxident(,
7906100784464,1,skincare,serum,True,Minimalist Face Serum,
3450970024440,1,skincare,nettoyant,True,Nettoyant vitres,
3600531363802,1,makeup,lipstick,True,Maybelline Color Sense Lipstick Purly Nude 981,
30173552,1,makeup,concealer,True,L'Oreal Concealer Infallible Porcelain 320,
7072463201044,1,haircare,shampoo,True,Fab Dry Shampoo Brunettes 200ml,
30173576,1,makeup,concealer,True,L'Oreal Concealer Infallible Ivory 322,
30173071,1,makeup,eyeshadow,True,L'Oreal Eyeshadow Color Queen High Potential 9,
7310610024949,1,haircare,shampoo,True,Sunsilk Shampoo Herbal Happiness 250ml,
3600531629106,1,makeup,mascara,True,Maybelline Mascara Falsies Lash Lift Extra Black,
3600522218791,1,makeup,mascara,True,L'Oreal Mascara Volum Million Lashes Excess,
8710908689222,1,skincare,face wash,True,Neutral Face Wash 150ml,
7026110003260,1,skincare,shave,False,Asan Intimvask Shower/Shave 220ml,
3600521365939,1,makeup,gloss,True,Casting Creme Gloss 323 Choc Noir,
3600531543310,1,makeup,lipstick,True,Maybelline Color Sensat.Lipstick Made for Me Mauve,
3600531516765,1,haircare,pomade,True,Maybelline Brow Tattoo Pomade Taupe 1,
3600531516758,1,haircare,pomade,True,Maybelline Brow Tattoo Pomade Dark Brown 5,
3600531589363,1,makeup,lipstick,True,Maybelline Lipstick Color Sense Flush Punch 222,
7029123740016,1,skincare,aloe vera,False,Rene Hender Aloe vera Antibakteriell Håndgele 50ml,
3054080007654,1,makeup,eyeliner,True,Eyeliner Super Brun Profond Performance,
4005900785862,1,makeup,cleansing wipe,True,Nivea Wipes Natural Good Cleansing Wipes 25stk,
7310610021122,1,skincare,shower cream,False,Sunsilk Shower Cream Coconut Care 200ml,
8001841004327,1,haircare,shampoo,True,Head & Shoulder Shampoo Supreme Moisture 225ml,
3600531632427,1,makeup,foundation,True,Maybelline Foundation Superstay 30h Light Bisque,
8717163742815,3,skincare,shower gel,True,Shower Gel Deeply Nourishing 450 ml,
8715342031323,1,skincare,collagen,False,sea collagen protection sérum,
8480000226310,2,haircare,curl,False,"Curl perfect, leave in mask",
8710447211052,2,haircare,shampoo,True,Tresemme Shampoo Botanique Nourish Replenish 400ml,
3700194700270,1,skincare,shave,False,Ultimate shaver,
8901138835163,1,skincare,moisturizing,False,Himalaya Moisturizing Aloe Vera Facial Wipes,
8901138836955,1,skincare,moisturizing,False,Himalaya Extra Moisturizing Baby Soap,
8904109400773,1,skincare,shower gel,True,Patanjali Soundarya Shower Gel,
8715342034201,1,skincare,scrub,False,Facial scrub coffee,
60217318,1,haircare,conditioner,True,Banana hair food conditioner,
3549620033090,1,skincare,lait corps,True,Lait corps nourrissant huile d'argan,
3760211480042,1,skincare,crème,False,Crème solaire Alga Maris,
6111254023180,2,skincare,crème,False,crème solaire invisible,
4015100716931,1,haircare,volume,False,schauma fresh volume,
8717163605776,1,skincare,crème,False,Dove Verzorgende Handzeep Nourishing Silk 250 ml,Verwen je handen met Dove Fine Silk Zeep Pomp. Dankzij de hydraterende crème wordt je huid gevoed en verzorgd. Je handen voelen na elke wasbeurt zijdezacht aan en ruiken heerlijk door de geur van witte orchidee.
3574660200775,2,skincare,body lotion,True,Aveeno Daily Moisturising Body Lotion Fragrance Free Sensitive Skin 354mL,
3250391599646,1,skincare,crème,False,crème de soin,
3401575390447,1,skincare,micellar,True,Micellar Water,
3574669907767,2,haircare,shampoo,True,johnsons baby shampoo,
24008938,1,skincare,aloe vera,False,Crema de manos aloe vera,
4005808856695,4,skincare,creme,False,Sonnencreme - 50%,
3600542202220,2,haircare,curl,False,Garnier Fructis Nutri Curls Air Dry,
8714789762906,1,skincare,deodorant,True,Deodorant,
3600550981926,2,skincare,crème,False,Crème visage,
3286011008502,1,skincare,creme,False,Creme,
8693495033985,1,skincare,bar soap,True,Palmolive Naturals - Moisture Care - olive & milk bar soap,
3256228666819,1,skincare,savon,True,savon soin,
7610747900148,1,skincare,savon,True,savon a la glycérine,
3600530941278,1,makeup,primer,True,Maybelline primer,
8410751094807,1,skincare,aloe vera,False,Gel de baño aloe vera & jojoba,
0030772011683,1,skincare,body wash,True,Body Wash,
0098132572243,1,skincare,face wash,True,Face Wash,
0081555355258,2,skincare,scrub,False,Sweet lip Scrub,
0667555453905,1,skincare,body wash,True,Aromatherapy Eucalyptus & Spearmint body wash,
4066447054538,1,haircare,shampoo,True,balea med shampoo,
6001011801529,2,makeup,powder,False,johnson baby powder,
9300663464227,1,haircare,shampoo,True,sunilk shampoo,
3600550995084,1,skincare,déodorant,False,Déodorant 48h compressé parfum fleur d’oranger,
4006000000183,1,skincare,creme,False,Nivea Creme,
5902751459630,1,haircare,conditioner,True,Nail conditioner,
3600522097303,1,makeup,mascara,True,L'Oreal Mascara Telescopic Magnetic Black,
3600531363864,1,makeup,lipstick,True,Color Sensational Lipstick Smokey Rose 987,
3600531589400,1,makeup,lipstick,True,Maybelline Lipstick Color Sense Coral Rise 344,
7046110048436,1,haircare,shampoo,True,Define Dry Shampoo Weightless 200ml,
3600520772035,1,makeup,powder,False,L'Oreal True Match Powder Golden Beige,
7319470801035,1,skincare,creme,False,Nivea Creme 75ml,
4005900784322,1,skincare,body lotion,True,Nivea Body Lotion Aloe Vera 200ml,
3600531589462,1,makeup,lipstick,True,Maybelline Lipstick Color Sense Brick Beat 122,
30178564,1,makeup,mascara,True,L'Oreal Mascara Falsh Lash Bambi Eye Extra Black,
5703147063161,1,haircare,blonde,False,Excellence 01 Blonde Supr Naturlig,
3600531632410,1,makeup,foundation,True,Maybelline Foundation Superstay 30h N.Beige,
3600531537289,1,makeup,blush,True,Maybelline Blush Fit Me Peach 40,
7340011315230,1,haircare,shampoo,True,Änglamark Shampoo 200ml,
5410076514366,1,haircare,shampoo,True,Shampoo Miracle Moist 500 ml,
3600542196925,1,skincare,toner,True,Garnier Bio Toner Thyme Skin Perfecting 150ml,
3600531369026,3,makeup,foundation,True,Maybelline Foundation Matte&Poreless Warm Beige128,
4005900346476,1,skincare,shaving,True,Nivea Men Protect & Care Shaving Gel 200ml,
30173590,1,makeup,concealer,True,L'Oreal Concealer Infallible Oatmeal 324,
3600522616252,1,makeup,mascara,True,L'Oreal Mascara Million Lashes So Couture,
3600520986531,1,makeup,gloss,True,Casting Creme Gloss 645 Ambre,
3600542298636,1,skincare,aloe vera,False,Fructis Hair Food Aloe Vera 390ml,
3600531632540,1,makeup,foundation,True,Maybelline Foundation Superstay 30h Fawn,
8710908789380,1,haircare,shampoo,True,Dove Shampoo Restoring Ritual 250ml,
3660005966809,1,skincare,lait corps,True,lait corps,
3534510001501,1,skincare,crème,False,crème main réparatrice,
4005900100115,2,makeup,makeup remover,True,Nivea Double Effect Eye Makeup Remover 50ml,
7310610021207,1,skincare,body lotion,True,Sunsilk Body Lotion Bright Blossom 20ml,
3600520986371,1,makeup,gloss,True,Casting Creme Gloss 200 Noir Ebene,
3600542168625,1,skincare,peel,False,Garnier Peel-Off Mask Charcoal,
3600531384128,1,skincare,pore,False,L'Oreal Powder Fit Me Matte & Poreless Soft Ivory,
5710404934102,1,haircare,shampoo,True,Jan Thomas Shampoo Volume 250ml,
3600531537425,1,makeup,blush,True,Maybelline Blush Fit Me Berry 55,
3600520986425,1,makeup,gloss,True,Casting Creme Gloss 415 Marron Glace,
3600542318358,1,skincare,aloe vera,False,Fructis Balsam Hair Food Aloe Vera Vera 350ml,
3600531579050,1,makeup,lipstick,True,Maybelline Lipstick Superst. Matte Ink Double Shot,
3600522401032,1,haircare,shampoo,True,Elvital Shampoo Color Vive 500ml,
30173613,1,makeup,concealer,True,L'Oreal Concealer Infallible More than Vanilla 326,
40067247,1,skincare,scrub,False,Nivea Rice Scrub Glow 75ml,
8480000502568,4,skincare,aloe vera,False,Crema facial hidrata ácido hialurónico y aloe vera,
0072140633820,3,skincare,hand cream,True,Advanced Repair Hand Cream,
8410412100076,3,skincare,serum,True,Vitamin c serum,
5017634005962,2,haircare,frizz,False,Frizz Ease,
0812154030396,2,makeup,powder,False,Native Deoderant - Powder and Cotton,
3760100682649,4,skincare,gel douche,True,Gel Douche Huile Precieuse,
4305615574080,6,skincare,crème,False,Prokudent Kräuter Zahncrème,
6920354826092,1,skincare,aloe vera,False,Colgate fluoride toothpaste w aloe Vera,
0190679000088,1,skincare,essence,True,herbal essences,
5028197868994,1,skincare,hand cream,True,Hemp Hand Cream,
4013718021898,1,skincare,creme,False,herbacin kamille Handcreme,
5060565101814,1,skincare,serum,True,Nourishing serum,
0893400002084,1,skincare,lip balm,True,Peppermint lip balm,
0086800870258,1,skincare,sunscreen,True,sport face oil-free lotion sunscreen 70,
20303693,2,haircare,shampoo,True,Nulacta,shampoo
3014260281373,1,skincare,creme,False,Stages Zahncreme,
7501199418346,1,haircare,shampoo,True,Pert shampoo,
3700203700932,1,skincare,gommage,False,Gommage sublime,
4305615346120,1,skincare,creme,False,Isana Cremeseife Olive,
30142442,3,makeup,eyeliner,True,Master Inc Eyeliner Matte Black Waterproof,
4025089080053,1,haircare,shampoo,True,Jeden Tag Shampoo extra sensitiv,
0792850136991,3,skincare,lip balm,True,Honey Lip Balm,
38154218,3,haircare,shampoo,True,Miracle Curls Shampoo,
8588006036961,1,skincare,lip balm,True,Lip balm aloe and lime,
0074182473518,1,skincare,body wash,True,body wash,
8436019951286,2,skincare,lifting,False,bio lifting concentrate,
0071249377512,4,skincare,serum,True,Revitalift 1.5% Pure Hyaluronic Acid Serum for Face,
8809479166444,2,skincare,sheet mask,True,Rose sheet mask,
8432225114804,1,haircare,curl,False,Curl activating gel,
0011111634640,2,skincare,body wash,True,Shea Butter & Warm Vanilla Shower Foam Body Wash,
4010355583369,1,skincare,creme,False,"Handcreme It,s cold outside vanille weidenrinde",
5037156251883,1,haircare,frizz,False,frizz ease,
8809479166499,2,skincare,essence,True,Snail essence mask,
4040513650053,1,skincare,creme,False,Zahncreme Fresh,
8719238019303,5,skincare,gommage,False,Gommage a la pastèque,
8480000500984,1,skincare,scrub,False,Bubble mask & scrub,
8470000351648,2,skincare,spf,False,Spray transparente spf 50,
5011321594388,1,haircare,conditioner,True,Conditioner,
06039307,1,skincare,essence,True,herbal essences,
3380810288094,1,skincare,hydratant,False,Beaume Super Hydratant,
4008233131757,1,skincare,creme,False,Sensitiv Handcreme Mandelöl,
42289524,1,skincare,crème,False,NIVEA Care Voedende Crème,
0065656000088,2,skincare,moisturizer,False,pond's moisturizer,
3700281702415,1,skincare,nettoyant,True,topicrem gel nettoyant,
0819265006395,1,skincare,collagen,False,Collagen,
4743318100319,1,skincare,exfoliant,False,Exfoliante corporal cacao organico y azucar,
4305615651958,1,skincare,creme,False,Isana Handcreme Ginko,
0381370012979,2,skincare,body wash,True,Daily moisturizing body wash,
8717644323083,1,skincare,aloe vera,False,Signal Integral 8 Bain de Bouche Antibactérien Fraîcheur Naturelle aux Extraits de Citron & d'Aloe Vera Flacon 500ml,Bain de Bouche Antibactérien
3600522774570,1,makeup,blush,True,L'Oreal True Match Blush Peach,
3600520772011,1,makeup,powder,False,True Match Powderer Golden Ivory 1W,
3600522405115,1,makeup,gloss,True,Casting Creme Gloss 554 S.Choco,
3600521987711,1,makeup,gloss,True,Casting Creme Gloss 513 Lys Beigbrun,
3600520296814,1,skincare,shave,False,Men Expert After Shave Balsam 100ml,
3474636920204,1,haircare,shampoo,True,Extreme Shampoo,
30171336,1,makeup,concealer,True,Maybelline Concealer Fit Me Nude 08,
3600521846292,1,makeup,mascara,True,L'Oreal Million Lashes Mascara Extra Volume Brown,
30161955,1,makeup,mascara,True,L'Oreal Mascara Volume Million Lashes Balm Noir,
3600542081214,3,skincare,micellar,True,Garnier Micellar Water 100ml,
30173378,1,makeup,eyeshadow,True,L'Oreal Eyeshadow Color Queen Iconic 39,
3600522774525,1,makeup,blush,True,L'Oreal True Match Blush Golden Amber,
3600530880034,1,makeup,foundation,True,Maybelline Fit Me Foundation Luminous+Smooth Natural Ivory,
3600531609757,1,makeup,gloss,True,Maybelline Color Sense Lifter Gloss Amber 7,
3600530746514,1,makeup,foundation,True,Foundation Fit Me Classic Ivory,
3600531543358,1,makeup,lipstick,True,Color Sensational Lipstick Made for All for Me 382,
3600530958221,1,makeup,lipstick,True,Color Sensational Lipstick Tantalizing Taupe 725,
3600531609702,1,makeup,gloss,True,Maybelline Color Sense Lifter Gloss Crystal 10,
3600531516734,1,haircare,pomade,True,Maybelline Brow Tattoo Pomade Medium 3,
3600531632373,1,makeup,foundation,True,Maybelline Foundation Superstay 30h Classic Nude,
3600531369361,1,makeup,foundation,True,Maybelline Foundation Matte&Poreless Fair Ivory102,
3600531609689,1,makeup,gloss,True,Maybelline Color Sense Lifter Gloss Pearl 1,
3600531224516,1,makeup,lipstick,True,Color Sensational Lipstick Divine Wine 975,
3600531453435,1,makeup,foundation,True,Maybelline Foundation Mat.&Porel.Fair Porcelain,
3600531589356,1,makeup,lipstick,True,Maybelline Lipstick Color Sense Rosey Risk 211,
3600531589387,1,makeup,lipstick,True,Maybelline Lipstick Color Sense Pink Thrill 266,
3600531589332,1,makeup,lipstick,True,Maybelline Color Sense Lipstick Bare Reveal 177,
7046110069677,1,skincare,body lotion,True,Dr Greve Aloe Vera Body Lotion 200ml,
3600520986487,1,makeup,gloss,True,Casting Creme Gloss 550 Acajou,
3600531609740,1,makeup,gloss,True,Maybelline Color Sense Lifter Gloss Reef 6,
3600531533540,1,skincare,peel,False,Maybelline Brow Tattoo Peel-Off Ash Brown 25,
3600530803873,1,makeup,brow pencil,True,Maybelline Master Eye Brow Pencil Soft Deep Brown,
3600521987704,1,makeup,gloss,True,Casting Creme Gloss 412 Beigebrun,
3600531319670,1,makeup,contour,False,Maybelline Master Contour V-Stick Medium 2stk,
3600531369484,1,makeup,foundation,True,Maybelline Foundation Matte&Poreless Nat.Tan 320,
3600521605936,1,skincare,shaving,True,Men Expert Shaving Gel Hydra Sensitive 20ml,
3600531384197,1,skincare,pore,False,Maybelline Powderer Matte&Poreless Classic Ivory 105,
3600520986500,1,makeup,gloss,True,Casting Creme Gloss 600 Blond Fonce,
3574661516424,2,skincare,aloe vera,False,Aloe Vera Olje 300 ml,
3600521345863,1,makeup,mascara,True,Mascara Performance Double Extension Beauty Thear,
3600542168144,1,skincare,vitamin c,False,Garnier Vitamin C Tissue Mask,
3600530746613,1,makeup,foundation,True,Foundation Fit Me Sun Beige 250,
0803954303292,1,haircare,shampoo,True,sirius groom shampoo,
8710908236143,1,skincare,shower gel,True,Radox Feel Awake Shower Gel,
3600530746620,1,makeup,foundation,True,fit me foundation,
3600531561284,1,makeup,concealer,True,Maybelline Concealer Instant Eraser Warm Light 115,
3600531528973,1,makeup,powder,False,Maybelline Powderer City Bronze Light Cool 100,
30173323,1,makeup,eyeshadow,True,L'Oreal Color Riche Color Queen Gilded Eyeshadow,
0875010001756,1,haircare,shampoo,True,prosilk salon essential oil infused moisturizing shampoo,
3600531379254,1,makeup,powder,False,Maybelline Master Fix Translucent Powderer,
3600530746538,1,makeup,foundation,True,Maybelline Foundation Fit Me Lum&Smooth Buff Beige,
40067353,1,skincare,scrub,False,Nivea Rice Scrub Smooth 75ml,
0621732300017,1,haircare,shampoo,True,marc anthony argan shampoo,
0605592105739,1,haircare,shampoo,True,nexxus therappe ultimate moisture shampoo,
3600531589448,1,makeup,lipstick,True,Maybelline Color Sense Lipstick Hot Chase 333,
8030976025426,1,haircare,shampoo,True,keratin shampoo,
3600531528997,1,makeup,powder,False,Maybelline Powderer City Bronze Medium Cool 200,
7310181582190,1,haircare,shampoo,True,Gliss Shampoo Total Repair 250ml,
5291375000220,1,haircare,shampoo,True,Hegenol haircare shampoo,
3574661505756,2,makeup,powder,False,Natusan by Johnsons's® Baby Powder 100g,
3600531605643,1,makeup,lipstick,True,Maybelline Lipstick Superstay Matte Ink Mover 160,
3600531632489,1,makeup,foundation,True,Maybelline Foundation Superstay 30h Warm Nude,
3600531589349,1,makeup,lipstick,True,Maybelline Color Sense Lipstick Rose Embrace 200,
3600531369477,1,makeup,foundation,True,Maybelline Foundation Matte&Poreless Mocha 360,
3600531324902,1,makeup,foundation,True,Maybelline Foundation Fit Me Caramel 350,
3600530559329,1,makeup,lipstick,True,Maybelline Color Sense Lipstick Sweet Pink 132,
3600521189269,1,makeup,gloss,True,Casting Creme Gloss 535 Chocolat,
0803954302257,1,haircare,shampoo,True,avon elastine dry shampoo,
0764302015338,2,haircare,shampoo,True,shea moisture daily hydrating shampoo w/coconut milk and acacia senegal,
3600530746545,1,makeup,foundation,True,Foundation Fit Me Buff Beige 130,
0812154034721,1,haircare,shampoo,True,Native Candy Cane Shampoo,
0080878195251,1,haircare,shampoo,True,Pantene Daily Moisture Shampoo,
3600530746583,1,makeup,foundation,True,Maybelline Foundation Fit Me Lum.&Smooth Med. Buff,
3126331701090,1,skincare,moisturizer,False,"Magix tint, tinted moisturizer",
0022796910912,1,haircare,shampoo,True,coconut milk shampoo,
8001841413389,1,skincare,hydration,False,H&S Balsam Deep Hydration Coconut 220ml,
3600531384081,1,skincare,pore,False,Maybelline Powderer Matte & Poreless Caramel 350,
0085239930649,1,haircare,shampoo,True,honey oat shampoo,
0041520864987,1,skincare,body wash,True,body wash,
0810021201177,2,skincare,toner,True,"Witch hazel facial toner, rose water",
0055451000970,2,haircare,conditioner,True,Tresemme Conditioner,
8809565307119,1,skincare,sheet mask,True,sheet mask,
0681131176538,1,makeup,long lasting,False,gentle skin cream (long lasting moisture),
7340011321514,1,haircare,shampoo,True,X-tra Shampoo 500ml,
0079400835000,1,skincare,body wash,True,body wash,
3600530559497,1,makeup,lipstick,True,Maybelline Color Sensational Lipstick Magic Mauve,
0681131050029,1,skincare,body wash,True,body wash,
0810005282215,1,haircare,shampoo,True,WOW skin science apple cider vinegar shampoo,
0305210268494,2,skincare,moisturizer,False,vaseline spray and go moisturizer,
30173156,1,makeup,eyeshadow,True,L'Oreal Eyeshadow Color Queen Dont't Stop Me 17,
0688047131316,1,haircare,conditioner,True,Not your mothers anti freeze  smooth moves conditioner,
0190679005168,1,haircare,conditioner,True,Rose Hips Conditioner,
0764302016397,2,haircare,conditioner,True,shea moisture daily hydrating conditioner,
7046110048177,2,haircare,shampoo,True,Define Dry Shampoo Original 200ml,
0840044707011,1,skincare,body lotion,True,Evolution of smooth shea better 24H moisture body lotion,
0083078005238,3,haircare,pomade,True,"Carmex Leppepomade Stick 4,25g",
8901526005208,2,skincare,face wash,True,Garnier Skin Naturals Vitamin C Face Wash,
8001841410739,1,haircare,shampoo,True,Head&Shoulder Shampoo Deep Hydration Coconut 250ml,
8001090719126,1,haircare,shampoo,True,Aussie Shampoo Miracle Moist 90ml,
8964001078685,1,skincare,face wash,True,face wash,
0001090406002,1,haircare,curl,False,Professional styling perfect curl,
0041520035585,1,skincare,body wash,True,body wash,
3600530559923,1,makeup,lipstick,True,Maybelline Color Sensational Lipstick Choco Cream,
4005900283252,3,makeup,cleansing wipe,True,NIVEA Sensitive Cleansing Wipes 25 stk,
3600542318297,1,haircare,shampoo,True,Fructis Shampoo Hair Food Aloe Vera 350ml,
0630606640432,1,haircare,shampoo,True,Car wash shampoo sun,
0015228134109,1,haircare,conditioner,True,Apgogee Provitamin Conditioner,
9310263001616,1,skincare,moisturising,False,keri moisturising lotion,
4061463593023,2,haircare,shampoo,True,lacura anti-dandruff moisture shampoo,
0812459021242,1,makeup,gloss,True,Glossier Body Hero Daily Perfecting Cream,
0884486452986,1,haircare,shampoo,True,Shampoo,
0041167043707,1,skincare,hand cream,True,gold bond hand cream,
0667558549919,1,skincare,hand soap,True,purfext pumpkin bath and body hand soap,
7909189135905,1,skincare,exfoliant,False,Gel exfoliante facial micelar,
5060130443530,1,skincare,shower gel,True,Reviving shower gel,
8001841004358,1,haircare,shampoo,True,Head & Shoulder Shampoo Supreme Repair 225ml,
0096619042319,2,haircare,conditioner,True,Kirkland Moisture Conditioner,
5391532522319,1,haircare,shampoo,True,luna shampoo,
3760091902290,1,skincare,hand cream,True,insitut karite hand cream,
0022400393650,2,haircare,shampoo,True,TRESemmé Moisture Rich Shampoo,
8437017753162,1,skincare,hand cream,True,Repairing Hand Cream,
0811068011583,1,skincare,body wash,True,dr teals body wash,
0012044046081,1,haircare,shampoo,True,old spice lavender shampoo,
0850005417163,2,haircare,curl,False,weightless air dry cream by curlsmith,
0857843008720,1,skincare,face mask,True,love hemp Uncle Bud's organic hemp oil rose gold face mask,
8714789913865,3,skincare,deodorant,True,Sanex Dermo 24h deodorant,
5045097777027,1,skincare,hand cream,True,boots hand cream,
8806358569716,2,skincare,collagen,False,Collagen lab mask,
0041520867957,1,skincare,body wash,True,body wash,
988010630504861790,1,haircare,conditioner,True,curl therapy conditioner wash,
0681131052481,1,skincare,sensitive skin,False,sensitive skin equate,
0803954302059,1,haircare,shampoo,True,dr groot shampoo,
0036800339071,1,skincare,body wash,True,top care  sensitive skin nourishing body wash,
7937378068536,1,skincare,face wash,True,Elibliss ubtan face wash,
0810400031180,2,skincare,vitamin c,False,Vitamin C ferulic acid,
07940736,3,haircare,shampoo,True,Dove shampoo,
0190679004789,1,skincare,body wash,True,Hair & Body Wash,
0603084491254,2,haircare,shampoo,True,Garnier fructis shampoo,
01910124,2,haircare,argan oil,False,Jergens Deep Restoring Argan Oil Infused,
8429421444118,2,haircare,shampoo,True,Frizz control shampoo,
0066400172815,2,haircare,conditioner,True,Total Miracle 3 Minute Miracle Conditioner w/ Apricot,
8430321719411,1,skincare,aloe vera,False,Gel de baño aloe vera y bambu,
77948427,2,makeup,powder,False,Powder,
0037000790907,1,haircare,conditioner,True,Old Spice Beard Conditioner,
8435268322939,1,haircare,curl,False,"Gel activador de rizos, sublimador curl",
8414719408125,1,skincare,mist,False,Body & hair biphasic mist,
0792850110007,1,skincare,lip balm,True,lip balm,
0884486226761,2,haircare,shampoo,True,shampoo,
5012874101627,2,makeup,bronzer,True,Rimmel Natural Bronzer,
8809479161999,2,skincare,sheet mask,True,Deep cleansing sheet mask,
0667555509497,1,skincare,body cream,True,b&bw champange toast body cream,
0812154034943,1,skincare,body wash,True,Native body wash,
5397256349409,1,makeup,lipstick,True,Primark Red Lipstick,
9346627000209,1,haircare,shampoo,True,shampoo,
0079400488862,1,haircare,shampoo,True,suave lemongrass & ginger shampoo,
0071164343135,1,haircare,shampoo,True,charcoal shampoo,
0792850164000,1,skincare,lip balm,True,Moisturizing Lip Balm,
04924685,1,skincare,shave,False,Men care aftershave balm,
4021457634019,1,haircare,conditioner,True,Conditioner Basis Sensitiv Feuchtigkeit & Pflege,
0079400485182,1,haircare,shampoo,True,suave catus shampoo,
4064666036267,2,haircare,shampoo,True,wella elements shampoo,
0855553005305,1,haircare,shampoo,True,SoCozy kids Curl Shampoo,
7500435155892,1,haircare,keratin,False,Tratamiento reparador de keratina bambú,
0886284901147,1,haircare,shampoo,True,pet head coconut shampoo,
3797970110996,1,skincare,lip balm,True,burts bee lip balm,
0681131412063,1,skincare,body wash,True,Body Wash,
4088600292533,1,skincare,shower cream,False,Lacura sensitive shower cream,
0022796901217,2,haircare,conditioner,True,Coconut Miracle Oil conditioner,
0381519039300,2,skincare,essence,True,herbal essences mousse,
0309971335051,2,makeup,full coverage,False,revlon colorstay full coverage,
9327693007576,1,skincare,blemish,False,Blemish control,
0450461314411,1,skincare,aloe vera,False,Gel de baño aloe vera,
4063707940136,1,skincare,creme,False,Handcreme Granatapfel & Arganöl,
7798317822837,2,makeup,blush,True,Blusher,
7896018700307,3,haircare,shampoo,True,Shampoo,
5057172099047,2,skincare,cleanser,True,Vitamin C Facial Gel Cleanser,
0079400470874,2,haircare,shampoo,True,suave professionals rosemary and mint shampoo,
0081555660147,3,makeup,lipstick,True,lipstick hydrating,
0667555509459,1,skincare,shower gel,True,b&bw champange toast shower gel,
8902979002035,1,haircare,shampoo,True,Chik shampoo,
0030772166598,1,haircare,shampoo,True,shampoo,
00898311,1,makeup,foundation,True,Covergirl Trueblend Hydrating Foundation,
15217158,1,haircare,shampoo,True,ocean shampoo,
12777046,1,haircare,shampoo,True,ocean shampoo,
0022400639130,2,haircare,conditioner,True,Conditioner,
08228895,1,haircare,shampoo,True,shampoo,
3605972336309,1,skincare,anti-aging,False,uper Multi-Corrective Anti-Aging Cream for Face and Neck,
0021130746583,1,skincare,body wash,True,signature care sensitive skin body wash,
8850006533000,1,skincare,shower gel,True,Body Wash Shower Gel Naturals Milk & Honey 1L,
8901138512187,1,skincare,face wash,True,HIMALAYA NEEM.FACE WASH 50ML,
05771127,1,haircare,shampoo,True,shampoo,
0810001524432,1,haircare,scalp,False,Scalp Relief Tea Tree,
0079400468277,5,skincare,antiperspirant,True,even tone rejuvenating blossom antiperspirant,
3560071421175,1,skincare,savon,True,Savon de Marseille en paillettes,
8809581074767,2,skincare,toner,True,I'm from Rice Toner,
8001090662057,3,haircare,shampoo,True,SHAMPOO,
07484414,1,skincare,face mask,True,superdrug tropical cocktail face mask,
0036800064478,1,skincare,body wash,True,Top Care Deep moisturizing nourishing body wash,
0849525089387,1,skincare,razor,False,razors,
4005900512192,1,skincare,body lotion,True,Body lotion,
9005800352220,1,skincare,deodorant,True,Fresh active deodorant,
3574661684918,1,haircare,conditioner,True,Kids Conditioner,
4305615914329,1,skincare,creme,False,Med Zahncreme,
4005900612663,1,skincare,shave,False,After Shave Balsam,
4006000079356,1,skincare,shave,False,After Shave,
4005900935502,1,skincare,creme,False,Nachtcreme,
9005800273389,1,skincare,cleanser,True,Nivea 5n1 cleanser 2yrs prod,
8904256000956,2,skincare,shower gel,True,Nivea shower gel,
8998866108867,1,skincare,deodorant,True,posh deodorant blue,
6281006534933,1,haircare,shampoo,True,shampooing botanix nourish tresemmé,
0080878195633,1,haircare,shampoo,True,pantrne classic clean shampoo and conditioner,
7340011315261,1,haircare,shampoo,True,Shampoo 2in1,
8901138508166,1,skincare,body lotion,True,himalaya nourishing body lotion 400 ml,
6291103988515,1,haircare,conditioner,True,Shea Hair Conditioner 2yrs prod,
8904281900450,1,haircare,shampoo,True,SHINOL Herbal shampoo,
0079400002105,1,haircare,shampoo,True,dove shampoo,
0603084545261,1,haircare,shampoo,True,shampooo,
0792850660779,1,skincare,lip balm,True,Shea + Passionfruit Lip Balm in Paper Tube,
8809577461175,1,skincare,blemish,False,Anti Blemish,
4897083800179,1,haircare,hair mask,True,water collagen hair mask,
8834000024214,1,skincare,deodorant,True,Deodorant roll on,
4008666750389,1,haircare,shampoo,True,Shampoo,
7066307375947,1,skincare,creme,False,Handcreme,
7611414003889,1,skincare,creme,False,Handcreme,
4311501795538,1,haircare,shampoo,True,Shampoo,
6010659994906,1,haircare,shampoo,True,Bio Vegan Rosmarin Shampoo mit Biotin,
8436097096060,1,haircare,shampoo,True,Family shampooing fresh délice,
8720181238406,1,haircare,keratin,False,Liso keratina,
0884486453617,1,haircare,shampoo,True,Scalp Relief Shampoo,
6921199175727,1,skincare,soothing,False,Aloe Vera soothing creme,
5904913544826,1,skincare,crème,False,crème balsam pantenol aloe,
0815600029272,1,skincare,lip balm,True,Izme lip balm oil,
0041388007816,1,skincare,lip balm,True,Blistex regular lip balm,
12094585,1,skincare,lip balm,True,Burts bees lip balm,
8001280049989,1,skincare,lip balm,True,Labrosan lip balm,
00813745,1,skincare,lip balm,True,Chap Ice Kiwi Lime Lip Balm,
2200281138364,3,makeup,primer,True,Glow Primer,
2000000151844,1,skincare,serum,True,Counter+ All Bright C Serum,
2000000151845,1,skincare,sunscreen,True,Native Unscented Mineral Sunscreen SPF 30,
2000000151846,1,makeup,mascara,True,Limitless Lash Mascara,
2000000151847,1,skincare,moisturizer,False,Squalane + Probiotic Gel Moisturizer,
2000000151848,1,skincare,sunscreen,True,Clear Zinc Mineral Sunscreen SPF 40,
2000000151849,1,skincare,moisturizer,False,Green Apple Firming Body Moisturizer,
2000000151850,1,skincare,sunscreen,True,Sensitive Mineral Sunscreen SPF 30,
2000000151851,1,haircare,smoothing,False,Texture Smoothing Cream,
2000000151854,1,skincare,sunscreen,True,Green Defense Daily Mineral Sunscreen SPF 30,
2000000151855,1,skincare,sunscreen,True,Baby Face Mineral Sunscreen SPF 40,
2000000151856,1,skincare,moisturizer,False,Stem Cellular Anti-Wrinkle Moisturizer,
2000000151857,1,skincare,sunscreen,True,Mineral Sunscreen Stick SPF 30,
8903105020473,1,skincare,body lotion,True,Yardley London body lotion lavender 400ml,
4015100292152,1,haircare,shampoo,True,schauma shampoo,
7702277074663,1,haircare,shampoo,True,shampoo bebe cuidado,
8901030705847,1,haircare,shampoo,True,shampoo,
6281006438804,1,haircare,shampoo,True,Clear Shampoo,
6281006424647,2,haircare,shampoo,True,Sunsilk Shampoo,
3600542563895,2,haircare,shampoo,True,Color shampoo,
7310181582138,1,haircare,shampoo,True,Gliss Shampoo Color Protect 250ml,
8001090263070,1,haircare,shampoo,True,Head & Shoulder Shampoo Instant Dry Scalp 250ml,
8710447365489,1,haircare,shampoo,True,Love Beauty & Planet Shampoo Hope & Repair 400ml,
30175570,1,makeup,concealer,True,Maybelline Concealer Superstay 24H Medium 25,
3600530746576,1,makeup,foundation,True,Foundation Fit Me Natural Beige 220,
3600531589325,1,makeup,lipstick,True,Maybelline Lipstick Color Sense Copper Charge 166,
70117073,1,haircare,shampoo,True,Define Dry Shampoo Orginal 50ml,
8714789703015,2,skincare,bar soap,True,Bar soap,
6291069651034,4,haircare,hair oil,True,Cactus hair oil,
4015100292091,1,haircare,shampoo,True,Shampoo,
5060669897019,3,skincare,lip mask,False,Lip mask,
6281006524170,1,haircare,shampoo,True,Dove moisturizing shampoo,
2099950146140,2,skincare,mist,False,Summer love body mist,
3600542513241,2,skincare,serum,True,Garnier Pure Active Charcoal Serum 30mL,
8720181031632,1,skincare,deodorant,True,Deodorant,
8720181166389,1,haircare,shampoo,True,Axe shampoo,
3770000717570,1,skincare,spf,False,Lait solaire à l'huile d'abricot bio SPF 30,
8906118414215,4,skincare,toner,True,Plum Rice Water & Niacinamide 3% Toner,
3574661681108,1,skincare,savon,True,Savons soin surgras Beurre de karité,
3600542525879,4,haircare,shampoo,True,Après shampooing apaisant hypo allergénique,
4066447438437,1,skincare,creme,False,Urea Handcreme,
8436097095858,2,skincare,douche,False,Gel de douche proteine de lait,
8711218979126,1,skincare,crème,False,Sudocrem Multi expert,"Sudocrem Multi-Expert Crème verzacht en beschermt, bevat hypoallergene Lanoline en beschermt je huid tegen invloeden van buitenaf."
8436097095865,3,skincare,douche,False,Lait de douche rose,
8901088210393,2,skincare,aloe vera,False,Parachute Aloe Vera,
0074182290948,5,skincare,hand soap,True,"Liquid Hand Soap Pump, Milk & Golden Honey",
8809733218223,1,skincare,toner,True,Snail Collagen Toner,
3574661750644,1,skincare,savon,True,gel lavant mains au pur-savon et lavande,
5906439040066,1,skincare,lip balm,True,lip balm strawberry aloe shea butter,
3660005726762,1,skincare,hydratant,False,crème mains hydratante framboise et menthe poivrée,
0840191600890,3,haircare,conditioner,True,monday conditioner,
3660005139654,1,makeup,correcteur,True,Correcteur couleur,
9000101657593,2,haircare,shampoo,True,Shampoo & balsam,
2130078963216,2,skincare,aloe vera,False,Șampon cu aloe vera și ulei de măsline,
42417286,4,skincare,creme mains,True,Creme Mains,
6221155130792,1,skincare,body wash,True,Body wash,
8997208072361,1,skincare,sunscreen,True,Hydrasoothe Sunscreen Gel SPF 45 PA ++++,
0663234078650,1,makeup,nail polish,True,Nail Polish,
5029066078520,1,haircare,conditioner,True,Conditioner,
5010724001455,1,haircare,shampoo,True,Trockenshampoo 24h Fresh,
4066447276787,1,haircare,shampoo,True,Trockenshampoo Honululu,
5010724527399,1,haircare,shampoo,True,trockenshampoo,
5010724544099,1,haircare,shampoo,True,Trockenshampoo,
4066447376470,2,haircare,shampoo,True,Trockenshampoo braun,
4316268666008,1,haircare,shampoo,True,Trockenshampoo braun,
4066447068917,1,haircare,shampoo,True,Trockenshampoo coconut,
3600542232616,1,haircare,shampoo,True,Trockenshampoo Coco Water Duft,
6004077101015,1,skincare,serum,True,Gentle magic serum 50mls,
4059729302892,1,makeup,lip gloss,True,Extreme Shine Lip Gloss 101,
8700216437219,5,haircare,shampoo,True,Purple Shampoo,
0609332833753,1,skincare,lip balm,True,Ride or Die Lip Balm,
8436576500804,1,makeup,eyeliner,True,Double eyeliner,
0609332216518,1,makeup,eyeliner,True,elf eyeliner pen,
8436003655565,1,makeup,eyeliner,True,Eyeliner,
0850035716038,1,makeup,eyeliner,True,kulfi eyeliner crayon kajal,
8480000410573,1,makeup,eyeliner,True,Intense eyeliner,
0041554578607,1,makeup,eyeliner,True,Hyper Easy Eyeliner,
0609332813373,3,makeup,eyeliner,True,No Budge Retractable Eyeliner,
8700216085878,4,haircare,curl,False,Pantene curlastic,
8411047143155,3,skincare,aloe vera,False,Gel de ducha aloe vera Instituto Español,
4066447161656,1,skincare,aloe vera,False,Aloe Vera After Sun Gel,
6937914925058,1,skincare,aloe vera,False,Gel d'aloe Vera,
5600170025855,1,skincare,aloe vera,False,Gel aloe vera,
3596710524297,1,skincare,crème,False,Crème pieds,Crème pieds
3253581565940,1,skincare,scrub,False,Radiance scrub,
3253581286128,3,skincare,hand cream,True,Cherry blossom hand cream,
3253581479919,1,skincare,crème,False,Crème ultra riche corps,
3253581239452,1,skincare,crème,False,crème  précieuse,
3596710524334,1,skincare,hydratant,False,Crème mains hydratante,Crème mains hydratante
6281031260425,1,haircare,shampoo,True,Pert deep nourishment shampoo 2yrs prod,
8901030996146,1,haircare,shampoo,True,Dove rescue hair fall SHAMPOO,
0810137461267,9,skincare,peptide,False,colostrum & collagen peptides,
0056699160006,3,skincare,uva,False,Gel buvable,
3052503603124,1,makeup,primer,True,MATE Primer,
0887167665781,1,makeup,lipstick,True,estee lauder lipstick,
3337875694469,1,skincare,serum,True,Retinol serum B3,
0681131121293,1,skincare,body oil,True,Body Oil Gel,
8700216200905,5,haircare,shampoo,True,Shampooing réparation huile d'argan,
8858854602718,1,skincare,sun protection,False,Face & body sun protection. sun cream with vit E,
8250722207016,2,skincare,sunblock,True,Advance Sunblock. Face & Body cream,
0688047132702,1,haircare,curl,False,defining curl talk cream,
8720181514746,2,haircare,keratin,False,Champú Liso Keratina,
7613312344903,1,makeup,poudre,False,Poudre pour bebé,
3499320013918,1,skincare,hydratant,False,Crème hydratante peaux sensibles,
8414227659491,2,haircare,shampoo,True,amalfi pro hair shampoo,
4009175963093,1,skincare,aloe vera,False,Crème lavante mains aloe vera,
5901887042006,2,haircare,shampoo,True,Argan & Tsubaki Oil Shampoo,
3337875761123,1,skincare,hydrating,False,HYDRATING LOTION ULTRA PROTECTION ULTRA RESISTANT very water + sweat resistant. Sensitive dry skin. Non-perfumed. -75% PLASTIC 50+. PA++++ UVB + UVA 250 ml Made in France,
3337875684095,4,haircare,smoothing,False,Sa smoothing cream,
0883140023418,1,skincare,sunscreen,True,physical fusion uv defense spf 50 sunscreen,
3337875674997,2,skincare,micellar,True,Mineral micellar water,
3337875804431,1,skincare,anti-transpirant,False,Anti-transpirant,
3337875762908,2,skincare,serum,True,Vichy Mineral 89 serum 30ml,
3337875795456,3,skincare,cleanser,True,SA Smoothing Cleanser,
3337875757614,2,skincare,creme,False,Toleriane ultra creme,
3337875787192,1,haircare,shampoo,True,Dermatological shampoo,
3337875660570,1,skincare,serum,True,vitamina c serum 10,
8901088054973,1,haircare,hair oil,True,Parachute Gold Hair Oil,
8901088069724,1,haircare,hair gel,True,Set wet sport extreme hair gel,
8901088064576,3,skincare,body lotion,True,parachute body lotion coconut milk & honey 400ml,
8901088022514,1,haircare,hair cream,True,Parachute gold natural shine hair cream,
8901088076104,4,haircare,hair oil,True,Jasmine,Hair Oil
8901088064644,1,skincare,body lotion,True,Body Lotion,
0062600316646,2,skincare,body wash,True,Restorative Skin Therapy Sulfate-Free Body Wash,
0062600293404,1,skincare,scrub,False,lemon zesty scrub,
8700216000185,2,skincare,creme,False,Zahncreme Pro Expert,
8700216155991,1,haircare,shampoo,True,Shampooing Classic 2en1 Anti-Pellicullaire,Shampooing
3378872187981,3,skincare,lait corps,True,Lait corps hydratant,
3378872141587,1,skincare,hydratant,False,Voile hydratant fraîcheur corps,
0639277319289,1,makeup,nail polish,True,Nail polish 948,
7909189190478,1,skincare,serum,True,Serum nutrición absoluta,
3600551154985,1,skincare,deodorant,True,deodorant,
3600551033242,1,skincare,body lotion,True,Hyaluro Fresh Body Lotion,
3600551145969,2,skincare,déodorant,False,Déodorant Narta Efficacité 48h,
3600551053707,1,skincare,gel douche,True,Gel douche hydratant Grenade des Açores,
3600551147222,3,skincare,crème,False,La crème,
3600551042107,5,skincare,hydratant,False,crème hydratante corps 400ml,
3600521230435,1,makeup,gloss,True,L'Oreal Cream Gloss 2yrs prod,
0850533003654,1,makeup,gloss,True,gloss moderne,
8994452390289,1,makeup,gloss,True,BASE - GLOSS  & GO LIP TINT,
0850006928040,1,makeup,lip gloss,True,Lip Gloss Candy,
0818324024950,1,makeup,gloss,True,Winky gloss pH gloss,
6970802592123,1,makeup,lip gloss,True,qibest matte lip gloss,
4066447365641,1,haircare,shampoo,True,After sun shampoo,
5025135113918,1,skincare,moisturizing,False,Malibu Moisturizing After Sun Spray,
4058172674570,1,skincare,creme,False,fusscreme,
4005800034329,3,skincare,crème,False,Crème mains,
4005800098833,1,skincare,body lotion,True,Nivea Rich Firming Q10 + Vitamin C Body Lotion 400mL,
4005800238963,3,skincare,sunscreen,True,sunscreen,
3264680034534,2,makeup,correcteur,True,Nuxuriance Ultra Le Soin Mains Correcteur de Taches,
20009922,2,makeup,eyebrow,True,eyebrow styler,
0056594014169,1,skincare,cleanser,True,Eucerin Aquaphor Cleanser Wash & Shampoo,
5045098681170,1,skincare,serum,True,Hyaluronic Acid Serum,
6221068201848,1,skincare,douche,False,Vaginal douche powder,
4005900786470,5,skincare,serum,True,LUMINUS Serum,
4005900973924,1,skincare,serum,True,Derma Skin Clear Nacht Peeling Serum,
4005900583116,1,makeup,lipstick,True,Labello Lipstick Crayon Red,
4005900583079,1,makeup,lipstick,True,Labello Lipstick Crayon Nude,
4005900522023,1,skincare,shower gel,True,Nivea Men Deep Clean Shower Gel 250ml,
4005900195708,1,skincare,face wash,True,Purifying Face Wash,
3600551125237,1,haircare,cheveux,False,Cadum Gel corps et cheveux hypoallergenique sans sulfate,
8809913830177,1,skincare,eye cream,True,SKIN1004 Madagascar Centella Probio-Cica Bakuchiol Eye Cream,
3401360148222,2,skincare,gel douche,True,Gel douche surgras visage corps cheveux,
23303065,3,skincare,creme,False,Spezialzahncreme Intensiv Weiß / Sensitiv Weiß,
0344446397615,3,makeup,powder,False,collaten powder,
3250391571642,1,skincare,lait corps,True,Lait corps Réparateur,
5745000460687,1,skincare,creme,False,creme para as mãos,
4305615848877,2,skincare,anti-aging,False,Anti-Aging Mask,
21728242,1,haircare,shampoo,True,Trockenshampoo,
4006000004662,1,skincare,peel,False,Waschpeeling,
4061464172845,1,skincare,peel,False,Waschpeeling,
4305615608686,1,skincare,peel,False,Peeling Aktiv Kohle,
8436037792939,1,skincare,creme,False,Boddy Creme,
4305615651453,1,skincare,booster,True,Gesichtsmaske Hydro Booster,
8001841208770,1,haircare,shampoo,True,Head & Shoulders Shampoo Apple Fresh 2x280ml,
8001090263032,1,haircare,shampoo,True,Head & Shoulders Shampoo 2I1 Classic Clean 250ml,
7702018970285,1,skincare,shave,False,Gillette Sensitiv Balm Aftershave 100ml,
7702018544585,1,skincare,shave,False,King C Gillette Barberhøvel Shave & Edging,
8001090429827,1,haircare,shampoo,True,Head & Shoulders Shampoo Apple Fresh 280ml,
8001090639738,1,haircare,shampoo,True,Head & Shoulder Shampoo Deep Cleansing 225ml,
8001090195852,1,haircare,shampoo,True,Head & Shoulders Shampoo Classic Clean 2x280ml,
8001090698384,1,makeup,lash,False,Pampers Splashers S4-5 9-15kg 11stk,
8001090639585,2,haircare,shampoo,True,Head & Shoulder Shampoo Men Ultra Total Care 225ml,
8001090384034,1,haircare,shampoo,True,Head & Shoulder Shampoo Classic Clean 90ml,
3661467000704,1,skincare,nettoyant,True,mousse nettoyante,
0077043104507,2,skincare,scrub,False,Oil-Free Acne Control Apricot Face Scrub,
4056489128274,1,haircare,shampoo,True,"Nature's best, shampoo",
6009626121148,2,skincare,moisturizer,False,Moisturizer,
3600551100791,3,skincare,lait corps,True,Lait corps hydratant,
8411135008755,5,skincare,lait corps,True,Lait Corps Nourrissant pour (Peau Normal-sèche) - 250 ml,
42419785,1,skincare,creme,False,Handcreme,
3474636505654,2,haircare,shampoo,True,Professionnel Serie Expert - Density Advanced Omega 6 Bodifying Shampoo,
50991303,1,haircare,hairspray,True,Satin extra strength hairspray 75ml,
30165120,1,haircare,volume,False,Tecni art full volume,
3610340662775,1,skincare,serum,True,L'Oreal Paris glycolic bright serum,
3760100685145,1,haircare,shampoo,True,shampooing amande,
3470320300024,1,skincare,gommage,False,Gommage,
3760157090558,1,skincare,savon,True,Savon d’Alep,
3760061222984,1,skincare,savon,True,Savon d’Alep huile de nigelle,
3517360019681,2,skincare,lait corps,True,Lait corps EXTRA DOUX,
0667557641058,1,makeup,lash,False,Bare vanilla splash,
3660005015699,4,skincare,hydratant,False,hydravegetal masque hydratant,
6978534101088,1,makeup,setting spray,True,Makeup setting spray,
3600542461870,5,haircare,shampoo,True,Ultra Doux Shampoo,
0764302231547,4,haircare,conditioner,True,Shea Moisture Manuka Honey & Yogurt Conditioner,
4337256438131,2,skincare,vitamin c,False,Zink + Vitamin C Mit Depot-Wirkung,
42219439,1,skincare,lip balm,True,eucerin lip balm,
0010181000089,1,skincare,lip balm,True,Lip Balm Cocoa Butter Formula,
0792850900936,2,skincare,lip balm,True,Cucumber Mint Moisturizing Lip Balm,
0079656046625,1,skincare,sunscreen,True,banana boat sunscreen lip balm,
0305210464728,1,skincare,creme,False,Vaseline lip therapy creme brulee,
8993137715508,1,skincare,lip mask,False,lip mask,
5045273864220,1,skincare,lip balm,True,tresspass strawberry lip balm,
0724742008369,1,skincare,lip balm,True,Alba Passion Fruit Lip Balm,
0888761000138,1,skincare,lip balm,True,moisture therapy lip balm,
0792850892293,1,skincare,lip balm,True,Vanilla bean lip balm,
0840044700845,1,skincare,lip balm,True,Super Soft Shea Lip Balm,
6009515606176,1,skincare,aloe vera,False,Dis-Chem Lip Therapy Aloe Vera 10ml,
5056379590616,1,skincare,hydrating,False,hydrating shampoing Christophe robin,
3273816860244,1,skincare,hydratant,False,Neutraderm gel crème hydratant dermo apaisant,
6928001839167,2,skincare,collagen,False,Collagen,
8006540945162,1,skincare,creme,False,Blend-a-med Classic Zahncreme,
8719134155877,2,skincare,douche,False,Mousse de douche,
3616305448422,2,skincare,shower gel,True,Magic Man Shower Gel,
8428390829209,2,skincare,mist,False,Mini eau de parfum mujer Ms Mistery,
9000101658309,1,haircare,conditioner,True,conditioner with MATCHA TEA,
4066447492682,2,skincare,creme,False,Handcreme,
0615908429824,1,haircare,shampoo,True,Shampoo,
8719134163582,1,haircare,shampoo,True,Shampoo,
3560070922178,1,skincare,gel douche,True,Shampooing gel douche parfum cèdre,
8906087772491,2,haircare,hair oil,True,mamaearth ONION HAIR OIL,
0022400623924,3,haircare,hairspray,True,Heat Protecting Hairspray Keratin Smooth for Taming Frizz & Reducing,
0888853003405,3,makeup,powder,False,Athlete's Foot Spray Powder,
8411061056769,1,makeup,blush,True,Carolina Herrera Good Girl Blush - Eau de Parfum    50ml,
0080878044481,1,haircare,volume,False,Pro-V Volume & Body Mousse,
4066447110159,1,skincare,creme,False,"PH 5,5 Handcreme",
6928609066156,1,makeup,primer,True,perfecting primer,
0062600621771,1,skincare,acne,False,"Stubborn Acne Blemish Patches, Hydrocolloid Spot Treatment, Pimple Care Patch, Hypoallergenic",
0062600452306,1,skincare,moisturizer,False,"Baby Lotion - Coconut Oil Body Moisturizer - Dry Skin - Baby Skin Care Product, Fragrance Free",
0061700299989,1,skincare,sensitive skin,False,Wax Ready Strips for Sensitive Skin with White Lily,
4005808225422,1,skincare,creme,False,Nivea Creme soft soap,
6970692620197,1,skincare,aloe vera,False,Aloe Vera crogeita,
0681131224000,1,haircare,laque,True,equate antiplaque whitenimg toothpaste,
4066447107357,1,haircare,shampoo,True,shampoo,
4005900014771,1,skincare,body lotion,True,body lotion,
4005900011817,1,skincare,body lotion,True,nivea body lotion,
8719134171952,1,skincare,body lotion,True,Body Lotion mouse,
8719134173048,1,skincare,scrub,False,sugar scrub,
8719134171617,1,skincare,body lotion,True,Sakura Body lotion mouse,
8719134118094,1,skincare,scrub,False,Ritual of ayurveda Bodyscrub,
8719134160826,1,skincare,shower gel,True,Harmonising foaming shower gel - The Ritual of Ayurveda,
8719134162844,1,haircare,hair mask,True,Hair mask,
8719134152883,1,skincare,body lotion,True,Body Lotion,
8719134152593,1,skincare,creme,False,Sonnencreme 30 Gesicht,
8719134161120,1,skincare,shower gel,True,shower gel mouse,
8719134133967,1,skincare,shave,False,shave rasierschaum,
8719134162950,1,skincare,shave,False,After shave,
3600551146119,5,skincare,déodorant,False,Déodorant anti transpirant Narta biotic,
8717333101930,2,skincare,crème,False,Kruidvat Tea Tree Huidzuiverend Dag & Nachtcrème,Verzorg je onzuivere huid met de Kruidvat Originals Tea Tree Huidzuiverend Dag & Nachtcrème. Dit is een dag- en nachtcrème ineen en bevat tea tree olie.
7897515655411,2,haircare,shampoo,True,Episoothe shampoo,
4005900744562,5,skincare,crème,False,NIVEA Men Sensitive Gezichtscrème,"Nivea Men Sensitive Gezichtscrème hydrateert de mannenhuid 48 uur lang en verlicht de vijf tekenen van huidirritatie: branderig gevoel, roodheid, droogheid, trekkerig gevoel en jeuk."
3423478840652,1,makeup,poudre,False,Narciso Rodriguez Narciso Poudree - Eau de Parfum    90ml,
0381371192731,1,skincare,moisturizing,False,Aveeno Daily Moisturizing Oil Mist,
4335619057920,1,skincare,hand soap,True,Hand soap,
0309047751273,1,skincare,crème,False,Minerin Crème,
0024131482719,1,haircare,shampoo,True,ogx shampoo,
8680801502907,1,haircare,shampoo,True,baby shampoo,
6111079005095,1,haircare,shampoo,True,baby shampoo,
1005025151057,1,skincare,face wash,True,Goree face wash,
8906012844903,1,skincare,sunblock,True,sunblock cream,
8906012844958,1,makeup,foundation,True,Foundation sunblock,
8906155510345,1,haircare,shampoo,True,papaya jasood shampoo,
8809541199950,1,skincare,serum,True,purederm facial serum 2yrs prod,
0667537860530,1,skincare,body lotion,True,bath body lotion,
8902979027724,1,haircare,shampoo,True,anti dandruff shampoo,
7640157268415,1,skincare,crème,False,Crème matiskin séborégulatrice matifiante,
5060489794161,1,skincare,toner,True,Brightening toner,
8411126020292,1,skincare,shave,False,Bálsamo after shave,
8906058330064,1,skincare,spf,False,Fix derma shadow spf30+ gel,
8410757956628,1,skincare,aloe vera,False,Crema de aloe vera,
0062600650870,1,skincare,moisturizing,False,Aveeno Daily Moisturizing Cream,
8436097095148,1,skincare,déodorant,False,déodorant,
6942349737398,1,skincare,eye cream,True,rice raw pulpo eye cream,
3532663067061,1,makeup,rouge à lèvres,True,rouge à lèvres,
8906110132636,1,skincare,toner,True,Natural Ceremide Toner The moms co,
0812256024194,4,skincare,mist,False,Body mist,
5020465202592,3,skincare,moisturising,False,Moisturising Lotion,
3600524135690,1,makeup,gloss,True,Glycolic Gloss,
3701533301714,1,skincare,déodorant,False,déodorant dermo sensible Anri-transpirant,
4067796080438,1,skincare,creme,False,Cremeöl-Lotion INTENSIV,
8714789880556,3,haircare,shampoo,True,shampoo con aloe vera palmolive,shampoo
3662217018130,4,skincare,crème,False,crème de nuit,
0728947000067,1,makeup,long lasting,False,Breath Drops - Long Lasting Peppermint,
0840044706915,1,skincare,hand cream,True,Shea better ultra dream hand cream,
0890650593542,1,skincare,body wash,True,Banjara's Aloe Vera Body Wash,
3760100682786,1,skincare,gel douche,True,gel douche,
3549620080001,5,haircare,cheveux,False,Gel lavant douceur Corps & Cheveux,
6529620373836,1,makeup,lipstick,True,lipstick,
3596710552542,5,skincare,gel douche,True,Gel douche parfum amande,Gel douche parfum amande
3250391444175,3,haircare,shampoo,True,Shampooing très doux,Shampooing
7611916124877,2,skincare,scrub,False,Pearl scrub,
4006000091990,1,skincare,lait corps,True,Lait Corps Nourissant 72h,
3327520004019,1,haircare,curl,False,Acticurl,
3760155218022,1,skincare,collagen,False,COLLAGENE MARIN,
8480000226297,3,haircare,curl,False,Champú Curl Perfect,
3600542462983,1,haircare,conditioner,True,Ultimate Blends Reconstructing Conditioner,
5600360018261,1,skincare,creme,False,Barral - creme gordo MotherProtect,
3306360022476,1,makeup,poudre,False,Lessive en poudre ultra concentrée,
3574661411453,3,skincare,crème,False,Daktarin Crème 2%,Voetschimmel behandel je eenvoudig en doeltreffend met Daktarin Voetschimmel Crème. Daktarin Crème bevat het schimmeldodende middel miconazolenitraat.
3760207117945,1,skincare,hydratant,False,MON LAIT HYDRATANT,
4068134024862,1,skincare,creme,False,Zahncreme BIO-Kräuter (Fluoridfrei),
5045098750029,1,makeup,cleansing wipe,True,Sensitive Skin Cleansing Wipes,
4801010652106,1,skincare,moisturizing,False,Skin Relief Moisturizing Lotion,
4005808278268,1,skincare,body lotion,True,Nivea express hydration  body lotion,
3760368741577,4,skincare,déodorant,False,Respire déodorant stick rose pivoine,
3574661527925,2,skincare,hand cream,True,Hand Cream,
6973098892427,1,skincare,aloe vera,False,Aloe vera eye mask,
06260067,1,skincare,creme,False,Creme protetor muda fraldas,
3660005591858,1,haircare,cheveux,False,Vanille bourbon brume parfumée corps et cheveux,
8718951564343,1,skincare,pore,False,Dentifricio Triple action sapore doppia menta,
6192017342755,1,skincare,déodorant,False,Déodorant,
3760016580435,1,skincare,crème,False,Crème de l'apicultrice,
7707232173764,1,skincare,body wash,True,Smooth &renew body wash,
8002410012064,1,skincare,déodorant,False,Déodorant,
6402706253119,1,skincare,visage,False,Blanchiment du visage,
3031500311614,1,skincare,spf,False,Isispharma uveblock spf50 medium,
8809626568251,1,skincare,spf,False,Atomy absolute BB no.23 spf 50,
8411047101551,1,haircare,panthenol,False,Manos Perfectas con Panthenol,
3600550944365,1,haircare,laque,True,Extrême laque,
0620554002802,1,skincare,propolis,False,propolis,
3574661678368,1,skincare,savon,True,Savon,
8809784600398,5,skincare,soothing,False,Soothing Cream,
3760265840939,1,skincare,hydratant,False,Fluide hydratant,
3600551151618,1,skincare,déodorant,False,Déodorant cologne 48h,
8714100019801,1,skincare,deodorant,True,Xtra cool (deodorant),
8719238028244,1,haircare,conditioner,True,Conditioner restoring broken hair bonds,
6976623802281,1,skincare,eye cream,True,retinol eye cream stick,
3596200625114,1,skincare,déodorant,False,Déodorant Spray,
3600551072098,1,skincare,déodorant,False,Déodorant tonique 24h stick large,
3760075072056,1,skincare,moisturizing,False,Face & body Moisturizing Cream,
8904256009966,1,skincare,body lotion,True,Body lotion with Aloe Protection,
8428076006290,1,skincare,creme,False,veet expert creme axilas 100ml,
3760368740754,1,skincare,déodorant,False,Déodorant stick Menthe Eucalyptus,
8809624507009,1,skincare,sheet mask,True,Mirabelle sheet mask,
3178041351966,1,skincare,uva,False,Vaisselle dégraissant Fraise des Bois & Menthe Sauvage,
4066447776515,6,skincare,creme,False,Kräuter Zahncreme,
4061459873658,1,skincare,creme,False,Cremedusche Creme Soft,
8714319236198,1,skincare,body butter,True,Therme Zen White Lotus Bodybutter,Geef je huid een ultieme zijdezachte verrijking met Therme Zen White Lotus Body Butter. De subtiele inspirerende geur van de witte lotus zorgt ervoor dat je lichaam en geest de perfecte balans bereikt.
3519590214393,3,skincare,savon,True,Savon de Marseille olive (vert) - Etui + film recyclable 600g,
5060489796189,2,skincare,toner,True,Hydrating Milky Toner,
3600551146423,1,skincare,anti-transpirant,False,Anti-transpirant Invisimax efficacité 48h,
4061458200677,1,skincare,hygiene,False,Hygiene-Reiniger - Küche,
8904417307269,1,skincare,sunscreen,True,1% hyaluronic sunscreen Aqua gel,
4103040895530,1,skincare,face wash,True,sebamed face wash,
8901088064590,2,skincare,body lotion,True,Parachute Body Lotion 400ml liquid,
8436097096299,1,skincare,deodorant,True,Deodorante 48H Olio di mandorle dolci,
3517360027761,1,makeup,correcteur,True,Sérum correcteur éclat,
8700216185332,5,haircare,curl,False,Work That Curl Cream,
4059729446794,2,makeup,blush,True,Blush Crush,
3574661700946,1,skincare,crème,False,Petit Marseillais Crème Lavante Mains Lait d'Amande Douce (Recharge) - 250 ml,recharge crème lavante
0764302019596,1,skincare,hydration,False,Shea moisture intensive hydration masque,
3666057216503,1,skincare,cleanser,True,Hydrating Gentle Foaming Cleanser,
0850001316736,2,skincare,toner,True,Toner,
8540661537436,1,haircare,shampoo,True,Shampooing Nutrition Intense,
9318637042241,1,skincare,moisturising,False,Moisturising Lotion,
4058172830822,1,skincare,creme,False,Creme Öl Dusche,
4056489970200,1,skincare,aloe vera,False,Crème de jour aloe vera chien,
3801017001595,1,skincare,vitamin c,False,Vitamin C Age Pro,
0088010393077,1,makeup,correcteur,True,Sérum correcteur éclat,
0289512393507,1,skincare,crème,False,Crème intensive éclat,
3574661264974,1,skincare,creme,False,Creme SOS,
5901887002123,2,skincare,hand cream,True,Olive oil hand cream,
9000101207453,1,haircare,shampoo,True,Anti Fett Shampoo,
5056175904327,1,skincare,mist,False,Eye Mist Spray,
5901887028949,1,skincare,hand cream,True,Hand cream,
4015100190465,1,haircare,hairspray,True,Hairspray,
3616303185855,1,makeup,lip liner,True,Lip liner,
3337875884389,1,skincare,crème,False,Crème Moussante,
4059729447036,1,makeup,concealer,True,I Love flawless skin concealer,
8410104274160,1,skincare,creme,False,Creme depilatoir,
8809115021793,1,skincare,serum,True,Hamel Pure Shot Serum,
3282770037531,1,skincare,visage,False,"Gel moussant, visage et corps",
9310692429241,1,haircare,conditioner,True,Conditioner,
8720674242279,1,skincare,spf,False,Kruidvat Derma SPF30 Hydraterende Dagcrème,
2000004089221,1,skincare,serum,True,serum be beauty ácido hialuronico 30ml,
3474636628902,1,haircare,shampoo,True,Shampooing neutralisant pour blonds froids Açai Polyphenols Blondifier Cool,
8001841208701,1,haircare,shampoo,True,Spray Après-Shampooing,
4059729302915,3,makeup,lip gloss,True,Extreme Shine Lip Gloss 103,
6130548017834,1,skincare,crème,False,Crème solaire,
3337875904513,1,skincare,crème,False,CeraVe Hydraterende Oil Control Gel-Crème,
3760100203783,3,haircare,shampoo,True,shampooing monoi 1l,
3701129807835,3,skincare,cleansing oil,True,SENSIBIO CLEANSING OIL 150ml,
6192314400080,1,skincare,crème,False,Crème visage,
3401397676194,4,skincare,spf,False,Exfoliac SPF 50+,
8901138500054,4,skincare,aloe vera,False,Himalaya Aloe Vera Özlü Nemlendirici Yüz Temizleyici,
3346029995048,3,skincare,savon,True,savon de Marseille,
3600551142210,1,haircare,shampoo,True,Shampooing karité,Shampooing
3560071421625,1,haircare,shampoo,True,Shampooing purifiant thé vert/argile,
3250392602840,1,haircare,shampoo,True,Shampooing familial 2en1,Shampooing
8714789733012,2,haircare,shampoo,True,Palmolive men body hair face shampoo-gel,
5054563191489,1,skincare,creme,False,Zahncreme,
8001841636160,1,haircare,shampoo,True,Pantene Shampoo 675 Ml. Regeneriert E Schützt e,
3770019374009,2,skincare,spf,False,Crème solaire SPF 50+,
8904035422092,1,skincare,body lotion,True,Honey and Almonds Body Lotion,
3141389983038,5,haircare,shampoo,True,Shampooing,
7500312020824,1,skincare,mist,False,Cool garden body mist,
8057093533559,1,skincare,lip balm,True,Smack natural lip balm,
3660005571362,4,skincare,déodorant,False,Déodorant,
3600542536837,2,skincare,serum,True,Garnier SkinActive Vitamin C Glow Booster Serum,
6928001840170,1,skincare,face mask,True,Face Mask Aloe Vera Black Peel-Off Mask,
4260754961309,1,skincare,creme,False,Happy Hands Creme,
3600551145938,3,skincare,anti-transpirant,False,Anti-transpirant,
8720181448171,1,haircare,conditioner,True,Rich Moisture Conditioner,
4056489456940,2,haircare,shampoo,True,Shampoo,
3600530121120,1,makeup,vernis à ongles,True,vernis à ongles,
5999566330247,1,skincare,toner,True,Liquid Hydration Toner,
10101345300062204250099000003395,1,skincare,crème,False,Crème réparatrice Mains & Ongles,
3660005316239,3,skincare,hydratant,False,Crème mains hydratante,
3253581758724,1,skincare,savon,True,savon liquide - extrait de Karité,
4064666847894,1,haircare,laque,True,Laquelle Wellaflex,
4987205000034,2,makeup,powder,False,powder hair dye,
3700593604377,6,skincare,savon,True,persavon 0/,
3760368740099,1,skincare,déodorant,False,déodorant stick,
8402001016899,1,haircare,frizz,False,Tratamiento Anti Frizz,
8690131125639,1,skincare,mist,False,Farmasi wild berries bofy mist,
3348901486392,1,skincare,uva,False,Sauvage,
8809239800441,1,skincare,essence,True,Dry Essence Foot Pack,
0667556605051,1,skincare,mist,False,Romantic Body Mist 250 ml,
0072140005467,2,skincare,creme,False,nivia creme,
5060176673076,1,skincare,toner,True,rose Otto skin toner,
5943044010961,1,skincare,creme,False,Manuka Bio creme,
8806173420377,1,skincare,soothing,False,Nature Republic Aloe Vera Soothing & Moisture Gel,
5059018274120,2,skincare,hand cream,True,Hydrating hand cream,
0303160228551,1,skincare,acne,False,Acne Foaming Wash,
3337871330262,1,haircare,shampoo,True,Anti dandruff shampoo,
8906105614109,2,skincare,face wash,True,Wow Face Wash,
3401343696245,1,skincare,creme,False,Creme anti-vermelhidão sensibio ar,
7350014910479,3,skincare,collagen,False,Pure Collagen,
06555115,1,skincare,serum,True,Biome rejuvenation face serum,
6136908000324,2,skincare,mousse a raser,True,Mousse a raser,
3770005798543,1,skincare,nettoyant,True,Gel nettoyant purifiant,
8904256005166,2,skincare,face wash,True,milk delights face wash,
0660443002674,1,skincare,pore,False,Lait corporel au beurre de karité bio à l’ale vera bio,
0660051501774,1,skincare,pore,False,Lait corporel,
8006540349328,1,haircare,wave,False,Pantene perfect waves mousse,
3517360024425,1,skincare,gel douche,True,Gel douche,
8904330604384,1,skincare,face wash,True,bombay charcoal face wash 50g,
8058664138425,2,haircare,shampoo,True,Shampoo,
8032738385366,1,haircare,shampoo,True,Dermovitamina Prurito shampoo lenitivo,
4005900887146,1,skincare,crème,False,NIVEA Cellular Luminous630 Anti-Spot Teint Egaliserende Nachtcrème,
0850056288248,2,haircare,shampoo,True,"California Naturals shampoo Scalp and hair care for women and Men, coconut cleaning complex, natural, vegan, cruelty, silicone,paraben and sulfate free shampoo, all hair types",
3600551113784,1,skincare,mousse à raser,True,mousse à raser,
3522930004110,1,skincare,crème,False,vinocrush crème teintée,
4008666830005,1,skincare,creme,False,zahncreme,
7322540963298,1,skincare,aloe vera,False,Papier toilette humide Aloe vera,
7313272077629,1,skincare,aloe vera,False,Aloe Vera gel,
8700216307567,2,haircare,shampoo,True,Shampoo,
8886467000911,2,skincare,gel douche,True,Gel douche,
5060300440000,1,makeup,powder,False,Xlube concentrated powder,
0800171017117,1,skincare,hand cream,True,Hand Cream,
4006000079080,1,skincare,body lotion,True,body lotion,Voor een verfrissende sensatie gebruik je Nivea Express Bodylotion met munt-extract. De body gel met vitamine E beschermt je natuurlijke huidstructuur en zorgt voor het behoud van de natuurlijke beschermlaag.
6438160094746,1,skincare,hand cream,True,Hand cream,
5028197345181,1,skincare,body lotion,True,Body Lotion,
3606000569072,1,skincare,creme,False,cerave creme,
4335619081048,1,skincare,body lotion,True,Body lotion,
8886467020155,1,skincare,body cream,True,Body cream,
8718801812105,1,skincare,spf,False,dagcrème SPF 30,
0074469491594,1,skincare,creme,False,Color Intensity creme color,
3474637121549,1,haircare,shampoo,True,biolage shampoo full densify,
0309970121075,1,skincare,deodorant,True,Natural Power Deodorant,
0302990110258,1,skincare,cleanser,True,Gentle Skin Cleanser 59ml,
0756848467702,1,skincare,sunscreen,True,Ultrasun Extreme 50+ sunscreen,
0689304188890,1,makeup,eyeshadow,True,Nouveau Eyeshadow Palette,
79441018,1,skincare,mist,False,Ritual of Karma hair & body mist,
8470001569714,1,skincare,sunscreen,True,Sunscreen SPF 50+,
0079656026078,1,skincare,sunscreen,True,Banana Boat Sunscreen,
0345334310167,1,skincare,moisturizing,False,Vanicream Moisturizing Lotion,
0079656631074,1,skincare,spf,False,Sport sensitive SPF50,
4902806125887,1,skincare,shaving,True,Cool-type shaving gel,
6281006485334,1,skincare,hand soap,True,Pear’s hand soap,
2596807208766,1,haircare,conditioner,True,hydrate conditioner,
3615370003444,1,skincare,gel douche,True,gel douche surgras,
3600542510301,3,skincare,hydratant,False,Masqué remède hydratant 72H,
0041388003399,1,skincare,hand cream,True,hand cream,
3600541533226,1,haircare,shampoo,True,Ultra Suave Shampoo Nutritivo,
8720181607752,2,skincare,gel douche,True,Gel Douche Homme Dark Tempation 5-en-1 Fraîcheur & Parfum 24h,
8606032020546,1,skincare,hand cream,True,coconut hand cream,
4061458203470,1,skincare,hand cream,True,Hand Cream,
0792850025011,1,skincare,lip balm,True,Burt's Bees moisturizing lip balm,
0020714139193,1,skincare,crème,False,pur confort crème pour le corps,
20005887,1,skincare,moisturising,False,moisturising lotion,
8720182512208,1,skincare,cleanser,True,smoothing gel cleanser,
3600542522298,1,skincare,micellar,True,micellar water,
9368739240007,1,skincare,hand cream,True,allons and milk hand cream,
0750007299081,1,haircare,hairspray,True,Tresemme Hairspray,
8809636284400,1,skincare,hand cream,True,laz jungle hand cream,
42397809,1,skincare,creme,False,Nivea Creme,
5099821002282,1,skincare,spf,False,Hawaiian Tropic Glowing Perfection 30 SPF Dry Oil Spray,
4260372930978,1,haircare,shampoo,True,Shampoo Feuchtigkeit,
4066447763782,1,haircare,shampoo,True,Shampoo,
8901526209620,2,skincare,face wash,True,face wash,
5901887029687,1,skincare,exfoliant,False,Manuka Tree - Exfoliante Facial Purificador,
8001841267050,1,haircare,shampoo,True,pantene pro v shampoo,
4008666203663,1,haircare,shampoo,True,Shampoo,
4015100332025,1,haircare,shampoo,True,Schauma Festes Shampoo,
5701058010281,1,haircare,shampoo,True,Shampoo conservador da cor,
8437007707069,4,skincare,aloe vera,False,Gel aloe vera,
3574661604145,1,skincare,creme,False,Handcreme,
0736990040114,1,haircare,shampoo,True,Groomers Salon select herbal shampoo,
0736990013200,1,haircare,shampoo,True,veterinary formula -antiseptic and antifungal shampoo 16 oz,
3700526007671,1,skincare,savon,True,Pochette à savon Violette,
3600523975457,1,haircare,shampoo,True,shampooing nutrition éclat,
04138860,1,skincare,lip balm,True,bloated medicated lip balm,
3222477570238,1,skincare,déodorant,False,déodorant,
0840044713562,2,skincare,lip balm,True,EOS Smooth Lip Balm,
4066447769746,1,skincare,creme,False,Handcreme,
0626232171556,1,skincare,savon,True,Savons à mains orange cardamome,
5028197132750,1,skincare,creme,False,Handcreme,
8907555002263,1,skincare,sun protection,False,sun protection,
42246282,1,skincare,body cream,True,body cream,
0634084331646,1,skincare,lip balm,True,Lavender Orange Lip Balm,
8809576261172,1,skincare,centella,False,Centella ampule,
4305615616100,1,skincare,body oil,True,intensive Pflege Body oil,
3605540563441,1,skincare,douche,False,Lait de Douche,
0736990040312,1,haircare,shampoo,True,Groomers Oatmeal Itch Relief Shampoo,
0634084225099,1,skincare,lip balm,True,Vanilla Madagascar Lip Balm,
3600524139674,1,haircare,shampoo,True,Shampoo anti-Haarbruch,
3701209200167,1,skincare,savon,True,Savon Poupon,
4015100812435,1,haircare,shampoo,True,Gliss shampoo,
8720181452567,1,skincare,anti-transpirant,False,Maximum Protection Anti-Transpirant 96h Fresh,
3574661652702,1,skincare,serum,True,Neutrogena Retinol Boost Serum,
0736990013002,2,haircare,shampoo,True,veterinary formula hypoallergenic shampoo 16 oz,
4063528071361,1,haircare,shampoo,True,Hyaluron Shampoo,
59095521,2,skincare,anti-perspirant,False,sport defence 48h anti-perspirant,
0810016290285,1,skincare,scrub,False,Sea Salt Coconut Face Scrub,
0022796916808,1,haircare,conditioner,True,ogx conditioner,
4066447240436,1,skincare,vitamin c,False,vitamin c tagescreme,
6130548017230,1,skincare,savon,True,savon dlux,
3245678612446,3,skincare,anti-transpirant,False,Anti-transpirant dry protect,Anti-transpirant dry protect
3700526007664,1,skincare,douche,False,Fleur de douche,
8720181452581,1,skincare,anti-transpirant,False,Maximum Protection Anti-Transpirant 96h Lime&Waterlily,
8700216165563,1,haircare,shampoo,True,coconut scent shampoo,
4012758347074,1,skincare,creme,False,Sensitive Cremeseife,
4687201879923,1,haircare,shampoo,True,Shampoo,
3474637068370,1,haircare,shampoo,True,Amino-Mint Shampoo,
8935006530966,2,skincare,acne,False,sữa rửa mặt Acnes sạch sâu,
3700526004267,1,skincare,savon,True,Savon naturel bio copeaux,
4743318148922,1,haircare,shampoo,True,"Natural shampoo, Volumen und Kraft",
8901030977084,1,skincare,body wash,True,Lux body wash,
8901030976568,1,skincare,niacinamide,False,Ponds Niacinamide 400ml liquid,
8901207040986,1,haircare,shampoo,True,vatika dandruff guard shampoo,
4072600703502,1,haircare,shampoo,True,Guhl shampoo,
4063528009753,1,haircare,shampoo,True,Shampoo Bar,
7612534090254,3,skincare,aloe vera,False,Aloe Vera Gel,
0827854013761,1,haircare,laque,True,Antiplaque & Whitening Toothpaste,
3600524138776,1,haircare,shampoo,True,Shampoo Total Repair S,
0808829115659,1,skincare,body lotion,True,hemp body lotion,
3701209200129,1,skincare,savon,True,Savon feuille d'agrume,
8935006533295,2,skincare,acne,False,sữa rửa mặt Acnes trắng da ngăn ngừa mụn,
3700526004243,1,skincare,savon,True,Savon noir bio 1 litre,
0736990013309,1,haircare,shampoo,True,veterinary formula -hotspot an itch relief shampoo 16oz,
96125571,1,skincare,déodorant,False,Dove Men+Care Déodorant Homme Bille Cool Fresh,Déodorant Homme Bille
8851932332262,1,skincare,body wash,True,Body wash,
8719134176766,3,skincare,hand lotion,False,The Ritual of Karma Instant Care Hand Lotion,
7613269344384,1,haircare,shampoo,True,DailyCare Shampoo,
8402001020797,3,skincare,mist,False,MIST HIDRATANTE,
3660005045047,1,skincare,douche,False,Bain douche énergisant à la pêche et à l'anis étoilé,
6281006606104,2,skincare,serum,True,Essential Even Tone Glutathione Serum Moisturizer Lotion Flawless Glow,
3701209200105,1,skincare,savon,True,Savon Rosa,
41388600,1,skincare,lip balm,True,bloated medicated lip balm,
3770019374016,1,skincare,spf,False,Stick solaire SPF 50+,
0046330239932,1,skincare,creme,False,Nivea men creme,
3700526004274,1,skincare,savon,True,Savon naturel bio copeaux,
3700526006773,1,skincare,crème,False,Crème réparatrice mains & corps,
3701209200044,1,skincare,déodorant,False,Déodorant solide Zeste frais,
3700526007688,1,skincare,savon,True,Pochette à savon Mathilde,
0736990040213,1,haircare,shampoo,True,Groomers Salon select puppy shampoo,
3700525909433,1,skincare,crème,False,Crème anti-douleur,
4064666321523,1,haircare,conditioner,True,repair Conditioner,
8901248295048,1,skincare,face wash,True,fair and handsome face wash,
7621500209040,1,haircare,shampoo,True,Dry Shampoo,
3612875116204,1,skincare,savon,True,Savon,
0803954304435,1,haircare,shampoo,True,dr groot shampoo,
3560071325107,1,skincare,nettoyant,True,Gel nettoyant à la fleur de Lotus,
7350001701486,1,haircare,shampoo,True,Shampoo for damaged ord dry hair,
0736990040015,1,haircare,shampoo,True,Groomers Salon select white coat shampoo,
3701209200150,3,skincare,savon,True,Savon bouton d'Or,
4005808817603,2,skincare,shaving,True,NIVEA SHAVING,
0832992011197,1,skincare,shave,False,24H Moisture Shave Cream,
0192333232323,1,skincare,retinol,False,Smart clinical repair AM/PM Retinol Balm,
3701209200136,1,skincare,savon,True,Savon avoine en Provence,
3700526007428,1,skincare,aloe vera,False,Gel Aloe Vera BIO 89% Tube,
0850036696773,1,skincare,lip balm,True,Star Balm Magic Mint Lip Balm,
0694606110265,1,haircare,shampoo,True,Ketoconazole Shampoo 2% 100ml,
4006000137513,1,skincare,creme,False,Nivea Duschgel Creme Care,
6975505461271,1,skincare,creme,False,Handcreme,
7898970341659,1,skincare,serum,True,SERUM FACIAL,
0842101105396,1,haircare,shampoo,True,Sheer Dry Shampoo,
4066447216059,1,skincare,cleansing balm,True,cleansing Balm,
8901030945670,1,skincare,face wash,True,face wash,
8719134181166,1,haircare,shampoo,True,scrub & Shampoo,
3560071319731,2,haircare,cheveux,False,Gel lavant 2 in 1,Gel lavant 2 en 1 corps & cheveux
5901887043782,1,skincare,exfoliant,False,Exfoliante,
8719134173031,1,skincare,body oil,True,shimmering body oil,
0667557985145,1,skincare,body cream,True,Ocean Ultimate Hydration Body Cream,
8809874682747,1,skincare,body lotion,True,Glutathione body lotion,
0718117907395,1,skincare,cleanser,True,Skin purifying cream cleanser,
0086800100409,1,skincare,mist,False,Ultra Sheer Body Mist,
3700194718503,1,haircare,shampoo,True,nourishing olive fruit oil shampoo,
4066447440942,1,skincare,creme,False,Duschenthaarungscreme,
8718951588219,1,makeup,lash,False,Palmolive Men Intense Cool Splash,
3660005111476,1,haircare,shampoo,True,shampooing gelée,
0813424022653,1,haircare,conditioner,True,Conditioner,
0037000948797,1,skincare,deodorant,True,Deodorant,
4066447745368,1,skincare,crème,False,mulch & honing crèmeseife,
4006000083773,1,skincare,body lotion,True,Body Lotion & Pflege Aloe,
5201410220834,1,skincare,hand cream,True,hand cream,
3760209542301,1,skincare,crème,False,Crème solaire 30,
4006000068435,1,skincare,micellar,True,micellar water,
4056489309055,1,skincare,body lotion,True,Vital Regenerating Body Lotion,
0603084262700,1,haircare,curl,False,Curl Scrunch,
4005900388537,1,skincare,deodorant,True,Fresh Pure Deodorant,
4066447109436,1,skincare,aloe vera,False,Aloe Vera Bodygel,
5060120169280,1,haircare,shampoo,True,ginger shampoo,
0022600003014,1,skincare,body cream,True,Body Cream Hair Remover,
9000100672825,1,haircare,volume,False,taft volume hair styling powder,
0065743321140,1,skincare,hand soap,True,live clean argan oil liquid hand soap,
4005808310715,1,skincare,shaving,True,Nivea men shaving cream,
3600542444019,1,skincare,micellar,True,Micellar Vitamin C cleansing Water,
0795094025823,1,skincare,deodorant,True,Axe Marine Deodorant,
5060144641977,1,skincare,shave,False,Original Aftershave Balm,
5420008549441,1,skincare,hydratant,False,Lair hydratant neutre,
8718951650411,3,skincare,hygiene,False,Family Hand Wash with Skin Moisturisers,Ga voor een ultieme reiniging van je handen met Palmolive Hygiene-Plus Family Handzeep. De handzeep met propolisextract bevat natuurlijke ingrediënten die de verspreiding van bacteriën tegen gaan en voor een heerlijke geur zorgen.
3616301273226,1,makeup,concealer,True,The Multi-Tasker Concealer,
3600531384005,1,makeup,poudre,False,FIT me poudre compact translucente,
4039525095921,1,skincare,creme,False,Arnika Creme,
3574661700953,1,skincare,crème,False,Crème de Douche Extra Douce Lait,
5901887049180,1,skincare,serum,True,Body serum,
3045204806277,1,skincare,crème,False,Crème solaire,
8029041122368,1,skincare,deodorant,True,Deodorant,
0062600430120,1,skincare,cleanser,True,Oil-free acne wash cream cleanser,
00321275,1,skincare,crème,False,Penaten Baby Wundschutzcrème,
3574661774428,1,skincare,savon,True,Pur Savon Lavande,
3331849020100,1,skincare,crème,False,Crème mains,
0641628508839,1,skincare,collagen,False,Pro collagen overnight matrix,
8006540124758,1,haircare,hair oil,True,Hair oil,
0840155603677,1,skincare,body lotion,True,Daily 50 Body Lotion,
5060523017157,1,haircare,conditioner,True,to the rescue conditioner,
4099100313123,1,skincare,moisturizer,False,Hand sanitizer moisturizer,
9358437000447,1,skincare,body wash,True,Body Wash,
9557348002506,1,makeup,powder,False,Cuticura talcom powder,
3612623383452,1,haircare,shampoo,True,All Soft Shampoo,
8480000232779,3,skincare,shaving,True,Deliplus Shaving Gel,
0003556463312,1,skincare,crème,False,Crème protectrice visage et corps 50,
8720181210792,1,skincare,body wash,True,Micromoisture body wash,
5201279077822,1,haircare,shampoo,True,Men's tonic shampoo,
5000477955082,1,haircare,laque,True,Sara kan anti-plaque mouthwash,
5400606992740,1,skincare,body lotion,True,Solimo soothing body lotion,
4047196057247,1,haircare,shampoo,True,Dry Shampoo,
4059729403667,1,makeup,nail polish,True,nail polish,
4058172171888,2,skincare,creme,False,Olive handcreme,
3287570044079,1,skincare,crème,False,Crème main,
8720665000079,1,haircare,conditioner,True,Coconut and Lychee conditioner,
5901638427298,1,skincare,body butter,True,Hand and Body Butter,
3760143830502,1,skincare,crème,False,Crème visage jour,
3701154702242,1,skincare,déodorant,False,Déodorant Protection 12h Bergamote & Criste Marine,
8720181213083,1,haircare,shampoo,True,Shampoo,
6150837045072,1,skincare,deodorant,True,Loveli deodorant,
8720181195662,1,skincare,body lotion,True,Sensitive Skin Relief body lotion,
0558044581622,1,skincare,antiperspirant,True,Invisible Ice Fresh Antiperspirant,
7350087738673,1,skincare,spf,False,Sensitive Spray Sun Care 50 SPF,
3596490006372,1,skincare,douche,False,Gel Bain Douche lait et Miel,
8423564084477,1,skincare,creme,False,Creme de manos,
4000196014313,1,skincare,hand cream,True,Hand cream,
7610848595847,1,skincare,creme,False,Hand Creme / crème pour les mains,
3600551142227,1,haircare,shampoo,True,Shampooing 2 en 1 à l’huile d’argan,
8410757102131,1,skincare,lip balm,True,lip balm.,
3600542575867,1,haircare,shampoo,True,Shampooing,
8056893832633,1,skincare,mist,False,Skin saviour mist,
8711600456877,1,skincare,body lotion,True,Dove essential care body lotion,
3616305703231,1,makeup,bb cream,True,Healthy mix BB cream,
4066447704945,3,skincare,liquid soap,True,Liquid soap,
5319991983120,1,skincare,aloe vera,False,Aloe vera Dribling gel,
4006000017402,1,skincare,serum,True,Serum anti edad,
3264680034725,1,skincare,crème,False,Crème mains et ongles,
42390077,1,skincare,hand cream,True,Nivea hand cream Q10 anti-age,
3616302463909,1,makeup,eyeshadow,True,Eyeshadow,
9300607375008,1,haircare,shampoo,True,Neutrogena T/Gel shampoo,
6130548015700,1,skincare,déodorant,False,Déodorant anti transpirant,
4305615765327,1,skincare,lip mask,False,Alterea Day ’n’ Night Lip Mask Honeybee,
3664262000399,1,skincare,hydratant,False,Crème Hydratante Teintée,
8718951677661,1,skincare,déodorant,False,Déodorant,
9000101266443,1,haircare,laque,True,Laque cheveux taft,
00008992,1,makeup,primer,True,Supermilk Conditioning Hair Primer,
1900114843175,1,skincare,aloe vera,False,Aloe Vera Gel,
4005800294327,1,skincare,serum,True,dermoPure triple effect serum,
0072140000219,1,skincare,creme,False,Eucerin Original Healing Rice Creme,
0888761621746,1,skincare,spf,False,Avon sun protection  spf 40,
0888761621739,1,skincare,spf,False,avon sun protection face spf 25,
0011000035015,1,skincare,shave,False,Tabac Original After Shave Balm,
4066447429527,1,skincare,creme,False,Handcreme Schutz und Pflege,
4066447783339,1,skincare,peel,False,Gesichtspeeling hydro,
4066447330915,1,haircare,shampoo,True,Shampoo repair & care,
4066447080810,1,makeup,lip gloss,True,Lip gloss nude sensation,
4066447564761,1,makeup,highlighter,True,Highlighter 20 rosy cloud,
4066447519358,1,makeup,lip liner,True,Lip liner 26 chains favorite,
4010355890573,1,makeup,eyeliner,True,Eyeliner,
4058172101816,1,makeup,lipstick,True,Matt lipstick 75 pretty malive,
3574661750675,1,skincare,crème,False,Crème lavante mains lait,
5704947002787,1,skincare,hand cream,True,Working Hands Hand Cream,
0019100251090,1,skincare,body lotion,True,Body Lotion,
3600551136202,1,haircare,cheveux,False,Gel corps et cheveux hypo,
42429111,2,skincare,spf,False,NIVEA Sun Protect & Hydrate Pocket Size SPF30 Zonnebrandcrème,crème solaire
0020714939472,1,skincare,hydrating,False,Clinique Dramatically Different Hydrating Jelly 125 ml,
3600551046334,1,skincare,crème,False,Crème douche hydratation longue durée,
5902751446838,1,makeup,nail polish,True,2in1 base&top nail polish,
42349600,1,skincare,anti-perspirant,False,Anti-perspirant,
59095798,1,skincare,deodorant,True,Sure Cotton Dry Deodorant,
3468080009295,1,skincare,visage,False,Lait protecteur visage et corps,
8720181079177,1,skincare,body wash,True,Lynx Black Body Wash,
5028197252564,1,skincare,body butter,True,Hemp rescuing body butter,
4065331003683,1,haircare,shampoo,True,Shampoo&Duschgel 2IN1 Pokemon,
0688047130630,1,haircare,frizz,False,Frizz control sculpting gel,
8430055004807,2,skincare,deodorant,True,Antiperspirant deodorant,
3760368741867,1,skincare,déodorant,False,Déodorant,
9000101246124,1,skincare,hand cream,True,Sos värd repairing hand cream,
4005900861702,1,skincare,hand cream,True,Hand Cream,
7756719017961,1,haircare,curl,False,Curly Monoi,
8720181336058,1,skincare,shower gel,True,Shower Gel Eucalyptus & Citrus,
3574661352527,1,skincare,eye cream,True,Neutrogena hydro boost awakening eye cream,
4305615700373,1,makeup,nail polish,True,HD-Gels Nail Polish,
3760277823272,1,skincare,nettoyant,True,Spray nettoyant,
3600551153179,1,skincare,ceramide,False,Ceramide,
3499320016162,1,skincare,spf,False,Ceraphil Daily Defense Cream SPF 50,
3660005488981,1,skincare,douche,False,Bain douche énergisant framboise,
4000196031099,1,skincare,creme,False,Hand & Nagelcreme Balsam,
3796181429675,1,haircare,shampoo,True,Shampoo,
5719801000731,1,skincare,creme,False,Glycerin Håndcreme,
8008970011622,1,haircare,shampoo,True,Shampoo,
7898606741433,1,haircare,shampoo,True,Shampoo,
0944001440406,1,skincare,aloe vera,False,ALOE VERA,
8718951463530,1,skincare,anti-transpirant,False,Anti-transpirant,
0012044047187,1,skincare,deodorant,True,deodorant,
0810069954202,1,skincare,glycolic acid,False,Botanic tree for men glycolic acid exfoliating face cleaner,
0769898232718,1,skincare,aloe vera,False,Aloe vera wipes,
8429979472595,1,skincare,serum,True,Serum Concentrado Niacinamide,
8719134163407,1,skincare,anti-perspirant,False,24h anti-perspirant spray,
7290107427593,1,skincare,moisturizing,False,Moisturizing cream face neck and hands Retinol,
5019205010085,1,skincare,aloe vera,False,Organic Aloe Vera gel,
5203411053619,1,skincare,body lotion,True,Body Lotion,
9346630099924,1,skincare,sunscreen,True,Itchy Baby Sunscreen,
0311701005059,1,makeup,powder,False,All Body Powder,
8721073618474,1,skincare,body oil,True,body oil,
9343643012568,1,makeup,nail polish,True,Nail polish remover,
3342010030088,1,skincare,savon,True,Savon gel microbilles,
8693495050692,1,skincare,savon,True,Savon,
4005900900593,1,skincare,body lotion,True,Body Lotion Lavendel,
6937945156452,1,skincare,savon,True,lessive Apta recharge savon de Marseille,
6186000195244,1,skincare,savon,True,Savon Armonia,
6176000003908,1,skincare,savon,True,Pafic  Eclat Du Teint,Savon 3 En 1
3666057162459,1,skincare,crème,False,Crème jeunesse main,
6130024165288,2,skincare,nettoyant,True,Gel nettoyant moussant,
7630028601533,1,skincare,nettoyant,True,Gel nettoyant,
3172350000201,1,skincare,nettoyant,True,Nettoyant main,
6922655791758,1,skincare,cleanser,True,facial cleanser nettoyant facial,
6111242970533,7,skincare,savon,True,savon,
0629283001308,1,skincare,savon,True,Savon Loop Orange curcuma,
6131645000040,1,skincare,savon,True,Savon Abusaad miel,
3760309700335,1,skincare,savon,True,savon naturell,
3600551066240,1,skincare,exfoliant,False,Douche exfoliante Polynésie,
7066307769746,1,skincare,creme,False,Balea Magical Wishes Handcreme,
8719134163322,1,skincare,shower gel,True,HARMONISING FOAMING SHOWER GEL,
4260665551316,1,haircare,shampoo,True,HYDRATE& CARE SHAMPOO,
8436568711614,1,skincare,eye cream,True,EYE CREAM AVOCADO GREEN TEA CAFFEINE,
8436036433932,1,skincare,anti-aging,False,FACE CREAM ANTI-AGING / STRESS C2,
0764302901419,1,haircare,shampoo,True,BABY Wash & Shampoo,
0083800042371,1,skincare,peel,False,Mascarilla peeling carbon,
8906050591869,1,skincare,face wash,True,Banjara's Saffron face wash,
1574061350675,1,skincare,crème,False,Crème Lavante Mains,
5028197555085,1,skincare,body butter,True,Body butter,
4305615797243,1,skincare,creme,False,Handcreme,
0628110930125,1,haircare,curl,False,Love ur curls curls cream,
5000167365078,1,makeup,loose powder,True,Flawless loose powder,
0792850908468,1,skincare,lip balm,True,Lip Balm,
0609332599109,1,skincare,hydration,False,Holy Hydration,
3600520977737,1,makeup,gloss,True,Casting crème gloss coloration,
25059939,1,skincare,moisturising,False,Moisturising Sun Lotion,
3600551146263,1,skincare,deodorant,True,deodorant,
3600542525671,2,haircare,shampoo,True,Shampooing nutrition profonde,
3770000717662,2,skincare,déodorant,False,Déodorant fraîcheur,
4084500488465,1,skincare,deodorant,True,Deodorant,
3661434002960,4,skincare,nettoyant,True,Gel nettoyant,
0850001265461,3,haircare,scalp,False,Mielle Organics Rosemary Mint Scalp and Hair Strengthening Oil - 59ml,Hair Strengthening Oil
3574661701370,1,skincare,gel douche,True,Gel douche verveine citron,
3574661574035,3,haircare,shampoo,True,Shampooing antipelliculaire homme - Cédrat Bio et huiles essentielles,
3282770148275,2,haircare,shampoo,True,Shampooing dermo protecteur,
8480000232434,1,haircare,frizz,False,Liss frizz control mask,
6111024010075,2,skincare,gel douche,True,Gel Douche Lait d'Amande,
3015810589284,2,skincare,savon,True,Recharge savon antibactérien,
8999999562199,1,skincare,serum,True,Ponds serum whip foam,
12624405,1,skincare,hydratant,False,Vinci Créme hydratante huile de poisson,
8690506473648,3,skincare,deodorant,True,Emotion Kadın Deodorant Ocean Fresh,
3662361002597,1,skincare,spf,False,SVR Spf 50+,
3574661574042,1,haircare,shampoo,True,Shampooing Micellaire Infusion Anti-pelliculaire - Huiles Essentielles et Menthe (Tous types de cheveux) - 250 ml,
3662361003228,2,skincare,creme,False,creme hydraliane,
42417637,3,skincare,creme,False,Nivea intensiv Handcreme,
3600521757277,3,skincare,crème,False,L'Oréal Triple active nachtcrème alle huidtypen,"Gun je huid 's nachts ontspanning, door haar te verwennen met L'Oréal Paris Dermo Expertise Triple Active Nachtcrème."
42390091,2,skincare,creme mains,True,Creme mains,
3327520004361,2,haircare,curl,False,Acticurl,
0859139006618,4,skincare,deodorant,True,Charcoal & Magnesium Deodorant 48H Protection,
3574661646992,1,skincare,body oil,True,Skin Relief,Body Oil Spray
7702018980932,1,skincare,shave,False,Shave Foam,
3574660135794,1,skincare,cleanser,True,Clean & Clear blackheads Cleanser 200g 2yrs prod,
0002697807054,1,skincare,toner,True,Kiehls - Toner #Calendula,
3450601026393,3,skincare,crème,False,Crème lavante main Amande Douce,
8906087772439,1,skincare,aloe vera,False,Aloe vera gel,
8901138512811,5,skincare,face wash,True,Purifying Neem Foaming Face Wash,
0302993927341,4,skincare,cleanser,True,Daily Facial Cleanser,
4800888196514,1,makeup,powder,False,Dove - Powder Soft -,
5060176671355,1,skincare,aloe vera,False,Aloe Vera,
8901030869013,1,makeup,powder,False,POND'S DREAMFLOWER fragrant talcum powder,
5060565106215,1,skincare,serum,True,Vitamin C serum,
8402001013607,1,haircare,shampoo,True,Shampoo,
3327520004347,1,haircare,leave-in,True,LEAVE-IN,
0309971370281,1,makeup,nail polish,True,Ultra Powerful Nail Polish Remover,
3600542486866,1,skincare,ceramide,False,Garnier Hand Superfood Cocoa & Ceramide 48H Reparing Balm 75 ml - Vegan,
7790520998934,1,skincare,aloe vera,False,Family,crema repelente de insectos con aloe vera.
3401361353625,1,skincare,pore,False,BIODERMA Sébium Pore retiner 30 ml e,
0096619140138,1,skincare,bar soap,True,Kirkland bar soap,
8718951399747,2,skincare,hygiene,False,Palmolive Håndsåpe Hygiene&Fresh 300ml,
4006671181341,4,skincare,creme,False,Hirschtalg Creme,
4015000519595,2,skincare,shower cream,False,Fa Aloe Vera yoghurt shower cream,
8402001020582,3,skincare,shave,False,Loción after shave fresh,
0772618081206,1,skincare,hydratant,False,Hydratant facial quotidien,
0305210134423,3,skincare,hydration,False,Intensive Care Cocoa Radiant 48H Moisture/ Hydration Lotion,
35647898,1,haircare,hair oil,True,Hair oil blend,
0022400007724,1,haircare,curl,False,pro care curls,
0022796901200,1,haircare,shampoo,True,Coconut Miracle Oil Shampoo,
0037000823384,1,haircare,shampoo,True,shampoo,
6928001834490,1,skincare,firming,False,Firming Mask,
8901030865411,3,skincare,moisturizer,False,pond's light moisturizer,
3560071207717,2,skincare,aloe vera,False,Baby fresh aloe vera,
0667550549023,2,skincare,body lotion,True,Bath and body body lotion,
0000993024472,1,skincare,visage,False,dove men care ultra hydra cream visage produit cosmetique .main face corps,
8902979054058,1,skincare,hydration,False,Nyle Dryness Hydration,
6123498756144,1,haircare,argan oil,False,Argan oil,
0769915233506,2,skincare,hyaluronic acid,False,Hyaluronic Acid 2% + B5,
3574669909853,1,haircare,conditioner,True,Johnson kids conditioner,
0850005622406,1,skincare,uva,False,Happy Blood Orange Gauva Probiotic Shot,
3661434008054,1,skincare,spf,False,uriage age protect spf 30,
8901088080279,3,skincare,aloe vera,False,Parachute Aloe Vera Coconut oil 2yrs prod,
5901350490280,1,skincare,exfoliant,False,gel facial exfoliante,
0041554541403,4,makeup,foundation,True,Super Stay Full Coverage Liquid Foundation,
3282770107012,2,haircare,keratin,False,Keratincaps,
7332531019330,3,haircare,volumizing,False,Got2b Volumizing Styling Powder,
8410412430227,1,skincare,exfoliant,False,Gel facial exfoliante aloe vera,
5020465201687,1,skincare,body cream,True,Body Cream,
8480000787323,1,skincare,serum,True,Serum antiarrugas,
4005808160242,3,skincare,creme,False,Nivea creme,
5906750801643,1,skincare,retinol,False,retinol,
3661467000643,1,skincare,cleanser,True,Milky cleanser,
0010181033131,1,haircare,conditioner,True,Coconut conditioner,
0074182268008,3,skincare,hand soap,True,"Liquid Hand Soap Pump, Aquarium Series",
8410412000574,3,skincare,spf,False,Spray protector aloe vera SPF50,
0659436978799,1,skincare,hydratant,False,Masque Hydratant,
50097838,1,skincare,aloe vera,False,Aloe vera,
8717163769256,1,skincare,creme,False,Zachte creme,
3660005089072,1,skincare,body wash,True,Monoi Gentle Hair & Body Wash,
8719134149586,2,skincare,body cream,True,The ritual of ayurveda balancing body cream,
0041554238761,2,makeup,foundation,True,Fit Me Dewy + Smooth Foundation SPF 18 310 Sun Beige,
8901030937507,1,skincare,face wash,True,Ponds pure detox face wash,
8901526593705,1,skincare,face wash,True,Garnier men turbobright face wash,
8906014201308,3,haircare,hair oil,True,keo karpin hair oil,
0819265008801,2,skincare,vitamin c,False,Vitamin C,
3410280099200,1,haircare,shampoo,True,shampooing,
3401360094697,1,skincare,savon,True,savon de Marseille surgras à l'huile d'amande douce et aloe vera,
0381370033875,2,skincare,cleanser,True,Foaming facial cleanser,
0819156020240,2,haircare,laque,True,hello antiplaque and whitening,
0792850110991,2,skincare,lip balm,True,Beeswax lip balm,
00614139,2,skincare,hand soap,True,Pink Pomelo Grapefruit Hand Soap,
0041554217964,2,makeup,mascara,True,Volum' Express The Falsies Mascara,
0381370036623,3,skincare,soothing,False,Baby Eczema Therapy Soothing Bath Treatment,
7630028603179,1,skincare,crème,False,crème traitante riche,
8901138715069,3,makeup,powder,False,Himalaya powder 50g,Baby Powder
8906005273000,1,skincare,moisturizing,False,Cetaphil Moisturizing Lotion,
8904091136063,1,haircare,scalp,False,Scalpe Pro,
5028197941734,1,skincare,scrub,False,British Rose Exfoliating Gel Body Scrub,
5060420331134,3,skincare,micellar,True,", foaming micellar cleansing water",
0050428290057,1,skincare,hand soap,True,Fresh Liquid Hand Soap,
3660005880044,2,makeup,fond de teint,True,fond de teint zero défaut,
8720289263850,1,skincare,sheet mask,True,Facial sheet mask,
8901138508142,2,skincare,body lotion,True,Body lotion,
6971158997488,1,skincare,foot cream,False,baby foot cream,
3605975016987,1,skincare,razor,False,KIEHL'S RAZOR BUMP RELIEF,
00560931,1,skincare,hand soap,True,Trader Joe’s Lavender Chamomile Hand Soap,
0042887700543,1,skincare,hand soap,True,Mickey mouse foam hand soap,
0302994140053,1,skincare,soothing,False,Baby Eczema Soothing Lotion,
4580546017268,1,skincare,aloe vera,False,ALOE VERA,
3600542599597,2,skincare,spf,False,Garnier SkinActive glowy fluid SPF50+,
0785364804319,1,skincare,vitamin c,False,Brightening Mask With Vitamin C,
3701429822507,1,skincare,lait corps,True,Lait corps hydratant,
5015833329667,2,haircare,curl,False,The Curl Company Silicone free Morninga styling oil,
3596710524372,1,skincare,gommage,False,Gommage douceur,Gommage douceur
4743318142814,4,skincare,eye gel,False,Organic Shop Pu-Erh Tea & Caffeine Tonic Eye Gel Patch,
0870173002220,1,skincare,body cream,True,moisturizing body cream,
8906005274144,1,skincare,moisturizing,False,Cetaphil Moisturizing Lotion,
8712561467636,2,skincare,cleanser,True,Kind To Skin Foaming Cleanser,
8719134001792,1,skincare,body cream,True,Rituals the Ritual of Ayurveda Body Cream,
4056489017295,1,haircare,pomade,True,Brow perfect pomade,
3401360156456,2,skincare,essence,True,NCEF-Essence,
0667555435338,1,skincare,hand soap,True,bath and body works iced cinnamon rolls hand soap,
0764302271239,1,skincare,bar soap,True,Shea Moisture Bar Soap,
8809658121349,1,skincare,serum,True,G2G Pomegranate Serum,
0850379003160,1,skincare,hydration,False,Dehydration Relief,
0858958006038,1,skincare,bar soap,True,Hand In Hand Bar Soap,
0636874120140,1,skincare,hand soap,True,Liquid Hand Soap Lavender,
8719134161328,1,skincare,scrub,False,rituals sakura body scrub,
0017000121581,1,skincare,hand soap,True,Coconut Water & Mango Hydrating Hand Soap,
0018787785058,1,skincare,bar soap,True,All-One Peppermint Pure-Castile Bar Soap,
0096619042326,1,haircare,shampoo,True,Shampoo,
3760339600971,1,skincare,hydratant,False,crème hydratante,
5060060211773,1,skincare,hand soap,True,Hand Soap,
7702018572342,1,skincare,serum,True,Satin care daily soothing Serum 2yrs prod,
3770019374139,1,skincare,crème,False,crème solaire,
7640140383286,1,skincare,face wash,True,SWISS FACE WASH GEL,
5201314157960,1,haircare,argan oil,False,ΚΙΘΑΡΙ ΜΠΗΡΑΣ MOROCCO + ARGAN OIL,
8480000746719,2,skincare,aloe vera,False,Crema de manos aloe vera,
3660005280066,1,skincare,lait corps,True,Amande fleur d'oranger lait corps,
8901012185292,2,skincare,sunblock,True,Neutrogena Ultra Sheer Dry-Touch Sunblock,
0086800066507,1,skincare,serum,True,Clear face Serum Sunscreen,
0751689061461,1,skincare,aloe vera,False,CREMA DERMETICS ALOE VERA 578 ML,
3700281702576,2,skincare,hydratant,False,Ultra hydratant,
8901030868979,1,makeup,powder,False,POND S MAGIC freshness talcum POWder,
8904245706579,1,skincare,body lotion,True,Nykaa Wanderlust Japanese Cherry Blossom Body Lotion,
0019100218246,2,skincare,hydrating,False,Jergens Oil-Infused Hydrating Coconut,
0071164333075,1,haircare,keratin,False,Hask Keratin Protein,
8901138513627,1,skincare,face wash,True,Neem face wash,
0819156022442,1,skincare,deodorant,True,Sweet Coconut 24 hr. Deodorant,
3574661645667,1,skincare,soothing,False,Neutrogena soothing clear,
0817939018576,1,skincare,body wash,True,method body body wash,
4021457605828,1,skincare,shave,False,Men Sensitive - Beruhigender After Shave Balsam,
3517360013863,4,skincare,hydratant,False,Réhydrate Sérum concentré hydratant,
0077043647509,1,skincare,body lotion,True,St. Ives Soothing Oatmeal & Shea Butter Body Lotion,
8904006303290,1,skincare,deodorant,True,Wild Stone Deodorant Soap,
8809525246014,1,skincare,calming,False,Centella Asiatica Calming Mask Beauty of Joseon,
4744183012592,1,skincare,scrub,False,body scrub,
0020714744762,1,skincare,face wash,True,Charcoal Face Wash,
6197801500304,1,skincare,crème,False,Crème de nuit,
5060176672130,1,skincare,aloe vera,False,Dr Organic Aloe Vera Concentrated Cream,
8906087773511,1,skincare,sheet mask,True,Rice Water Bamboo Sheet Mask,
88445573000399,1,skincare,scrub,False,Eucalyptus Mint Foot Scrub,
7593723000837,1,haircare,keratin,False,KERATINA,
0074182260125,6,skincare,hand soap,True,"Liquid Hand Soap Pump, Soothing Aloe Vera",
0051009009662,1,skincare,shaving,True,Thick and Rich Shaving Cream Extra Moisturizing,
0096619165131,1,skincare,body wash,True,kirkland body wash citrus,
36637027,1,skincare,pore,False,beurre corporel et capillaire,soin cosmetique
8470001594945,1,skincare,spf,False,Fotoprotector pediatrics SPF50,
0079656503999,4,skincare,aloe vera,False,Gel humectante de aloe Vera,
0072151452229,1,skincare,clay mask,True,Avocado & Oatmeal Clay Mask,
6928001834667,1,skincare,scrub,False,OLIVE SHERBET BODY SCRUB,
8720701033696,1,skincare,sheet mask,True,face sheet mask blueberry,
5037156202007,1,skincare,serum,True,Frizz Ease Extra Strength 6 Effects  Serum,
5410076535545,1,haircare,volume,False,Laca volumen,
3660005571874,1,skincare,serum,True,Serum vegetal,
3574660026757,1,makeup,powder,False,Baby Powder,
5037156246872,2,haircare,conditioner,True,John Frieda Red Boosting Conditioner,
8719179709202,1,haircare,scalp,False,Kruidvat Healthy Hair & Scalp Lotion,
8431938010663,6,skincare,micellar,True,Micellar,
3574660026917,1,makeup,powder,False,Johnson’s Baby Powder,
8480017243898,1,skincare,hand soap,True,Hand soap sunny olive,
0079400452030,2,haircare,scalp,False,Dove Dermacare Scalp,
8057017220060,1,haircare,shampoo,True,Avenil Pure & Soft Shampoo Delicato,
8901012116562,1,makeup,powder,False,Johnson's baby powder,
0303160227066,1,skincare,acne,False,Acne Creamy Wash,
3760205283307,1,skincare,rasage,False,Mousse de rasage,
8480000743831,1,skincare,aloe vera,False,Crema de manos de aloe vera,
00992008,4,skincare,sunscreen,True,sunscreen lotion,
4056489149118,1,haircare,keratin,False,Keratina líquida,
3287570034025,1,skincare,hydratant,False,Lait corp hydratant,
8410412100069,1,skincare,serum,True,Hyaluronic serum,
0735546005126,1,skincare,scrub,False,Goat milk whipped body scrub,
7630028609560,1,skincare,savon,True,Savon hygiénique plus,
0381519019593,2,skincare,essence,True,herbal essence hairspray,
3660005441382,1,skincare,gommage,False,gommage abricots,
20344962,1,skincare,shower gel,True,Skin foodies shower gel,
6947835825313,1,skincare,vitamin c,False,Pretty cowry vitamin c,
0687735301017,1,skincare,face wash,True,Sea Foam Complete Face Wash,
0190679007117,2,skincare,essence,True,herbal essence honey vitamin e,
0888432947083,1,haircare,argan oil,False,"argan oil
argan oil",
0043834734390,1,skincare,hand soap,True,Crisp Apple Hand Soap,
0810058743848,1,haircare,conditioner,True,Roman restore conditioner,
8681554610925,1,skincare,shower gel,True,GOAT MILK SHOWER GEL,
7501029930109,1,makeup,primer,True,primer amino keratina loquay,
7702018464692,1,skincare,shaving,True,Fusion 5 Ultra Sensitive Shaving Gel,
0028367837770,1,haircare,conditioner,True,Kiss My Face Whenever Conditioner,
8904100018816,7,skincare,cleanser,True,Kesh kanti Hair Cleanser,
8410412100083,1,skincare,serum,True,Serum retinol,
0075724214040,1,haircare,argan oil,False,Argan oil perfect edges 63.7G,
0030772017098,1,skincare,antiperspirant,True,Secret Ultimate Antiperspirant and Deoderant,
0022796900951,1,haircare,curl,False,Coconut curls,
0809219000487,1,skincare,body wash,True,white rain purely coconit oil body wash,
0621732300376,1,haircare,argan oil,False,Argan oil,
0811170039581,1,skincare,hand soap,True,foaming hand soap,
0815601026904,2,makeup,gloss,True,lipgloss,
0041554433425,1,makeup,foundation,True,Maybelline foundation,
0303162012059,1,skincare,sunscreen,True,Sunscreen,
00030722,1,skincare,hand soap,True,Lushious Lemon Foaming Hand Soap,
0764302290247,1,haircare,curl,False,curl and style milk shea moisture,
4806530870542,1,skincare,face mask,True,Face mask,
0072151457774,1,skincare,peel,False,Freeman cucumber peel off mask,
6162400124190,1,haircare,hair cream,True,Radiant hair cream,
8437015932620,4,skincare,serum,True,Autobronceador facial Chocolate Tanning Serum 30 ml,
8901138821784,1,haircare,hair cream,True,HimAlaya hair cream Coconut Oil 2yrs prod,
0812154030334,1,skincare,body wash,True,native body wash,
0681131403009,1,skincare,hand soap,True,Equate Clear Liquid Hand Soap,
0019045288663,1,skincare,cleanser,True,Joy Works Facial Cleanser,
3770022913813,1,skincare,retinol,False,Retinol,
3574661612003,1,skincare,body cream,True,Johnson's face and body cream,
0667558516881,1,skincare,hand soap,True,harvest gathering hand soap,
6161106611584,1,skincare,bar soap,True,WHITE WASH BAR SOAP,
0850008811821,2,skincare,hand soap,True,Greenerways antibacterial hand soap,
8961014249019,1,skincare,face wash,True,Face wash,
6161106610174,1,skincare,bar soap,True,DIVA BAR SOAP,
6161106610716,1,skincare,bar soap,True,SAWA BAR SOAP HERBAL,
0810021201566,1,skincare,body wash,True,Dr Teals Body Wash,
6161106612567,1,skincare,bar soap,True,SAWA BAR SOAP,
0194506610723,1,skincare,bar soap,True,SAWA BAR SOAP ROSE,
6161106611959,1,skincare,bar soap,True,POPCO BAR SOAP,
0771313159555,1,skincare,savon,True,Savon,
0667558530665,1,skincare,hand soap,True,pumpkin pecan waffles hand soap,
8901526005178,1,skincare,serum,True,Garnier bright complete serum cream,
8901138831059,1,skincare,face wash,True,Intense oil clear lemon face wash,
6281006409880,1,skincare,body lotion,True,Invigorating body lotion,
8901138835330,1,skincare,face wash,True,Pimple clear née face wash,
8938509087050,2,skincare,hydrating,False,Alvextra Skin Hydrating Cream,
6976068957881,1,skincare,moisturizing,False,Moisturizing mask,
0041260380594,1,skincare,hand soap,True,hand soap,
8858854601254,1,skincare,sunblock,True,Skin Doctor SUNBLOCK CREAM,
0018787786055,1,skincare,bar soap,True,All-One Tea Tree Pure-Castile Bar Soap,
4809012175555,1,makeup,nail polish,True,Nail Polishe,
0891317002906,1,skincare,liquid soap,True,Tropical Traditions Liquid Soap,
5060328891235,1,skincare,serum,True,24k gold serum,
0850016678928,1,skincare,body wash,True,Atlas body wash,
0019045288632,1,skincare,body lotion,True,joy works body lotion,
0817252010905,1,skincare,bar soap,True,Ala Maison Bar Soap,
0858293002955,1,skincare,bar soap,True,The SeaWeed Bar Soap,
12733232,1,skincare,hand soap,True,"Mrs. Meyers Clean Day Hand Soap,  Snowdrop scent",
0041167054000,1,skincare,foot cream,False,Gold Bond Diabetics' Dry Skin Relief Foot Cream,
9351134001793,1,skincare,scrub,False,Coconut Coffee Scrub,
0041260375521,1,skincare,hand soap,True,kroger hand soap,
0663204210257,1,skincare,bar soap,True,ZumBar Soap,
0637792601001,1,skincare,bar soap,True,Tea Tree Therapy Bar Soap,
0030772001691,1,skincare,hand soap,True,Antibacterial Hand Soap,
0100000121245,1,skincare,hand soap,True,Natural Hand Soap,
8906087777762,1,skincare,face wash,True,Face wash,
0859139006236,1,skincare,bar soap,True,Schmidts Bar Soap,
6223001386476,1,haircare,hair cream,True,Aloe Eva Hair Cream 2yrs prod,
0816459022582,1,skincare,eye cream,True,TB eye cream,
5060305162365,1,skincare,mist,False,Ultra Protection Leave In Mist,
0344883712743,1,skincare,body wash,True,Body Wash,
0037000481843,1,skincare,body wash,True,olay body wash,
0371661829607,1,skincare,sunscreen,True,up & up sport sunscreen lotion,
0080878195336,1,haircare,conditioner,True,Pantene Daily Moisture Conditioner,
8435624501121,1,skincare,sunscreen,True,natura bisse sunscreen,
0850014765422,1,skincare,hand soap,True,real clean hand soap,
7072463113224,1,skincare,face mask,True,Natural Basic Face Mask Black Peel Off,
8994993014675,1,skincare,serum,True,L'Oreal Paris Correct Protect UV Serum,
30168121,1,makeup,mascara,True,Maybelline Mascara Snapscara Black,
30173637,1,makeup,concealer,True,L'Oreal Concealer Infallible Biscuit 328,
3466762248444,1,makeup,primer,True,Sensation'eyes primer XL,
8901207038457,2,haircare,hair oil,True,Vatika Enriched Coconut Hair Oil,
8905110007784,1,skincare,shower gel,True,Shower Gel,
8901548146873,1,skincare,face wash,True,Everyuth face wash,
0492611854156,1,skincare,sheet mask,True,Vitamin c face sheet mask,
7072463113200,1,skincare,face mask,True,Natural Basic Face Mask Purifying Bubble,
30171435,1,makeup,mascara,True,Maybelline Mascara Total Temptation Deep Brown,
30141681,1,makeup,eyeshadow,True,Color Sensational Eyeshadow Vanilla Fantasy 80,
3600530403622,1,makeup,foundation,True,Foundation,
8901248230049,1,haircare,scalp,False,KESH KING scalp and hair medicine,
8902979028462,1,skincare,brightening,False,Spinz BB  Brightening & Beauty,
8906118411658,1,skincare,face mask,True,Plum face mask,
8906044994980,1,skincare,body wash,True,Pearly body wash,
0737534800829,1,skincare,face mask,True,Plum face mask,
0190577055975,1,skincare,liquid soap,True,Sweet pumpkin liquid soap,
8901030890796,1,skincare,body lotion,True,Vaseline body lotion,
5000167353914,1,skincare,scrub,False,LEMON BRIGHT SCRUB CLEANSING GEL Lemon C,
8901030869105,1,skincare,sunscreen,True,POND'S SANDAL tolcum powder NATURAL SUNSCREEN,
8904035416411,2,skincare,face wash,True,Fruit face wash,
6001087386623,1,haircare,smoothing,False,VASELINE MEN SMOOTHING,
5060224370117,1,skincare,hand soap,True,Anti bacterial hand soap,
30143272,1,makeup,mascara,True,Volume Express Mascara Big Shot Black Waterproof,
0079625427721,1,skincare,face mask,True,Freemann Cosmic Face Mask Jade,
3574661412672,1,skincare,body wash,True,Dermexa Daily Emolient Body Wash,
4056489017332,1,makeup,eyebrow,True,Brow perfect eyebrow gel,
0810027130518,1,skincare,sheet mask,True,rael beauty collagen plump and smooth facial sheet masks,
8994993014699,1,skincare,serum,True,L'Oreal Paris UV Serum Matte Fresh,
30141544,1,makeup,eyeshadow,True,Maybelline Color Sensational Eyeshadow Nudist 02,
30137301,1,makeup,blush,True,Maybelline Neglelakk Colorshow Blush Berry 20,
02419787,1,skincare,shower gel,True,shower gel,
3574661651682,1,skincare,eye cream,True,Neutrogena retinol boost eye cream,
7332531090582,1,haircare,volume,False,GOT2B Fresh It Up Volume 2pk,
7332531094177,1,haircare,blonde,False,Blonde Blondering Ultra Lightener L1+,
8710908694813,1,haircare,keratin,False,Tresemme Balsam Keratin Smooth 100ml,
7702018015665,1,skincare,sensitive skin,False,Satin Care Sensitive Skin 200 ml,
8026678001967,1,skincare,micellar,True,Caseina micellare,
7332531066327,1,haircare,blonde,False,Root Retoucher Dark Blonde,
8904132918320,1,skincare,shower gel,True,Get real Shower Gel,
6176000106906,1,skincare,gommage,False,ETS IYAWA ET AMDAL Gommage Lavande miel curcuma,Gommage
8904132918283,1,skincare,face wash,True,Get real face wash green,
8901030869082,1,makeup,powder,False,PONDS STARLIGHT Perfumed talcum Powder,
8901030877070,1,skincare,serum,True,Pond's Bright Beauty Serum Cream,
8901248164207,1,skincare,soothing,False,Dermi Cool Prickly Heat Powder Soothing Lavender,
9314807072599,1,skincare,hydration,False,Hyaluronic hydration,
0700064791196,1,skincare,scrub,False,Natural soap infused scrubber,
3538893334010,1,skincare,mousse à raser,True,Mousse à raser,
6281006548558,1,haircare,conditioner,True,Itchy soothing relief conditioner,
5060151640086,1,skincare,face mask,True,Rejuvenat face mask,
8901030815935,1,skincare,hygiene,False,V wash Hygiene,
0041388004969,2,skincare,hydration,False,Blistex ultra rich hydration,
0057800897309,1,skincare,sheet mask,True,Anti aging facial sheet mask,
7332531093484,1,haircare,blonde,False,Blonde Blondering Ultra Lightener L1++,
0041520111951,1,skincare,hand soap,True,Milk and honey hand soap,
0839977005028,1,skincare,face wash,True,Daily clear oil-free daily face wash ounce,
4792054000315,1,skincare,face wash,True,Nature Secret cucumber Face wash,
5060176671324,1,skincare,aloe vera,False,Aloe Vera Hand Wash,
5060391844190,1,skincare,face mask,True,Bioactive skincare charcoal face mask,
6941349313977,2,skincare,face mask,True,Blood orange Face Mask,
3574661482378,3,skincare,body cream,True,Daily moisturising yogurt Body cream Apricot and Honey scent,
8719179605948,1,skincare,spf,False,Kruidvat Hydrate Hyaluron SPF15 Dagcrème,Kruidvat Hydro Dagcrème voor de Normale en Gemengde huid is de beste keuze voor jouw dagelijks verzorgingsritueel.
3600531320065,1,makeup,mascara,True,Maybelline Mascara Lash Sensational Luscious Black,
7046110070758,1,skincare,body lotion,True,Dr Greve Rik & Pleiende Body Lotion 400ml,
8994993014651,1,skincare,serum,True,L'Oreal Paris UV serum,
7702018581832,1,skincare,hydrating,False,Gillette pro skin hydrating 2yrs prod,
30096943,1,makeup,powder,False,Maybelline Neglelakk Colorshow Powder Red 349,
0850010950013,2,skincare,face mask,True,collagen face mask,
7310610021153,1,skincare,body lotion,True,Sunsilk Body Lotion Coconut Care 200ml,
8718951185784,2,skincare,hygiene,False,Palmolive Håndsåpe Hygiene Plus Sensitiv 300ml,
30141636,1,makeup,eyeshadow,True,Maybelline Color Sensational Eyeshadow Rock Star 55,
30167681,1,makeup,mascara,True,Maybelline Mascara Total Temptation Black Waterpr.,
10102811,3,skincare,hydrating,False,hydrating mist 80 ml,
3574661352541,1,skincare,eye cream,True,Neutrogena hydro boost awakening eye cream,
7332531093880,1,haircare,blonde,False,Blonde Blondering 10.1,
3574661591599,1,skincare,serum,True,Neutrogena illuminating serum,
3600531225919,1,makeup,foundation,True,Maybelline Dream Satin Foundation True Ivory 3,
7702018913954,1,haircare,wave,False,Desodorante Rollon Cool Wave,
0850018328562,1,skincare,hydration,False,Dehydration relief,
1210000800237,1,skincare,serum,True,Retinol correxion Soin lissant capsules serum nuit,
0071661829507,1,skincare,sunscreen,True,up & up sport sunscreen lotion,
8436025304779,1,skincare,face mask,True,BUBBLE FACE MASK Limpieza profunda,
7332531093965,1,haircare,blonde,False,Blonde Blondering Spray S1 125ml,
7319470058385,3,skincare,shower gel,True,"Shower Gel Fresh Mix Assortert Variant, 250 ml",
8801051478280,1,makeup,primer,True,Avon VDL eye primer,
8904132918313,2,skincare,shower gel,True,Get real shower gel Yealow,
0841320101202,1,skincare,cleanser,True,Authentic African Facial Cleanser,
8904417300345,1,skincare,scrub,False,Mamaearth green tea face scrub,
7332531093569,1,haircare,blonde,False,Blonde Blondering Highlights M1,
7332531093248,1,haircare,blonde,False,Blonde Blondering Highlights M3+,
0302993921165,1,skincare,shower gel,True,Shower Gel,
8853976006628,1,skincare,scrub,False,YOKO BODY SCRUB,
6281006598393,1,skincare,face wash,True,Face Wash bright C Glow,
0037000974680,1,skincare,body wash,True,Olay body wash,
8901207096662,1,haircare,hair oil,True,Vatika enriched coconut hair oil,
5397204189972,3,makeup,setting spray,True,Matte setting spray,
6291103988454,1,skincare,body lotion,True,Shea body lotion 300ml 2yrs prod,
6281006466036,1,skincare,hydrating,False,Hydrating day gel,
9327693006913,2,haircare,conditioner,True,Sukin Voluming Conditioner,
8853976006611,1,skincare,scrub,False,Salt Body scrub 2yrs prod,
7702018401055,2,skincare,razor,False,Venus razor,
8431876287646,1,skincare,exfoliant,False,Exfoliante corporal mineral mar muerto,
400262843672000699,1,skincare,scrub,False,Tea Tree And Peppermint Exfoliating Body Scrub,
0079400458995,4,haircare,scalp,False,New dove dermacare scalp,
0041554415131,3,skincare,pore,False,Baby Skin Instant Pore Eraser,
0011111722590,2,skincare,body wash,True,Dove Body wash,
30176911,1,makeup,mascara,True,Maybelline Mascara Snapscara Black Waterproof,
0041554238709,1,makeup,foundation,True,Fit me foundation,
4099100235418,1,skincare,hand soap,True,Antibacterial hand soap,
0667557122793,1,skincare,hand soap,True,Cleansing gel hand soap,
5045098964495,1,skincare,body butter,True,Smoothie Star Body Butter,
5011451105782,1,skincare,bar soap,True,Bar Soap,
0819978026987,1,skincare,hand soap,True,Hydrating Hand Soap Refil Lavender & Thyme,
5060060211247,1,skincare,hand soap,True,Windermere Lake Hand Soap,
0180969000829,1,skincare,hand soap,True,Antibacterial Hand Soap,
6973665941701,1,skincare,serum,True,Vitamin c serum facial mask,
6281006466067,1,skincare,hydrating,False,Flawless hydrating night cream,
8853976006680,1,skincare,scrub,False,Salt Body scrub tea tree oil 2yrs prod,
4800888207111,1,skincare,serum,True,Ponds wrinkle serum mask,
6001374079344,1,skincare,body cream,True,PLAY BOY BODY CREAM,
0628816020960,1,skincare,peel,False,Masque bar charcoal peel off mask,
6281006583511,2,skincare,hydration,False,Ponds Healthy Hydration,
7509546676982,1,skincare,aloe vera,False,Palmolive aloe vera,
9321299102222,1,skincare,sunscreen,True,Cancer Council Ultra Sunscreen,
0767519549023,1,skincare,body lotion,True,Bath and body lotion,
4800888207128,1,skincare,serum,True,Ponds Firming Serum Mask,
8964001078913,1,makeup,powder,False,mask powder,
8992821102389,2,skincare,acne,False,Acnes,
8904109463082,1,haircare,hair oil,True,Patanjali Kesh Kanti Hair Oil,
0850029599074,1,skincare,body wash,True,Body wash,
0893268000567,1,skincare,moisturizing,False,Balance moisturizing personal wash,
0834576005653,1,skincare,body lotion,True,Eczema relief body lotion,
0752830298859,1,skincare,broad spectrum,False,Broad spectrum Infused Oil 1200mg,
5059604468735,1,skincare,acne,False,Acne relief tablets,
0079400083913,1,haircare,conditioner,True,Almond and Shea butter moisturizing conditioner,
4809014506616,1,makeup,gloss,True,belfour watergloss hair lotion 223gms,
6251007003158,1,skincare,body wash,True,HIGEEN HAND&BODY WASH,
4806524041279,1,haircare,curl,False,luxe curl & define 120ml,
4800119212013,2,skincare,peel,False,maxi peel,
8008423930012,1,haircare,keratin,False,keratin protein mask,
6973802770164,1,skincare,scrub,False,Exfoliating body scrub,
0607203023814,1,skincare,sheet mask,True,facial sheet mask,
0041167066447,1,skincare,hydrating,False,Restoring Hydrating Lotion,
5029354002831,2,skincare,aloe vera,False,Aloe Dent colutorio aloe vera,
0354301002462,1,skincare,sunscreen,True,Equate sunscreen,
0605923510706,1,skincare,facial mist,True,Calming Facial Mist,
05619016,1,skincare,face mask,True,Black Seaweed Face Mask,
5011451105508,1,skincare,soothing,False,Soothing Eye Balm,
5060307390117,1,skincare,scrub,False,Olivestone Face Scrub,
7350075690723,1,skincare,face mask,True,Face Mask,
0691240062059,1,skincare,scrub,False,surgical scrub,
5045091726540,1,skincare,scrub,False,Energising face scrub,
5017857072741,1,skincare,creme,False,Sofnfree creme Relaxer,
07398773,1,skincare,face mask,True,Face Mask Creamy Coconut,
8053306642292,1,skincare,gommage,False,Gommage corps au sucre au monoï et à l'huile de coco,
8851932404105,1,skincare,serum,True,Vaseline spf+50 serum,
8906087771326,1,skincare,face mask,True,mamaearth Ubtan Face Mask FOR SKIN BRIGHTENING &Apricot Oil,
0069260031896,1,skincare,foot cream,False,Foot Cream,
0056699150014,1,skincare,uva,False,Gel buvable aloe vera,
0058000308732,1,skincare,hand soap,True,Aloe Vera Hand Soap,
0190679004604,2,skincare,essence,True,herbal essences,
3700195621826,1,skincare,centella,False,Centella Asiatica,
0082121800257,1,skincare,face mask,True,dead sea minerals anti-stress clay face mask,
0011111004535,1,skincare,body wash,True,suave men body wash,
0841956055450,1,skincare,shaving,True,Pure Romance conditioning shaving cream,
8470001789365,1,skincare,hydration,False,isfin hydration,
0810026290091,2,skincare,body wash,True,Natural Exfoliating Body Wash - Dark Cassis Scent With Charcoal and Argan Oil,
8051016107346,1,skincare,clay mask,True,CLAY MASK,
5060862240056,1,makeup,powder,False,Electrolytes powder lemon flavor,
8024848003230,1,skincare,propolis,False,Spray Oral à La Propolis 50% - - Victor Philippe,
73987488000699,1,skincare,body wash,True,Body wash oatmeal plus coconut,
8699954702058,1,skincare,face mask,True,Face mask,
0609332825116,1,skincare,exfoliator,False,Lip Exfoliator,
0015718103301,1,skincare,scrub,False,Eye Lid Scrub Original Pre-Moistened Pads,
0819265008016,2,skincare,serum,True,"Advanced Clinicals, Vitamin C Serum, Anti-Aging",
0017000170732,1,skincare,body wash,True,Tone Island Vibes Body Wash,
0381370015796,2,skincare,moisturizing,False,Aveeno Skin relief moisturizing lotion,
0094000612820,1,haircare,silicone,False,Silicone glove,
0812154033304,1,skincare,body wash,True,NATIVE CUCUMBER & MINT BODY WASH,
9000300128108,1,skincare,crème,False,Crème dépilatoire veet,
8809429951502,2,skincare,serum,True,Rice 72% serum,
8904109451881,1,skincare,cleanser,True,Kesh kanti natural hair cleanser,
8901023000034,2,skincare,deodorant,True,Cinthol Original Deodorant and Complexion Soap,
0793573150042,2,skincare,body wash,True,UPC Aloe Formula Hair & Body Wash,
8999999559670,1,skincare,hydrating,False,POND'S HEALTHY HYDRATING JELLY WATERMELON,
0717937202154,1,skincare,scrub,False,Sugar scrub,
0817513019074,1,haircare,conditioner,True,Hydrating Cream Conditioner,
0852835006418,1,skincare,scrub,False,Sink scrub,
0017000161839,1,skincare,body wash,True,Hydrating Body Wash,
8906118413218,1,skincare,body wash,True,phy body wash,
5017634119003,1,haircare,frizz,False,Frizz Ease Dream Curls Curl Reviver Mousse,
5037156002003,1,haircare,frizz,False,Frizz Ease,
5037156227383,1,haircare,conditioner,True,Purple Conditioner,
8436036431839,1,skincare,peel,False,Peel-off mask,
5037156210316,1,haircare,frizz,False,Frizz Ease Dream Curls air dry waves styling foam,
8436576506943,1,skincare,aloe vera,False,aloe vera,
0066400013088,1,skincare,essence,True,Herbal essences,
7702018467242,1,skincare,shave,False,Blue 2 Shavers,
5037156237627,1,haircare,conditioner,True,Sheer Blonde Conditioner,
7702018980901,1,skincare,shave,False,Shave Gel (Regular),
0190679004581,3,haircare,hair mask,True,bio:renew Argan Oil & Aloe Repairing Hair Mask for Dry Damaged Hair,
0381519019647,1,haircare,curl,False,Totally Twisted Curl Boosting Mousse,
7702018399444,1,skincare,shave,False,Olay Shave Gel,
0841058004677,1,skincare,razor,False,Razor 17 cartridges,
8712561625760,1,skincare,body wash,True,Silk Glow Body Wash,
0603084550050,4,haircare,hair mask,True,damage reparing + papaya hair treat 3-in-1 hair mask,
0309971370267,1,makeup,nail polish,True,Nail Polish Remover,
7891024132128,1,skincare,creme,False,Creme Dental Colgate,Creme Dental Colgate
7891024134405,1,skincare,creme,False,Creme Dental Colgate,Creme Dental Colgate
0070330719873,1,skincare,razor,False,Soleil Bella Razor,
7891024134429,1,skincare,creme,False,Creme Dental Colgate,Creme Dental Colgate
5017371155791,1,skincare,hygiene,False,Antibacterial hand hygiene gel,
5410076390519,1,haircare,conditioner,True,Mega Conditioner,
7891024123560,1,skincare,creme,False,Creme Dental Colgate Sensitive Pro,Creme Dental Colgate Sensitive Pro
0381519186837,1,haircare,conditioner,True,Miracle volume Conditioner,
5410076518500,1,haircare,conditioner,True,Colour Mate Conditioner,
5012874104376,1,makeup,nail polish,True,Cutex Nail Polish Remover,
7290112193285,1,haircare,frizz,False,Frizz control,
0071249363249,1,skincare,clay mask,True,Pure clay mask,
5011408043204,1,haircare,hairspray,True,Hairspray,
7640144130312,1,skincare,serum,True,Reviving serum,
5410076518456,1,haircare,conditioner,True,Mega conditioner,
8436003928201,1,skincare,anti-aging,False,Crema Anti-Aging,
8904277700026,1,makeup,foundation,True,BB foundation cream,
8436591925248,2,skincare,mist,False,Vanilla body mist,
8904277700002,1,skincare,scrub,False,Natural apricot scrub,
5901018016180,1,makeup,eyebrow,True,Joanna eyebrow eyelash TINT,
4907532018816,1,skincare,eye gel,False,Under eye gel,
0810083680354,1,skincare,body wash,True,Lush green body wash,
4800888141194,1,haircare,dandruff,True,Clear anti dandruff shomphoo,
0381370039556,2,skincare,body wash,True,Stress relief body wash,
4796005667695,1,skincare,face wash,True,bright beauty face wash,
0071249651018,2,haircare,conditioner,True,Elvive conditioner,
8999999556693,1,skincare,body wash,True,Zwitsal 2in1 hair&body wash,
8901030861482,1,skincare,face wash,True,Ponds face wash,
8480000787347,1,skincare,serum,True,Serum luminosidad,
5059018144980,1,haircare,cheveux,False,Shampoing violet pour cheveux blond et méchés,
8902269511506,1,skincare,face wash,True,Neem aloe vera face wash,
0777562008507,1,skincare,hygiene,False,Slurp'n Fresh Oral Hygiene Solution,
8427426012639,1,skincare,aloe vera,False,Pasta aloe vera,
8430321007877,3,skincare,aloe vera,False,Gel aloe vera,
0017000092645,2,skincare,hand soap,True,dial cherry blossom hand soap,
0051009309939,2,skincare,sensitive skin,False,purw silk sensitive skin,
0765573949292,1,haircare,hair oil,True,Herbal hair oil,
8906105613270,1,skincare,scrub,False,Ubtan face body scrub,
8906118416486,2,skincare,serum,True,Plum niacinamade serum,
8906118413072,1,skincare,niacinamide,False,Plum niacinamide face pigmentation,
0381519019654,2,skincare,essence,True,herbal essence totally twisted curl gel,
0078522090076,1,skincare,deodorant,True,Aloe vera roll on deodorant,
3660005129822,1,skincare,lait corps,True,Karité Merveilleux lait corps réparateur,
3346029200241,1,skincare,crème,False,Douche crème surgras peaux sèches,
3331849018534,1,skincare,crème,False,Crème mains hydratation et protection,
8720181438691,1,skincare,antiperspirant,True,Thermo fresh antiperspirant,
8851123341035,1,makeup,powder,False,Baby powder,
8001090305909,1,skincare,shave,False,Aftershave Balm,
8712053040385,1,skincare,creme,False,Vitamine E creme,
0305210045699,1,skincare,crème,False,Hand Crème,
0667659326211,1,skincare,hand soap,True,Gentle and Clean foaming hand soap,
3600520996851,1,haircare,curl,False,Studio Line Curl power,
59095590,1,skincare,déodorant,False,Reciba Aloe Scent déodorant,
3468080150874,3,skincare,gel douche,True,Gel douche 3 en 1,
3506770000822,1,skincare,hydratant,False,Lait hydratant protection haute,
8721008778006,1,skincare,deodorant,True,Odour Stopping Deodorant Roll-on,
3600542163279,1,skincare,soothing,False,Garnier Body Sensitive 7 Days Soothing Bodylotion,
3145891741223,1,makeup,lash,False,Rouge coco flash,
5028197129439,1,skincare,body butter,True,Body Butter Almon Milk,
3517360019209,1,skincare,hydratant,False,Rehydrate Crème mains hydratante,
3574661774435,1,skincare,savon,True,Gel lavant mains au pur savon et huile d'olive,
3560071483586,1,makeup,contour,False,Eve Contour Patches,
5203069074813,1,skincare,body cream,True,Cashmere rose body cream,
0071249019344,1,makeup,luminous,False,Voluminous,
3660005680163,1,haircare,shampoo,True,Anti-Schuppen Shampoo,
0309971370182,1,makeup,nail polish,True,nail polish remover,
8720182523877,1,skincare,body wash,True,Body wash,
4066447375947,1,skincare,creme,False,Urea Handcreme,
8693495051125,1,skincare,hand soap,True,Palmolive naturals hand soap,
3616304240423,1,skincare,shower gel,True,After Sport shower gel,
9319944022520,1,skincare,cleanser,True,A Rose By Any Other Name Body Cleanser,
7310610029784,1,haircare,shampoo,True,Shampoo,
59095736,1,skincare,deodorant,True,Sure deodorant,
5012583212492,1,skincare,mist,False,Get Fresh Hair Mist,
5000119700018,1,makeup,nail polish,True,Nail polish remover,
5997321776569,1,skincare,peel,False,Peeling cream,
5060677254118,1,skincare,hand cream,True,Hand. Hydrating Hand Cream,
42449737,1,skincare,deodorant,True,Nivea Men Deodorant,
4064666583723,1,haircare,shampoo,True,Elements renewing shampoo,
3760100682137,1,haircare,hair spray,True,Hair Spray Kératine Fixation Extra Forte - 400 ml,
3661434008412,1,skincare,spf,False,Uriage bariesun spf30,
0810020170184,1,skincare,spf,False,Bondi sands spf50,
3600524069698,1,skincare,spf,False,Revitalift spf50+,
8700216509015,1,haircare,conditioner,True,conditioner aqua light,
3600551125763,3,skincare,savon,True,Savon doux,
8411135009431,1,skincare,spf,False,Sunnique sérum protector facial diario reafirmante SPF50+,
4066447429305,1,skincare,creme,False,Intensiv handcreme,
3574661657820,1,skincare,savon,True,Savon liquide,
0605923471083,1,skincare,body lotion,True,Hydrating Body Lotion,
4987176043405,1,haircare,hair oil,True,Pantene Pro-V Miracle Repair Hair Oil Treatment 90mL,
3600550894004,1,haircare,panthenol,False,Panthenol Comfort body balm,
5410091769772,1,haircare,volumizing,False,Volumania 24 hour volumizing mousse,
3574661728216,1,makeup,powder,False,Johnson’s baby powder,
4036221610793,1,skincare,toner,True,Skin focus vitamin radiance glow toner,
22008879,3,skincare,creme,False,Olive Handcreme,
6215000201355,1,skincare,shaving,True,Shaving Cream,
3596710525683,1,skincare,gel douche,True,"Cosmia gel douche moussel "" classic"" 750ml","Cosmia gel douche moussel "" classic"" 750ml"
0058000140271,1,skincare,hand soap,True,Hand soap,
0305210042230,1,skincare,body lotion,True,Clinical Care Age Defy Body Lotion,
0404686383318,1,skincare,hydrating,False,Margarita spirit Hydrating hand sanitizer,
5045098644212,1,makeup,cleansing wipe,True,Biodegradable cleansing wipes,
4005900207463,1,skincare,creme,False,Nivea Creme,
8850006493502,1,skincare,body wash,True,Palmolive Body Wash Mens Active 500mL,
0664563630540,1,haircare,shampoo,True,Shampooing déjaunissant,
9300607760057,1,skincare,moisturising,False,Daily moisturising Lotion,
0854242006777,1,skincare,shave,False,Shave gel,
3600551136905,1,skincare,hydratant,False,Sérum concentré réhydratant,
3600551138916,1,haircare,shampoo,True,Shampooing Purifiant,
4088600561509,1,skincare,body wash,True,"No. 1 Lime, Basil & Mandarin luxury hand & body wash",
4208862772000400,1,haircare,shampoo,True,Shampoo Justk,
3574664652938,1,skincare,gel douche,True,Gel douche Orange bio et pamplemousse bio,
4005900036469,3,skincare,deodorant,True,Black & White Invisible Clear Deodorant,
3252550620116,1,skincare,savon,True,Savon liquide parfumé,
3306660849100,1,makeup,powder,False,Powder Detergent,
4005900649874,1,skincare,shave,False,Senisitve one stroke shave gel,
3770000717020,1,skincare,aloe vera,False,Gommage doux visage à l'aloe vera bio,
73201663,1,makeup,nail polish,True,O2 nail polish,
9327693004339,1,skincare,body lotion,True,Body lotion,
42417774,1,skincare,hand cream,True,hand cream - intensive moisture,
0667559300953,1,haircare,conditioner,True,Champagne Toast Moisturizing Conditioner,
3574661711218,1,skincare,shower gel,True,GRENADE BIO SHOWER GEL,
0743690086199,1,haircare,conditioner,True,Bergamot hair & scalp conditioner,
0083078004897,1,skincare,lip balm,True,Moisturising Lip Balm,
7703281001515,2,skincare,spf,False,Lumed base fluida spf 50,
9346368000063,1,skincare,mist,False,Dymista 125/50,
3701120000433,1,skincare,foot cream,False,Foot cream,
3052505100102,1,skincare,lip balm,True,Lip Balm,
0041167017234,1,makeup,powder,False,Foot powder spray,
3760062889728,1,skincare,pore,False,Lait corporel jasmin,
0860005287116,1,skincare,blemish,False,Peace Out Blemish Balm,
3253581764213,1,skincare,crème,False,Crème Mains Solidaire,
3178041354516,1,skincare,gel douche,True,Gel douche douceur,
3701436916558,1,skincare,crème,False,Crème mains,
4006000083810,1,skincare,body lotion,True,Body Lotion,
0688047138087,1,haircare,shampoo,True,Texturizing Beach Babe dry shampoo,
0625336003497,1,haircare,hair spray,True,Hair spray,
3251241035208,1,skincare,gel douche,True,Bois de Cade & Fougère Gel Douche,
0851228005618,1,skincare,lip balm,True,Raspberry tinted lip balm,
0792850006638,1,skincare,body lotion,True,Body lotion,
4820216920581,1,haircare,shampoo,True,Perfomen Classic Series Beard care Shampoo,
0037000919858,1,skincare,body wash,True,Gentle Body Wash,
0603084490943,1,skincare,micellar,True,Micellar Cleansing Water,
8717644683149,1,haircare,hair wash,False,Dove Men Body Face and Hair Wash,
50082728,1,skincare,deodorant,True,Lynx Africa deodorant,
4056489970217,4,skincare,aloe vera,False,Crème mains à l’aloe vera bio,
4006000078946,3,skincare,lait corps,True,Lait corps,"Maak je droge huid zichtbaar zachter en soepeler met Nivea Verzorgende Bodymilk. De melk bevat amandelolie en vitamine E, die je huid verzachten en optimaal beschermen."
3600542318877,1,haircare,shampoo,True,Shampoo,
4005900545503,2,skincare,crème,False,NIVEA Q10 Power Anti-Rimpel Dagcrème,Nivea Q10 Power 35+ Anti-Rimpel Dagcrème verhoogt het natuurlijke Q10 gehalte van je huid. De dagcrème bestrijdt effectief fijne lijntjes en rimpels en zorgt voor een voelbaar stevigere huid.
0818625024338,1,skincare,serum,True,C-Tetra lipid vitamin C radiance serum,
2200278900660,1,skincare,peel,False,Fusspeeling & Fussmaske,
4021457652303,1,skincare,creme,False,Zahncreme Sensitive & Repair,
8718537258277,1,skincare,spf,False,Gezichtscreme spf 50,
0927943205425,1,haircare,shampoo,True,Shampoo coco y biotina,
3770013745683,1,skincare,crème,False,Crème yeux anti age,
3606000537323,1,skincare,moisturizing,False,CeraVe Moisturizing Cream,
5901887008460,1,skincare,hand cream,True,Hand cream,
00673488,1,skincare,body cream,True,Hand and Body Cream,
4049775555229,1,makeup,lip gloss,True,Megaslicks lip gloss,
8904238300289,1,skincare,mist,False,Ossum Perfumed Body Mist,
8422410420841,1,skincare,deodorant,True,Deodorant,
0888761587783,1,skincare,lip balm,True,Peppermint lip balm,
4067796169737,1,skincare,hand cream,True,Hand cream,
4987176234292,1,haircare,hair oil,True,Hair oil,
2200254590984,1,skincare,aloe vera,False,Handcreme Aloe Vera,
3600541888975,1,skincare,creme,False,Fructus Creme Kur Wunderbutter,
8720181147418,2,skincare,mist,False,Zwitsal Original Bodymist,
8718481351864,1,skincare,savon,True,Savon à l'orange,
5425021838107,1,skincare,savon,True,Savon à l'alcool,
3600551146201,1,skincare,déodorant,False,Déodorant biotic invisible,
3662217015610,1,skincare,crème,False,Crème jour et nuit,
7702018621293,1,skincare,shave,False,Shave Foam,
3760062889957,1,skincare,nettoyant,True,Gel nettoyant visage,
8906014523004,2,makeup,powder,False,Gokul Santol Pure Sandalwood Talcum Powder,
3522930004141,1,haircare,shampoo,True,Gentle conditioning shampoo,
3574660066227,1,skincare,hand cream,True,Hand cream,
4061459798418,1,haircare,curl,False,Wonder Spray Curls,
5901887054887,1,skincare,serum,True,Serum do twarzy ZIAJA,
5203069098321,1,skincare,sunscreen,True,Sunscreen emulsion body+Face,
42217428,1,skincare,deodorant,True,Woman shower fresh antiperspirant and deodorant,
8904470812144,1,skincare,blackhead,False,Shills Blackhead Removal Nose Strip,
8901288020501,1,makeup,powder,False,Vajradanti Tooth Powder,
8901030971846,1,skincare,moisturizer,False,Vaseline Deep moisturizer,
8901548147184,1,skincare,peel,False,everyuth GOLDEN GLOW PEEL-OPF MASK,
4066447785654,1,skincare,creme,False,Sonnencreme LSF 50+,
5410091775353,1,haircare,shampoo,True,CLASSIC ANTI-GREASE DRY SHAMPOO,
3600542631990,3,skincare,spf,False,Garnier Ambre Solaire Hydra 24H Protect SPF50+ Beschermende Zonnemelk,Perfect voor onderweg! De hydraterende Garnier Ambre Solaire SPF50 On The Go Zonnemelk beschermt tegen de zon en voorkomt uitdroging van je huid.
8720181537851,2,haircare,shampoo,True,"Neutral 0% Baby Bath, Wash & Shampoo",
8908016247100,1,haircare,shampoo,True,Ketoconazole shampoo,
4008233160139,1,skincare,creme,False,Sanfte Pflege Cremebad,
10795847750078,1,skincare,face mask,True,Glamour Luxe LED face mask,
4005800310102,1,skincare,booster,True,Hyaliron filler + 3×effect booster,
0099000001858,1,skincare,spf,False,Hawaiian Tropic Glowing Protection Lotion SPF 50,
8719134163063,1,haircare,shampoo,True,Strengthening caffeine shampoo,
5051389044937,1,skincare,deodorant,True,Deodorant,
8719134161076,1,haircare,shampoo,True,Scrub and Shampoo,
0044936371544,1,skincare,pore,False,Lotion corporel à l’eau de rose,
3600550808339,1,skincare,crème,False,Cica-crème,
0545550001348,2,makeup,powder,False,Shower to shower powder,
5099821132316,1,skincare,spf,False,Mineral protection 30 SPF Powder,
6411000745008,1,skincare,sensitive skin,False,LV Soap for sensitive skin,
7310610026752,1,skincare,face wash,True,L300 daily face wash,
3600520297569,3,skincare,crème,False,L'Oréal Men Expert Hydra energetic gezichtscrme,Deze L'Oréal Paris Men Expert Hydra Energetic Hydraterende Gezichtscrème voor mannen boost de vermoeide huid en hydrateert haar 24 uur lang. De dagcrème verzorgt en verzacht je huid.
0946499095410,1,haircare,shampoo,True,Ketoscore shampoos,
3664437000247,8,skincare,déodorant,False,Déodorant solide,
0075486091897,1,skincare,sunscreen,True,Island sport sunscreen,
0769915234411,1,skincare,serum,True,Age support serum GF 15% Solution,
4015100816563,1,makeup,gloss,True,Farb-Glanzbehandlung Glossing Neutral,
9102453113625,5,skincare,face wash,True,MUUCHSTAC Face wash,
4067796072402,7,skincare,shave,False,ultra sensitive after shave balsam,
8719134161090,1,skincare,douche,False,Mousse de douche,
6192003850417,2,skincare,déodorant,False,Créme Déodorante Douce,
3616826532914,1,skincare,spf,False,Huile sèche solaire SPF30,
0764302280637,1,skincare,hydratant,False,Démêlant hydratant en profondeur,
8411135007130,2,skincare,spf,False,Sunnique leche solar vitEox 80 SPF50,
3264680044922,1,skincare,serum,True,Serum,
4062300445543,7,skincare,hygiene,False,HiPP ULTRA HYGIENE SENSITIV BABYSANFT SIEGEL FEUCHTTÜCHER,
59002185,1,skincare,deodorant,True,LYNX Fine Fragrance cherry spritz deodorant stick,
7066307783339,1,skincare,peel,False,Gesichtspeeling,
5120001390018,1,makeup,poudre,False,156 sachets de 25g de détergent en poudre climo,
3574661629919,2,haircare,cheveux,False,"Le solide Lavant Revitalisant 3en1 Corps, Cheveux, Cheveux pomme-olivier",
0527235178101,1,skincare,spf,False,Kalos 50 SPF,
8700216208680,1,haircare,shampoo,True,Shampooing,
4066447577341,1,skincare,serum,True,AQUA FEUCHTIGKEITS SERUM,
0667888306824,2,skincare,moisturizing,False,PACIFIC) MOISTURIZING LOTION HYDRATANTE,
3360372060734,2,skincare,déodorant,False,Acqua di Giò Déodorant Stick,
5029354000868,1,skincare,aloe vera,False,Aloe Vera Gel,
8411135006645,1,haircare,curl,False,Gel definidor Metodo Curly,
4311501678572,1,haircare,shampoo,True,Volumen Shampoo,
9341110079854,1,skincare,mist,False,Jasmine Sun Body Mist,
8402001020810,3,skincare,serum,True,Serum Liss Frizz Control,
8809576261769,1,skincare,centella,False,SKIN1004 Madagascar Centella Probio-Cica Enrich Cream,
0713708723323,1,haircare,conditioner,True,conditioner,
3770000717624,1,skincare,nettoyant,True,Eau nettoyante à l'aloe vera bio,
6131001000097,3,skincare,déodorant,False,Déodorant Never,
0745114069962,1,skincare,épilation,False,Soin après épilation à huile d'argan,
0030772196533,3,haircare,conditioner,True,Potent Aloe Conditioner,
8319640047002,1,skincare,creme,False,Hirschtalg Creme,
0810095593284,1,skincare,moisturizing,False,Men's Natural Moisturizing Lotion,
3700281705249,1,skincare,spf,False,Lait solaire hydratant 50+ SPF,
8901288202020,1,makeup,powder,False,Vicco Vajradanti Tooth Powder,
9005800307510,1,skincare,shower gel,True,Shower gel,
8901138815721,1,haircare,hair cream,True,himalaya hair cream olive,
8595196902808,1,makeup,nail polish,True,Nail polish remover,
0623543748644,1,skincare,aloe vera,False,Aloe Vera,
8710537044737,3,skincare,spf,False,Biodermal Skin Essential SPF30 Gel-Crème,
8720181299902,1,skincare,deodorant,True,Deodorant advanced care,
6412600843323,1,skincare,toner,True,Toner,
7939696530009,1,haircare,curl,False,Curls like us,
8712561622196,1,skincare,shave,False,Aftershave Black,
8710444220941,1,skincare,spf,False,Sunspray spf 30,
8006540497326,1,skincare,hydration,False,Hydration sos,
8004395133703,1,skincare,hand cream,True,Hand cream,
8002410012071,1,skincare,deodorant,True,Deodorant,
3760100681765,1,skincare,lait corps,True,lait corps carotte,
8001090967558,1,haircare,shampoo,True,Anti Dandruff Shampoo Deep Clean Severe Oily Scalp,
4008496975754,1,haircare,curl,False,Pro Big Curl,
4005900105097,1,skincare,sunscreen,True,Nivea Sun Sunscreen Moisturising Lotion Spf 50+,
3506770001034,1,skincare,sunscreen,True,Sunscreen,
0085715320858,1,skincare,mist,False,ess GIRL GUESS USA FRAGRANCE MIST BRUME POUR LE CO,
6291069701272,1,haircare,shampoo,True,Shampoo,
3522930004028,1,skincare,spf,False,Caudalie Vinosun Protect Sun Protection Water SPF50+,
8906081291424,2,skincare,sunscreen,True,UVBlock spf-50 Sunscreen lotion 100ml,
3574661353562,1,skincare,shower gel,True,Shower gel,
5701943100882,1,skincare,spf,False,P20 Kids SPF50+ Zonnebrandcrème,P20 Suncare For Kids SPF50+ Zonnelotion is speciaal ontwikkeld voor kinderen. De lotion biedt met één keer aanbrengen tot tien uur betrouwbare bescherming tegen de zon én is tot wel drie uur waterbestendig.
3600551124353,1,skincare,mousse à raser,True,Mousse à raser,
3468080407374,1,skincare,douche,False,Douche soin surgras,
8004395001019,1,skincare,shave,False,Pre-shave cream - Green,
8004395001118,1,skincare,shaving,True,Shaving Cream - Green,
8906036217684,1,skincare,blemish,False,Papaya Clean Anti Blemish Facewash,
7891150094109,1,skincare,creme,False,Creme dental carvão e emnta closeup,Creme dental carvão e emnta closeup
4056489017448,1,skincare,face mask,True,Face Mask,
0030772062814,1,haircare,shampoo,True,Head and shoulders shampoo,
0071249364840,1,haircare,conditioner,True,Elvive Total Repair 5 leave in conditioner,
8436591925415,1,skincare,aloe vera,False,Aloe vera,
9310714225141,1,haircare,conditioner,True,Normal balance express repair leave in conditioner,
06183981,1,skincare,moisturizing,False,Moisturizing Gel Cream,
8901526102655,1,haircare,shampoo,True,Fall Resist 3X Anti-Hairfall Shampoo,
4005900685940,1,skincare,crème,False,Crème solaire niveau sun,
7640183490378,1,skincare,rosehip,False,Pure Cold-Pressed Rosehip Face Oil,Pure Cold-Pressed Rosehip Face Oil
7640183490224,1,skincare,serum,True,Revivelash Lash & Brow Growth Serum,Revivelash Lash & Brow Growth Serum
8713745786185,1,skincare,crème,False,Crème pour les mains Hema,
5099821137144,1,skincare,hydrating,False,Hydrating Protection SPF 30,
0018084053683,1,haircare,curl,False,Be curly advanced,
3468080009264,1,skincare,visage,False,Lait protecteur visage et corps,
7392173043421,1,skincare,hand cream,True,Creme hand cream,
4008233143187,2,skincare,crème,False,Kneipp 5-In-1 Voetcrème,Kneipp 5-in-1 Voetcrème is een effectieve alles-in-één verzorging voor je voeten.
8554360017830,1,skincare,creme,False,Creme légère,
7702018601899,1,skincare,shaving,True,"Saturn care, sensitive, aloe vera shaving",
5054563209238,1,skincare,creme,False,Zahncreme Pro Schmelz,
8410412000697,1,skincare,aloe vera,False,Crema facial aloe vera,
0035000996749,2,skincare,body wash,True,Original Body Wash,
8906032860860,1,skincare,moisturizer,False,Passion Indulge Anti-Tan Moisturizer HydraGel SPF 15,
0887167539549,1,skincare,creme,False,E.Lauder Revitalizing Supreme+ Youth Power Creme 30ml,
5012874299430,1,makeup,nail polish,True,Cutex Care nail polish remover,
3600542525701,1,haircare,shampoo,True,Shampooing,
3574661602691,1,skincare,hand cream,True,Hand cream,
8720181286902,1,skincare,deodorant,True,Deodorante,
0041520164513,1,makeup,nail polish,True,Regular nail polish remover,
4015100190199,1,haircare,hairspray,True,Max Hold Hairspray,
4066447348477,1,makeup,concealer,True,Pflegender Concealer,
4305615911885,1,skincare,creme,False,Cremeöl Dusche,
4065331001306,1,haircare,shampoo,True,Shampoo und Duschgel,
3663871324582,1,skincare,déodorant,False,Déodorant anti transpirant,
8029041109130,1,skincare,spf,False,Defence Sun - Baby&Kid SPF50,
3600542572194,1,haircare,shampoo,True,Après shampooing sans silicone infusion d'eau de riz et amidon,
4005900771209,2,skincare,body oil,True,Body oil in lotion coconut & huile de monoï,
3600551145990,1,skincare,anti-transpirant,False,Anti-transpirant Invisible Peaux épilées,
8700216318273,1,haircare,shampoo,True,Shampoo,
0301871373324,3,skincare,moisturizing,False,Moisturizing Cream,
4006000100999,1,skincare,mousse à raser,True,Mousse à raser,
3600542643191,1,haircare,shampoo,True,Shampooing,
3760100683806,1,skincare,creme,False,creme lavande,
5015833314489,1,skincare,scrub,False,Daily Face Scrub,
8809563065448,1,skincare,serum,True,d'Alba White Truffle Double Layer Revitalizing Serum,
0062600060488,1,skincare,body wash,True,body wash,
0717226271854,1,haircare,shampoo,True,Frizz ease - dream curls - Shampoo,
6221155052841,1,haircare,shampoo,True,Shampoo,
6001051004744,1,skincare,body cream,True,Nivea body cream,
8904256005319,1,skincare,face wash,True,Nivea Face wash,
4005900192479,2,skincare,spf,False,NIVEA Q10 Power SPF30 Anti-Rimpel Dagcrème,Nivea Q10 Power SPF30 35+ Anti-Rimpel Dagcrème bestrijdt je rimpels effectief van binnenuit en vermindert ze zichtbaar. De crème biedt extra bescherming met SPF30.
4005808246014,1,skincare,body lotion,True,Nivea Body Lotion Rich 250mL,
3770019337509,1,skincare,aloe vera,False,lubrifiant naturel à base d'eau texture riche Aloe Vera & Arnica,
8436097095384,3,skincare,gel douche,True,gel douche micellaire,
5060388881795,1,skincare,vitamin c,False,Vitamin C+ brighten skin defence daily moisturiser,
0711221983866,1,skincare,deodorant,True,Deodorant,
4340043891170,2,haircare,soin cheveux,True,Crème de soin cheveux,
4103040909787,1,skincare,creme,False,SEBAMED FUẞCREME,
3662217007066,3,skincare,creme,False,Creme anti âge,
5410091728618,5,skincare,deodorant,True,Fa Pink passion deodorant roller,
6111260730713,1,skincare,body lotion,True,famila glycerin body lotion,
8430830507615,1,haircare,argan oil,False,Argan oil cream,
4902430789318,1,skincare,shaving,True,Gillette guard shaving cream,
0022400393629,1,haircare,curl,False,tresemme flawless curls,
0012547339017,1,skincare,mist,False,Pocket Mist Cool Mint,
3614220954011,1,makeup,foundation,True,Match perfection foundation,
0769915194791,1,skincare,cleanser,True,Squalene Cleanser,
8716716054016,2,skincare,soothing,False,Soothing Hand Balm 70ml,
0080878187065,1,makeup,primer,True,"Heat Primer, Thermal Heat Protectent",
0803954301038,2,skincare,scrub,False,Himalaya pink salt scrub,
0055086002356,2,haircare,argan oil,False,argan oil & lavander lotion,
0010181041235,1,skincare,body oil,True,Vitamin E Body Oil,
0012044037539,6,skincare,deodorant,True,Swagger Deodorant,
3499320014519,1,skincare,cleanser,True,Cetaphil Cleanser,
6281006534988,1,haircare,conditioner,True,Conditioner smooth and shine,
0850013422319,1,makeup,powder,False,Coconut Powder Mouthwash Tablets,
0819156023432,1,haircare,laque,True,"Peace out, plaque Antigingivitis/antiplaque mouthwash",
10583708,3,skincare,moisturizing,False,moisturizing pet shampo,
8710447365427,2,haircare,volume,False,Volume and Bounty Shampo 400 ml,
4015100864915,1,haircare,shampoo,True,Shampoo mit Hopfen,
9120130822868,1,haircare,shampoo,True,shampoo,
8901030996153,1,haircare,shampoo,True,shampoo,
8718951577039,1,haircare,shampoo,True,palmolive naturals shampoo,
4067796179712,1,haircare,shampoo,True,Coffein Shampoo Power Effect,
7702354957643,1,haircare,shampoo,True,Shampoo nitribela15 células madre,
7702354957636,1,haircare,shampoo,True,Shampoo nitribela15 pro hialuronico,
4058172313158,1,haircare,shampoo,True,silber Glanz Shampoo,
5397208184072,1,haircare,shampoo,True,Shampoo,
4056489481676,1,haircare,shampoo,True,shampoo,
8904319400914,1,haircare,shampoo,True,Sesa Ayurvedic Shampoo,
7790740001377,1,haircare,shampoo,True,shampoo hidratación,
4005900179968,1,haircare,shampoo,True,shampoo,
4902430396554,1,haircare,shampoo,True,Rejoice shampoo rich soft smooth,
10467630,1,haircare,shampoo,True,car shampoo 2 In 1,
0736990012104,1,haircare,shampoo,True,veterinary formula ultra oatmeal shampoo 17oz,
0736990040701,1,haircare,shampoo,True,salon select deodorizing shampoo 18 oz,
3600523966042,1,haircare,shampoo,True,Color Shampoo,
0736990013156,1,haircare,shampoo,True,veterinary formula antiparasitic and antieborrheic shampoo 16 oz,
0736990013552,1,haircare,shampoo,True,veterinary formula oatmeal and tea tree oil shampoo 16 oz,
5281019900412,1,haircare,shampoo,True,Ketonaz shampoo,
0037000733140,1,haircare,shampoo,True,Head & Shoulders Tea Tree Oil Shampoo,
0094000144727,1,haircare,shampoo,True,Advance Techniques Intense Repair Shampoo,
8690529513932,1,skincare,bar soap,True,CITRON BAR SOAP,
0018787782057,2,skincare,bar soap,True,Organic Baby Unscented Bar Soap,
6295120060193,1,skincare,bar soap,True,Dettol activ botany Rose Water bar soap,
6001067004318,1,skincare,bar soap,True,Protex bar soap deep clean,
6001106110697,1,skincare,bar soap,True,Dettol Sensitive Bar soap,
6295120060186,1,skincare,bar soap,True,Dettol anti botany green tea bar soap,
6295120046876,1,skincare,bar soap,True,Dettol Sensitive bar soap,
3596710553112,1,haircare,shampoo,True,Shampooing réparateur,Shampooing réparateur
4066447787597,2,skincare,creme,False,Zahncreme ANTI-BAKTERIELL,
6939293513246,2,skincare,aloe vera,False,Aloe Vera Ministar,
3275179350592,1,makeup,rouge a levres,True,Rouge a levres au lait,
8435477906432,1,makeup,rouge à lèvres,True,rouge à lèvres bonbon,
3700843521256,1,makeup,rouge à lèvres,True,Coffret Rouge à Lèvres en Chocolat,Coffret Rouge à Lèvres en Chocolat
7310610011321,1,skincare,exfoliant,False,Salvequick Exfoliant Sock,
6111246360514,1,skincare,savon,True,savon exfoliant au miel,
0655439005913,1,skincare,exfoliant,False,2% BHA Liquid Exfoliant,
6111246360507,1,skincare,savon,True,"savon exfoliant a l',argan",
6111246360545,1,skincare,savon,True,savon exfoliant au romarin,
4800119217278,1,skincare,exfoliant,False,maxipeel' MICRO-EXFOLIANT SOAP,
8402001018312,1,skincare,exfoliant,False,exfoliante,
5111040259435,1,skincare,exfoliant,False,exfoliante asepxia,
4005900915818,1,skincare,exfoliant,False,agua de rosas exfoliante,
6928001836180,1,skincare,exfoliant,False,Carbon exfoliante corporal,
8719325558869,1,skincare,hand soap,True,hand soap,
9000100590853,1,haircare,volume,False,Volume Lift,
3605972966162,1,skincare,squalane,False,Ultra Body Mega Moisture Squalane Cream,
4061463402004,1,skincare,creme,False,Eurodont Spezialzahncreme,
0070501017104,1,skincare,acne,False,Oil-free Acne Wash,
8058664138388,1,haircare,shampoo,True,Baby Moments  shampoo,
3660005576664,1,skincare,spf,False,Crème solaire 50+ FPS SPF,
3600530733644,1,makeup,concealer,True,Concealer,
8718951647527,1,haircare,cheveux,False,Zero Baby & Kids Corps & Cheveux,
3760100193718,1,skincare,gel douche,True,gel douche monoï à la folie,
8719134163155,1,skincare,body oil,True,Rituals body Oil,
0896364002756,2,haircare,olaplex,False,Olaplex,
8719134122398,1,skincare,scrub,False,Body Scrub,
8720181594830,4,skincare,déodorant,False,Déodorant,
6973469672030,1,haircare,shampoo,True,Rice water shampoo bar,
8710522632666,1,haircare,keratin,False,Liso keratina,
8698885691646,1,skincare,aloe vera,False,Aloe Vera Diş Macunu,
0022796910066,1,haircare,conditioner,True,Coconut Milk Conditioner,
0079400637635,1,skincare,body wash,True,Suave Kids 3 in 1 purely fun body wash and shampoo,
3600551132877,1,skincare,douche,False,Dop douche,
3655418377632,1,haircare,shampoo,True,Shampoo con,
4305615704791,4,makeup,setting spray,True,Setting Spray,
8720964893532,4,skincare,sheet mask,True,Face sheet mask,
59082828,1,haircare,thickening,False,V05 Thickening Powder,
8718951658356,4,skincare,déodorant,False,Déodorant sanex zero%,
3052503745220,1,makeup,foundation,True,Healthy mix Sweum foundation,
42128007,2,haircare,panthenol,False,Soft Cream - Vitamin E & Panthenol,
0699838224322,2,skincare,body cream,True,Butter Me Up Whipped Tallow Cream,Unscented whipped tallow body cream
4006000083476,1,skincare,body lotion,True,Body Lotion,
6132633200060,1,skincare,crème,False,Crème odorante,
4058172737756,1,skincare,creme,False,Balea Handcreme,
3474393045974,1,makeup,vernis à ongles,True,Vernis à ongles,
5051089988227,1,skincare,savon,True,Savon de Marseille,
5045091555768,1,skincare,moisturising,False,moisturising after sun,
3600542551205,1,haircare,shampoo,True,Garnier Ultra Doux Shampooing Disciplinant Huile de Coco & Beurre de Cacao - 300 ml,
5904730627627,1,skincare,face wash,True,Rich Peach Natural Face Washing Gel,
8809738600214,1,skincare,toner,True,Round Lab Birch Juice Toner,
3574661213187,1,haircare,shampoo,True,Baby shampoo gotas de brillo,
8711868008887,1,skincare,visage,False,Lingette pour les mains et le visage,
7310617312780,1,skincare,hand soap,True,Hand soap refill pack,
3701159001869,1,skincare,savon,True,Savon Marseille,
8411135440357,1,skincare,aloe vera,False,Aftersun Aloe Vera Reparadora,
4066447591668,1,skincare,gel douche,True,Gel douche,
3660005593258,1,makeup,fard à paupières,True,Fard à paupières,
4056489970873,1,skincare,gel douche,True,Gel douche,
6281722056276,1,haircare,shampoo,True,Shampoo natural moringa,
3378872218234,1,skincare,crème,False,Crème corps effet peau neuve,
6920354836039,1,skincare,propolis,False,Colgate propolis for healthy gums,
40060729,2,skincare,hand cream,True,HAND CREAM NIVEA,
0004313106091,1,skincare,creme,False,Nivea creme,
4005900933560,1,skincare,creme,False,Nachtcreme,
30173620,4,makeup,concealer,True,Infallible More Than Concealer,
3701129811627,1,skincare,douche,False,Atoderme huile de douche,
4007295017429,1,skincare,creme,False,Oliven Öl Körpercreme,
5202663195955,1,skincare,hand cream,True,Hand cream,
00619059,1,skincare,toner,True,facial toner,
3250392472986,5,haircare,crème décolorante,True,Crème décolorante,
3600551169545,2,skincare,crème,False,Crème cica réparation,
7073231001699,1,haircare,conditioner,True,Conditioner,
0840191602917,1,skincare,body lotion,True,Rose and sandalwood body lotion,
0074469513951,1,haircare,shampoo,True,Joico Moisture Recovery Shampoo 300ml,
0074469513906,1,haircare,conditioner,True,Joico Moisture Recovery Conditioner 250ml,
0074469523981,1,haircare,shampoo,True,Joico Youth Lock Shampoo 300ml,
0074469523950,1,haircare,conditioner,True,Joico Youth Lock Conditioner 250ml,
0074469524940,1,skincare,crème,False,Joico Youth Lock Blowout Crème 177ml,
7290011521202,1,haircare,conditioner,True,Moroccanoil Moisture Repair Conditioner 250ml,
7290011521141,1,haircare,hair mask,True,Moroccanoil Restorative Hair Mask 250ml,
3474636974214,1,haircare,shampoo,True,L’Oréal Professionnel Absolut Repair Shampoo 300ml,
8437020545075,1,haircare,shampoo,True,Goa Organics Melrose Shampoo 300ml,
3506770013013,1,skincare,gommage,False,Gommage corps,
7506306246317,1,haircare,shampoo,True,Sedal 2 en 1 Rizos definidos Shampoo 2 en 1,
4021457652297,1,skincare,creme,False,Zahncreme,
0744109218965,1,skincare,serum,True,V34 Teeth Brightening Colour Corrector Serum,
8436097092871,1,haircare,cheveux,False,Soin de cheveux,
8850029039060,1,skincare,spf,False,Nivea Sun Kids SPF50+ Spray,
4800888158932,1,skincare,deodorant,True,Deodorant (Women),
8004608236597,1,haircare,shampoo,True,NaturalTech Purifying Shampoo,
4005808867264,2,skincare,scrub,False,Nivea Extra Bright Scrub,
8006540289945,1,skincare,deodorant,True,Deodorant,
0345334200123,1,haircare,shampoo,True,Vanicream shampoo,
3178040672826,1,haircare,laque,True,Laque,
4791111143866,1,haircare,shampoo,True,Baby shampoo,
0840191600937,1,skincare,gel douche,True,Gel douche,
3596200068737,1,skincare,crème,False,Crème de Douche,
3600551054308,1,skincare,gel douche,True,Gel douche,
7613107300046,1,skincare,savon,True,savon liquide verveine,
7613107300114,3,skincare,savon,True,savon liquide lavande,
4005900644077,1,skincare,mousse à raser,True,Mousse à raser,
3701488808559,1,skincare,crème,False,Crème mains,
6291108734940,2,skincare,deodorant,True,Yara Deodorant,
4260421981814,6,skincare,deodorant,True,Deodorant Sensation 24h - Seductive,
8001841235080,1,haircare,argan oil,False,argan oil of Morocco,
3245678042243,7,skincare,aloe vera,False,Déodorant doux à l'extrait d'aloe vera bio peaux sensibles,Déodorant doux à l'extrait d'aloe vera bio peaux sensibles
8001841271880,1,haircare,shampoo,True,Shampoo Classic Clean,
3286010016850,3,skincare,visage,False,Lingettes visage et main sans alcool,
8718951320239,1,skincare,gel douche,True,Sanex gel douche - peaux sèches,
8710447381038,2,skincare,gel douche,True,Dove Gel Douche Eau Micellaire Anti-Stress,Gel Douche Eau Micellaire
8809447251394,1,skincare,niacinamide,False,Dr. Althea 345 Relief Cream: Soothing and Barrier Repair Cream with power of Niacinamide and Panthenol,
3660005152271,1,skincare,douche,False,Douche Rafraîchissante,
5603053100991,1,skincare,creme,False,Creme para mãos,
3701436910556,1,skincare,savon,True,Savon au parfum énergisant,
8050507530489,1,haircare,shampoo,True,BIO POINT SHAMPOO,
4047247997898,1,haircare,shampoo,True,Shampoo Men,
7891150096783,1,skincare,creme,False,Desodorante Dove Creme Sérum,
3600522249634,1,skincare,serum,True,Revitalift laser,"Het L'Oréal Paris Revitalift Laser X3 Serum heeft een drievoudige, anti-age werking: het vermindert rimpels, het versterkt en stimuleert het weefsel van je huid en het verkleint je poriën voor een zichtbaar egalere huid."
4066447745443,1,haircare,shampoo,True,Anti Schuppen Shampoo,
0603084560707,4,haircare,conditioner,True,Whole Blends Honey Treasures Repairing Conditioner,
4006000140261,1,skincare,douche,False,Nivea Douche Women,
0808124111042,1,skincare,hand soap,True,Clean Day Hand Soap,
3256225719037,1,skincare,mousse à raser,True,mousse à raser,
0037000944393,2,haircare,conditioner,True,head & shoulders coconut conditioner,
5060571721150,2,skincare,eye cream,True,Eye cream,
05025605,1,skincare,serum,True,Jaysuing Vitamin C Brightening eye serum,
8017990007690,2,skincare,face mask,True,superfruit face mask,
0035000269218,3,skincare,body wash,True,Deep Action Scrub Men's Exfoliating Face & Body Wash,
4103040019400,1,haircare,shampoo,True,Sebamed Anti Dandruff Shampoo,Anti Dandruff Shampoo
4823109408173,1,haircare,pomade,True,Matte Hair Pomade,
8001841266848,1,haircare,conditioner,True,For Coloured Hair Conditioner,
6931978115738,1,haircare,hair treatment,True,Nanoten Brazilian keratin hair treatment,
6224010337428,1,haircare,hair cream,True,hair cream,
4894532923489,3,skincare,micellar,True,Micellar Botanical Purifying Shampoo,Shampoo
8719238021139,1,haircare,hair mask,True,Cactus Hair Mask,
8001841214566,2,haircare,shampoo,True,Hair biology purple shampoo,
3600551153209,1,skincare,sensitive skin,False,sensitive skin expert,
8001841012094,1,haircare,shampoo,True,"Head & Shoulders Classic Clean Anti-dandruff Shampoo, 900 ML",
8001841267111,1,haircare,shampoo,True,Repair & Protect Shampoo,
8001090222541,1,haircare,shampoo,True,Purify and Hydrate Strawberry and Mint Silicone Free Shampoo,
8001841267029,1,haircare,shampoo,True,Shampoo,
8001841500645,1,haircare,shampoo,True,Potent Aloe   Hemp Shampoo,
8032274104476,1,haircare,curl,False,Milk Shake Curl Passion,
0862287000407,1,skincare,body wash,True,Medicated Shampoo & Body Wash,
8006540810675,1,haircare,shampoo,True,Citrus Fresh anti-dandruff shampoo,
8901030924200,1,haircare,shampoo,True,Tresemme Fermented Rice Shampoo,
8001090667038,1,haircare,shampoo,True,Pro-V 3 In 1 Shampoo,
8001090633354,1,haircare,shampoo,True,Shampoo Volumen Pur 3in1,
8001090222787,1,haircare,shampoo,True,Passion Flower & Rice Milk Shampoo,
0720212570626,2,haircare,shampoo,True,Shampoo Baby,
8001090094025,1,haircare,shampoo,True,Shampoo Glatt Seidig,
8001841413563,1,haircare,shampoo,True,Deep Hydration With Coconut Oil Anti-dandruff Shampoo,
8001841389486,1,haircare,shampoo,True,Shampoo,
4987176072993,1,haircare,shampoo,True,Shampoo,
0037000971375,1,haircare,shampoo,True,Clinical Solutions Dandruff Shampoo,
0037000786535,1,haircare,shampoo,True,Head and Shoulders Refreshing Menthol Anti-Dandruff Shampoo For Men,
0037000011965,1,haircare,shampoo,True,Head and Shoulders Classic Clean Shampoo,
4051089815029,4,haircare,shampoo,True,ream MED Shampoo pH hautneutral + Provitamin B5,
4063367117190,1,haircare,shampoo,True,Sieben Kräuter Shampoo,
4017645027770,1,haircare,shampoo,True,mann Shampoo & Duschgel Ginko & Coffein,
4048882267162,1,haircare,shampoo,True,Forte Shampoo,
7630028604077,1,haircare,shampoo,True,Swiss Hair Line Shampoo,Swiss Hair Line Shampoo
8850002006553,1,makeup,powder,False,Baby Powder White,
4005808478941,1,skincare,moisturising,False,Moisturising After Sun Lotion,
8402001028557,1,skincare,peel,False,Double Body Peel Maracujá,
8402001013591,3,skincare,shave,False,Gel after shave con aloe vera,
8480000468710,1,skincare,mist,False,Eau de toilette hombre Misty Wood Bosque místico,
8410001110264,1,skincare,peel,False,Esponja de baño peeling,
3700593604308,2,skincare,savon,True,Savon de Marseille,
3600542427548,1,skincare,sheet mask,True,Sheet mask vitamin c,
4335619070042,1,haircare,gel coiffant,True,gel coiffant effet mouillé,
3760100203981,2,haircare,shampoo,True,Shampooing monoi Evoluderm,
3701129803523,1,skincare,spf,False,Bioderma cream spf50 sensitive dry skin 40ml,
4305615307718,1,haircare,shampoo,True,Feuchtigkeitsshampoo,
3600551172279,2,haircare,shampoo,True,shampooing amande douce,
5045098964600,1,skincare,foot cream,False,Foot cream,
8402001013614,2,haircare,conditioner,True,Hydra Hyaluronic Instant Conditioner,
3337875917940,1,skincare,serum,True,A.G.E. Interrupter Ultra Serum,
3696000556523,1,skincare,cleanser,True,Foaming facial cleanser,
8002410024494,1,skincare,spf,False,Bilboa SPF 30,
3701129809082,1,skincare,micellar,True,Sensibio H₂O Micellar Water,
3600523755714,4,haircare,shampoo,True,Shampooing soin protection couleur,
8720181649646,1,skincare,crème,False,Zwitsal Baby zachte crème,
4059729394330,1,makeup,foundation,True,Mousse foundation,
7649996526946,1,skincare,eye gel,False,Aqua-Shield Eye Gel,
6291069700572,1,haircare,hair oil,True,Dabur Amls hair oil,
6224008073932,1,haircare,conditioner,True,Hair conditioner,
8720256109105,1,haircare,shampoo,True,HappySoaps Shampoo bar aloë you vera much,
3282770207774,1,skincare,nettoyant,True,Avene - Gel nettoyant,
8003170078574,1,skincare,aloe vera,False,Essentiae Crema Viso con estratti di aloe vera e tè matcha,
3600541969728,2,haircare,keratin,False,Hair Bomb Keratina,
3600542638760,2,haircare,keratin,False,Fructis Liso Keratina,
3600542518383,8,skincare,serum,True,Invisible Serum Super UV,
5902539700657,7,haircare,hair mask,True,Argan oil hair mask,
3282770395365,1,skincare,peel,False,Cleanance Comedomed Peeling,
3282770397697,1,skincare,spf,False,Ultra Fluid Radiance SPF 50+,
8006540054109,1,haircare,frizz,False,instant frizz tamer,
8001090374417,1,skincare,serum,True,miracle serum,
4005900613516,1,skincare,creme,False,Protect & Care Rasiercreme,
8006540903346,1,skincare,serum,True,Serum,
00001060,2,makeup,nail polish,True,Nail polish remover,
8809576260601,1,skincare,ampoule,True,SKIN1004 Madagascar Centella Ampoule 55ml,
3660005079608,1,skincare,gommage,False,Gommage purifiant,
3660005313764,1,skincare,nettoyant,True,Gel nettoyant mains,
5060120174345,1,haircare,shampoo,True,Coconut hydrating shampoo,
5060120174369,1,haircare,conditioner,True,Coconut Hydrating conditioner,
6132502980536,1,haircare,shampoo,True,Après shampooing,
0717334255012,2,skincare,eye cream,True,Ginzing Refreshing eye cream,
3574661792552,1,skincare,crème,False,Crème de douche extra douce - Lait de Cotton Le Petit Marseillais,
5900117095232,1,haircare,shampoo,True,Nettle shampoo,
4270000005411,1,skincare,creme,False,Zahncreme aus kokosöl,
0737052354996,1,skincare,deodorant,True,Boss Bottled Deodorant Stick,
4056489235972,3,skincare,anti-transpirant,False,Cien Men Anti-Transpirant Extra Dry,Lidl Deo
3700376300434,1,skincare,savon,True,Savon extra doux,
3529311070016,1,makeup,top coat,False,Top coat Led,
0759316670000,1,skincare,aloe vera,False,Aloe Vera gel,
6281031284797,1,haircare,shampoo,True,Persil Abaya shampoo 2yrs prod,
0810095594649,3,skincare,deodorant,True,odor squatching deodorant coconut castaway,
3666057272967,1,skincare,firming,False,Extra-Firming Emulsion,
4066447429459,1,skincare,creme,False,Cremedusche,
8719134155617,1,skincare,shower gel,True,Foaming Shower Gel (Tulip & Japanese Yuzu),
4005900916747,2,skincare,crème,False,Crème,
8720181360602,1,skincare,shower gel,True,"Shower Gel, cucumber & green tea scent",
7640113155056,2,skincare,creme,False,Dr. Weibel Balsam Creme,
0814655043349,1,skincare,blemish,False,Blemish control,
8480000678010,1,haircare,conditioner,True,Instant conditioner protect,
8700216652896,1,haircare,shampoo,True,"Anti-Schuppen Shampoo, Classic Clean",
0400452624500,1,makeup,concealer,True,Rosé all Day,Concealer
0877917005271,1,skincare,savon,True,Fair& white savon exfoliating soap 200g,
4335619207820,3,skincare,savon,True,"Cien

Savon Lait & Miel",
3474393030086,1,makeup,vernis à ongles,True,Vernis à ongles,
3660005713663,2,skincare,shower gel,True,Meadow Flower & Heather Shower Gel,
4897092690068,1,skincare,hydrating,False,Hydrating treatment mask,
8480000419064,2,makeup,top coat,False,Laca de uñas top coat efecto gel,
8480000468581,3,skincare,mist,False,Eau de toilette hombre Misty Wood Esencia vital,
8428390829834,1,skincare,mist,False,Mini eau de parfum hombre Flor de Mayo Mistery intense,
3282770208689,1,haircare,shampoo,True,Klorane dry shampoo nettle,
3348901563635,1,skincare,serum,True,Super potent serum,
8402001021138,5,makeup,highlighter,True,Iluminador facial fluido Highlighter Universe,
8402001015670,2,makeup,long lasting,False,Polvo Compacto 24H Long Lasting 01 beige,
8402001015687,2,makeup,long lasting,False,Polvo Compacto 24H Long Lasting 02 beige rosado,
3614273074469,1,makeup,concealer,True,Teint Idole Ultra Concealer - 01 Beige Albâtre,
4935421707626,1,skincare,pore,False,Clarifique Pore Refining Cleansing Foam,
0018084945537,1,haircare,volumizing,False,Volumizing Tonic,
8402001006449,3,makeup,gloss,True,Brillo de labios Volumizer gloss 01 transparente,
8402001006456,2,makeup,gloss,True,Brillo de labios Volumizer gloss 02 nude,
8402001006487,2,makeup,gloss,True,Brillo de labios Volumizer gloss 05 rosa,
8402001006494,2,makeup,gloss,True,Brillo de labios Volumizer gloss 06 morado,
0738678184394,1,skincare,creme,False,Forming Creme,
00050568,1,skincare,douche,False,Vanille bain douche,
3600542573061,1,skincare,vitamin c,False,Vitamin C Daily UV,
3614271302830,1,skincare,hydrating,False,Waterlover Hydrating Sun Milk LSF30,
3282779002486,1,skincare,crème,False,crème anttirides,
3282770395235,1,skincare,spf,False,Antirougeurs Rosamed SPF 50+,
8402001010576,2,makeup,gloss,True,Brillo de labios Volumizer gloss 07 transparente con destellos,
8402001020315,2,makeup,gloss,True,Brillo de labios Volumizer gloss 09 coral perlado,
8402001020322,2,makeup,gloss,True,Brillo de labios Volumizer gloss 10 chocolate,
3337875845489,1,skincare,sunscreen,True,Laroche body sunscreen,
3450601032431,1,skincare,déodorant,False,Déodorant Peaux Sensibles,
0887167466821,1,skincare,moisturizing,False,Estée Lauder Futurist Hydra Rescue Moisturizing Makeup SPF45,
0027131963332,1,makeup,concealer,True,Double Wear Concealer 2C,
0814655044612,1,skincare,moisturizing,False,Moisturizing Daily Gel Face Lorion,
8809925170896,1,skincare,serum,True,Laneige Glaze Craze Tinted Lip Serum,
8901526589678,1,makeup,foundation,True,Maybelline New York Fit Me Foundation Matt + Poreless,
0971003047326,1,skincare,hyaluronic acid,False,L'oreal Paris Revitalift Hyaluronic Acid,
8809685755906,1,skincare,sleeping mask,False,Laneige Lip Sleeping Mask Ex- 3g,
3443301332512,1,skincare,exfoliant,False,Anti-boutons gel exfoliant,
4066447710519,1,skincare,creme,False,Intensiv Repair Pflegecreme,
5011417581315,1,skincare,sensitive skin,False,Veet Pure - Legs &amp; Body Wax Strips for Sensitive Skin - 20 Wax Strips,
8901396342205,1,skincare,aloe vera,False,veet aloe vera & green tea scent,
0000170591007,1,skincare,creme,False,VEET CREME DEPIL BLEU 100M,
5045096968693,1,skincare,shower gel,True,boots zesty lemon shower gel,
8712561828628,1,skincare,shower gel,True,Shower Gel,
5028197104498,1,skincare,shower gel,True,Shower gel,
8712561829045,1,skincare,shower cream,False,Nourishing Shower Cream,
0025700700791,1,skincare,scrub,False,Sc johnson scrubbingbubbles mega shower foamer,
0667553517869,1,skincare,shower gel,True,sweet cinnamon pumpkin shower gel,
5060307390148,1,skincare,shower gel,True,MAN CAVE Lemon & Oak SHOWER GEL,
0636874090740,1,skincare,shower gel,True,EO shower gel french lavender,
4005800309854,1,skincare,sun protection,False,Sun Protection Oil Control 50+,
3600542525688,1,haircare,shampoo,True,Shampooing protecteur de couleur,
3770033200360,1,skincare,body oil,True,Tania Wursig,Body oil
3517360022797,3,skincare,gel douche,True,So'bio Étic Gel Douche hydratant,
2005709780008,1,skincare,anti-age,False,Monoï Tiki Anti-age,
0823638083029,1,skincare,cleanser,True,Monoi Age Corrective Exfoliating Cleanser,
9316542150808,1,skincare,serum,True,Aromatherapy Multi Vitamin All Day Serum 50ml,
2000451184753,1,skincare,face mask,True,Gold Foil Face mask 2yrs prod,
4027800081158,1,makeup,eyebrow,True,Wilkinson Eyebrow Razors - 3 units,
4027800802326,1,skincare,razor,False,"8 Wilkinson Hydro 5 razor blades + 1 handpiece, incl. blade = 9 razor blade",
8906103792106,1,skincare,razor,False,SIRONA RAZOR,
4064941117254,1,makeup,concealer,True,Concealer Brush,
8004608250265,2,haircare,volume,False,Volume creator brush,
4010355111425,1,makeup,concealer,True,Ebelin Professional Concealer Make-up Ei (einzeln),
5054805021451,1,makeup,concealer,True,Lasting Perfection concealer,
0773602421732,1,makeup,concealer,True,Studio Finish Concealer NW10,
6956784104011,1,makeup,concealer,True,High coverage concealer,
6953743340404,1,makeup,concealer,True,Concealer,
6902395685845,1,makeup,concealer,True,Maybelline concealer,
4064941049104,1,makeup,concealer,True,Power Plush Longwear Concealer 4.5C,
4067796007855,1,makeup,concealer,True,18H High Coverage Concealer,
4066447094497,1,makeup,concealer,True,Make-up & Concealer 10,
3614226917157,1,makeup,concealer,True,Lasting Radiance Concealer,
4049775614629,2,makeup,concealer,True,Cover All Concealer Palette,
30172814,2,makeup,nail polish,True,"Grey Tones & Black Nail Polish, 604 - press pause",
7840508031471,1,makeup,nail polish,True,Nail Polish Remover,
5045096745867,1,makeup,nail polish,True,nail polish remover,
0072785117082,2,makeup,nail polish,True,Non-acetone nail polish remover,
0074170346466,1,makeup,nail polish,True,Nail Polish,
0074170346244,1,makeup,nail polish,True,Xtreme Wear Clear Nail Polish,
02191461,1,makeup,nail polish,True,Nail Polish Remover,
5060120173287,1,makeup,nail polish,True,Nail polish remover,
7707178030244,2,makeup,nail polish,True,Rodher nail polish,
4809012175029,1,makeup,nail polish,True,Jackie nail polish remover,
9345151004462,1,haircare,conditioner,True,conditioner,
5200136090028,1,haircare,conditioner,True,refreshing conditioner,
0812729006016,1,haircare,conditioner,True,conditioner,
0654749361276,2,haircare,conditioner,True,Thickening Conditioner,
8809913830122,1,skincare,centella,False,centella sun cream,
8700216885737,1,haircare,shampoo,True,Pantene Pro-V Shampoo,
0843536108266,3,skincare,body wash,True,glacier + granite men's body wash,
3349668583485,1,skincare,deodorant,True,Phantom deodorant Spray,
8710537042900,1,skincare,lip balm,True,Biodermal 25 SUN LIP BALM 60,
3596710514410,1,skincare,mousse à raser,True,Mousse à raser,Mousse à raser
3245678144640,3,skincare,spf,False,Spray protecteur kids SPF50,
6191311500076,1,skincare,savon,True,Savon Exfoliant Nourrissant Winco,
3574661570068,1,skincare,soothing,False,Neutrogena Soothing Clear Moisturiser 75ml,
0810095595059,1,skincare,lip balm,True,Moisturizing Lip Balm Vanilla Bourbon,
0811131034228,1,haircare,shampoo,True,Shampoo,
8402001005671,3,haircare,shampoo,True,ZERO SHAMPOO,Champú para cabello
8700216200622,1,haircare,hair mask,True,Hydrate coconut scent Hair mask,
8052462906552,1,haircare,shampoo,True,Anti dandruff shampoo,
7310610027179,1,skincare,shower gel,True,Bliw Clean Shower Gel 400ml,
5057172107575,1,skincare,shower gel,True,Shower gel,
4056489878094,1,skincare,creme,False,Cremeseife Mandelblütenduft,
3256228930811,1,skincare,gel douche,True,Gel douche 2 en 1,
3256229526778,1,skincare,gel douche,True,Gel douche,
3141380052900,1,skincare,douche,False,Douche Huile Précieuse Extra Nourrissante,
0003400934615,1,skincare,uva,False,"Doliprane 2,4% sans sucre (suspension buvable)",
3245678078853,16,skincare,aloe vera,False,liquide vaisselle aloe vera,Liquide vaisselle - Aloe vera Ecolabel 500mL
8001090518606,1,haircare,hair oil,True,Lightweight hair oil 3 miracle oil,
3378872193524,1,makeup,blush,True,Blush crème multi-usages,
6295120046173,1,skincare,aloe vera,False,"Durex,play massage 2 in 1 lube aloe Vera 200ml",
0074704266000,1,haircare,curl,False,Murrays beeswax style&curl milk,
3662361002566,1,skincare,crème,False,Crème solaire,
5410076390458,1,haircare,shampoo,True,Aussie Bonza Colour Shampoo,
4068706085123,5,skincare,lotion corporelle,True,Lotion corporelle Soft,
8809566991676,1,skincare,essence,True,Snail Bee High Content Essence,
3298651717041,1,skincare,savon,True,"Savon à l'huile d'olive, écorces d'orange et cannelle",
3282770153231,1,haircare,curl,False,Furterer sublim curl spray,
8901207050466,2,haircare,hair oil,True,dabur amla hair oil,
8901030937194,1,haircare,shampoo,True,Health Shampoo Strong & Long,
3286011000278,1,skincare,cleanser,True,2 in 1 body and hair cleanser,
3286010027542,1,haircare,argan oil,False,Stretch marks cream with argan oil,
8901030937187,1,haircare,shampoo,True,Health shampoo Strong & Long,
3600551164243,2,skincare,crème,False,mixa crème céramide protection,
4013891817820,4,skincare,creme,False,Dermasel Fusscreme Happy Moments,
8014214865876,1,haircare,shampoo,True,Shampoo,
0060590031136,1,skincare,creme,False,Kamill Hand & Nagelcreme,
4066447876666,1,skincare,creme,False,Körpercreme,
0072140813000,1,skincare,moisturizing,False,Moisturizing Post Shave Balm,
6111103021190,1,skincare,crème,False,Crème pour le change,
8717524072445,3,makeup,lipstick,True,Purol lipstick,"Ervaar de verzachtende en beschermende werking van de Purol Lippenbalsem Stick. De stick biedt bescherming tegen zon, wind en kou en werkt verkoelend."
0716170287041,1,makeup,lip color,False,Bobbi Brown Crushed Lip Color Mini,
8682276601680,1,skincare,aloe vera,False,aloe vera,
8718951451759,1,skincare,hygiene,False,Palmolive hw hygiene plus,
8690131109592,1,skincare,scrub,False,Shifa scrub,
6959222300099,1,haircare,shampoo,True,Shampoo hair color,
8858854618757,1,skincare,scrub,False,Shifa scrub,
6281056501398,1,haircare,hair spray,True,Hair spray,
6181056502008,1,haircare,hair spray,True,Hair spray,
5016889123483,1,haircare,hair cream,True,Hair cream,
6224008677475,1,skincare,shower gel,True,Schwartz shower gel,
6281053210026,1,haircare,shampoo,True,Nunu shampoo baby,
8901030989834,2,skincare,face wash,True,pond's Bright beauty face wash,
8718951719408,1,skincare,body wash,True,PALMOLIVE LIMITED EDITION Dreamy Delight BODY WASH,
6001087009928,1,skincare,body lotion,True,Active body lotion,
8964003015565,1,skincare,body lotion,True,Golden pearl body lotion,
8907367001867,1,skincare,face wash,True,The man face wash,
3286011000186,1,haircare,shampoo,True,Detangling shampoo,
3466762520205,1,skincare,creme mains,True,CREME MAINS FONDANTE,
7640176152931,1,skincare,crème,False,Hydra-lyn Crème Visage,Crème hydratante visage
4792054001855,1,skincare,face wash,True,Face Wash,
7756719020268,1,haircare,shampoo,True,Shampoo vitalidad y brillo,
0001283055002,1,makeup,lip gloss,True,lip gloss,
3574661708096,2,haircare,shampoo,True,Aveeno. SCALP SOOTHING HAIRCARE SHAMPOO Clarify &,
7500435231244,2,haircare,shampoo,True,shampoo anticomezon,
7630028603339,5,skincare,creme,False,Express Handcreme,
8004608519737,1,skincare,spf,False,Sun Soul Protective Mist SPF50+,
8901030999192,2,skincare,face wash,True,pond's sun miracle face wash,
4016479317897,1,skincare,creme,False,Handcreme,
8901248478267,1,haircare,shampoo,True,7 Oil in 1 shampoo 2yrs prod,
8901030989872,2,skincare,face wash,True,pond's Bright beauty face wash,
3600524139636,1,haircare,shampoo,True,L'Oreal Elvital Shampoo,
0088300605705,1,skincare,déodorant,False,Eternity for Men Déodorant Stick,
8908009516220,1,skincare,deodorant,True,satan Deodorant spray,
3760100683011,1,skincare,gommage,False,gommages,
0020714382742,2,skincare,eye cream,True,Anti Age Eye Cream,
3760100680782,1,skincare,gommage,False,Gommage Velours,
4800118366359,1,haircare,shampoo,True,Petgard Dog Shampoo,
8907122002641,2,skincare,face wash,True,Vlcc neem face wash  150+150ml,
10128867,4,makeup,powder,False,dry shampo powder 80 gr,
8858854602893,1,skincare,spf,False,Skin doctor 60SPF WHITENING SUN PROTECTION,
5000101189333,1,skincare,moisturising,False,MOISTURISING LIME & COCONUT MILK 100% NATURAL FRAG,
8801046869598,1,haircare,shampoo,True,Shampoo,
6001087373791,1,skincare,body lotion,True,Energy body lotion,
3522930004035,1,skincare,gel douche,True,CAUDALIE ARIS Thé des Vignes Gel Douche Haute tolé,
0850018802772,2,haircare,shampoo,True,Olaplex Shampoo Nr. 4 Blond,
3600542430289,1,haircare,shampoo,True,Shampoo,
8414227057907,1,skincare,savon,True,savon ice cream,
4311596624829,3,skincare,creme,False,Zahncreme Zahnweiss,
8809685797340,1,skincare,lip mask,False,Leneige Lip Mask,
8809635721579,1,haircare,shampoo,True,Shampoo,
7640108106391,1,skincare,crème,False,crème solaire 50+,
8700216977395,1,haircare,shampoo,True,Head & shouldar shampoo,
0605069064774,1,haircare,laque,True,Turmeric + Coconut Oil Whitening Antiplaque Toothpaste,
0810006945171,1,makeup,gloss,True,Weightless Protect + Shine Gloss,
4808888411583,2,skincare,aloe vera,False,Palmolive ultra Smooth Aloe vera,
6973665944177,4,skincare,blackhead,False,Tea Tree Blackhead Mask,
8901030927980,1,skincare,deodorant,True,DEODORANT,
93530811,1,skincare,lip balm,True,lip balm,
0020714209407,1,skincare,deodorant,True,Aromatics Elixir Antiperspirant Deodorant Roll-On,
8849300633448,1,haircare,shampoo,True,Shampoo,
8901030999895,2,skincare,face wash,True,glow$Lovely face wash,
8410412518833,2,skincare,hyaluronic acid,False,Gel limpiador facial Hyaluronic Acid,
6281006466005,1,skincare,moisturizer,False,Ponds Flawless Radiance moisturizer,
4099200059709,1,haircare,shampoo,True,Shampoo Men,
9319359310144,1,skincare,essence,True,IN ESSENCE - Jojoba oil 100mL,
3245678130759,1,skincare,creme,False,Eco - recharge creme lavante mains parfum noix de coco,Eco - recharge creme lavante mains parfum noix de coco
3596710551958,2,skincare,gel douche,True,Gel douche parfum marine,Gel douche parfum marine
9347108012322,1,skincare,deodorant,True,Deodorant Cocos Vanille,
0077043002568,1,skincare,scrub,False,St Ives Radiant Skin Scrub,
04906053,1,skincare,moisturizer,False,Aera Pore Blur Whitening Moisturizer,
6285147004683,1,skincare,uva,False,Tabuvan,
0677276100057,1,haircare,shampoo,True,procan flea and tick shampoo,
8901030531897,1,makeup,powder,False,pond's dreamflower talcum powder,
8809843678719,1,skincare,clay mask,True,innisfree volcanic clay mask,
0009531119755,1,haircare,shampoo,True,Shampoo Blond,
3571334841807,1,skincare,scrub,False,C&C Blackhead Clearing Scrub 150ml,
3610340656408,2,skincare,vitamin c,False,Garnier vitamin c scrub,
6223002230501,1,haircare,shampoo,True,Parachute shampoo,
8700216978446,1,haircare,shampoo,True,Pantene shampoo,
8901030993787,2,skincare,serum,True,Pond's Bright beauty serum,
3256225134540,1,skincare,crème,False,Crème lavante peaux sensibles parfum lait d'amande et fleurs de camélia,
3760100183405,1,skincare,gommage,False,evoluderm gommage corps,
5060565101180,1,haircare,keratin,False,keratina,
3574661709369,1,haircare,shampoo,True,Johnsons Sensitive Shampoo Org Aloe 395ml,
8901138505547,2,skincare,face wash,True,Himalaya oil clear lemon face wash 100ml,
4806529063283,1,skincare,moisturizer,False,Aera Pore Blur Whitening Moisturizer,
7290011116224,1,makeup,lipstick,True,lipstick,
3386460134798,1,skincare,mist,False,COACH NEW YORK BRUME PARFUMÉE FRAGRANCE MIST POPPY 250 ML,
6925845632879,1,skincare,savon,True,Rose savon,
8809652637891,1,skincare,moisturizer,False,Glad2Glow Peach Retinol Moisturizer 30 gr,
8906047050164,1,skincare,spf,False,NMFe Lip Care SPF 40+,
8898499071067,1,skincare,face wash,True,face wash,
8720847371379,1,skincare,sheet mask,True,face sheet mask,
8909106005532,1,haircare,shampoo,True,Dove shampoo,
4987176234315,1,haircare,shampoo,True,Pantene Shampoo,
0020714672096,1,skincare,face wash,True,Oil Control Face Wash,
7506306237940,1,haircare,keratin,False,acondicionador sedalkeratina con antioxido 340ml,
7891150049888,1,skincare,creme,False,Creme dental,
4069826000201,1,skincare,body oil,True,Body Oil (Blueberry),
9314807067540,1,skincare,body lotion,True,REDWIN SENSITIVE SKIN: vitamin E&C body lotion with evening primrose oil,
3596710551941,2,skincare,gel douche,True,Gel douche peaux sensibles,Gel douche peaux sensibles
5010724527962,1,skincare,soothing,False,FemFresh Soothing Wash 250ml,
0086800112822,1,skincare,spf,False,Clear Face spf 50,
3606000514959,1,skincare,sunscreen,True,Hydrating mineral sunscreen spf50,
0086800078517,1,skincare,sunscreen,True,Ultra sheer dry touch sunscreen 70,
0888761431505,1,skincare,crème,False,Crème-neige,
3253581768655,1,skincare,hand cream,True,Crème mains hand cream,
3596200062537,1,skincare,déodorant,False,Déodorant spray,
3600551124803,2,haircare,panthenol,False,PANTHENOL COMFORT (Mixa),
5702070046371,1,skincare,vitamin c,False,Vitamin C,
4025089085171,1,makeup,concealer,True,Mineral Wake-Up Concealer,
6281006602700,1,haircare,keratin,False,tresemme pro keratin orange 250ml,
3700221302590,1,skincare,collagen,False,Expret collagen marin,
4005808278350,1,skincare,firming,False,Nivea firming,
8017596138224,1,skincare,aloe vera,False,Crema Mani Rapido Assorbimento con Estratto di Menta Acquatica e Aloe Vera,
0811346020160,1,skincare,shave,False,Dollar Shave Club Shave Cream,
0500912036543,1,skincare,crème,False,Brume et crème sol de Janeiro 62,
7611916153600,1,skincare,shower gel,True,Active Fresh 3 in 1 Shower Gel,
8906005274069,1,skincare,cleanser,True,Cetaphil Gentle Skin Cleanser,
0889628231634,1,skincare,lip balm,True,8 flavored lip balms,
5012251013383,1,skincare,serum,True,Brightening Vitamin C Facial Serum,
3770005062354,1,skincare,savon,True,Savon au lait d’ânesse,
4066447709766,1,skincare,creme,False,Wundschutzcreme sensitive Calendula,
6923700970449,1,skincare,serum,True,L'Oréal Paris Extraordinary Oil Serum,
5902686254348,1,skincare,crème,False,Crème lavante amande & miel,
6971864100325,1,skincare,shaving,True,HTC  Machine / Shaving,
42449522,2,skincare,spf,False,Labello Sun Protect SPF50 Lippenbalsem,
8720359202444,3,skincare,aloe vera,False,Aloe Vera Gel,
3250393448218,2,skincare,savon,True,Savon soin surgras,
0681131436472,1,skincare,hydration,False,Hydration Gel,
5028197376895,1,skincare,body butter,True,Moringa Body Butter,
7500435184748,2,skincare,essence,True,Herbal Essences,
5037156248289,1,haircare,frizz,False,FRIZZ esse Traumlocken,Definierende Locken-Creme
3574661750736,1,skincare,savon,True,Gel lavant mains savon et huile d'olive,
4008666106308,1,haircare,shampoo,True,hair & body shampoo,
3701436910952,1,skincare,hydratant,False,Hydragenist Le Sérum Réhydratant,
80063735,1,skincare,creme,False,Grazer Babycreme,
0808829117035,1,skincare,micellar,True,all in one Micellar cleansing water,
8800256112227,1,skincare,collagen,False,Medicube Collagen Jelly Cream 50ml,
0573001574646,1,haircare,shampoo,True,Shampooing pour cheveux regraissant vite,
0079656649567,5,skincare,spf,False,Banana boat sport ultra lotion spf 50 90ml,
8909106025011,1,skincare,face wash,True,Lakme perfect radiance face wash,
6009709820814,1,makeup,powder,False,Bullet washing powder 400g k25,Testimony grocery shop 0764664144
6009537014683,1,makeup,powder,False,Tumbwi baking powder 100g k10,Testimony grocery shop 0764664144
6161101661713,1,makeup,powder,False,Chapa mandashi baking powder 100g k10,Testimony grocery shop 0764664144
4067796083316,1,skincare,creme,False,Creme-Öl Bodylotion,
8718951647459,1,skincare,hygiene,False,Kitchen Hand Wash,Ga voor een ultieme reiniging van je handen met Palmolive Hygiene-Plus Kitchen Handzeep. De handzeep bevat natuurlijke ingrediënten die verspreiding van bacteriën tegen gaan en nare keukengeurtjes verwijderen.
7611916125669,1,skincare,crème,False,Handcrème,
0628942555466,1,skincare,moisturizing,False,Botanicals Facial Moisturizing Gel,
0628942555749,1,makeup,makeup remover,True,Floral Eye Makeup Remover,
9300607762075,2,skincare,body lotion,True,Aveeno Skin Relief Moisturising Body Lotion Sensitive 532mL,
8009518141580,1,makeup,eyeliner,True,Eyeliner,
3250393448225,1,skincare,savon,True,Savon de Marseille,
3616305953124,1,skincare,déodorant,False,Déodorant Sport Fresh 72H,
3700390875062,1,skincare,masque visage,True,Masque Visage Tigre Hydratant,
3700390875703,1,skincare,hydratant,False,Masques Yeux Hydratants Concombre,
3700390875710,1,skincare,hydratant,False,Masques Yeux Hydratants Pastèque,
5037156232066,1,haircare,frizz,False,FRIZZease,
3600551147208,1,haircare,frizz,False,Expert Nutri-Frizz Soin Spray Raviveur de Boucles Professionnel,
3286010085276,1,skincare,hydratant,False,Shampoing hydratant,
3600551055619,1,haircare,shampoo,True,Expert Nutri-Frzz Shampooing,
3564706767706,1,skincare,hydratant,False,Shampoing Hydratant,
8718951655362,1,skincare,nettoyant,True,Nettoyant Ménager Salle de Bain Anti-Calcaire,
8700216208444,1,haircare,shampoo,True,Anti-dandruff shampoo,
3770000717068,1,skincare,hydratant,False,Lotion tonique hydratante,
0083800065479,1,skincare,under eye,False,Under Eye Hydrogel Patches,
4058172695582,1,skincare,creme,False,PANTHENOL CREME,
4305615895307,1,skincare,creme,False,Feuchtigkeitscreme Ultrasensitiv,
3245678126394,35,skincare,nettoyant,True,Nettoyants pour appareils dentaires,Nettoyants pour appareils dentaires
3760378511214,1,haircare,cheveux,False,Kit d'embarquement cheveux bouclés,
3660005864297,1,skincare,gommage,False,Gommage éclat ultra-fraîcheur pure algue,
8720181652943,1,skincare,body wash,True,Awaken Body Wash Collection,
4260554491976,1,haircare,shampoo,True,Störtebekker Shampoo Bar,
4008666831125,1,skincare,creme,False,Bioniq Repair Zahncreme,
0609332845657,1,skincare,hydrating,False,e.l.f. Cosmetics Hydrating Core Lip Shine,
8904207503161,1,makeup,concealer,True,Insight Pro Concealer Palette Colour Correct Contour,
8901030978036,1,makeup,cc cream,True,Lakmē 9 to 5 CC Cream SPF 30 PA++,
6902395677383,1,makeup,concealer,True,"Maybelline New York Instant Age Rewind Eraser Concealer- Conceal, Contour, Highlight",
3600524190552,1,makeup,foundation,True,"L'oreal Paris Infallible 24H Tinted Serum Foundation Lightweight, Dewy & Radiant",
8901526589548,1,makeup,foundation,True,Maybelline New York Fit Me Matte + Poreless 16H Oil Control Foundation with SPF 22,
8809625248833,1,makeup,gloss,True,Rom&nd Glasting Colour Gloss,
9300830087907,1,skincare,deodorant,True,Dove Men Deodorant 72hr Advanced Aerosol Invisible Dry 250mL,
8809576261417,1,skincare,ampoule,True,Skin 1004 Madagascar Centella Tone Brightening Capsule Ampoule,
8809803586047,1,skincare,sleeping mask,False,Laneige Lip Sleeping Mask,
6955704440536,1,skincare,vitamin c,False,Turmeric & vitamin C mask stick,
2272105224539,1,skincare,face wash,True,Detoxifying Charcoal Face Wash,
8003510037964,1,skincare,deodorant,True,Breeze Vanilla deodorante profumato,
8809561820117,1,skincare,cleanser,True,pH Hyaluron Gel Cleanser,
8719587160169,1,skincare,hand soap,True,Cherry Blossom Heavenly Hand Soap,
07961755,1,skincare,hand cream,True,Shea butter hand cream,
4987176229700,2,haircare,shampoo,True,Head & Shoulders Apple Fresh 2 In 1 Anti-dandruff Shampoo & Conditioner 750mL,
3616303444136,1,skincare,shower gel,True,Adidas Deep Care shower gel 2yrs prod,
3616303842420,1,skincare,booster,True,Power booster,
7506078947917,3,haircare,keratin,False,CREMA DE PEINAR KERATIN,
8905452213249,1,skincare,serum,True,Hair Growth Serum,
0074182270933,3,skincare,hand soap,True,"Liquid Hand Soap Pump, Fresh Breeze",
8003170094789,1,haircare,shampoo,True,Shampoo e Balsamo  in 2,
4021609520054,3,haircare,curl,False,Defining Cream - Curls,
8809647390091,1,skincare,acne,False,Miracle Acne Foam,
4550516493583,5,haircare,hair mask,True,Premium Touch Hair Mask,
75062835,1,skincare,déodorant,False,Dove Original Déodorant en barre,
8850006590355,4,makeup,powder,False,tender care powder (b) 50g,
3600524076078,1,skincare,cleanser,True,L'Oreal Revitalift Cleanser Vitamin C 150mL,
3661985107978,1,skincare,savon,True,Savon de marseille,
4056489671848,1,skincare,aloe vera,False,Spülung Aloe Vera,
5031550002393,1,skincare,body butter,True,Melting Pearls Body Butter,
9369999832513,1,makeup,powder,False,Minty brush Toothpowder,
3760368740747,1,skincare,déodorant,False,Déodorant stick douceur monoï,
5060677253968,1,skincare,calming,False,Calming Spray,
4015200035734,1,skincare,aloe vera,False,Pril Sensitive Aloe Vera,
3760062888714,3,skincare,creme,False,Cremes mains fleur d'oranger,
8719179770660,3,skincare,aloe vera,False,Kruidvat Aloe Vera Handzeep Navulling,"Reinig je handen met deze Kruidvat Aloe Vera Handzeep Navulling. De verzorgende handzeep met aloë vera gel droogt je huid niet uit, maar houdt haar zacht en soepel. De handzeep heeft een heerlijke lentefrisse geur."
4006000123257,3,skincare,serum,True,NIVEA Derma Skin Clear Zuiverend en Kalmerend Serum,
5028197269623,1,skincare,toner,True,Vitamin E Moisturising Toner,
8720674367132,1,skincare,calming,False,Kruidvat Natures Calming Bodylotion,
3770005798444,1,makeup,contour,False,Contour des yeux défatigant,
4005900789389,1,skincare,serum,True,NIVEA Cellular Luminous630 Anti-Spot Corrigerend Serum,
3760019129204,1,skincare,nettoyant,True,Gel doux nettoyant purifiant,
4006000068145,1,skincare,crème,False,NIVEA Luminous630 Anti-Striae Bodycrème,
3660005912844,1,skincare,crème,False,Crème main Premiers Flocons,
3372290123026,1,haircare,shampoo,True,Shampooing fortifiant,
4260702185757,1,skincare,creme,False,Straffende Handcreme,
8710103998174,1,skincare,shave,False,Lady Shaver 6000,
4059729375612,3,makeup,mascara,True,Lift up Mascara,
3253581661857,1,skincare,savon,True,Savon corps exfoliant relaxant,
8720181284892,1,skincare,deodorant,True,Deodorante man care,
4006000012278,1,skincare,deodorant,True,Deodorante fresh sensation,
5400141788723,1,skincare,hand soap,True,Everyday Liquid Hand Soap,
5050456007486,1,skincare,deodorant,True,Golden era Deodorant Spray,
5060486268856,1,haircare,shampoo,True,Q+A Curl Defining Shampoo,
5719807615199,1,skincare,creme,False,Matas Glycerin Håndcreme,
3499320009928,1,skincare,redness,False,Cetaphil Pro Redness Control Washing Foam,
3450601041075,1,skincare,creme,False,Creme douche,
4262401737510,1,skincare,creme,False,Handcreme Rosmarin&Ingwer,
3331300006278,1,skincare,crème,False,Crème dépilatoire corps peaux sèches & sensibles,
4088600303390,1,skincare,hand cream,True,Moisturising Hand Cream,
0040189031099,1,skincare,creme,False,Kamill Hand&Nagelcreme,
3600551171562,1,skincare,creme,False,DOP douche creme au lait d'amande,
0685428032408,1,makeup,long lasting,False,Long lasting styling cream,
4001638589567,1,skincare,face wash,True,2in1 Face wash for men,
8006530047340,1,skincare,body lotion,True,Olay restoring body lotion,
0609332828292,1,skincare,hydration,False,e.l.f. Skin Holy Hydration! Original Face Cream,
8718951729896,1,skincare,deodorant,True,Sane deodorant 48 invisible,
3800221235901,1,skincare,serum,True,Overnight Hair Serum,
8718951076600,1,skincare,deodorant,True,deodorant extra control,
0817939015100,1,skincare,hand soap,True,Hand soap - french lavender,
8012689330127,1,haircare,curl,False,Curl Activator,
3660005718224,1,skincare,hydratant,False,Crème mains hydratante noix de coco,
5012583204732,1,haircare,curl,False,got2b twisted curling mousse,
8852086001684,1,makeup,powder,False,Snake Brand French Lavender Prickly Heat Cooling Powder,
9344960000993,1,skincare,hand cream,True,Hand Cream,
5018389031367,1,makeup,blush,True,Peony Blush,
0655439015103,1,skincare,peptide,False,Pro-collagen peptide plumping moisturiser,
4056489596837,1,skincare,body cream,True,Body cream,
5031413935332,1,skincare,ceramide,False,Ceramide,
3499320013178,3,skincare,crème,False,Cetaphil Hydraterende Crème,
8719238055905,1,skincare,face wash,True,Gentle Face Wash,
3760162124125,1,skincare,crème,False,Aqua  crème famille,
8700216318402,1,haircare,shampoo,True,Classic shampoo,
0056594012288,1,skincare,body lotion,True,Nivea Repair & Care Body Lotion,
8700216481069,1,haircare,conditioner,True,Dermax Scalp & Hair Revitaliser Conditioner,
8700216318358,1,haircare,shampoo,True,Head & Shoulders Jeukende Hoofdhuid Anti-Roos Shampoo 300 ml,
0190679008305,1,haircare,hair gel,True,Hair Gel,
9005800341644,1,skincare,shower gel,True,Shower gel,
8720181457418,1,skincare,creme,False,Creme de douche,
8411732001326,1,haircare,laque,True,Anti-Plaque,
8411732156101,2,haircare,laque,True,Anti- plaque,
8436097095353,1,skincare,creme,False,byphase creme,
8718104001800,1,skincare,crème,False,Handcrème,
3574661637808,1,skincare,crème,False,Crème mains,
3600542098076,1,skincare,micellar,True,Acqua Micellare Bifase,
5704947016661,1,skincare,creme,False,O'KEEFFE'S WORKING HANDS Handcreme,
5060879820685,1,skincare,serum,True,Retinol Serum,
8437021381467,1,skincare,aloe vera,False,Aloe vera,
4250587773200,1,makeup,powder,False,Mattifying compact powder,
4250587738506,2,makeup,powder,False,Mattifying compact powder,
3468080150973,1,skincare,douche,False,Corine de Farme Lilo & Stitch 3-in-1 Douchegel,
8720181334849,1,skincare,antiperspirant,True,Sure Cotton Dry antiperspirant,
0015718103509,1,skincare,scrub,False,Lid scrub,
3600551071664,1,skincare,deodorant,True,Deodorant,
5060144647436,1,skincare,hydratant,False,Soin hydratant,
3574661685946,1,skincare,creme,False,Handcreme,
3014260000318,1,skincare,shave,False,Shave Foam,
8720181311017,1,skincare,aloe vera,False,Aloe vera,
4064666847955,1,haircare,cheveux,False,Fixatif à cheveux wellaflex,
3600551154411,1,skincare,deodorant,True,Intraçable deodorant,
3574661554297,3,skincare,crème,False,Neutrogena Hydro Boost Aqua Dag- en Nachtcrème,"Neutrogena Hydro Boost Gel-Cream hydrateert je huid 24 uur lang. De gel wordt snel opgenomen door je huid. De intense, langdurige hydratatie zorgt voor een gladde, soepele en hernieuwde huid."
4001638590600,1,skincare,serum,True,Serum Drops,
3600551147246,1,skincare,crème,False,La crème,
4066447867541,1,skincare,creme,False,Schnell einziehende Handcreme,
8433295043827,1,skincare,aloe vera,False,Gel de baño y ducha aloe vera,
3600542166195,1,haircare,conditioner,True,Moisturizing conditioner,
8436591924579,2,makeup,gloss,True,Juicy Lipgloss Brillo de Labios con Sabor Frutal,
7509546060477,1,makeup,powder,False,Powder fresh,
8025026008313,1,haircare,argan oil,False,Argan oil,
5902539703344,5,haircare,conditioner,True,argan oil conditioner,
24006033,3,skincare,aloe vera,False,Loción corporal aloe vera,
7627536613844,1,skincare,savon,True,Savon pour les mains Kids,
3770010028239,1,skincare,aloe vera,False,Crème mains aloe vera,
4013891804523,1,skincare,creme,False,Handcreme,
3178041359511,1,skincare,crème,False,Diadermine Expert Hyaluron Nachtcrème,
7770002005329,1,skincare,aloe vera,False,Toallitas Faciales Desmaquillantes,toallitas faciales desmaquillantes con aloe vera sin alcohol.
3250392361242,1,skincare,douche,False,Lait de douche hydratation intense,
07925436,2,haircare,shampoo,True,☆ VOLUME DRY SHAMPOO,
5061030630594,1,makeup,eyebrow,True,Vitamine C Eyebrow gel,
3059948007067,1,skincare,crème,False,Veet Expert Ontharingscrème voor Lichaam en Benen,
5000101517785,1,skincare,body butter,True,Body Butter,
4066447710243,1,skincare,creme,False,Sonnecreme Ultra Sensitive,
5059018124173,1,skincare,face wash,True,Shave gel and face wash,
7322540545401,1,skincare,body cream,True,Proskin body cream,
3700005940253,2,skincare,shave,False,Shave Cream,
4061463064103,1,skincare,body cream,True,Lacura Spa Celebration Moisturizing Body Cream,
3600551171548,1,skincare,gel douche,True,Gel douche Crème Lait végétal de Pyrénées,
4064133000104,1,skincare,creme,False,Deo Creme für die Füße,
8719324667494,1,skincare,shower gel,True,Pure shower gel jasmine ho wood,
4008233112619,1,skincare,douche,False,Douche new energy,
0830372000441,1,haircare,argan oil,False,ECO STYLD Argan Oil Styling Gel,
6423320804068,1,haircare,hair loss,False,Ricinus anti hair loss treatment,
3574660687620,1,skincare,crème,False,Crème de Main - Réparation,
8719134190298,1,skincare,body cream,True,Whipped body cream Sakura,
4061461763855,1,skincare,creme,False,Handcreme urea 5%,
0098400023910,1,skincare,hand cream,True,Bee Lovely hand cream,
4061461855956,1,skincare,crème,False,Ombia Handcrème Olive,
3760100680744,1,skincare,crème,False,Crème douceur visage et corps,
0869542000127,1,skincare,serum,True,Active Botanical Serum,
3450601100345,2,skincare,crème,False,Crème douche,
3660005604008,1,skincare,crème,False,Crème mains,
3253581764084,1,skincare,crème,False,Crème mains verveine fleur de carotte,
3660005926025,1,skincare,crème,False,Crème mains grenade magnolia,
0798552355302,1,skincare,soothing,False,Aloe Soothing Gel,
4006000168074,1,skincare,anti-transpirant,False,Nivea Derma Control Anti-Transpirant,
5060524087517,1,skincare,cleanser,True,Cleanse and Glow  cleanser,
3600523873845,1,skincare,serum,True,Revitalise filler Hyaluronic Anti-wrinkle serum,
3574661768823,1,skincare,gel douche,True,Gel douche & bain,
3600524197315,1,haircare,shampoo,True,Hydra Hyaluronic Shampoo,
3760368740952,1,skincare,crème,False,Gel crème hydratation intense,
3263855887890,1,skincare,déodorant,False,Déodorant parfum fleur de cerise,
0042400099970,1,skincare,hygiene,False,Hygiene Seife,
3600542546768,4,skincare,crème,False,Garnier SkinActive Hyaluronzuur en Aloë Vera Hydraterende Dagcrème,
0260010007844,1,skincare,crème,False,Crème fraiche de beauté,
8700216165846,1,haircare,shampoo,True,Aloe shampoo,
0010181040504,1,skincare,soothing,False,Soothing oil,
5031550000979,1,skincare,body lotion,True,Body lotion Lily and Rose collection,
3760162122527,1,skincare,aloe vera,False,Crème pour les mains bio Aloe Vera,
3600551164441,1,skincare,moisturizing,False,Niacinamide bright moisturizing anti-dark spot cream,
9421008705611,1,skincare,deodorant,True,Deodorant,
5020465203964,1,skincare,cleanser,True,Gentle exfoliating SA cleanser,
6418414034834,1,haircare,conditioner,True,Weightless Volume Conditioner,
4001638590501,1,skincare,serum,True,Straffende Serum Bodylotion,
4005900766021,1,skincare,anti-age,False,Natturally good anti-age,
3560071403768,1,skincare,crème,False,Crème Lavante,
3600551154831,1,skincare,déodorant,False,Déodorant Anti-irritations 48h,
3760391070064,1,haircare,curl,False,Refresh those curls spray,
3616302989669,1,makeup,concealer,True,Kind and free concealer,
0878639000216,3,skincare,deodorant,True,Deodorant,
8700216907903,1,haircare,shampoo,True,Mighty Mega shampoo,
3600524075583,1,skincare,serum,True,Elvive bond repair leave-in serum,
7350105200472,1,skincare,lip balm,True,Bee smooth beeswax & olive oil lip balm,
5748996063238,1,skincare,crème,False,Crème corps Vitamine C Citron,
8429979208040,1,skincare,serum,True,Sesderma Azelac serum,
3499320011686,1,skincare,serum,True,Cetaphil serum hidratante,
3499320011389,1,skincare,serum,True,Cetaphil Serum contorno de ojos,
6940003990486,1,skincare,retinol,False,Naturals Retinol,
9321299300055,1,skincare,sunscreen,True,Moisturising Sunscreen,
5719808335867,1,haircare,curl,False,Curly Curl Cream,
3574661813653,1,skincare,crème,False,Ecopack 500 ml crème de douche amande bio,
5020379128841,1,skincare,hand soap,True,Hand soap,
3600551174716,1,skincare,gel douche,True,Ushuaïa,Gel douche extrait de Cèdre
3282770391008,3,skincare,crème,False,Crème isolante apaisante,
5037156247121,1,haircare,frizz,False,Frizz Ease Dream Curls,
3660398000548,1,makeup,poudre,False,Ecophane Poudre Phanères Uriage,
4005900174239,1,haircare,volume,False,NIVEA Hold 5 Ultra Strong Styling Haarmousse,"Geef je haar een ultra sterke fixatie en langdurig volume met Nivea Extra Strong Styling Haarmousse. Dankzij de verrijking van vitamine b3 verzwaard of plakt de mousse niet, voor natuurlijk verstevigd haar."
4005808817306,1,skincare,shaving,True,Nivea shaving gel,
3517360027778,5,skincare,booster,True,Crème hydratante booster d'éclat &quot;Hydra AloeVera&quot;,
8700216165914,1,skincare,essence,True,Herbal Essences Coconut Scent Shampoo,
9300607760033,1,skincare,hand cream,True,Aveeno Intense Relief Fragrance Free Hand Cream Dry Sensitive Skin 100g,
3600551150888,1,haircare,frizz,False,Expert nutri-frizz,
3600550806502,1,skincare,crème,False,Playgum cire-crème aux vitamines,
3600524062545,1,haircare,shampoo,True,Shampoo,
7937699497565,1,skincare,sleeping mask,False,Jelly sleeping mask,
8436611100631,1,skincare,mist,False,Body mist,
5038483238189,1,skincare,aloe vera,False,Play massage douceur à l'Aloe vera,"Gel de massage à l'aloe vera, compatible avec les préservatifs"
3549620005097,1,skincare,savon,True,2 savonnettes extra douces,
0744430276207,1,haircare,shampoo,True,Shampoo es tracto de cebolla anticaida,
4024009008733,2,skincare,creme,False,Zahncreme,
3506770007005,2,skincare,douche,False,Gelée de douche douceur monoï,
3662361001828,1,makeup,mascara,True,Mascara protect PALPÉBRAL,
5011309107012,1,haircare,shampoo,True,Nizoral Anti-Dandruff Shampoo,
7612472243019,1,makeup,foundation,True,My Match SPF 15 Skin Fusion Serum Foundation,
8005610587530,1,haircare,heat protection,False,EIMI Thermal Image Heat Protection Spray,
8901012100578,1,makeup,powder,False,Johnson's Baby Powder,
3770012829797,1,makeup,poudre,False,Poudre Soin Végetale 2 En 1 Recharge,
93036052,1,skincare,sunscreen,True,Sunscreen Lip Balm,
4006000092072,1,skincare,lait corps,True,Lait corps,
7506306248144,5,skincare,serum,True,manchas serum,
8719134143294,1,skincare,crème,False,Crème pour le corps - Rituel du Hammam,
4260198098449,1,skincare,creme,False,Handcreme Intensiv Bio-Shea,
3282770108330,1,haircare,shampoo,True,Volumea - Shampoo,
3770001492971,1,skincare,savon,True,Savon visage et corps neutre,savon
8022328115077,1,haircare,shampoo,True,Shampoo Solido con estratti di Camomilla e Calendula,
7599055001801,1,makeup,loose powder,True,Loose Powder,
4025089078142,1,haircare,styling mousse,True,Styling mousse,
8710908500404,2,skincare,moisturising,False,Dove Go Fresh moisturising cream,
9505119958330,1,skincare,body wash,True,Body wash Sunny Orange,
5060176674769,1,haircare,argan oil,False,Moroccan Argan oil,
8711596592818,3,makeup,contour,False,A.Vogel Overgang Famosan Gewichtsbeheersing2* Tabletten,A.Vogel Famosan Contour Tabletten helpen bij gewichtsbeheersing en bij opvliegers.
7611916160752,1,skincare,shower gel,True,Wellbeing shower gel,
8717624992032,1,skincare,deodorant,True,Pure deodorant,
4013474113233,1,skincare,creme,False,Gehwol voetcreme,
0197689018362,1,makeup,setting powder,True,Creaseless setting powder,
3086125705027,1,skincare,razor,False,Disposable Razors 5 Pack,
5060148616568,1,skincare,hand lotion,False,Hand Lotion,
8720181482748,1,skincare,deodorant,True,Axe Premium Collection Deodorant Bodyspray. Aqua Bergamot,
3760368741621,1,skincare,déodorant,False,Déodorant stick Fleur de coton,
8001990020254,1,haircare,shampoo,True,Shampoo 3 in 1,
5713125004598,1,skincare,masque visage,True,Masque visage Cica,
3600551174709,1,skincare,gel douche,True,Gel Douche Hydratant Grenade,
3303210024642,1,skincare,déodorant,False,Déodorant Pierre d'Alun,
4005800083242,1,skincare,hydrating,False,Nivea Hydrating Night Cream Face Moisturiser With Vitamin E 50mL,
4056489458883,4,makeup,poudre,False,Lessive en poudre,
7290118802884,1,haircare,shampoo,True,Sabon Repair Shampoo,
9589590006056,1,skincare,savon,True,Pur savon liquide de Marseille,
3574661783338,1,haircare,shampoo,True,Scalp relief shampoo,
3350033342217,1,skincare,déodorant,False,Déodorant,
5017634283551,1,skincare,nettoyant,True,Gel nettoyant doux,
8051770520948,1,skincare,cleanser,True,BioASM BIOAKE Acne Prone Skin Purifying Cleanser 150ml,
8700216684583,3,haircare,shampoo,True,Pure grape seed shampoo,
4067796205596,6,skincare,creme,False,Klärende Waschcreme -- Clear,
6132353500525,1,haircare,cheveux,False,"s pelliculesLa dermite séborrhéiqueCertaines mycoses du cuir cheveluLe kétoconazole agit contre les champignons responsables des pellicules et des démangeaisons. Comment l’utiliser ?En général (sauf avis médical différent) :1. Appliquer sur cheveux mouillés2. Masser le cuir chevelu3. Laisser agir 3 à 5 minutes4. Rincer abondamment 2 fois par semaine pendant 2 à 4 semaines selon le problème. Effets possiblesLégère irritationSécheresse du cuir cheveluRarement chute de cheveux temporaireSi tu veux, je peux te dire si c’est adapté à ton problème (pellicules, démangeaisons, chute de cheveux, etc.).",
6132502983049,1,skincare,creme mains,True,Creme Mains SHE,Creme hydratante SHE
5031413947533,1,skincare,lip balm,True,Moisturising Lip Balm Coconut,
5012008780001,1,skincare,anti-perspirant,False,Pure Bouquet Invisible Protection Anti-perspirant,
3700616300927,1,skincare,crème,False,Crème réparatrice pour les mains au lait de Jument Bio,
3474636954742,1,skincare,hydratant,False,Specifique Masque Rehydratant,
3256229526679,1,skincare,crème,False,Crème de douche Parfum fleur d'oranger,
9416114001368,1,makeup,powder,False,baby teething powder,
8717163703533,1,skincare,deodorant,True,Washbag + Deodorant & Bodyspray + Duschgel,
0099482536411,2,skincare,deodorant,True,Cypress Cedar Scented Deodorant,
4054596747456,1,skincare,pore,False,Sparadrap 3M Micropore,
8717163762059,2,skincare,shower gel,True,Shower Gel Reviving 450 ml,
2000000156993,1,makeup,primer,True,DELIPLUS ACTIVE GLOW PRIMER,DELIPLUS ACTIVE GLOW PRIMER
4021457639113,1,skincare,creme,False,Natural & Strong Deo Creme,
4056489928539,1,skincare,creme,False,Creme Hidratante Q10 Intense noite,
8436097095681,4,skincare,gel douche,True,Gel douche dormo micellaire,
6932511237627,1,skincare,crème,False,V-soin crème extrême 90+,
5201321953838,1,skincare,hygiene,False,BlueHygiene,
3760359080586,5,haircare,shampoo,True,Shampooing tout nu cheveux gras,
3760359080845,1,skincare,gel douche,True,Gel douche sans bouteille Vanille et Tonka,
5410036311226,1,skincare,hand soap,True,"Antibacterial Hand Soap Refill, Hydrate Aloe & Bamboo",
3616306700772,1,skincare,mist,False,Calvin Klein Cotton Musk Hair & Body Perfume Mist,
9310714225271,1,haircare,shampoo,True,Schwarzkopf Extra Care Ultimate Repair Strengthening Shampoo 950mL,
8809968132516,3,skincare,under eye,False,Beauty of Joseon Reviving Under Eye Patches,
8809416470054,1,skincare,blackhead,False,Cosrx BHA Blackhead Power Liquid,
8809647392668,1,skincare,serum,True,Some By Mi Retinol Intense Reactivating Serum 50ml,
3537090019478,1,haircare,shampoo,True,Avant shampooing masque ultra riche,
3700593604339,1,skincare,savon,True,Savon Marseille,
4066447378375,1,skincare,peel,False,Verwohnendes salz-ol-peeling,
3800048556340,1,skincare,body butter,True,Ikarov Body Butter,
3537090020139,1,skincare,aloe vera,False,Gel d'Aloe Vera Bio corps et cheveux,
3264680034480,1,skincare,crème,False,Crème Nuit,
0840044712411,1,skincare,body lotion,True,EOS body lotion (Strawberry Dreams),
12264292,1,skincare,creme,False,handcreme 20%,
42315773,1,skincare,creme,False,Handcreme,
0667526952291,1,skincare,body lotion,True,Amber Romance Body Lotion,
8909106067264,1,skincare,sunscreen,True,Sunscreen Radiance Powder Sandal,
3574660520286,1,haircare,shampoo,True,Penaten Baby Bad&Shampoo,
3574661234090,1,skincare,creme,False,Pflegecreme Gesicht & Körper,
3574661491080,1,skincare,creme,False,Penatencreme,
3574661608556,1,skincare,creme,False,Handcreme,
3574661684901,1,haircare,shampoo,True,Kids Shampoo,
3574661795669,1,skincare,creme,False,Fußcreme,
3600542069182,1,haircare,shampoo,True,Haarshampoo,
3600542222525,1,haircare,shampoo,True,Shampoo Langhaar,
3660005342719,1,haircare,shampoo,True,Festes shampoo,
3660005724263,1,skincare,creme,False,Handcreme mit Arganöl,
4002448100065,1,skincare,hygiene,False,Hygiene Seife Hydra Care - Kamille Duft,
4006000034201,1,haircare,shampoo,True,Kopf bis Fuß Bad & Shampoo,
4008233149288,1,skincare,creme,False,Intensiv Handcreme,
4008666801500,1,skincare,creme,False,Biorepair Zahncreme,
4010355417114,1,haircare,shampoo,True,Trocken Shampoo,
4014612500359,1,skincare,creme,False,Putzi Die Zahncreme für Kinder,Putzi Die Zahncreme für Kinder
4015100182941,1,skincare,hygiene,False,Fa Hygiene & Frische,
4015100336580,1,haircare,shampoo,True,Shampoo VOLUME,
4015100337167,1,haircare,conditioner,True,Conditioner,
4015100404289,1,haircare,shampoo,True,Shampoo Gliss Anti-Spliss Wunder,
4015100427462,1,skincare,creme,False,Duschcreme,
4015100431186,1,haircare,shampoo,True,Festes Shampoo,
4015100738100,1,makeup,gloss,True,Schwarzkopf Brilliance Hair Gloss Pearl 150mL,
4015100812374,2,haircare,shampoo,True,Haar-Shampoo,
4015100813135,1,haircare,shampoo,True,Shampoo Gliss Aqua Revive,
4016187062867,1,haircare,shampoo,True,Winter Dreams Shampoo,
4021457604975,1,skincare,creme,False,Lavera Baby u. Kinder Windschutzcreme,
4045787723090,1,haircare,shampoo,True,Bonacure Moisture Kick Shampoo,
4055297221283,1,haircare,shampoo,True,Shampoo Deep Repair,
4055297225816,1,skincare,peel,False,3in1 Creme Peeling Moisture Fresh,
4058172434075,1,skincare,creme,False,Wetter creme,
4058172586019,1,skincare,anti-transpirant,False,Fußdeo anti-transpirant,
4058172830846,1,haircare,shampoo,True,shampoo,
4058172920981,1,haircare,shampoo,True,Shampoo,
4061462830259,1,haircare,shampoo,True,Coconut milk Shampoo,
4061463402646,1,skincare,creme,False,Zahncreme,
4063528008848,1,skincare,peel,False,Festes Körperpeeling,
4065331000064,2,haircare,shampoo,True,Baby Shampoo,
4066447104998,1,haircare,shampoo,True,shampoo,
4066447231113,1,skincare,peel,False,Kosmetik – Füße – Fuß Peeling,
4066447231236,1,skincare,creme,False,Fusscreme Totes Meer,
4066447240849,1,haircare,shampoo,True,Tiefenreinigung Shampoo,
4066447302158,1,skincare,peel,False,Kosmetik – Gesicht – Gesichtspeeling,
4066447354034,1,skincare,creme,False,Creme Öl Dusche,
4260285389658,1,haircare,conditioner,True,Fester Conditioner (Foamie),
4260372933740,2,skincare,hand soap,True,Hand soap rosemary ginger,
4260524941975,1,skincare,hand cream,True,Hand Cream,
4305615348391,1,haircare,shampoo,True,Shampoo,
4316268621670,1,skincare,creme,False,Fußcreme,
4820168434990,1,haircare,hair mask,True,Hair Mask,
4823107605000,1,haircare,shampoo,True,Shampoo дектярное,
5037156285239,1,haircare,shampoo,True,Hydro boost Shampoo,
5410076230281,1,skincare,creme,False,Rasiercreme neu,
71996001521000000100,1,skincare,lip balm,True,Kissable Lip Balm,
8588006041323,1,haircare,shampoo,True,Shampoo coconut oil,
8588006041446,1,haircare,shampoo,True,Shampoo Black seed oil,
8588006041507,1,haircare,shampoo,True,Shampoo Avocado oul,
8588006042740,1,haircare,shampoo,True,Shampoo almond oil,
8710908789120,1,haircare,shampoo,True,Shampoo,
8710908789922,1,haircare,shampoo,True,Dove Shampoo,
8716716044734,1,skincare,scrub,False,Softening Rice scrub,
8719134098006,1,skincare,shower gel,True,"shower gel, Ritual of Ayurveda",
7792640003383,1,haircare,shampoo,True,Shampoo Anti-caspa,
3574661563336,1,haircare,argan oil,False,Argan Oil,
00120140,1,skincare,crème,False,Crème cellulaire ultra-riche,
4316268687881,1,skincare,creme,False,Cremeseife Meeresbrise,
4311596018260,1,skincare,creme,False,Zahncreme Kräuter,
4311596018208,1,skincare,creme,False,Zahncreme Clean Fresh,
9314807045197,1,skincare,hand cream,True,Intensive Moisture Hand Cream,
3600551186955,1,haircare,cheveux,False,Gel lavant corps et cheveux hypoallergénique,
4066447934434,1,skincare,cleanser,True,Beauty Expert Jelly Cleanser,
4066447981216,1,skincare,peel,False,Beauty Expert Liquid Peeling,
00504751,1,haircare,shampoo,True,Shampoo,
8850006531105,2,skincare,body wash,True,Palmolive Naturals Body Wash Milk & Honey 500mL,
9300666565730,1,skincare,ceramide,False,Dove Damage Therapy Intensive Repair + Ceramide Mask 300mL,
3574661655611,1,skincare,cleanser,True,Anti Pickel Peeling Cleanser AHA/PHA/BHA,
4056489632788,1,haircare,shampoo,True,Shampoo,
3574661783345,2,haircare,shampoo,True,T/Gel anti dandruff shampoo 3% salicylic acid,
3850105181862,1,skincare,calming,False,Ornel calming 800ml,
3850105182074,1,skincare,calming,False,Ornela calming,
3600551186856,1,skincare,crème,False,Crème anti réactions,
5060273290268,1,skincare,moisturising,False,Moisturising Water Based Hybrid Lubricant,
0850009144515,1,skincare,anti-rides,False,Masque anti-rides et énergisant pour les yeux,
6181100323894,3,skincare,gel douche,True,Gel douche abricot,
8673958567837,1,skincare,body lotion,True,Levia Hand and Body Lotion,
8436037792762,3,skincare,creme,False,Oliva hand creme,
4006000083971,1,skincare,body lotion,True,Body Lotion Vital,
3383482307926,1,skincare,savon,True,Doses de lessive liquide au savon noir,
0850017974630,1,skincare,hand soap,True,Hand soap,
3264680029837,1,skincare,hydratant,False,Prodigieux le teint éclat Crème teintée hydratante Teinte médium,
3337875921947,1,skincare,spf,False,Recharge Collagen Specialist 16 SPF50,
3264680034473,1,skincare,creme,False,Nuxuriance Ultra Creme Riche Anti-âge,
3264680034503,1,skincare,spf,False,Nuxuriance Ultra Crème Anti-âge Global SPF 30,
3350900002640,1,makeup,correcteur,True,Soin SOS de Peau Correcteur apaisant anti-rougeurs,
3522930004578,1,skincare,crème,False,Premier Cru La Crème 10 marqueurs de l'âge,
3522930004585,1,skincare,crème,False,Premier Cru La Crème Recharge,
8901277015228,1,haircare,shampoo,True,Beer Shampoo,
3540550017242,1,skincare,spf,False,UV Cellular-protect Crème solaire anti-âge SPF 50+,
3540550017273,1,skincare,spf,False,UV Cellular-protect Crème solaire anti-âge SPF50+,
3337875831888,1,skincare,crème,False,Minéral 89 Crème boost d'hydratation 72h,
3264680037252,1,skincare,anti-âge,False,Nuxuriance Gold Huile anti-âge bio,
3264680034497,1,skincare,serum,True,Nuxuriance Ultra Serum correcteur de tâches,
3522930004127,1,skincare,crème,False,Vinocrush Crème Teintée,
3284410052997,1,skincare,déodorant,False,Déodorant 24h bio,
4260602120858,1,haircare,conditioner,True,"nutri care my long hair, conditioner",
5028197941666,1,skincare,body butter,True,Body butter almond and milk,
9061900946677,1,skincare,hydratant,False,Lait hydratant au lait de nos chèvres - fleur de genêt,
0859776000208,1,haircare,conditioner,True,Blueberry Bliss Reparative Leave In Conditioner,
0813481020579,1,haircare,shampoo,True,"Organic natural shampoo bar, herb garden",
0366869350282,1,haircare,shampoo,True,Organic Fragrance Free Shampoo,
0885674094643,1,skincare,cleanser,True,Low Poo No Fade Mild Lather Cleanser,
0765591003105,1,haircare,shampoo,True,Peppermint Tea Tree Clarifying Shampoo,
0798411439075,1,haircare,shampoo,True,2chic Ultra-Sleek Shampoo,
0716237184801,1,haircare,shampoo,True,Repairing Shampoo,
0764467737458,1,haircare,shampoo,True,Ultra-Volume Shampoo 2chic,
0716237185570,1,haircare,shampoo,True,2chic Frizz Be Gone Shampoo,
0078522100300,1,haircare,shampoo,True,Dandruff relief Shampoo,
0078522800781,1,haircare,shampoo,True,Normalizing Tea Tree Oil Shampoo,
0851543001708,1,haircare,shampoo,True,Gentle lather shampoo,
0717226208805,1,haircare,curl,False,Dream Curls Air-Dry Waves Styling Foam,
0823168002644,1,haircare,curl,False,The Curl Whip whipped curl mousse,
0815402023355,1,skincare,crème,False,Curl Crème,
0689076195188,1,haircare,shampoo,True,Come Clean Shampoo,
9339341000372,1,haircare,shampoo,True,Angel Wash Shampoo,
9339341000754,1,haircare,shampoo,True,Born Again Wash Shampoo,
0071249341346,2,haircare,shampoo,True,Ever Sleek Keratin Caring Shampoo,
0071249341407,1,haircare,shampoo,True,Ever Pure Curl Shampoo,
0071249267615,1,haircare,shampoo,True,OleoTherapy Oil Infused Shampoo,
0859220001249,1,skincare,creme,False,Creme de la Curl Cleansing Creme,
0078347011812,1,haircare,shampoo,True,Shampoo for Normal Hair - Herbal,
0688047140059,1,haircare,shampoo,True,Dry Shampoo,
0022796918918,1,haircare,shampoo,True,Coconut Milk Shampoo,
0022796916716,1,haircare,conditioner,True,Biotin & Collagen Conditioner,
0022796918925,1,haircare,conditioner,True,Coconut Milk Conditioner,
0814591013062,1,haircare,shampoo,True,VitaCurl Clear & Gentle Shampoo,
0892532001712,1,haircare,shampoo,True,Water Works Clarifying Shampoo,
0814591011501,1,haircare,shampoo,True,Superfruit Renewal Clarifying Cream Shampoo,
0814591012393,1,haircare,shampoo,True,Advanced Climate Control Defrizzing Shampoo,
0884486095084,1,haircare,shampoo,True,Curvaceous Cream Shampoo,
0764302270201,1,haircare,shampoo,True,African Black Soap Shampoo - deep cleansing bamboo charcoal,
0764302205029,1,haircare,shampoo,True,Smooth & Tame Shampoo,
0088301000066,1,haircare,shampoo,True,Curl & Shine Shampoo,
0764302215509,1,haircare,shampoo,True,Jamaican Black Castor Oil Shampoo - Strengthen and Restore,
0840117807334,1,haircare,shampoo,True,Hydro Rush Intense Moisture Shampoo,
0810015150009,1,haircare,shampoo,True,Hydration Shampoo,
0850035298503,1,skincare,cleanser,True,Frizz Control Cleanser Shampoo,
8004608232292,1,haircare,shampoo,True,Love curl shampoo,
0688047131378,1,haircare,shampoo,True,Curl Talk Shampoo,
0688047131385,1,haircare,conditioner,True,Curl Talk Conditioner,
0688047131811,1,haircare,curl,False,Curl Talk Spray Gel,
0688047130647,1,haircare,curl,False,Curl Talk Activating Mousse,
0013121303684,1,haircare,shampoo,True,Bb Curl Moisturizing Shampoo,
0850013026067,1,haircare,shampoo,True,Gentle Clarifying Shampoo,
0860000320313,1,haircare,shampoo,True,Hydrating Shampoo,
0022796180018,1,haircare,shampoo,True,Curl Quench Shampoo - coconut oil,
0022796180025,1,haircare,conditioner,True,Curl Quench Conditioner - coconut oil,
0603084491896,1,haircare,shampoo,True,Curl Nourish Shampoo,
0603084491902,1,haircare,conditioner,True,Curl Nourish Conditioner,
0812595002525,1,haircare,shampoo,True,Hydrate Shampoo,
0524302231042,1,haircare,shampoo,True,Intensive Hydration Shampoo,
0764302230205,1,haircare,shampoo,True,Smooth & Repair Conditioning Shampoo,
0712201725193,1,haircare,shampoo,True,Purifying Shampoo,
0817023024483,1,haircare,shampoo,True,Hair Care Shampoo,
0850007187255,1,haircare,shampoo,True,Rose water hydrating shampoo,
0810083680637,1,haircare,shampoo,True,Curl Control Defining Shampoo,
0687735641595,1,haircare,shampoo,True,Curl Defining Shampoo,
0381519186752,1,haircare,shampoo,True,Miracle Moist Shampoo,
0381519186820,1,haircare,shampoo,True,Miracle Volume Shampoo,
0884486041807,1,haircare,shampoo,True,All Soft Shampoo,
0884486041869,1,haircare,conditioner,True,All Soft Conditioner,
0080878042289,1,haircare,shampoo,True,Pro V Curl Perfection Shampoo,
0080878042166,1,haircare,shampoo,True,Pro-V Sheer Volume Shampoo,
0080878002184,1,haircare,shampoo,True,Pro-V Classic Clean Shampoo,
0300450895073,1,haircare,shampoo,True,Anti Dandruff Shampoo,
0381519186769,1,haircare,conditioner,True,Miracle Moist Conditioner,
0764302231066,1,skincare,hydration,False,Intensive Hydration Hair Masque,
0079400495945,1,haircare,shampoo,True,Daily Clarifying Cleansing Shampoo,
0816559011066,1,haircare,shampoo,True,Shampoo,
0816559010984,1,haircare,conditioner,True,Conditioner,
0079400492487,1,haircare,shampoo,True,Keratin Infusion Smoothing Shampoo,
0079400492524,1,haircare,conditioner,True,Keratin Infusion Smoothing Conditioner,
4067796161229,2,skincare,serum,True,2in1losion&serum,
4335619124745,1,skincare,cleanser,True,Hydrating facial cleanser,
0079400458148,1,skincare,deodorant,True,Dry Spray Deodorant,
5099821002763,1,skincare,hydrating,False,Hydrating After Sun 12h Moisturisation Skin Nourishing Oil,
0542990006070,1,skincare,savon,True,Pur savon liquide de Marseille,
8904026645929,3,skincare,moisturizer,False,Lacto calamine moisturizer,
00432401,3,skincare,niacinamide,False,"Sérum Niacinamide 10%, cuivre & zinc",
3600524195625,1,skincare,niacinamide,False,Derma Control Sérum anti-imperfections niacinamide,
3600542627948,1,skincare,spf,False,Garnier Ambre Solaire Hydra 24H SPF30 Beschermende Zonnemelk,"Wil je altijd beschermd zijn tegen de zon, neem dan Garnier Ambre Solaire Reisformaat SPF 30 Zonnemelk mee in je tas. De hydraterende zonnebrand is waterresistent en gaat vroegtijdige huidveroudering tegen."
3522930004134,1,makeup,poudre,False,Vinocrush Poudre Bronzante,
3522930004622,1,skincare,crème,False,Vinoperfect Crème Nuit Glycolique Anti-Taches,
3522930004592,1,skincare,crème,False,Premier Cru La Crème,
3284410053017,1,skincare,deodorant,True,Deodorant Peaux Sensibles Bio,
3596200069055,1,skincare,deodorant,True,Deodorant Stick Sensitive,
3596200069048,1,skincare,deodorant,True,Deodorant Stick Citrus Bergamo,
3549623010401,1,skincare,hydratant,False,Calm V+ Sérum concentré hydratant-apaisant Peaux sensibiles,
5600829361099,1,skincare,serum,True,Pro-Aging Essential Face Serum (30 ml),Pro-Aging Essential Face Serum
5600829361105,1,makeup,contour,False,Active Botanical Eye Contour (15ml),Active Botanical Eye Contour
3616826532945,1,skincare,spf,False,Hein Poa Soins Solaires 50 spf,
3350033527041,1,skincare,nettoyant,True,L'eau nettoyante,
8901138821913,1,skincare,scrub,False,Neem Face Scrub,
4005900017543,1,skincare,deodorant,True,Deodorant,
8901526509232,1,haircare,keratin,False,Liss Unlimited Prokeratin,
3600522373254,2,skincare,deodorant,True,l'oreal men expert,"Last van gele vlekken op je kleding? L'Oréal Paris Men Expert Shirt Protect 48H Anti-Transpirant Deodorant Spray beschermt je shirt beschermt tegen zweetvlekken, gele vlekken, witte strepen en verharding van je kleding."
3660005386140,1,skincare,douche,False,Yves rocher huile de douche sensuelle noix de coco,
8001841590868,1,haircare,shampoo,True,Pantene shampoo 🧴,
8001841622231,1,haircare,keratin,False,Pantene Pro-V Repair & Protect Keratine Haarmasker,
8001841736211,1,skincare,crème,False,Olay Total Effects 7-in-1 Nachtcrème Keith Haring Artist Edition,
8001841736389,1,skincare,crème,False,Olay Total Effects 7 In One Hydraterende Parfumvrije Dagcrème,"Olaz Total Effects 7 In One Parfumvrije Dagcrème bestrijdt de zeven tekenen van veroudering voor een prachtige, stralende huid."
8001841736631,1,skincare,spf,False,Olay Total Effects 7-in-1 SPF30 Dagcrème Keith Haring Artist Edition,
8001841910802,1,skincare,crème,False,Olay Regenerist Dagcrème,"Verstevig de huid van je hals, kaaklijn en rondom je ogen met de Olaz Regenerist 3-zone Anti-Verouderingscrème. Na 4 weken vernieuwt de crème geleidelijk de huidcellen, waardoor je huid er fris en jong uitziet."
8001841910994,1,skincare,crème,False,Olay Regenerist Parfumvrije Dagcrème,
8001841918723,1,skincare,crème,False,Olay Regenerist Nachtcrème,Olaz Regenerist 3-Zone Anti-Veroudering Nachtcrème verstevigt je huid en vermindert de zichtbaarheid van fijne lijntjes en rimpels terwijl je slaapt.
8001841918785,1,skincare,serum,True,Olay Regenerist 2-In-1 Dagcrème & Serum,Het Olaz Regenerist 3-Zone Verstevigende Serum vormt een aanvulling op de hydraterende crème en biedt een superieure stevigheid omdat het een hoge concentratie werkzame bestanddelen bevat.
8001841918846,1,skincare,spf,False,Olay Regenerist SPF30 Dagcrème,Olaz Regenerist 3-Zone SPF30 Dagcrème verstevigt je huid en vermindert elke dag de zichtbaarheid van fijne lijntjes en rimpels.
4066447579628,1,skincare,creme,False,Sonnencreme,
3468080155053,1,haircare,shampoo,True,Shampooing 2 en 1 ultra démêlant,
5902539706741,1,skincare,spf,False,SPF 50 PA,
3450601052330,1,haircare,cheveux,False,Gel lavant Corps & Cheveux,
3350033621046,1,skincare,aloe vera,False,Le gel d'aloe vera,
0350410034290,1,skincare,cleansing oil,True,Cleansing Oil,
4262351040333,1,skincare,face wash,True,Rodophyta Aloe Vera Balancing Face Wash,Gesichtswaschgel
5900017090344,4,skincare,moisturizing,False,Moisturizing lotion,
21877698,1,haircare,shampoo,True,shampoo Antischuppen,
6001051004195,1,skincare,hand cream,True,Nivea hand cream,
3770016549004,1,skincare,crème,False,Crème légère visage pour homme,
8436097095469,2,skincare,crème,False,Crème main Byphasse,
80780458,1,skincare,deodorant,True,roll-on deodorant,
00002020,1,skincare,savon,True,Savon au lait de chèvre,
00004225,1,skincare,déodorant,False,Déodorant nature,
00086551,2,skincare,visage,False,purecalmille visage ,
4335619267176,5,skincare,crème,False,Crème de Soin Care,
10406177,2,skincare,soothing,False,dog shampo soothing & noutishing,
10406179,4,haircare,shampoo,True,dog shampoo soft shiny fur,
20012984,1,skincare,shower gel,True,Shower gel melon,
20072339,7,skincare,crème,False,Crème pour la peau soft  Cien,
20112028,2,skincare,crème,False,Crème de douche Rituel cocooning Fleur de lotus,
20112042,1,skincare,crème,False,Crème de douche,
20194598,1,skincare,aloe vera,False,Cien gel de ducha aloe vera,
20667986,1,makeup,fond de teint,True,Fond de teint foundation 020 natural beige,
20797928,1,makeup,cc cream,True,CC Cream,
30061392,1,skincare,antiperspirant,True,Antiperspirant Sure Sensitive for Men,
42164104,2,skincare,creme,False,Nivea creme,
42195245,2,skincare,hydratant,False,Crème hydratante,
42241317,4,haircare,shampoo,True,Shampoo + dusche sensitive,
42397588,1,skincare,creme,False,Nivea Soft Creme,
42398172,1,skincare,creme,False,Hand Creme Intensive Pflege,
42417521,1,skincare,creme,False,Handcreme,
42419440,1,skincare,deodorant,True,Nivea Deodorant Natural Balance mit bio aloe vera,
50096190,2,skincare,antiperspirant,True,Roll-on antiperspirant,
50096954,4,skincare,deodorant,True,Rexona Rollon Men Deodorant 50ML Cobalt,
50097425,2,skincare,deodorant,True,Dove original,Dove Deodorante Original
54024502,2,skincare,déodorant,False,Rexona Motionsense déodorant,
59083139,1,skincare,déodorant,False,Dove bille bio arb 50ml,Déodorant Femme Bille
59083146,1,skincare,déodorant,False,Dove bille bio euca 50ml,Déodorant Femme Bille
59083153,1,skincare,déodorant,False,Dove bille bio ging 50ml,Déodorant Femme Bio
80803591,1,skincare,deodorant,True,Deodorante Borotalco Original,
96048054,1,skincare,déodorant,False,Dove Déodorant Femme Bille Anti Transpirant Pure,Déodorant
0010181032356,4,skincare,crème,False,Huile de coco - crème mains,
0010181032806,4,skincare,body lotion,True,Coconut Hydrate Body Lotion,Moisturiser
0011111016545,5,skincare,face wash,True,Men+Care clean comfort body + face wash gel,
0012044010716,1,skincare,shave,False,Aftershave,
0017854100213,2,skincare,body wash,True,"Natural Body Wash Oud, Cedar & Amber",
0020714949549,5,skincare,hydratant,False,Gelée hydratante,
0022200930086,1,skincare,deodorant,True,speed stick ocean surf deodorant,
0022796916709,1,haircare,shampoo,True,Biotin & Collagen Shampoo,
0022796976123,2,haircare,conditioner,True,Argan oil morocco conditioner,
0022796976703,2,skincare,collagen,False,ogx collagen,
0026395001163,1,skincare,aloe vera,False,Gel D'aloe Vera 99% - 120 ML - Lily of the Desert,
0030772063378,1,haircare,shampoo,True,head & shoulders coconut shampoo,
0041348001830,1,skincare,moisturizing,False,coconut oil moisturizing cream,
0041520120724,1,skincare,body wash,True,body wash,
0041554502015,1,makeup,powder,False,Fit Me Loose Finishing Powder,
0056594004566,2,skincare,déodorant,False,Déodorant Sensitive,
0056594006225,2,skincare,shave,False,after shave,
0062600959843,7,skincare,moisturizing,False,daily moisturizing lotion,
0070501050217,1,skincare,scrub,False,Deep Clean Invigorating Foaming Scrub,
0077043358023,2,skincare,scrub,False,St Ives green tea scrub ,
0077326835593,1,skincare,deodorant,True,Toms antiperspirant deodorant,
0079400075550,4,haircare,shampoo,True,Daily Moisture Shampoo,
0079400122643,4,skincare,antiperspirant,True,Extra Fresh Antiperspirant,
0079400122674,3,skincare,deodorant,True,Deodorant Clean Comfort,
0079400507204,4,makeup,powder,False,Dove Women Powder,
0085805071387,1,skincare,body cream,True,Green Tea Honey Drops Body Cream,
0190679004758,2,skincare,essence,True,herbal essences hello hydration,
0302993927167,2,skincare,cleanser,True,Daily Facial Cleanser,
0381370036005,4,skincare,body lotion,True,Daily Moisturizing Body Lotion,
0381370036029,5,skincare,body lotion,True,aveeno body lotion,
0381370038443,5,skincare,moisturizing,False,Daily moisturizing lotion,
0381519180736,1,skincare,essence,True,Shampoo Herbal Essences Rose Hips,
0381519180743,2,haircare,shampoo,True,Shampoo,
0722510027000,1,skincare,hand cream,True,Working Hands Hand Cream,
0753950001633,1,skincare,deodorant,True,organic virgin coconut oil deodorant,
0764302023111,1,haircare,shampoo,True,Anti-Dandruff Shampoo,
0764936605110,1,skincare,crème,False,Crème multi-usages pour la peau,
0769915190199,7,skincare,hyaluronic acid,False,Hyaluronic acid 2% b5,
0769915190670,9,makeup,contour,False,Caffeine Solution 5% + EGCG,Reduces Appearance of Eye Contour Pigmentation and of Puffiness
0769915190977,7,skincare,toning,True,The Ordinary Glycolic Acid 7% Toning Solution (Solução tonificante de ácido glicólico 7%),
0769915193985,1,skincare,retinol,False,Retinol 1% in Squalane,
0772618072006,8,skincare,cleanser,True,Oily Skin Cleanser,
0810021200019,1,skincare,deodorant,True,Aluminum free Lavender Vanilla Deodorant,
0817513010033,3,haircare,curl,False,Curling cream,
0819265006388,1,skincare,retinol,False,Retinol advanced firming cream,
0819265009600,1,skincare,hyaluronic acid,False,hyaluronic acid,
0834576006254,2,skincare,body wash,True,Dermasil Labs /Moisturizing Body wash,
0850502007775,2,skincare,collagen,False,Collagen + Biotin,
0854049002453,1,skincare,soothing,False,Seriously Soothing Cleansing Cream,
0860236001703,1,skincare,deodorant,True,lume deodorant,
0875408004345,1,haircare,coiffure,False,Le Site Officiel Des Nouvelles Coiffures,
0875408004376,2,haircare,coiffure,False,Le Site Officiel Des Nouvelles Coiffures,
0884118299231,2,skincare,body lotion,True,Body lotion,
2000000051969,3,skincare,nettoyant,True,"Bomdila mousse nettoyante 100% naturelle et végétale, sans parfum, sans conservateur, sans huile de palme, sans allergènes.","Bomdila mousse nettoyante 100% naturelle et végétale, sans parfum, sans conservateur, sans huile de palme, sans allergènes."
2000000094641,1,skincare,savon,True,SAVON MARBRE AU MIEL,Savon marbré
2000000099285,1,skincare,cleanser,True,Tea Tree skin clearing foaming cleanser,tea tree face cleanser
2000000107541,1,skincare,savon,True,Savon de Marseille olive MAITRE SAVON,
2000000120071,1,skincare,serum,True,Serum DMAE & Dragon's Blood,Organic Cosmetic Serum
3054080063841,2,skincare,crème,False,Crème de nuit anti-relâchement,
3058320002034,5,skincare,crème,False,Crème mains réparatrice,Crème main
3140100323054,1,haircare,cheveux,False,Lotion tonique pour cheveux normaux,Lotion tonique Force Kracht 5
3140100330069,1,haircare,shampoo,True,shampooing volume intense,
3140100366396,5,haircare,shampoo,True,Shampooing,
3140100403763,2,haircare,shampoo,True,Shampooing antipelliculaire,
3141380052979,1,skincare,hydratant,False,La guimauve douche lait hydratante,
3141380054928,1,skincare,douche,False,Douche Huile Précieuse Extra Nourrissante,
3141380059664,3,skincare,hydratant,False,Douche Lait hydratante cerise noire et pistache,
3178040696464,1,makeup,gloss,True,Gloss hair repair,
3178041340304,3,skincare,crème,False,crème nuit anti-âge bio,
3181730021101,4,skincare,crème,False,Crème capillaire,
3181730117767,9,skincare,mousse à raser,True,Williams Mousse à Raser Homme Peau Sensible 200ml,Mousse à Raser
3181730134696,3,skincare,savon,True,Monsavon Déodorant Anti-transpirant Spray Femme Fleur de Coton 200ml,Déodorant Femme Spray
3181730201398,2,skincare,savon,True,Mon savon,Savon
3182611351058,1,skincare,savon,True,savon d Alep,
3245678104026,6,skincare,déodorant,False,Déodorant,Déodorant
3250391151943,1,haircare,shampoo,True,Shampooing Très Doux à l'Argile & Citron vert,Shampooing Cheveux normaux à gras
3251241003511,1,haircare,cheveux,False,"Masque nutrition au lait de karité et au miel - cheveux secs, cassants",
3251241034669,1,skincare,savon,True,Le petit marseillais / le pure savon,
3253581471838,2,skincare,hand cream,True,L'occitane En Provence Almond Delicious Hand Cream,
3256222976983,2,skincare,crème,False,crème dépilatoire,
3264680004322,1,skincare,déodorant,False,Déodorant longue durée Aux poudres d'alun et d'argent Nuxe Body,
3273818840138,3,skincare,savon,True,Savon traditionnel de Marseille,
3282770073706,1,skincare,crème,False,EPITHELIALE AH DUO Crème réparatrice &quot;belle peau&quot;,crème
3282770100013,1,skincare,uva,False,Crème très haute protection solaire 50 UVB UVA,
3282770100259,3,skincare,nettoyant,True,Avene Cleanance Gel Nettoyant,
3282770112047,4,skincare,crème,False,Crème solaire,
3282779228633,2,skincare,crème,False,Haute protection crème indice 30,
3282779328241,1,haircare,shampoo,True,EXTRA DOUX Shampooing dermo protecteur,
3282779420648,2,skincare,nettoyant,True,lotion nettoyante,
3286010031051,2,skincare,crème,False,Crème Douche Amande NATURÉMOI,
3286011092310,1,skincare,crème,False,Crème change,Crème pour le change
3291960009654,1,skincare,hydratant,False,Beauté & Hygiène / Soins Du Visage / Soins Hydratants Visage,
3298652000234,1,skincare,savon,True,Savon de Marseille,
3298659746937,3,skincare,hydratant,False,Crème hydratante,
3337871320324,8,skincare,anti-transpirant,False,BERUHIGENDES ANTI-TRANSPIRANT,
3337871322595,1,skincare,deodorant,True,deodorant vichy laboratoires 24h toucher sec,
3337871324599,1,skincare,déodorant,False,"Déodorant 48H, anti-traces jaunes et blanches, sans effet carton",
3337872412158,1,skincare,déodorant,False,Déodorant physiologique 24h,
3337872412516,2,skincare,hygiene,False,La Roche Posay Effaclar Eau Micellaire 400ML (hygiene),
3337873401922,1,skincare,essence,True,sanoflore - aqua magnifica,Essence botanique perfectrice de peau
3337875201353,1,skincare,crème,False,Crème mains et ongles ,
3337875517300,1,skincare,spf,False,Cicaplast Baume B5 SPF50,
3337875526821,1,skincare,spf,False,Anthelios Bruneau vitale 50spf,
3337875549493,3,skincare,spf,False,Effaclar DUO (+) SPF 30,
3337875553278,1,skincare,déodorant,False,Vichy Déodorant Minéral Sans Sels D'aluminium Roll on,
3337875578486,2,skincare,creme,False,Toleriane sensitive creme,
3337875597180,5,skincare,cleanser,True,Hydrating Cleanser,Hydrating Cleanser
3337875597197,8,skincare,cleanser,True,Foaming Cleanser,
3337875597210,14,skincare,moisturizing,False,Daily Moisturizing Lotion,
3337875597319,3,skincare,hand cream,True,Reparative Hand Cream,
3337875597357,5,skincare,cleanser,True,Foaming cleanser,
3337875597388,9,skincare,moisturising,False,cerave moisturising cream,
3337875597395,1,skincare,moisturising,False,Moisturising Lotion,
3337875597449,2,skincare,moisturising,False,Facial Moisturising Lotion,
3337875598996,7,skincare,moisturising,False,Moisturising cream,
3337875656764,1,skincare,cleansing oil,True,LA ROCHE-POSAY LIPIKAR AP+ CLEANSING OIL,
3337875684101,9,haircare,smoothing,False,SA Smoothing Cream,
3337875763967,6,skincare,crème,False,Crème Mains Réparatrice,
3337875773430,5,skincare,cleanser,True,Hydrating Foaming Oil Cleanser,
3337875784054,6,skincare,cleanser,True,Blemish control cleanser,
3337875814652,6,skincare,spf,False,CeraVe SPF50 Hydraterende Gezichtscrème,
3350900000011,1,skincare,crème,False,Lait crème concentré,
3355312146319,1,haircare,shampoo,True,Mon shampooing solide réparateur,
3365440396715,1,skincare,déodorant,False,Déodorant La Nuit de l'Homme,Déodorant 
3367729117264,2,skincare,pore,False,Lait corporel l'Original,
3380380064661,1,skincare,crème,False,Crème nourrissante Argan ,
3400930375129,1,skincare,essence,True,Gouttes Aux Essences (gae) Naturactive Phytaroma Solution Buvable 45 ML,
3400938311099,1,skincare,crème,False,Econazole crème,
3401097676029,1,skincare,crème,False,Bepanthen Sensicalm,Crème anti-démangeaisons
3401325494340,2,skincare,pore,False,Soin lavant doux toilette intime & corporelle,
3401347869546,5,skincare,crème,False,Cicabio crème,
3401360104631,1,skincare,déodorant,False,déodorant roll on 24h,
3401371710708,3,skincare,crème,False,Saforelle crème apaisante,
3401528520846,1,skincare,douche,False,Huile de douche ,
3401543262301,1,skincare,creme,False,Bioderma - Crealine Ar Creme,
3415900030458,5,skincare,crème,False,Crème réparatrice protectrice Mains sèches et irritées,
3415900030526,2,skincare,crème,False,crème mains anti-tâche,
3433422406599,1,skincare,cleanser,True,La roche Toleriane dermo cleanser,
3450601032394,1,skincare,déodorant,False,Déodorant Fleurs de Cerisier & Harnamélis,
3450601036576,4,skincare,lait corps,True,Lait corps réparateur à l’huile d’argan et fleur d’oranger.,
3464660000768,1,skincare,aloe vera,False,Gel D'Aloe Vera Hydratant Bio - 125 ML - PurAloé,
3464660001628,1,skincare,crème,False,Crème visage intense,
3468080008380,7,skincare,visage,False,Spray protecteur visage et corps,
3468080409736,2,haircare,shampoo,True,Shampooing solide,
3489940049503,4,skincare,pore,False,Lait Corporel Au Karite,
3499320004558,1,skincare,moisturising,False,Moisturising Lotion,
3516170025141,1,skincare,rasage,False,Baume après rasage,
3517360002638,3,skincare,visage,False,"Huile pure d'argan bio, visage, corps et cheveux. 100% d'orgine naturelle O paraben silicone, parafine.",
3517360013597,1,haircare,cheveux,False,Après-shampoing cheveux nourris karité,
3517360013900,1,skincare,aloe vera,False,Hydra Aloe Vera,
3517360013917,1,haircare,keratin,False,Shampoing coco & Keratine vegetale,
3518646026690,2,skincare,crème,False,Crème main,
3522930030799,1,skincare,crème,False,Crème gourmande mains et ongles,
3538394000179,1,skincare,propolis,False,Dentifrice dents sensibles Menthe & propolis,
3538396413106,1,skincare,déodorant,False,Coslys déodorant fraîcheur veloutée Amande douce bio,
3549620020342,3,skincare,crème,False,crème Mains,
3549621033167,1,skincare,lait corps,True,Lait corps,
3560070880089,3,skincare,déodorant,False,Déodorant anti-transpirant,
3560070881703,2,skincare,lait corps,True,Lait corps hydratant,
3560070886388,2,skincare,deodorant,True,24HR Neutro Deodorant Stick,
3560070911554,4,skincare,lait corps,True,Lait corps hydratant,
3560071116545,5,skincare,gel douche,True,Gel douche,
3571940001619,2,skincare,nettoyant,True,Actipur syndet - Gel dermo-nettoyant - Laboratoires Noreva,Gel dermo-nettoyant
3574660239829,4,skincare,creme,False,Creme,
3574660532739,4,skincare,creme,False,Deep Moisture - Sofort einziehende Feuchtigkeitscreme,
3574661065403,1,skincare,crème,False,Le petit marseillais douche crème extra doux ,
3574661098531,1,skincare,body lotion,True,Deep Moisture Hypoallergenic Body Lotion,
3574661132648,1,skincare,crème,False,Douche Crème Extra Doux au Lait végétal,
3574661248141,1,skincare,déodorant,False,Déodorant spin marin fraicheur,
3574661332512,1,skincare,exfoliant,False,gel exfoliant neutrogena,
3574661347806,1,skincare,crème,False,Douche crème,
3574661355290,5,skincare,savon,True,Pur savon,
3574661539126,1,haircare,shampoo,True,Après shampooing cheveux & cuir chevelu,
3574661549675,4,skincare,crème,False,Crème Extre Doux - Lait de vanille,
3574661629889,1,haircare,shampoo,True,"Le Petit Marseillais - Shampoo and Body Soap Bar Lemon Verbena, 80g (2.9oz)",
3574661700526,3,skincare,crème,False,Crème de douche Extra Douce Lait de Vanille Bio,
3574669908252,1,makeup,powder,False,Johnson’s baby powder,
3583788490616,1,skincare,crème,False,Crème anti-friction,Crème anti-frottement
3596204526172,1,skincare,rasage,False,Baume après rasage ,
3596209532581,1,skincare,crème,False,Crème De Jour Lissante Rose Musquée - 30 ML - Weleda,
3600541126022,2,skincare,hand cream,True,Garner hand intensive 7 days restoring hand cream,
3600541358461,1,skincare,micellar,True,micellar cleansing water,
3600541744530,1,skincare,micellar,True,acqua micellare bifase con olio di argan,
3600542048477,2,skincare,spf,False,Gesichtspflege,
3600542075107,2,haircare,shampoo,True,Après-shampooing lait de coco & macadamia,
3600542117920,2,haircare,shampoo,True,Shampoo fructis aloe hydra bomb,
3600542470254,1,skincare,hydratant,False,Body Superfood Gel Crème Hydratant Pastèque,
3600550115550,1,haircare,gel coiffant,True,Vivelle Dop gel coiffant force 8,
3600550160567,1,skincare,lait corps,True,Lait corps nutritif satinant,
3600550166781,1,haircare,shampoo,True,Expert Nutrition Après-Shampooing,
3600550230321,5,skincare,creme,False,Creme Visage Peaux Sensibles Huile d'Amande,
3600550259902,5,skincare,spf,False,Protection Enfant 1ères Sorties Au Soleil Spf50+,
3600550286144,4,skincare,lait corps,True,Lait corps surgras anti-irritations,
3600550287684,1,skincare,hydratant,False,Sois réhydratant,
3600550288292,1,skincare,anti-transpirant,False,Anti-transpirant Bacti-Pur Zinc,
3600550538120,3,skincare,lait corps,True,"Lait corps multi-confort, cold cream, nourrit et apaise.",
3600550566055,1,skincare,hydratant,False,Crème hydratante surdoux à la crème de talc peaux sèches,Crème hydratante
3600550616064,1,skincare,crème,False,Gel Crème Corps et Cheveux céréales et raisin,
3600550809312,9,skincare,déodorant,False,Déodorant efficacité 24 h à la pulpe de grenade des Açores,
3600550809329,1,skincare,déodorant,False,Déodorant ,
3600550812435,8,skincare,lait corps,True,Lait corps nutritif satinant,
3600550817560,1,haircare,shampoo,True,Après-shampooing Nutri Extrême,
3600550928051,1,haircare,shampoo,True,Shampooing à l’avocat,
3600550937367,1,haircare,shampoo,True,Shampooing,
3600550942408,2,skincare,déodorant,False,Déodorant,
3600551020457,8,skincare,crème,False,Mixa la crème,
3600551033082,3,haircare,panthenol,False,Panthenol Comfort Body Balsam,
3600551039220,1,skincare,déodorant,False,Déodorant Bio senteur Lavande,
3600551053752,2,haircare,shampoo,True,Shampooing&douche,
3600551054469,1,skincare,crème,False,cadum crème douche sugras,
3605971463365,1,skincare,cleanser,True,Age Defender Dual Action Exfoliating Cleanser,
3606000512238,1,skincare,cleanser,True,Acne Foaming Cream Cleanser,
3606000537453,1,skincare,moisturizing,False,PM Facial Moisturizing Lotion,
3606000537675,1,skincare,cleanser,True,Hydrating Facial Cleanser,
3607345373515,1,skincare,déodorant,False,Déodorant pure game,
3660005072128,1,skincare,douche,False,bain douche énergisant grenade baies roses,
3660005152349,1,haircare,cheveux,False,Réparation soin de nuit cheveux très secs,
3660005298344,3,skincare,lait corps,True,Lait corps réparateur au karité,
3660005318325,7,skincare,lait corps,True,Lait corps parfumé,
3660005350967,1,skincare,douche,False,Vain douche relaxant Amande Fleur d'oranger,
3660005382876,1,skincare,nettoyant,True,Nutritive vegetal,Nettoyant surgras velouté peaux sèches à très sèches
3660005420387,1,skincare,douche,False,bain douche sensuel,
3660005548791,1,skincare,lait corps,True,Lait corps relaxant,
3660005563626,1,skincare,body lotion,True,Sensual Body Lotion,
3660005616858,1,skincare,hydratant,False,Lait réhydratant,Pulpe d'Aloe Vera - Peaux sèches
3660005775012,2,skincare,crème,False,Crème,
3660005879116,1,skincare,crème,False,beauté des mains crème hydratation longue durée ,
3660005991238,1,skincare,crème,False,Crème mains sublimatrice Pur Arnica,
3661434003790,1,skincare,crème,False,Uriage crème lavante,
3661434006968,4,skincare,pore,False,Xemose - Baume Oléo-Apaisant Anti-Grattage,baume corporel
3663518207063,5,skincare,déodorant,False,déodorant roll-on,
3700479109712,2,skincare,savon,True,L'Authentique Savon d'Alep,
3700846646178,1,skincare,visage,False,Créme visage,
3701129802076,1,skincare,crème,False,crème ultra apaisant,
3701129807323,1,skincare,gel douche,True,Atoderm Gel douche (recharge),
3701129807385,2,skincare,spf,False,Bioderma cream spf50 sensitive skin invisible 40ml,
3760016580237,1,haircare,shampoo,True,Shampooing Douche de la Ruche,
3760016580978,2,skincare,propolis,False,Bain de bouche aux microbulles de propolis blanche,
3760030494862,1,skincare,gel douche,True,gel douche,
3760077612984,1,skincare,savon,True,Savonnette Limouzi,
3760100203806,1,haircare,masque cheveux,True,masque cheveux,
3760100681192,5,skincare,lait corps,True,Lait corps argan Evoluderm,
3760162120660,3,skincare,aloe vera,False,Aloe Vera Crème Réparatrice certifiée Bio,
3760172446590,1,skincare,gel douche,True,Gel Douche Bio Extra Doux à la Mangue,
3760177361607,1,skincare,hydratant,False,brume tonyque hydratante,
3760207114876,1,haircare,shampoo,True,Shampooing cheveux secs,
3760295560067,2,haircare,cheveux,False,"Huile nourrissante, barbe & cheveux . Fraicheur deMusc",Huile Nourrissante
3770000717013,1,skincare,hydratant,False,gel crème hydratant,
3770002220283,4,skincare,savon,True,Savon Artisanal du Val d'Argent à l'huile d'argan bio - Verveine,pain de savon
3770002220542,1,skincare,savon,True,Savon artisanal du Val d'argent,
3770005798093,2,skincare,deodorant,True,Baume Deodorant H. Essent Menthe Sauge Homme,
3770006344060,1,skincare,nettoyant,True,Le gel nettoyant de l'homme,
4000196012111,2,skincare,creme,False,Hand & Nagelcreme,
4000196031198,1,skincare,creme,False,Kamil Hand und Nagelcreme,
4000388563803,1,skincare,body lotion,True,Dove Nourishing Body Care Essential Rich Body Lotion for Dry Skin,
4001638075114,2,haircare,shampoo,True,Weleda Kids Douche & Shampooing 2-en-1 Orange fruitée - 150 ml,
4001638095624,3,haircare,shampoo,True,Hafer Aufbaushampoo,
4001638096515,1,haircare,shampoo,True,Baby Calendula Waschlotion & Shampoo,Crème lavante
4001638096539,2,skincare,body lotion,True,Baby Body Lotion,
4001638097079,7,skincare,deodorant,True,CITRUS Deodorant,
4005808183029,2,skincare,cleanser,True,2 in 1 cleanser & toner,
4005808223855,2,skincare,crème,False,NIVEA Men active energy gezichtscrème,Nivea Men Active Energy Hydraterende Gezichtscrème is ontwikkeld voor mannen die een fitte uitstraling willen.
4005808224845,1,skincare,face wash,True,Nivea Men Sensitive Face Wash,
4005808246038,4,skincare,crème,False,Lait crème nourrissant,
4005808246892,1,skincare,hydratant,False,LAIT HYDRATANT FERMETÉ,
4005808280797,2,skincare,body lotion,True,body lotion,
4005808515554,1,skincare,moisturising,False,Moisturising Cream,
4005808669646,5,skincare,face wash,True,face washh,
4005808726240,1,skincare,deodorant,True,NIVEA MEN Fresh Active Pump Sprey Deodorant,
4005808879908,1,skincare,spf,False,Protect moistur 30spf,
4005900107305,4,skincare,creme,False,Nivea Men Creme,
4005900108142,3,skincare,creme,False,Handcreme,
4005900136688,2,skincare,creme,False,Nivea Creme,
4005900205711,2,skincare,moisturizing,False,light moisturizing cream,
4005900255884,6,skincare,creme,False,Creme,
4005900371935,4,skincare,déodorant,False,Déodorant Nivea black & white invisible,
4005900519719,4,makeup,mascara,True,NIVEA Waterproof Expert Micellair Water,"Ontdek de kracht van de Nivea Micellair Skin Breathe Expert Make-Up Remover. Het micellair water verwijdert langhoudende, waterproof make-up en mascara zonder wrijven en afspoelen."
4005900546036,3,skincare,crème,False,Crème Mains Apaisante,
4005900555540,2,skincare,lip balm,True,Labello Original Lip Balm,
4005900573209,6,skincare,spf,False,NIVEA Hydraterende dagcrème spf15 normale huid,"Nivea Essentials Hydraterende Dagcrème geeft intensieve hydratatie en bescherming tegen invloeden van buitenaf, de dagcrème houdt de huid de hele dag fris en soepel."
4005900612700,2,skincare,shave,False,After Shave,
4005900655745,3,skincare,body lotion,True,Express Body Lotion 48h,
4005900655783,4,skincare,body lotion,True,Express Body Lotion,
4005900669988,1,skincare,body lotion,True,Body Lotion - Repair & Care,
4005900758453,1,skincare,peel,False,Waschpeeling,
4005900839855,1,skincare,nettoyant,True,Nettoyant visage solide - Naturally Clean,Nettoyant visage
4005900917669,1,haircare,shampoo,True,Strong Power - Shampoo,
4005900943873,2,skincare,deodorant,True,deodorant,
4008666213921,1,haircare,shampoo,True,Shampoo,
4010355306739,1,skincare,creme,False,Handcreme Bio-Calendula,
4010355341877,1,skincare,hygiene,False,Hygiene-Handgel (antibakteriell),
4010355558299,1,skincare,creme,False,Feuchtigkeitscreme,
4015000923989,2,skincare,crème,False,Diadermine Lift+ Nourrissant Nachtcrème,nl{Verstevig en verzorg je huid met Diadermine Lift+ Hydratant Nachtcrème. Deze crème voorziet je huid
4015001004717,1,haircare,keratin,False,Schauma Keratin Kraft Aufbau Spülung,
4015100812510,1,haircare,shampoo,True,Langhaar Shampoo,
4015600853419,4,haircare,keratin,False,KERATIN ONARICI E VITAMINLI YAG,
4017645008014,3,haircare,shampoo,True,Logona Naturkosmetik Anti-Schuppenshampoo,
4017645021082,2,skincare,crème,False,Crème pour les mains Aloe+verveine bio,
4021457619467,4,skincare,creme,False,Hand & Nagelcreme,
4021457621859,1,skincare,crème,False,Crème de jour anti-rides + Q10,
4021457629091,4,skincare,creme,False,Lavera Complete Care Zahncreme floridfrei,
4021457645084,1,skincare,creme,False,lavera repair Handcreme SOS Hilfe,
4021457647132,1,skincare,mousse à raser,True,Mousse à raser douceur,
4025089073161,1,skincare,crème,False,Crème pour les mains bio goji & olive,
4028841143744,4,haircare,shampoo,True,Trockenshampoo,
4056489031918,1,skincare,hand cream,True,HAND CREAM Organic pomegranate & goji berries,
4056489234692,3,skincare,hydratant,False,lidl crème de soin hydratante,
4056489254690,1,haircare,keratin,False,soin reparateur enrichie en keratine,
4056489361268,1,skincare,crème,False,crème de jour à l'aloé vera,
4056489565086,3,skincare,savon,True,Savon extra doux surgras huile d'argan,
4056489671817,2,haircare,shampoo,True,Cien Nature Bio Mandel Shampoo,
4058172009006,5,haircare,shampoo,True,FESTES SHAMPOO mit Kokos-Duft,
4058172275104,3,skincare,creme,False,Aqua Feuchtigkeits Creme-Gel,
4058172325717,1,skincare,aloe vera,False,Cremeseife Sensitive (mit Aloe Vera),
4058172336218,4,skincare,creme,False,Kräuter Zahncreme,
4058172487897,1,skincare,creme,False,Briliant Weiß Zahncreme,
4058172585135,1,skincare,deodorant,True,Deodorant,
4058172702419,1,skincare,creme,False,Feuchtigkeits dependence nacht creme,
4058172739095,3,skincare,deodorant,True,Balea Deodorant Sensitive,
4058172786716,1,haircare,shampoo,True,Festes Shampoo,
4059729224675,2,makeup,contour,False,Contouring Duo Palette,
4066447237689,1,haircare,shampoo,True,shampoo,
4066447341942,2,skincare,creme,False,Deocreme mit Natron und Zink,
4066447428766,3,skincare,niacinamide,False,Niacinamide Nachtcreme,
4084500015012,2,haircare,shampoo,True,2 in 1 Anti Dandruff Shampoo & Conditioner,
4088600126531,1,skincare,face wash,True,Lacura moisturising face wash,
4104260041714,4,haircare,shampoo,True,Frotee Trockenshampoo Fresh,
4105170615538,1,skincare,aloe vera,False,Enzborn Premium Aloe Vera Gel 90%,
4260491220271,1,skincare,déodorant,False,Déodorant naturel,
4305615405926,1,skincare,creme,False,Zahncreme Bio-Minze,
4305615620459,5,skincare,creme,False,Pflege Creme,
4316268612326,1,skincare,body lotion,True,Leichte Body Lotion,
3760223250145,1,skincare,nettoyant,True,Ma mousse nettoyante purifiante,
9421908519059,1,skincare,body wash,True,Manuka Kiss Gentle Barrier Body Wash,Manuka Kiss Body Wash
8700216203883,1,skincare,deodorant,True,Old Spice Deodorant Stick Rockstar Tomorrowland edition 2026,
4902468238932,1,skincare,mist,False,Organic rose skin conditioning mist,
5000101959417,1,skincare,aloe vera,False,Carex Aloe vera,
5010724527382,2,haircare,shampoo,True,Dry Shampoo,
5010724527450,2,haircare,shampoo,True,Batiste dry shampoo,
5010724527511,1,haircare,shampoo,True,Batiste Dry Shampoo Tropical 200ml,
5011321360945,2,haircare,shampoo,True,shampooing,
5014697055934,1,skincare,deodorant,True,Active Anti-Perspirant Deodorant,
5017174118108,2,skincare,aloe vera,False,Aloe Vera Gel,
5019781041022,1,skincare,aloe vera,False,Health aid aloe vera gel,
5022496103466,2,haircare,shampoo,True,dandruff shampoo,
5028197194024,2,skincare,body butter,True,Body butter shea,
5028197269692,3,skincare,calming,False,Aloe Calming Foaming Wash,
5028197786762,1,haircare,shampoo,True,Banane truly nourishing shampoo,
5028197943417,2,skincare,nettoyant,True,Nettoyant doux visage,
5037156246865,1,haircare,shampoo,True,John Frieda Red Boosting Shampoo,
5037741980013,1,makeup,nail polish,True,nail polish remover,
5054563087195,3,makeup,lash,False,Splash strawberry,
5060120163424,5,skincare,face wash,True,foming face wash,
5060120164063,2,haircare,shampoo,True,XHC Argan Oil Shampoo,
5060144642813,1,skincare,scrub,False,Face Scrub,
5060542728331,2,skincare,serum,True,Magic serum,
5099821002039,1,skincare,hydration,False,Silk Hydration Aftersun,
5201279049584,1,haircare,shampoo,True,Oily roots & dry ends shampoo,
5410076390427,1,haircare,shampoo,True,Aussie mega shampoo,
5410076390809,1,haircare,conditioner,True,Aussie miracle moist conditioner,
5410076519781,1,haircare,shampoo,True,Frizz Miracle Shampoo,
5412466100111,2,skincare,creme,False,Crème de trayon - Viercreme,
5901350468838,4,skincare,sun protection,False,sun protection,
6001374079405,1,skincare,creme,False,PLAYJÜN bödy creme 48h temptation,
6111024004661,1,skincare,savon,True,Savon TAIUS,
6111246360194,3,skincare,savon,True,savon noir,
6130024002200,3,skincare,anti-rides,False,Vénus anti-rides,
6130072000463,4,skincare,creme,False,creme equilibre de jour,
6134598000044,1,skincare,savon,True,Savon Liquide Main Life,
6928001835640,1,skincare,scrub,False,sherbet body scrub,
6947790798370,1,skincare,soothing,False,Soothing & moisture Aloe Vera,
6970760999491,1,skincare,moisturizing,False,MUMUSO MOISTURIZING ALOE VERA GEL,
7319470801073,3,skincare,creme,False,Nivea Creme,
7509546054650,1,makeup,luminous,False,Luminous White,crema dental anticaries con flúor.
7509552455557,2,skincare,micellar,True,micellar water,
7611916124518,1,skincare,crème,False,Weleda crème douche,
7630028604121,1,haircare,conditioner,True,Conditioner ,
7891024137840,3,skincare,propolis,False,Propolis Whitening,
4987176279439,1,haircare,shampoo,True,Head & Shoulders Anti Dandruff Shampoo Bare Pure Clean 400mL,
7897042007226,1,skincare,creme,False,Creme de pentear,
8001090222848,1,haircare,shampoo,True,Shampoo,
8001090662293,2,skincare,essence,True,herbal essences,
8002036599284,2,skincare,collagen,False,keratin collagen,
8002110383709,6,skincare,hand cream,True,Norwegian Formula Hand Cream Concentrated Unscented,
8004608256557,1,haircare,shampoo,True,Repluming shampoo,
8006540424575,1,skincare,deodorant,True,Deodorant stick,
8410412460026,1,skincare,shave,False,Bálsamo After Shave Cannabis Babaria,
8411047143179,2,skincare,aloe vera,False,Aloe Vera desodorante Roll On,
8411047143278,7,skincare,aloe vera,False,Aloe Vera loción hidratante,
8411135483262,1,skincare,spf,False,Sunnique Sport bruma protectora vitEox 80 SPF50+,
8412300801072,7,skincare,creme,False,Creme,
8414704080206,1,skincare,crème,False,Crème Pour Visage Et Corps 300ml,
8436027342250,1,skincare,uva,False,Kiluva Circal,
8436097091379,4,skincare,crème,False,Crème nourrissante activ boucles,
8437016547137,1,skincare,déodorant,False,Nanös - Déodorante Natural Spray,
8480000441409,1,haircare,keratin,False,Stylius keratina liquida,
8480000442185,3,haircare,argan oil,False,Mascarilla sin aclarado Argan Oil,
8480000443212,2,haircare,conditioner,True,conditioner,
8480000443373,1,haircare,shampoo,True,Argan oil shampoo,
8480000456809,1,skincare,aloe vera,False,crema dental herbal aloe vera,
8480000467942,4,skincare,deodorant,True,Deodorant,Antitranspirante
8480000792174,3,skincare,aloe vera,False,Aceite corporal aloe vera,
8690954081730,1,skincare,shave,False,AFTER SHAVE BALM WILSON,
8697926007439,2,haircare,hair wax,True,Aqua hair wax,
8699954305020,1,skincare,hydratant,False,crème hydratante,
8710444212502,1,skincare,savon,True,château beau savon,
8710444250313,2,skincare,savon,True,savon pour les mains,
8710447174692,5,haircare,shampoo,True,shampoo&balsamo,
8710447204290,1,skincare,gel douche,True,AXE Gel Douche Mousse Gold,Gel Douche Homme Mousse
8710447275313,5,skincare,hand cream,True,hand cream,
8710447280003,3,skincare,gel douche,True,Dove Surgras Gel Douche Mousse Infusée à l'Huile d'Argan 24H de Douceur,Gel Douche Mousse
8710447284094,6,skincare,gel douche,True,Axe Gel Douche Homme Dark Temptation 12h Parfum Frais 400ml,Gel Douche Homme
8710447339077,1,skincare,crème,False,Crème,
8710447381021,5,skincare,gel douche,True,Dove Gel Douche Soin Apaisant 750ml,Gel Douche
8710447437261,3,skincare,lait corps,True,Dove Nourishing Secrets Spray Lait Corps Restoring Coco,Spray Lait Corps
8710447442371,9,skincare,lait corps,True,Love Beauty And Planet Lait Corps Éclat Délicat 400ml,Lait Corps
8710447446027,2,skincare,gel douche,True,Monsavon Gel Douche Fleur d'oranger Si Belle 300ml,Gel Douche
8710447446034,1,skincare,gel douche,True,Monsavon Gel Douche Pêche Toute Veloutée,Gel Douche
8710447495704,1,skincare,body lotion,True,body lotion,
8710522368541,7,skincare,deodorant,True,Alaska Deodorant & Bodyspray,
8710522724880,1,haircare,apres-shampoing,True,Timotei Masque Réparateur Avocat,Apres-shampoing concentre
8710847935893,7,haircare,shampoo,True,LOVE BEAUTY AND PLANET Shampooing Femme Fraîcheur Marine 400ml,Shampooing
8710908325823,1,skincare,anti-perspirant,False,Anti-perspirant,
8711600398481,1,skincare,firming,False,Deep care complex firming ,
8711600453975,5,skincare,body lotion,True,intensive body lotion,"Dove Intensive Bodylotion voedt met z'n unieke formule de extra droge huid, zonder het vet of plakkerig te maken."
8711700550963,13,haircare,laque,True,SIGNAL Bain de Bouche Integral 8 Anti-Plaque Antibactérien 500ml,Bain de Bouche Antibactérien
8711700841252,1,skincare,lait corps,True,Dove Lait Corps Peau Seche Beurre de Cajou,Lotion corps
8711700965002,18,skincare,déodorant,False,Déodorant,Déodorant Femme
8712561353281,8,makeup,poudre,False,Persil Lessive Poudre Bouquet de Provence 60 Doses,Lessive Poudre
8712561384841,2,haircare,shampoo,True,Daily Moisture Shampoo,
8712561609647,4,skincare,body wash,True,Shea butter & vanilla body wash,
8712561743792,6,haircare,shampoo,True,Timotei,Shampooing
8712561829137,1,skincare,shower gel,True,Refreshing Shower Gel,
8714789999937,1,skincare,lait corps,True,Lait corps Hydrate 24h,
8717163742839,1,skincare,body wash,True,Dove deeply nourishing body wash,
8717333478445,2,skincare,crème,False,Cetomagrocol crème,
8717524075231,1,skincare,peel,False,Feingefühl! Peeling mit Seesand!,
8717644256152,20,skincare,déodorant,False,AXE Déodorant Bodyspray Homme Dark Temptation 48h Non-Stop Frais,Déodorant Homme Spray
8718114216324,3,skincare,deodorant,True,Dove deodorant,
8718481351000,2,skincare,aloe vera,False,Gel 92 % Aloe vera,
8718924874134,2,skincare,savon,True,savon main,
8718924875995,1,haircare,cheveux,False,Coconut care shampoing  pour cheveux  sec,
8718951624764,2,haircare,shampoo,True,Shampooing et Démêleur 2 en 1 Force & Nutrition à l'Huile d'Amande,
8719134161311,1,skincare,body cream,True,The ritual of Sakura body cream,
8719238011321,1,skincare,toner,True,rose water facial toner,
8720181027789,1,skincare,déodorant,False,déodorant,
8720289263829,2,skincare,sheet mask,True,Facial Sheet Mask,
8720604317978,1,skincare,body cream,True,aloe Véra Care body cream,
8720604317985,6,skincare,body cream,True,Body cream soothes & softens,
8723300710807,12,skincare,collagen,False,Collagen 1000mg,
8809089366913,1,skincare,ampoule,True,Neuromide Ampoule,
8809416471112,1,skincare,salicylic acid,False,salicylic acid daily gentle cleanse,
8858977099235,1,skincare,cleanser,True,Cleanser,
8901012100554,1,makeup,powder,False,baby powder,
8901012185209,1,skincare,sunscreen,True,Neutrogena sunscreen,
8901030898464,1,haircare,shampoo,True,Shampoo,
8901088023573,1,haircare,hair cream,True,parachute men hair cream,
8901120141043,1,skincare,scrub,False,EVERYUTH SCRUB 7G,
8901138513153,2,makeup,powder,False,HIMALAYA BABY POWDER 200G,
8901138822217,1,skincare,moisturizing,False,Himalaya moisturizing baby soap 75g,
8904018300249,1,skincare,savon,True,Savon Ayurvedique,
8904109400643,1,skincare,aloe vera,False,Saundarya aloe vera gel,
8904109450426,1,skincare,face wash,True,saundarya face wash,
8906014765985,3,haircare,hair oil,True,Bajaj almond  hair oil,
8906087771333,3,skincare,sunscreen,True,Mama Earth ultra light Indian sunscreen,
8906087771883,5,haircare,hair oil,True,Mama Earth onion hair oil,
8906147700273,8,skincare,ceramide,False,Ceramides and hyalyronic skin barier repair face cream,
8991111101279,1,haircare,shampoo,True,Johnson's Baby Shampoo,
9000101053111,1,skincare,deodorant,True,Fa Divine Moments Deodorant,
9005800239989,1,skincare,creme,False,Creme,
9005800243597,8,skincare,creme,False,Nivea creme,
9318637043293,1,haircare,shampoo,True,Cetaphil baby wash shampoo 230ml,
9318637069637,1,skincare,cleanser,True,Cetaphil Gentle Skin Cleanser,
9501101375710,1,skincare,savon,True,BABYMED SAVON,
3468080082588,1,skincare,crème,False,Crème change apaisante peaux sensibles,
4068706886584,1,skincare,cleanser,True,Foaming Oil Cleanser,
3350033830851,1,haircare,shampoo,True,Sweet almond shampoo,
8437008655574,1,skincare,crème,False,Crème soin mains,
8809964171311,1,skincare,serum,True,Anaze Leave-in collagen Serum Treatment,
0688003178782,1,skincare,shave,False,Shave Gel,
8051770527565,1,skincare,calming,False,Gel intime ultra calming,
3337875904285,1,skincare,moisturizing,False,Cerave Intensive Moisturizing Lotion,
8436581949841,1,skincare,mist,False,Body Mist Active Hydra-tion,
3414206000714,1,skincare,déodorant,False,Joop! Homme Mild Déodorant Spray,
0680569529657,1,skincare,lip balm,True,Lip Balmy,Lip Balmy
3770035346172,1,skincare,serum,True,"Serum physiologique na l 0,9% pour irrigation",
3145891411706,1,skincare,mist,False,Intense Revitalizing Mist,
3574661700557,1,skincare,gel douche,True,Gel Douche extra doux lait de vanille,
0776097220453,1,skincare,hydratant,False,Hydratant thérapeutique pour peau sèche,
4260380014134,1,haircare,shampoo,True,Bartshampoo Zedernholz & Wacholder,
3245678589816,5,haircare,shampoo,True,shampooing au amandes,Shampoing aux amandes
4006000032238,1,skincare,shower gel,True,Aloe Shower Gel Nivea,
2000000157858,1,skincare,exfoliant,False,Citrus Detox Brew,Jabón exfoliante con café y naranja
2000000157859,1,skincare,aloe vera,False,PureCoco Radiance,Jabón hidratante con coco y aloe vera
2000000157864,1,skincare,mist,False,FloraMist,Tónico facial de agua de rosas
4005808802555,3,skincare,body lotion,True,Nivea Men Body Lotion,
4335619202993,6,skincare,crème,False,Crème de douche soin douceur Cien,
8001090580122,1,haircare,shampoo,True,Head and Shoulders Supreme Repair anti dandruff shampoo,
8901088205634,1,skincare,body lotion,True,parachute body lotion,
8901030868955,1,makeup,powder,False,ponds Magic powder,
8906028129537,1,skincare,body wash,True,Think Skin LemonFresh Body Wash,
5208005110051,1,skincare,propolis,False,Honey yogurt propolis body milk,
8901030989827,1,skincare,face wash,True,Pond's Bright Beauty Niacinamide Anti-Dullness Face Wash,
8809652582900,1,makeup,gloss,True,Fwee 3D Voluming Gloss Scotch,
8809652582856,1,makeup,gloss,True,Fwee 3DVoluming Gloss Vanilla,
8809891186662,1,skincare,peptide,False,Biodance Collagen Peptide Eye patches,
5060139726719,1,skincare,mist,False,Middlemist seven,
8906045486859,1,skincare,essence,True,Coloressence Pre Make-Up Base,
8906045488112,1,skincare,essence,True,Coloressence True Tone BB Cream (Papaya Extract),
8904026643864,1,skincare,sunscreen,True,Lacto Calamine Daily Sunshield Matte Look Sunscreen,
4751037904149,1,skincare,hand cream,True,Dzintars Protective hand cream Dubulti,
8719587159583,1,haircare,styling mousse,True,Care Styling mousse mega strong,
3660005588711,1,haircare,shampoo,True,Maschera esfoliante 2 in 1 preshampoo,
3760290421158,8,makeup,poudre,False,Poudre coiffante,
4002857008037,2,skincare,aloe vera,False,Feuchtes Toilettenpapier KAMILLE mit Aloe vera und Kamille,
8031377022557,1,haircare,shampoo,True,Shampoo Hydra+ Viva,
8720181828683,1,skincare,douche,False,Axe Fine Fragrance Indigo Haze Douchegel,
3600551183978,1,skincare,crème,False,Mixa crème réparation,
8800312063319,1,skincare,lip balm,True,Fwee glow Smoothie Tintel Lip Balm GN03 Peanut Butter Carmel,
4262395460012,1,haircare,shampoo,True,Hydrate & Shine Shampoo,
3661434009990,1,skincare,nettoyant,True,Gel nettoyant anti-imperfections,
8992796011204,1,skincare,cleanser,True,Viva Milk Cleanser Cucumber,
8710537045239,1,skincare,spf,False,Biodermal Anti Age SPF30 Zonnecrème voor je Gezicht,"Biodermal Gezicht SPF 30 Anti Age Zonnecrème bevat geavanceerde, fotostabiele uv A- en uv B-filters. De crème bevat een verhoogde concentratie UVA-filters voor een verbeterde bescherming tegen vroegtijdige huidveroudering."
8904473104024,1,skincare,collagen,False,Pink Therapy Collagen Night Wrapping Mask,
6970760999538,2,skincare,moisturizing,False,aloe moisturizing,
3600542020572,1,haircare,shampoo,True,Apple shampoo,
8700216156233,1,haircare,shampoo,True,Head and shoulders shampoo,
8700216467391,1,haircare,conditioner,True,Pantene conditioner,
4066447575804,1,skincare,creme,False,Sensitive Cremedusche,
8436097093212,3,haircare,shampoo,True,Keratin Shampoo,
5060176670488,1,skincare,body lotion,True,Tea Tree Body Lotion,
8700216508513,1,haircare,shampoo,True,Pantene Shampoo,
8906118410644,1,skincare,shower gel,True,Plum body lovin shower gel,
3250391205318,1,skincare,visage,False,Maxi carrés Visage & Corps,Coton
3700211142151,1,skincare,crème,False,Crème mains fleur de tiaré,
8001841283944,1,skincare,deodorant,True,Deep Sea Deodorant Stick,
5031413946758,1,skincare,visage,False,Mask pour le visage,
8719238063405,1,skincare,visage,False,Mask pour le visage,
0079400529886,1,skincare,deodorant,True,72h deodorant,
8710908799228,1,skincare,anti-perspirant,False,Motion Sense- Bright Bouquet,Anti-perspirant
3596710521326,2,skincare,savon,True,Lessive poudre savon de marseille,Lessive poudre savon de marseille
0670841000165,1,skincare,savon,True,Savon concombre et calendula,
3606000537514,6,skincare,moisturizing,False,Daily Moisturizing Lotion,
3516170027770,1,skincare,crème,False,Crème Anti âge,
5059604468780,1,skincare,collagen,False,Collagen,
3245678041314,4,skincare,nettoyant,True,Auchan baby cosmos bio - eau nettoyante micellaire - sans rincage visage et corps - bébé - 492 ml,Auchan baby cosmos bio - eau nettoyante micellaire - sans rincage visage et corps - bébé - 492 ml
0851242092014,1,skincare,savon,True,Savon au lait de chèvre frais,
0708002400537,1,skincare,body wash,True,Soothing Aloe Vera Body Wash,Shower Gel
0030772235638,1,skincare,sunscreen,True,Mineral Suncare Zinc Oxide Sunscreen Spray,
0079656045123,1,skincare,sunscreen,True,Sport Ultra Sunscreen Lotion Broad Spectrum SPF 30,
3660005145792,1,skincare,douche,False,Bain douche,
0840191606397,1,haircare,shampoo,True,being Goodbye Frizz Smoothing Shampoo 354mL,
0840191609459,1,skincare,body wash,True,Daise Foaming Body Wash Vanilla Whip 265mL,
0840191609541,1,skincare,scrub,False,Daise Exfoliating Body Scrub Vanilla Glow 510g,
9310692468479,1,skincare,body wash,True,OC Naturals Vanilla Shea Moisturising Body Wash 725mL,
9310692887270,1,skincare,body wash,True,Natural State Vanilla Coconut & Lime Body Wash Refill 700mL,
9342746006313,1,skincare,body wash,True,Thanks To Nature Creamy Body Wash Sweet Almond & Vanilla 500mL,
4902430931137,1,haircare,shampoo,True,Pantene Pro-v Shampoo Colour Protection 375mL,
9327693006975,2,haircare,conditioner,True,Sukin Natural Balance Conditioner 1L,
8720181658013,1,skincare,deodorant,True,Dove Women Whole Body Deodorant Stick Raspberry Rose 81g,
9300830087808,1,skincare,deodorant,True,Dove Women Deodorant Advanced 72hr Aerosol Coconut & Jasmine 250mL,
6200000000015,2,skincare,body lotion,True,Drip Fruit Burst Moisturizing Hand & Body Lotion,Hand & Body Lotion
6200000000039,1,skincare,body lotion,True,Drip Very Vanilla,Hand & Body Lotion
6200000000022,1,skincare,body lotion,True,Drip Fruit Burst Unisex 400g,Hand & Body Lotion
6200000000046,1,skincare,body lotion,True,Drip Very Vanilla Unisex 400g,Hand & Body Lotion
0840797146273,1,skincare,toning,True,Face Toning Mist,
3596710515400,6,skincare,aloe vera,False,Bandes de cire froide à l'aloe vera,Bandes de cire froide à l'aloe vera
5054781868279,1,skincare,face wash,True,Kind & Gentle Foaming Face Wash,
0773602040605,3,makeup,lipstick,True,MAC Retro Matte Lipstick - Ruby Woo,Matte Lipstick
4005808237470,1,skincare,body lotion,True,Nivea Q10 Firming + Vitamin C Body Lotion 400mL,
3574661831664,1,haircare,shampoo,True,Bad & Shampoo,
7702018619757,1,skincare,shave,False,Shave gel,
8700216666824,1,haircare,laque,True,Advanced plaque control toothpaste,
8904417317268,2,skincare,vitamin c,False,mamaearth vitamin c daily glow,
8906087773924,1,skincare,face wash,True,MAMA EARTH Vitamin C FACE WASH,
8901526005161,1,skincare,serum,True,Garnier Bright Complete Vitamin C Serum Cream,
0838810030777,1,skincare,hand soap,True,Foam Hand Soap,
9309000532049,1,skincare,deodorant,True,Totem Eco Australian Natural Deodorant - Blue Gum,Natural Deodorant Stick
4011609012673,1,skincare,creme,False,Zahncreme Kräuter,
8906165783753,1,skincare,collagen,False,Skin Radiance Collagen,
0811068017776,1,skincare,deodorant,True,Dr Teal’s Aluminum Free Deodorant,
0810106616315,1,skincare,deodorant,True,New and Imprvef Dr Teal’s Aluminum Free Deodorant Eucalyptus & Spearmint,
8904458200031,1,makeup,blush,True,Hilary Rhoda Blush Rush,
4070765006520,1,skincare,creme,False,Antibakterielle Zahncreme,
0099482462987,1,skincare,hand soap,True,Liquid Fragrance Free Hand Soap,
0772618080704,1,haircare,shampoo,True,Wash & Shampoo,
0062600060402,1,skincare,moisturizing,False,eczema care moisturizing cream,
7350067640538,1,skincare,serum,True,Verso Hydration Serum 4,
8699943553975,5,skincare,serum,True,Saç serumu,
59092605,1,skincare,deodorant,True,Dove Men+care extra fresh roller,"Met Dove Men+Care Extra Fresh Deodorant Roller bescherm je je oksels 48 uur lang effectief tegen zweet. Door het parfum krijgt je lichaam een frisse, mannelijke geur die doet denken aan de ongerepte natuur."
0827854027317,1,haircare,laque,True,antiplaque + whitening fluoride free toothpaste,
0030772245439,1,skincare,deodorant,True,Ocean & Timber Deodorant,
3245678709825,8,skincare,nettoyant,True,Nettoyant multi-surfaces,Nettoyant multi-surfaces
3245678612460,7,skincare,anti-transpirant,False,Anti-transpirant soft skin,Anti-transpirant soft skin
0860014244759,1,skincare,body lotion,True,Classic Clean Body Lotion,
4021457638963,1,skincare,déodorant,False,Déodorant natural & Sensitive,
8901277013057,1,haircare,shampoo,True,Beer shampoo,
0903246304706,1,haircare,shampoo,True,Sterling naturals Shampoo,
0037000801009,2,skincare,deodorant,True,Deodorant,
8712561669825,1,skincare,micellar,True,Micellar Cleansing Water,
8004395007509,3,haircare,shampoo,True,shampooing barbe,
4068134115355,1,skincare,toner,True,Anti-pickel zink toner spray,
8901030313233,1,makeup,powder,False,Front Load Washing Powder,
8901030194665,1,makeup,powder,False,Washing Powder,
3245677725376,9,skincare,aloe vera,False,COSMIA BIO GEL TOILETTE INTIMEà l'extrait d'aloe vera biosans parfumpréserve et respecte l'équilibre intime,COSMIA BIO GEL TOILETTE INTIMEà l'extrait d'aloe vera biosans parfumpréserve et respecte l'équilibre intime
3245678689493,4,skincare,nettoyant,True,Gel nettoyant intime apaisant,Gel nettoyant intime apaisant
3245678042212,3,haircare,shampoo,True,Shampooing doux a l'extrait d'aloe vera bio,Shampooing doux a l'extrait d'aloe vera bio
3600521719749,4,skincare,crème,False,L'Oréal Triple active hyraterende dagcrème,"L'Oréal Paris Triple Active, Dagcrème is geschikt voor de droge of gevoelige huid. Na het aanbrengen is je huid tot 24 uur lang gehydrateerd en beschermd dankzij de uv-filter. Je huid straalt en voelt comfortabel."
3858892293744,1,skincare,micellar,True,micellar casein,
8901138009991,1,skincare,moisturizing,False,Pure Hands Tulsi & Aloe Moisturizing Hand Wash,
8901138819668,1,skincare,face wash,True,Natural Glow Kesar Face Wash,
2050001520715,1,skincare,deodorant,True,Orien Random Erkek Deodorant Sprey 150 ml,
2050001520722,1,skincare,deodorant,True,Orien Ideal Erkek Deodorant Sprey 150 ml,
2050001520708,1,skincare,deodorant,True,Orien Over Erkek Deodorant Sprey 150 ml,
2050001520739,1,skincare,deodorant,True,Orien Extra Erkek Deodorant Sprey 150 ml,
2050001520746,1,skincare,deodorant,True,Orien Nature Erkek Deodorant Sprey 150 ml,
8684252200436,1,skincare,peel,False,Bee Beauty AHA Peeling Tonik Ped 5'li,
8690587001952,1,skincare,deodorant,True,Slazenger ActiveSport Gold Erkek Deodorant Sprey 150 ml,
4660120528899,1,makeup,gloss,True,Beauty Bomb Glossy Bossy Dudak Parlatıcısı 04 Hey Babe - High-Shine with Sweet Scent,
4660120528875,1,makeup,gloss,True,Beauty Bomb Glossy Bossy Dudak Parlatıcısı 02 Rose Lemonade - High-Shine with Sweet Scent,
4660120528882,1,makeup,gloss,True,Beauty Bomb Glossy Bossy Dudak Parlatıcısı 03 Double Date - High-Shine with Sweet Scent,
3666670818849,1,skincare,moisturizing,False,Vivienne Sabo Tititint Lip Tint 04 Peche Piquante - Long-Lasting Color & Moisturizing Finish,
3666670818818,1,skincare,moisturizing,False,Vivienne Sabo Tititint Lip Tint 01 Coral Esthetique - Long-Lasting Color & Moisturizing Finish,
3666670818863,1,skincare,moisturizing,False,Vivienne Sabo Tititint Lip Tint 06 Vin Riche - Long-Lasting Color & Moisturizing Finish,
4056489440826,5,haircare,shampoo,True,Shampoo Hair Fruits,
8720181641282,1,haircare,shampoo,True,Andrélon Langer Fris Shampoo,
8720181339929,1,skincare,anti-transpirant,False,Dove Go fresh cucumber anti-transpirant spray,Met Dove Go Fresh Touch Cucumber Deodorant Spray voel je je de hele dag fris. De deo verzorgt je huid met hydraterende crème en vitamine E.
2050002945364,1,makeup,gloss,True,Beaulis Fun Gloss Tick Stick Dudak Parlatıcısı 513 Berry Shine,
4602006348443,1,makeup,lipstick,True,Influence Beauty Lipstick Balm Glow Injection 04 Science Fiction - Moisturizing Lip Balm with Glossy Finish,
4602006348498,1,makeup,lipstick,True,Influence Beauty Lipstick Balm Glow Injection 06 Synthesis - Moisturizing Lip Balm with Glossy Finish,
8684659155216,1,haircare,hair spray,True,Bruin Charm Perfumed Body and Hair Spray,
3616305488633,1,skincare,essence,True,Eternity Amber Essence for Women Parfum Intense,
0810102030160,1,makeup,contour,False,Westman Atelier Contour Stick Biscuit,
3245678090497,9,skincare,lait corps,True,Lait corps hydratant réparateur,Lait corps hydratant réparateur
3250392210069,2,skincare,nettoyant,True,NETTOYANT MÉNAGER,
8901138011062,1,skincare,face wash,True,Aloe Vera Face Wash,
0850055527508,1,skincare,peptide,False,Rhode Peptide Lip Treatment Salted Caramel,
0810175610634,1,skincare,peptide,False,Rhode Peptide Lip Tint toast,
0810175610641,1,skincare,peptide,False,Rhode Peptide Lip Tint,
0810175611136,1,skincare,peptide,False,Rhode Peptide Lip Tint Pretzel,
0810175610443,1,skincare,peptide,False,Rhode Peptide Lip Tint Salty Tan,
0810175610375,1,skincare,peptide,False,Rhode Peptide Lip Treatment Rhode Vanilla,
8058253230523,1,skincare,collagen,False,Collagene vegetale,
3250392149581,1,skincare,visage,False,Lait démaquillant visage et yeux,
8682780741865,1,skincare,collagen,False,Naturagen Beauty Gummy Collagen,
0810129413601,1,makeup,lipstick,True,shea butter lipstick,
0037000303992,2,skincare,body wash,True,Advanced Moisture Body Wash,
3600542427531,3,skincare,serum,True,Garnier SkinActive Vitamine C Serummasker,
3600524150006,1,haircare,shampoo,True,L'Oréal Paris Elvive Total repair 5 shampoo,"Is je haar zwak,beschadigd en dof? Blaas het nieuw leven in met L’Oréal Paris Elvive Total Repair 5 shampoo, de shampoo bevat cicamide + pro-keratine, herstelt beschadigd haar en versterkt de structuur van het haar."
3600524149840,1,haircare,conditioner,True,L'Oréal Paris Elvive Elv total rep5 crsp,L Oréal Paris Elvive Total Repair 5 Herstellende Conditioner is een herstellende conditioner die droog en uitgeput haar weer nieuw leven en glans inblaast.
8691190570217,1,makeup,lipstick,True,Golden Rose Silky Shine Hydrating Lipstick No: 222,
3760420013482,1,makeup,highlighter,True,Note Stick Highlighter Nemlendirici Yumuşak Stick Aydınlatıcı 00 Pearly,
3701365758489,1,makeup,highlighter,True,Note Baked Moonlight Highlighter,
8690587201000,1,skincare,deodorant,True,Slazenger ActiveSport Blue EDT Erkek Parfüm 125 ml + Deodorant Sprey 150 ml,
6978931646014,1,makeup,foundation,True,Sheglam Tube Foundation Fondöten Nude,
5901887053958,1,skincare,peel,False,Ziaja Marshmallow Vücut Peeling 300 ml,
2050002983106,1,makeup,bronzer,True,LYKD Krem Bronzer 158 Golden Fondue,
8691190522032,1,makeup,long lasting,False,Emily Long Lasting Lip Pencil Dudak Kalemi 203,
3701365798638,1,makeup,primer,True,Note New Era Skin Protecting Primer,
6978931643013,1,makeup,concealer,True,Sheglam LM 12H FC Concealer Kapatıcı Buttercream,
8681529833649,1,skincare,serum,True,Bade Natural Kuşburnu Çekirdeği Yağı Soğuk Sıkım Leke Karşıtı ve Aydınlatıcı Yüz Serumu %100 Saf 30,
5412533030051,4,skincare,hand soap,True,Hand soap lavender,
0717489000086,1,makeup,lipstick,True,Stay Put Liquid Lip Longwear Lipstick,
8710908778322,1,skincare,lait corps,True,Dove Nourishing Secrets Lait Corps Restoring Coco 250ml,Lotion corps
4015100890655,2,haircare,shampoo,True,7 Kräuter Shampoo,
4005808224074,3,skincare,crème,False,NIVEA Men sensitive gezichtscrème,Verzacht onmiddellijk je droge en trekkerige huid met Nivea Men Sensitive Hydraterende Gezichtscrème. De crème geeft je huid een langdurige verzorging en vermindert huidirritatie.
4005808223398,4,skincare,crème,False,NIVEA Protect & care gezichtscrème,Nivea Men Protect & Care Hydraterende Gezichtscrème voor mannen die op zoek zijn naar een comfortabel gevoel en bescherming tegen een droge huid.
4005808930449,4,skincare,spf,False,NIVEA Verzachtende dagcrème spf15,
4005900573285,8,skincare,crème,False,nivea,Nivea Essentials Verzachtende Dagcrème is verrijkt met natuurlijke amandelolie en Hydra IQ. De dagcrème hydrateert de huid diep en zorgt voor een mooie en gezond uitziende huid.
8710447485323,4,haircare,conditioner,True,vaseline,Vaseline Cocoa Butter Moisturising Jelly werkt natuurlijk met je huid waardoor ze de hele dag zichtbaar gezond en stralend is. Cocoa Butter voedt je huid op natuurlijke wijze. De moisturising jelly bevat een rijke conditionering.
8402001045462,1,skincare,centella,False,Double cream hidratante matcha y centella asiática,
3760100173185,8,skincare,gel douche,True,gel douche monoi,
4305615990934,1,skincare,creme,False,7 in 1 Rundumschutz Zahncreme Bio-Minze,
8809447256115,1,skincare,mist,False,Dr. Althea 345 Relief Cream Mist,
0688086100649,1,makeup,cleansing wipe,True,Makeup cleansing wipes,
3574661479675,1,haircare,silicone,False,Après shampoing hydratation sans silicone,
3770010160380,1,skincare,spf,False,Seventy-one Feel Free soin protection quotidien SPF 50,
3600542662987,1,skincare,vitamin c,False,Garnier Vitamin C Sourbet Cream,
3564706812604,1,skincare,crème,False,Crème Lavante - Velours d'Amande,
8699885908727,1,skincare,retinol,False,WeMara Retinol & Yaşlanma Karşıtı Göz Bakım Kremi 18 ml,
4005900871824,1,skincare,deodorant,True,Nivea Men Cool Kick Fresh Erkek Deodorant Roll-On 50 ml,
4015100892925,1,haircare,scalp,False,Gliss Scalp Balance Saç Derisi Spreyi 100 ml,
8683684391125,1,skincare,peel,False,Mov Professionals Tırnak Bakım Peeling 300 ml,
4015100892901,1,skincare,serum,True,Gliss Scalp Balance Arındırıcı Saç Serumu 100 ml,
8681701017096,1,skincare,serum,True,Morfose Metamorfose Bond Care Onarıcı Bakım Saç Serumu 100 ml,
8809540516796,1,skincare,hydrating,False,JKosmec Hydrating Snail Kore Yüz Maskesi 25 ml,
8809540516802,1,skincare,hydrating,False,JKosmec Hydrating Vitamin Kore Yüz Maskesi 25 ml,
0044386120150,1,makeup,blush,True,Physicians Formula Murumuru Butter Blush Allık Copper Cabana,
8683130036679,1,skincare,deodorant,True,Axe Dark Temptation Erkek Deodorant Sprey 200 ml,
8809540516826,1,skincare,hydrating,False,JKosmec Hydrating Nar Kore Yüz Maskesi 25 ml,
8699067176296,1,makeup,lash,False,Lush Lash 3D İpek Kirpik Selfie Star LU-629,
3600524055059,1,skincare,serum,True,Loreal Paris Revitalift Filler Göz Serumu 20 ml,
8682287370117,1,skincare,serum,True,Loshel Lash & Brow Serum Kaş ve Kirpik Serumu 5 ml,
0840155604742,1,skincare,spf,False,Broad Spectrum SPF 50,
8859064605537,1,skincare,booster,True,Milbon No. 4 weekly booster medium hair,
8809937361060,1,skincare,collagen,False,Biodance Bio Collagen-Real Deep Mask,
8809937361466,1,skincare,niacinamide,False,Biodance Radiant Vita Niacinamide Mask,
4015000924054,2,skincare,anti-rides,False,LIFT+ Sublimant Anti-Rides Jour,
8809838652502,1,skincare,blemish,False,R.E.D. blemish clear Soothing Cream,
3348901321129,1,skincare,uva,False,Dior Sauvage EDT Erkek Parfüm 200 ml,
8680052522020,1,skincare,peel,False,Dermapeel Premium Women Banyo Kesesi,
42428985,1,skincare,creme,False,NIVEA Creme,
42355656,1,skincare,anti-transpirant,False,NIVEA Black & White Invisible Silky Smooth Antitranspirant Roller,Nivea Invisible For Black & White Silky Smooth Anti-Transpirant Roll-On voorkomt zowel witte strepen op donkere kleding als gele vlekken in lichte kleding. De formule biedt 48 uur lang betrouwbare bescherming.
4005808780914,1,skincare,douche,False,NIVEA Men Power 24H Fresh Effect 3-in-1 Douchegel,Verfris je lichaam en geest met de Nivea Men Power Refresh Douchegel. De douchegel heeft een verkwikkende geur en verzorgt je huid intensief.
4005808130610,1,skincare,douche,False,NIVEA Men Sport 24H Fresh Effect 3-in-1 Douchegel,"Begin de dag met Nivea Men Sport Douchegel. De frisse, mannelijke limoengeur en activerende mineralen geven je energie. De douchegel is ook heerlijk na het sporten."
4005900183231,1,skincare,crème,False,NIVEA Care & Hold Crème Hold 3 Haargel,"Voor een langdurige fixatie gebruik je Nivea Care & Hold Crème Gel, met extra verzorgende vitamines. De gel maakt je haar niet zwaar of plakkerig. Hierdoor voelt je haar lekker en fris aan."
4005900634627,1,haircare,shampoo,True,Nivea Baby Shampoo,
4005900460165,1,skincare,spf,False,NIVEA Sun Protect & Bronze SPF50 Zonnebrandspray,De formule van NIVEA SUN Protect & Bronze SPF50 Zonnespray beschermt direct tegen zonnebrand en vroegtijdige huidveroudering én activeert je bruine kleur. Stimuleert het huideigen bruiningsproces (in vitro) en bevat 0% zelfbruiner.
4005808880515,1,makeup,powder,False,Nivea deo spray powder touch 150ml,
9005800321240,1,haircare,shampoo,True,Nivea kids shampoo,
4005900840851,1,skincare,deodorant,True,NIVEA Men fresh kick deodorant,
4005900490643,1,skincare,body lotion,True,Nivea body lotion,
4005808781874,1,skincare,shower gel,True,Nivea men shower gel pure impact 500ml,
4005900598363,1,skincare,shower gel,True,Nivea shower gel,
19997384,1,skincare,creme,False,Nivea creme,
4006000166070,1,haircare,shampoo,True,NIVEA Men Strong Power Shampoo,Verfris je haar met Nivea Men Strong Power Shampoo. De shampoo is verrijkt met natuurlijke zeemineralen die je haar versterken. Je haar voelt vol en krachtig aan. Bovendien is Strong Power mild voor je haar én je hoofdhuid.
4006000249230,1,makeup,gloss,True,NIVEA Diamond Gloss Care Hold 4 Styling Haarspray,Zorg dat je haar de hele dag in model blijft met Nivea Diamond Gloss Care Hairspray. De haarspray geeft je haar een schitterende glans.
4006000079516,1,haircare,panthenol,False,NIVEA Repair & Care Bodylotion,"Voel je droge huid ongemakkelijk aan, gebruik dan Nivea Repair & Care Herstellende Bodylotion. De lotion bevat een hoog geconcentreerde formule met dexpanthenol en calendula-olie je droge, ruwe huid direct verzacht en herstelt."
4005900119773,1,skincare,spf,False,NIVEA Sun Babies & Kids Sensitive Protect SPF50+ Zonnebrandspray,NIVEA SUN Kids Sensitive Protect & Play SPF50 Zonnespray biedt effectieve uv A- en uv B-bescherming tegen zonnebrand en lange termijn huidschade. De ongeparfumeerde formule is speciaal ontwikkeld voor de gevoelige kinderhuid.
4005900777997,1,makeup,mascara,True,NIVEA 3-In-1 Sensitive Reinigingsdoekjes,"Nivea Sensitive Reinigingsdoekjes reinigen je huid effectief, verwijderen make-up en zelfs waterproof mascara. De doekjes verfrissen en hydrateren je huid. Het resultaat is een mooi en gezond uitziende huid."
4005900963550,1,skincare,crème,False,NIVEA Soft Hydraterende Crème,Bescherm de natuurlijke structuur van je huid met Nivea Soft Hydraterende Crème. De unieke samenstelling met jojoba-olie en vitamine E trekt snel in je huid en maakt haar heerlijk zacht en soepel.
42438915,1,skincare,crème,False,NIVEA Soft Hydraterende Crème,Bescherm de natuurlijke structuur van je huid met Nivea Soft Hydraterende Crème. De samenstelling met jojoba-olie en vitamine E trekt snel in je huid en maakt haar heerlijk zacht en soepel. De mini-verpakking is ideaal voor onderweg.
8715200813009,1,skincare,shave,False,NIVEA Men Protect & Care Aftershave Balsem,Nivea Men Protect & Care Hydraterende Aftershave Balsem is ontwikkeld voor mannen die een trekkerige huid of irritaties na het scheren willen verhelpen.
4005900457332,1,skincare,deodorant,True,NIVEA Fresh Pure Deodorant Spray,Laat je huid ademen en bescherm haar optimaal met Nivea Pure & Natural Action Jasmine Deodorant Spray. Deze deodorant met Bioflorine bevat geen aluminiumzouten en parabenen en beschermt je huid 24 uur lang tegen onaangename geurtjes.
4005900457417,1,skincare,anti-transpirant,False,NIVEA Men Stress Protect Antitranspirant Spray,In stressvolle situaties hoef jij je niet meer druk te maken over ongewenste lichaamsgeurtjes. Deze Nivea Men Stress Protect Anti-Transpirant Spray beschermt je 48 uur lang tegen (stress)zweet.
4005900457608,1,skincare,deodorant,True,NIVEA Pearl & Beauty Deodorant Spray,"Bescherm je huid 48 uur lang tegen transpiratie met de Nivea Pearl & Beauty Anti-Transpirant Spray. De milde antitranspirant met parelextracten is ideaal voor na het scheren en zorgt voor een egale huid en mooie, verleidelijke oksels."
4005900460134,1,skincare,spf,False,NIVEA Sun Protect & Bronze SPF30 Zonnebrandspray,De formule van NIVEA SUN Protect & Bronze SPF30 Zonnespray beschermt direct tegen zonnebrand en vroegtijdige huidveroudering én activeert je bruine kleur. De spray stimuleert het huideigen bruiningsproces (in vitro) en bevat 0% zelfbruiner.
4006000049656,1,skincare,anti-transpirant,False,NIVEA Dry Comfort Antitranspirant Spray,"Ervaar het aangename gevoel van Nivea Dry Comfort Anti-Transpirant Spray. Deze milde anti-transpirant verzorgt je huid, beschermt haar 48 uur lang tegen  transpiratie en zorgt voor een aangenaam droog gevoel."
4006000260488,1,skincare,douche,False,NIVEA Men Energy Douchegel,"Verfris je lichaam en haar met de Nivea Energy Douchegel. De douchegel met activerend mintextract geeft je een energiek en fris gevoel. Je kunt de douchegel gebruiken voor je gezicht, lichaam en haar."
42345138,1,skincare,anti-transpirant,False,NIVEA Black & White Invisible Original Antitranspirant Roller,Je witte kleding blijft wit en je zwarte kleding zwart dankzij de Nivea Invisible for Black & White Clear Anti-Transpirant Roller. De antitranspirant beschermt je oksels 48 uur lang tegen transpiratie en lichaamsgeur.
4005900457646,1,skincare,deodorant,True,NIVEA Double Effect Antitranspirant Spray,"Bescherm je oksels 48 uur lang tegen transpiratie met Nivea Double Effect Violet Senses Anti-Transpirant Spray. Deze verzorgende deodorant maakt scheren makkelijker, zodat je oksels langer glad blijven."
4005900476647,1,skincare,crème,False,NIVEA Cellular Expert Filler Anti-Age Nachtcrème,Nivea CELLular Anti-Age 45+ Nachtcrème verjongt je huid van binnenuit. Je rimpels verminderen en je huid wordt verstevigd gedurende de nacht.
4005900691569,1,skincare,spf,False,NIVEA Sun Protect & Dry Touch SPF30 Verfrissende Zonnebrandmist,"De 100% transparante formule van NIVEA SUN Protect & Refresh SPF30 Vernevelende Zonnespray beschermt tegen zonnebrand en vroegtijdige huidveroudering. De niet-vette formule trekt snel in, plakt niet en heeft een verkoelend effect."
4005900946225,1,skincare,crème,False,NIVEA Crème,"Voed, bescherm, verzacht en verzorg je huid met Nivea Crème. De romige, vochtinbrengende crème houdt je huid puur, fris en zacht in elk seizoen."
4005808899289,1,skincare,creme,False,NIVEA Creme Care Douchecrème,Verwen je huid met de verzorgende en hydraterende Nivea Creme Care Douchecrème. Deze douchecrème bevat verzorgende oliën en pro-vitamine en laat je huid heerlijk zacht en soepel aanvoelen.
4005900022691,1,skincare,shave,False,NIVEA Men Sensitive Cool Aftershave Balsem,"Voor onmiddelijke verkoeling en bescherming tegen irritatie na het scheren, gebruik je Nivea Men Sensitive Cooling Aftershave Balsem. De balsem helpt een brandend gevoel na het scheren te voorkomen."
4005900174116,1,haircare,styling mousse,True,NIVEA Hold 4 Extra Strong Styling Mousse,"Fixeer je haar en zorg voor langdurig volume met Nivea Extra Strong Styling Mousse. De haarmousse verzwaart niet en plakt ook niet, waardoor je haar er natuurlijk uitziet."
4005900456144,1,skincare,deodorant,True,NIVEA Fresh Natural Deodorant Spray,Geniet van een aangenaam en fris gevoel met Nivea Fresh Natural Deodorant Spray. Deze spray beschermt je 48 uur lang tegen transpiratie en verzorgt je oksels op milde wijze.
4005900457431,1,skincare,deodorant,True,NIVEA Soft Touch Antitranspirant Spray,"Bescherm jezelf 48 uur lang tegen transpiratie met de lichte formule van deze Nivea Satin Sensation Anti-Transpirant Spray. De deodorant is verrijkt met Kaolienpoeder, droogt snel, ruikt lekker en laat je oksels zijdezacht aanvoelen."
4005900738912,1,skincare,crème,False,NIVEA Verzachtende Nachtcrème,"Nivea Essentials Sensitive Nachtcrème hydrateert intensief en vermindert de belangrijkste tekenen van een gevoelige huid: roodheid, trekkerigheid en droogheid."
4005900804280,1,skincare,douche,False,NIVEA Doucheolie,Verzorg en hydratateer je huid met Nivea Natural Oil Doucheolie. Je huid voelt al tijdens het douchen zachter aan. De doucheolie bevat 55% natuurlijke oliën.
4006000111445,1,haircare,hairspray,True,NIVEA 5 Ultra Strong Styling Haarspray,"Voor schitterend haar dat prettig aanvoelt en langdurig in model blijft, gebruik je Nivea Ultra Strong Styling Hairspray. Dankzij de ultrafijne verstuiver kun je je haar in model brengen, zonder dat het gaat plakken."
4005900130679,1,skincare,spf,False,NIVEA Sun Babies & Kids Sensitive SPF50+ Zonnebrandlotion,NIVEA SUN Kids Sensitive Protect & Play SPF50 Zonnemelk biedt effectieve uv A- en uv B-bescherming tegen zonnebrand en lange termijn huidschade. De ongeparfumeerde formule is speciaal ontwikkeld voor de gevoelige kinderhuid.
4005900175908,1,haircare,shampoo,True,NIVEA 2-In-1 Express Shampoo & Conditioner,Voor verzorgd en mooi glanzend haar dat soepel valt gebruik je Nivea 2-in-1 Care Express Shampoo + Conditioner met acacia-extract en Nutri-Essences. De shampoo bevat een conditioner die je haar voedt en gemakkelijk doorkambaar maakt.
4005900176028,1,haircare,shampoo,True,NIVEA Diamond Gloss Shampoo,Laat je haar glanzen als diamanten met de Nivea Diamond Gloss Care Shampoo. Deze shampoo met fijne diamantdeeltjes versterkt je haar en verzorgt haar intensief. Je haar voelt soepel en zacht aan.
4005900457684,1,skincare,deodorant,True,NIVEA Protect & Care Antitranspirant Spray,Ga voor volledige bescherming en een huid die de hele dag comfortabel droog en heerlijk zacht aan voelt. De  Nivea Protect & Care Deodorant Spray biedt beide in één deodorant: bescherming en zachte Nivea verzorging voor je oksels.
4005900457707,1,skincare,deodorant,True,NIVEA Men Protect & Care Antitranspirant Spray,Ga voor volledige bescherming en een huid die de hele dag comfortabel droog en heerlijk zacht aan voelt. Nivea Men Protect & Care Anti-transpirant Spray biedt beide in één deodorant: bescherming en zachte Nivea verzorging voor je oksels.
4005900476616,1,skincare,spf,False,NIVEA Cellular Expert Filler Anti-Age SPF30 Dagcrème,Nivea CELLular Anti-Age SPF30 45+ Dagcrème vermindert rimpels en versnelt het huideigen vernieuwingsproces bij regelmatig gebruik. De crème biedt extra bescherming tegen huidveroudering met SPF30.
4006000244976,1,skincare,douche,False,NIVEA Men Active Clean 3-in-1 Douchegel,"Reinig je lichaam, gezicht en haar met deze Nivea Men Active Clean Douchegel. De douchegel is verrijkt met natuurlijke houtskool, dat vuil aantrekt. Daarnaast verzorgt en verfrist de douchegel je huid."
42345077,1,skincare,deodorant,True,NIVEA Fresh Comfort Deodorant Roller,"Geef je oksels een frisse, zachte en betrouwbare bescherming met deze Nivea Fresh Comfort Deodorant Roller. De milde deodorant beschermt je oksels 48 uur lang tegen transpiratie en zorgt voor een aangenaam, natuurlijk fris gevoel."
4005900330482,1,skincare,visage,False,NIVEA Caring Micellair Water,"De 3-in-1 formule van het Nivea Visage Essentials Verzachtend & Verzorgend Micellair Water verwijdert gemakkelijk oogmake-up, reinigt je hele gezicht en verzacht je huid. Wrijven en afspoelen is niet nodig."
4005900334817,1,skincare,soothing,False,NIVEA Soothing Micellair Water,Reinig je huid diep en grondig met het Nivea Visage Sensitive 3-in-1 Micellair Water. Naast de reinigende werking verwijdert het water ook je make-up en hydrateert en verfrist het je huid.
4005900854599,1,skincare,douche,False,NIVEA Men Cool Kick Douchegel,Verfris je lichaam en haar met Nivea Men Cool Kick Shower Douchegel. Deze douchegel houdt je de hele dag koel.
4005900972217,1,skincare,serum,True,NIVEA Q10 Expert Gerichte Rimpelopvuller Serum,
4005900978035,1,skincare,scrub,False,NIVEA Derma Skin Clear Scrub,
4006000011332,1,skincare,deodorant,True,NIVEA Men Sensation Fresh Deodorant Spray,
4006000011431,1,skincare,deodorant,True,NIVEA Men Sensation Fresh Deodorant Roller,
4006000015163,1,skincare,deodorant,True,NIVEA Fresh Sensation Deodorant Spray,
6001051006779,1,skincare,douche,False,NIVEA Soft Care Shower Orange & Avocado Oil Douchegel,
4006000011868,1,skincare,serum,True,NIVEA Cellular Luminous630 Anti-Age & Anti-Spot Serum,
4006000016498,1,skincare,serum,True,NIVEA Cellular Expert Lift Bakuchiol Serum,
4006000024141,1,skincare,crème,False,NIVEA Men Anti-Age Power 2-in-1 Hydraterende Crème,
4006000026879,1,skincare,spf,False,NIVEA Men Sensitive SPF15 Gezichtscrème,
4006000068183,1,skincare,serum,True,NIVEA Luminous630 Anti-Striae/Anti-Striemen Body Oil-Serum,
4006000069630,1,skincare,serum,True,NIVEA Q10 Dual Action Anti-Rimpel Expert Serum,
4006000086521,1,skincare,douche,False,NIVEA Men Deep Extreme Douchegel,
4006000092294,1,skincare,spf,False,NIVEA Luminous630 Anti-spot SPF30 01 Light 3-in-1 CC Crème,
4006000092331,1,skincare,spf,False,NIVEA Luminous630 Anti-spot SPF30 02 Medium 3-in-1 CC Crème,
4006000122571,1,skincare,crème,False,NIVEA Repair & Care Crème,
9005800379678,1,skincare,spf,False,NIVEA Luminous630 Anti-spot SPF30 03 Dark 3-in-1 CC Crème,
4006000155968,1,skincare,serum,True,NIVEA Cellular Expert Filler Vitamine C Radiance Renewing Serum,
4006000157030,1,skincare,serum,True,NIVEA Cellular Expert Filler Hyaluron Serum,
4006000069593,1,skincare,serum,True,NIVEA Cellular Expert Filler Hyaluron Serum,
4006000156712,1,skincare,douche,False,NIVEA Orchard Breeze Douchegel,
4006000171876,1,skincare,spf,False,NIVEA Sun Breathable Uv Specialist SPF50+ Medium Tinted Ultra Light Daily Fluid,
4006000172378,1,skincare,spf,False,NIVEA Sun Breathable Uv Specialist SPF50+ Light Tinted Ultra Light Daily Fluid,
4006000153674,1,skincare,serum,True,NIVEA Q10 Firming + Energizing Bodyserum-Lotion,
4006000149073,1,skincare,crème,False,NIVEA Q10 Verstevigend + Anti-Rimpel Crème voor Hals en Decolleté,
4006000161402,1,skincare,spf,False,NIVEA Men SPF30 Sensitive Dagelijkse Beschermende Hydraterende Crème,
4006000163437,1,skincare,spf,False,NIVEA Q10 Anti-Rimpel Expert SPF50 Anti-Uv Fluïde,
4006000172224,1,skincare,serum,True,NIVEA Luminous630 Skin Glow Instant Glow Serum,
4006000173955,1,skincare,serum,True,NIVEA Luminous630 Skin Glow Instant Glow Serum,
4006000177243,1,skincare,exfoliant,False,NIVEA Luminous630 Skin Glow Liquid Refiner Exfoliant,
30166967,1,makeup,mascara,True,Maybelline New York Lash Sensational Sky High Very Black Mascara,
30096622,1,makeup,concealer,True,Maybelline New York Fit Me 30 Cafe Concealer,Fit Me staat voor make-up met een perfecte fit. De Maybelline Fit Me 30 Cafe Concealer geeft je een frissere blik en maakt kleine onzuiverheden onzichtbaar.
30144651,1,makeup,gloss,True,Lifter Gloss,
3600530695768,1,makeup,lipstick,True,Maybelline New York Superstay 24h 185 Rose Dust Lipstick,"Maybelline SuperStay 24H 185 Rose Dust Lipstick is een 24 uur langhoudende lippenstift die ongekend lang op z n plaats blijft. Biteproof, smudgeproof en kissproof, dus ook nog steeds mooi na het eten, zoenen of afvegen van je mond."
3600530695782,1,makeup,lipstick,True,Maybelline New York SuperStay 24H 195 Raspberry Lipstick,Je lippen worden mooi gekleurd en verzorgd met Maybelline SuperStay 24HRS 195 Raspberry Lippenstift: een lipkleur en balsem ineen.
3600531324896,1,makeup,foundation,True,Maybelline New York Fit Me Matte & Poreless 250 Sun Beige Foundation,"De Maybelline Fit Me Matte & Poreless 250 Sun Beige Foundation past zich aan de ondertoon en textuur van je huid aan. De foundation heeft een natuurlijke, matte finish."
3600530733866,1,makeup,concealer,True,Maybelline New York Instant Anti Age Eraser 03 Fair Concealer,De Maybelline New York Instant Anti Age Eraser 03 Fair Concealer is een zeer goed dekkende concealer met hydraterende gojibesextract en haloxyl. De concealer werkt zichtbaar wallen weg.
3600531384159,1,skincare,pore,False,Maybelline New York Fit Me Matte 105 Natural Ivory Poreless Powder,Ga voor de perfecte fit voor jouw huid met de Maybelline Fit Me Matte & Poreless 105 Natural Ivory Powder. Dit poeder sluit egaal aan op de huid en de matte finish maakt jouw look helemaal af.
3600531411183,1,makeup,lipstick,True,Maybelline New York SuperStay Matte Ink 10 Dreamer Lipstick,"DeMaybelline New York SuperStay Matte Ink 10 Dreamer Lipstick is een langhoudende roze lippenstift met een trendy, ultramatte finish die tot 16 uur blijft zitten."
30096615,1,makeup,concealer,True,Maybelline New York Fit Me 25 Medium Concealer,"Find your fit met de Maybelline Fit Me 25 Medium Concealer! Gebruik de concealer om donkere kringen onder je ogen, vlekjes, of kleine onzuiverheden op je huid te verdoezelen."
30155831,1,makeup,concealer,True,Maybelline New York Fit Me 05 Ivory Concealer,Fit Me staat voor make-up met een perfecte fit. De Maybelline Fit Me 5 Ivory Concealer geeft je een frissere blik en maakt kleine onzuiverheden onzichtbaar.
30171565,1,makeup,concealer,True,Maybelline New York Fit Me 03 Cool Ivory Concealer,Find your fit! Fit Me staat voor make-up met een perfecte fit. De Maybelline Fit Me 03 Porcelain Concealer geeft je een frissere blik en maakt kleine onzuiverheden onzichtbaar.
3600531396848,1,makeup,concealer,True,Maybelline New York Instant Anti Age Eraser 04 Honey Concealer,De Maybelline New York Instant Anti Age Eraser 04 Honey Concealer is een zeer goed dekkende concealer met hydraterende gojibesextract en haloxyl. De concealer werkt zichtbaar wallen weg.
3600531716707,1,makeup,setting powder,True,Maybelline New York Fit Me 01 Translucent Mattifying Setting Powder,
3600531662226,1,makeup,concealer,True,Maybelline New York Instant Anti-Age Perfector 4-in-1 Glow Light Medium Concealer,
3600531658113,1,makeup,concealer,True,Maybelline New York Instant Anti-Age Perfector 4-in-1 Glow Medium Deep Concealer,
3600531638900,1,makeup,concealer,True,Maybelline New York Instant Perfector 4-in-1 Glow 04 Deep Concealer,
3600531672393,1,makeup,foundation,True,Maybelline New York SuperStay 24H Skin Tint 21 Foundation,
3600531672416,1,makeup,foundation,True,Maybelline New York SuperStay 24H Skin Tint 30 Foundation,
30098756,1,makeup,mascara,True,Maybelline New York Volum'Express The Colossal Smoky Eyes Volume Mascara,
30144552,1,makeup,mascara,True,Maybelline New York Lash Sensational Sky High Burgundy Haze Mascara,
30145436,1,makeup,mascara,True,Maybelline New York Colossal Curl Bounce Black Mascara,
30147119,1,makeup,mascara,True,Maybelline New York Lash Sensational Sky High Pink Air Mascara,
30147317,1,makeup,mascara,True,Maybelline New York Lash Sensational Sky High Brown Mascara,
3337875597227,4,skincare,crème,False,CeraVe Hydraterende Crème,
8809657114960,3,skincare,serum,True,Beauty of Joseon Glow Serum,
8809738312728,1,skincare,serum,True,Glow Deep Serum Rice + Arbutin,
3178044041239,3,skincare,crème,False,Diadermine Anti-Rimpel Dagcrème,Laat je huid er jonger en stralender uitzien door haar te verzorgen met Diadermine Anti-Rimpel Dagcrème.
4260462451307,1,skincare,collagen,False,Beauty Collagen,
4250947501245,3,makeup,mascara,True,Essence Lash Princess Black Volume Mascara,Voor een dramatische oogopslag gebruik je Essence Lash Princess Black Volume Mascara. De borstelkop heeft de vorm van de kop van een cobra. Hierdoor wordt elke wimper met een laagje mascara bedekt en creëer je extreem veel volume.
8809504741653,1,skincare,serum,True,torriden dive in serum,
4059729447371,2,makeup,blush,True,Essence Baby Got Blush 20 Blushin' Berry Liquid Blush,
4059729393876,1,makeup,mascara,True,Mascara,
3600521821152,1,makeup,mascara,True,Volume million lashes mascara,
3401347869775,1,skincare,serum,True,Hydrabio serum,
8809647390114,2,skincare,serum,True,SOME BY MI Galactomyces Pure Vitamin C Glow Serum,
4001638501484,2,skincare,crème,False,Weleda Skin Food Light Voedende Alles-in-één Crème,
0858158005077,1,haircare,keratin,False,"Biotin, keratin, vit C&E",
4066447245028,1,skincare,serum,True,Serum Beauty Expert Azelain Booster,
0079400649485,2,haircare,conditioner,True,Dove coconut conditioner,
0381371181919,4,skincare,scrub,False,Positively radiant scrub,
8901030890772,1,skincare,sunscreen,True,Vaseline Daily Brightening triple sunscreens,
8904352004049,1,skincare,face wash,True,Biotique Advanced Ayurveda Fresh Neem Pimple Control Face Wash,
8901030989810,2,skincare,face wash,True,Pond's Bright Miracle Activated Charcoal Detox Face Wash,
8901030978609,1,skincare,sunscreen,True,Lakme 9To5 Sun Expert Sunscreen Lotion,
8901138511449,1,haircare,shampoo,True,Himalaya Gentle Baby Shampoo,
3499320015875,1,skincare,cleanser,True,Cetaphil Daily Facial Cleanser,
5410091768942,1,skincare,crème,False,50 ml e,Voed en kalmeer je droge en gevoelige huid met Diadermine Hydra Nutrition Dagcrème. Hierdoor voelt je huid zacht en soepel aan.
4059729381941,1,makeup,mascara,True,Mascara Primer,
3560070871964,1,skincare,deodorant,True,Deodorant,
0085715322432,2,skincare,mist,False,Guess Seductive Red Bodymist,
0850502008451,3,skincare,collagen,False,Beauty Collagen,
8008843129201,1,skincare,collagen,False,Bio Collagenix Beauty drink formula lift,
0011111012158,2,skincare,bar soap,True,Dove Men Care bar soap,
9355904000184,1,skincare,collagen,False,COLLAGEN INNER BEAUTY CHEF,
5060216563916,1,skincare,collagen,False,bioglan  beauty collagen,
5018389018917,3,skincare,mist,False,Miss So..? Love Potion Bodymist,
0731509930092,1,makeup,lash,False,sister nature strip lash adhesive,
0079400597328,1,skincare,antiperspirant,True,Antiperspirant,
8717163762141,1,skincare,shower gel,True,Shower Gel,
10522766,1,haircare,shampoo,True,Dog anti dandruff & itch relief shampoo,
6949331516283,1,skincare,serum,True,argan beauty anti hairfall serum 65ml,
6949331516313,1,skincare,serum,True,argan beauty intense repair serum 65ml,
4987176164223,2,haircare,shampoo,True,Shampoo,
8901012116920,1,haircare,shampoo,True,Johnson's Baby Shampoo,
8901138837563,1,skincare,face wash,True,Himalaya Moisturizing Alo Vera Face Wash,
6903072446469,1,skincare,sunscreen,True,sunscreen spf90 PA+++,
8809670680848,1,skincare,serum,True,Niacinamide serum,
8720181457500,1,skincare,douche,False,Dove Advanced Care Deeply Nourishing Douchegel,
8720181284274,1,skincare,deodorant,True,Dove Men+ Care Advanced Clean Comfort Antitranspirant Deodorant Spray,Dove Men+Care Clean Comfort Deodorant Spray met ¼ hydraterende crème van Dove die de huid tegen irritaties beschermt.
8720181460074,1,skincare,douche,False,Dove Advanced Care Nourishing Care Douchegel,
6281006617667,1,haircare,conditioner,True,Dove conditioner,
8700216557870,1,haircare,shampoo,True,Repair&Care Shampoo,
4056489827184,1,haircare,shampoo,True,Antischuppen Shampoo,
8998866106399,1,haircare,shampoo,True,ZINC ANTI DANDRUFF SHAMPOO,
3282770390759,1,haircare,shampoo,True,Klorane dry shampoo ultra gentle,
0381371175666,1,haircare,shampoo,True,Baby Shampoo,
0603084571239,1,haircare,shampoo,True,garnier hair shampoo,
3600542463379,1,haircare,shampoo,True,Garnier Loving Blends Kids Milde Haver 2-in-1 Shampoo & Conditioner,
5410091767976,1,haircare,shampoo,True,Gliss Total Repair Regeneration Shampoo,"Last van droog of beschadigd haar? Schwarzkopf Gliss Kur Total Repair Shampoo biedt intensief herstel, soepelheid en glans"
8901030996177,1,haircare,shampoo,True,dove hair fall rescue shampoo,
2948149006560,1,haircare,shampoo,True,Tresemme Lemeller gloss shampoo,
3574669907316,1,haircare,shampoo,True,Johnson shiny drops kids shampoo 300ml,
01089971,1,haircare,shampoo,True,Fa Men Kick Off Douchegel & Shampoo,
01134162,1,haircare,shampoo,True,Gliss Oil Nutritive Shampoo,
5410091767914,1,haircare,shampoo,True,Gliss Ultimate Repair Shampoo,Last van sterk beschadigd en droog haar? Schwarzkopf Gliss Kur Ultimate Repair Shampoo geeft een betere doorkambaarheid en herstel van sterk beschadigd haar.
5410091767877,1,haircare,shampoo,True,Gliss Oil Nutritive Shampoo,Last van gespleten haarpunten? Schwarzkopf Gliss Kur Oil Nutritive Shampoo zorgt voor gezonde haarpunten en gezond glanzend haar.
02167327,1,haircare,shampoo,True,Gliss Ultimate Repair Shampoo,
3600524149970,1,haircare,shampoo,True,L Oréal Paris Elvive Extraordinary Oil Krulverzorgende Shampoo,L Oréal Paris Elvive Extraordinary Oil Krulverzorging Shampoo is een voedende verzorging speciaal voor droog krullend haar. De shampoo geeft een intense voeding voor mooie krullen. Ook geschikt voor kroezend haar.
8710447276587,1,haircare,shampoo,True,Axe Excite 3-In-1 Douchegel en Shampoo,Ruik de hele dag schoon en fris dankzij Axe Excite Douchegel. De geur van kokos en karamel verleidt de zintuigen van de dames in je omgeving. Wat voor een stimulerend begin van je dag of avond zorgt.
4103040117977,1,haircare,shampoo,True,Sebamed Alledag Zeepvrije Shampoo,Sebamed Alledag Shampoo bevat glycosiden die haar en hoofdhuid beschermen tegen uitdroging en irritatie. De 100% zeepvrije shampoo maakt je haar soepel en makkelijk te kammen en geeft een gezonde glans.
8700216442251,1,haircare,shampoo,True,Pantene Active Nutri-Plex Pro-V Verzorging & Bescherming Shampoo,
8700216442350,1,haircare,shampoo,True,Pantene Active Nutri-Plex Pro-V Volume & Body Shampoo,
3600524148805,1,haircare,shampoo,True,L'Oréal Paris Elvive Color Vive Kleurbeschermende Shampoo,"Deze L'Oréal Paris Elvive Color Vive Kleurshampoo voor Gekleurd Haar houdt de kleur langer mooi, beschermt en verlengt de glans van je haar."
3600524149550,1,haircare,shampoo,True,L'Oréal Paris Elvive Extraordinary Oil Kokos Shampoo,"L'Oréal Paris Elvive Extraordinary Oil Fijne Kokosolie Shampoo is verrijkt met fijne kokosolie voor intensieve voeding, zonder te verzwaren. De verzorgende light texture zonder siliconen voedt het haar optimaal."
5410091767853,1,haircare,shampoo,True,Gliss Color Protect & Shine Shampoo,Gekleurd haar of highlights? Schwarzkopf Gliss Kur Color Protect & Shine Shampoo geeft je haar ultieme zorg voor schitterende kleuren!
8901314013798,1,makeup,powder,False,Toothpowder,
3701129810088,2,skincare,spf,False,Bioderma cicabio creme + spf50,
8717931604819,1,haircare,shampoo,True,Yari Naturals Sulfate Free Shampoo,"Yari Naturals Sulfate Free Shampoo reinigt je haar en hoofdhuid grondig door een combinatie van Extra Virgin Coconut Oil, Jamaican Black Castor Oil, Shea Butter, Argan Oil, honing en proteïne."
8717931608909,1,skincare,body lotion,True,Yari 3-In-1 Face & Body Lotion,
8717931607285,1,haircare,hair oil,True,Yari Green Curls Rosemary Mint Hair Oil,
8717931607674,1,haircare,shampoo,True,Yari Fruity Curls Care Shampoo,
8717931607681,1,haircare,conditioner,True,Yari Fruity Curls Conditioner,
8717931606363,1,skincare,crème,False,Yari Green Curls Curling Crème Gel,
8717931606356,1,haircare,curl,False,Yari Green Curls Curl Activator,
8717931604789,1,haircare,curl,False,Yari Naturals Curling Cream,"De voedingsrijke Yari Naturals Curling Cream definiëert, verzorgt en maakt je haar beheersbaar. Je krijgt zachte, langwerpige krullen. Geschikt voor natuurlijk krullend, kroes of golvend haar."
8717931604826,1,haircare,conditioner,True,Yari Sulfate Free Conditioner,"De voedende en sulfaatvrije formule hydrateert droog, bros haar en voorkomt gespleten haarpunten en haarbreuk. Yari Sulfate Free Conditioner stimuleert het behoud van natuurlijke oliën wat resulteert in gezonder, gehydrateerd haar."
8717931606059,1,haircare,shampoo,True,Yari Green Curls Moisturizing Shampoo,
8717931606066,1,haircare,conditioner,True,Yari Green Curls Hydrating Conditioner,
8717931606097,1,haircare,curl,False,Yari Green Curls Deep Treatment Mask,
8717931606110,1,haircare,curl,False,Yari Green Curls Curling Mousse,
8717931606127,1,haircare,curl,False,Yari Green Curls Light-Weight Detangler,
8717931607698,1,haircare,curl,False,Yari Fruity Curls Mousse,
8717931607704,1,haircare,conditioner,True,Yari Fruity Curls Moisturizing Leave-In Conditioner,
8717931607711,1,haircare,curl,False,Yari Fruity Curls Curling Custard,
8717931607728,1,haircare,curl,False,Yari Fruity Curls Smoothie Mousse,
8717931608480,1,haircare,conditioner,True,Yari Rosemary & Batana Leave-In Conditioner,
8717931608473,1,haircare,hair mask,True,Yari Rosemary & Batana Hair Mask,
8717931608459,1,haircare,shampoo,True,Yari Rosemary & Batana Shampoo,
8717931608398,1,haircare,curl,False,Yari Green Curls Light Rosemary Mint Oil,
8717931608503,1,haircare,curl,False,Yari Green Curls Coconut Water,
8717931608442,1,haircare,curl,False,Yari Fruity Curls Snot Gel,
0041260332715,1,skincare,aloe vera,False,After sun gel with aloe vera,
0878971000004,2,haircare,hair gel,True,Punk Hair Gel,
9323610018571,1,skincare,mist,False,Dymista Allergy,
1200198002988,2,skincare,hand soap,True,Backyard Honeysuckle Gentle & Clean Foaming Hand Soap,
8809783321225,1,skincare,toner,True,Celimax Ji Woo Gae Blemish Toner Pads,
0041507070233,1,skincare,facial mist,True,Facial Mist Rose Petals & Witch Hazel,
8720181563270,1,skincare,cleanser,True,Smooth+ gel cleanser,
4069365247044,1,skincare,spf,False,Lait Solaire SPF 50,
8901248126489,1,skincare,body lotion,True,boro plus body lotion aloe neem,
8904352003820,1,skincare,moisturizer,False,BIOTIQUE MORNING NECTAR MOISTURIZER,
8850006955529,1,skincare,shower gel,True,"Shower Gel Palmolive Aroma Sensations Mineral Massage With Sea Salt, Aloe Vera & Peppermint",
8999999033224,1,haircare,dandruff,True,Lifebuoy Anti Dandruff,
5060062996227,1,skincare,crème,False,Crème à la Lanolin pour le Soin des Mamelons Sensibles,
3400930036792,1,haircare,panthenol,False,Dexpanthenol 5%,
3614810003631,1,makeup,poudre,False,Babysoin Talc Officinal Poudre,
8435743102087,1,skincare,deodorant,True,24hDeodorant roll-on for men,
0005155700303,1,haircare,curl,False,Camille Rose Curl Love Soften & Nourish Moisture Milk with Rice Milk & Macadamia Oil,Leave in Conditioning Cream
4058172703096,1,haircare,shampoo,True,Dusche&Shampoo Kinder,
8711600368804,4,skincare,body lotion,True,Essential Body Lotion,
8906007750042,1,makeup,powder,False,Ayurvedic Tooth Powder,
4311596017874,1,skincare,creme,False,Cremedusche Honig und Milch,Duschbad
4056489817635,1,skincare,micellar,True,Acqua Micellare Hydro,
8904134007404,1,haircare,hair oil,True,Soulflower Tea Tree Hair Oil,
0776288678728,1,skincare,hand soap,True,Cucina Hand Soap,
5025135111327,1,skincare,spf,False,15 SPF Lotion,
8904352000683,1,haircare,shampoo,True,Green apple shampoo & conditioner,
0371631821273,1,skincare,moisturizing,False,Up & Up Moisturizing Cream,
3178041357777,1,haircare,cheveux,False,Coloration Permanente 7-1 Blond Cendré Cheveux Matures SCHWARZKOPF PALETTE SCHWARZKOPF PALETTE,
5022496103411,1,haircare,hair oil,True,Amla Hair Oil,
7509546062471,1,makeup,luminous,False,Luminous White Brilliant Crema dental anticaries con flúor,
8003510030064,1,skincare,deodorant,True,Deodorante piedi e scarpe,
8056598440485,1,skincare,aloe vera,False,99% aloe vera dermo gel,
0634084475562,1,skincare,sunscreen,True,Adventure Mineral Sunscreen Cream,
0729105866754,1,skincare,spf,False,Tropic Sun Day dewy facial SPF,
3522931003747,1,skincare,crème,False,Crème solaire très haute protection,
5901810049218,1,skincare,moisturizing,False,Moisturizing and lifting cream with Dead Sea minerals,
4015400439110,1,skincare,aloe vera,False,Pampers complete clean aloe Vera,
8809835060041,2,skincare,spf,False,Tocobo SPF50+ Cotton Soft Sun Stick,
0190679007100,2,haircare,shampoo,True,honey and vitamin b shampoo,
3337875945769,1,skincare,sunscreen,True,CeraVe Invisible SPF50+ Hydrating Sunscreen,
3600542661614,1,makeup,gloss,True,Garnier Olia Gloss Sunkissed Blond Getint Haarmasker,
4021457654253,1,makeup,rouge à lèvres,True,rouge à lèvres,
8714319267017,1,skincare,deodorant,True,Therme Men Forest Legend Deodorant & Bodyspray,
3600542661591,1,makeup,gloss,True,Garnier Olia Gloss Smokey Brown Getint Haarmasker,
8718951792814,1,skincare,deodorant,True,Sanex Total Freshness Whole Body Deodorant Cream,
8761200040570,1,haircare,conditioner,True,Novex My Little Curls Leave-In Conditioner,
3600523966974,1,haircare,shampoo,True,L'Oréal Paris Elvive Dream Lengths Air Volume Droogshampoo,
3600542645072,1,skincare,niacinamide,False,Garnier PureActive BHA+ Niacinamide SPF50+ Anti-Imperfections Fluid,
4008233165202,1,haircare,shampoo,True,Kneipp Men Sport 2-in-1 Shampoo en Douchegel,
0034285638153,1,haircare,conditioner,True,Aunt Jackie's Curls & Coils Transform! Hydrating Leave-In Conditioner,
7896013563365,1,haircare,hair mask,True,Novex Mystic Black Hair Mask,"Het Novex Mystic Black Hair Mask is verrijkt met baobabzaadolie. Het haarmasker is speciaal ontwikkeld voor het herstellen van gespleten haarpunten. Met het masker voorkom je droog, pluizend en broos haar."
3600524099770,1,haircare,leave-in,True,L'Oréal Paris Elvive Dream Lengths Curls Leave-in Crème,
5410091778606,1,haircare,shampoo,True,Schwarzkopf Kids Shampoo & Conditioner,Maak het haar van je kindje makkelijk doorkambaar met Schwarzkopf Kids Shampoo & Conditioner. De shampoo prikt niet heeft een milde en fruitige geur.
8710919106671,1,skincare,douche,False,Sanicur Bad en Douche Gel,Reinig en verzorg je huid op milde wijze met Sanicur Bad en Douche Gel. Deze douchecrème met vochtregulerende bestanddelen is geschikt voor dagelijks gebruik.
9331880042349,1,skincare,lip mask,False,MCoBeauty Lip Whip Vanilla Recovery Lip Mask,
8720181851445,1,skincare,deodorant,True,Dove Whole Body Deo Original Deodorant Cream,
0021959059291,1,haircare,hair oil,True,difeel premium hair oil,
4006000049632,1,skincare,anti-transpirant,False,NIVEA Men Dry Impact Antitranspirant Spray,"Houd je oksels 48 uur lang droog met Nivea Men Dry Impact Anti-Transpirant Spray. Deze antitranspirant met mineralen en een aangename, mannelijke geur biedt een effectieve en betrouwbare bescherming tegen transpiratie."
4005900457219,1,skincare,deodorant,True,NIVEA Fresh Flower Deodorant Spray,"Geniet van een frisse bloemengeur met deze Nivea Fresh Flower Deodorant Spray. De deodorant beschermt je oksels 48 uur lang tegen transpiratie, verzorgt ze op milde wijze en geeft een aangenaam, natuurlijk fris gevoel."
3600523709816,1,haircare,conditioner,True,L'Oréal Paris Elvive Extraordinary Oil Rapid Reviver Conditioner,Ben je altijd in een hurry en heb je geen tijd voor een beautyritueel? Gebruik dan L'Oréal Paris Elvive Extraordinary Oil Rapid Reviver Conditioner.
3574669907958,1,haircare,shampoo,True,Johnson 2in1 shampoo 500ml,
8901248230025,1,haircare,shampoo,True,Hair shampoo onion whith curry leaves.300ml.kesh king,
8720181851384,1,skincare,deodorant,True,Dove Whole Body Deo Original Deodorant Spray,
5410091729745,1,skincare,deodorant,True,Fa Pink passion deodorant spray,Verwen je zintuigen met de bloemige frisse geur van Fa Pink Passion 48 uur Deodorant Spray!
8720674499338,1,haircare,shampoo,True,Kruidvat Refresh Dry Shampoo Spray Mist,
4066447875591,5,skincare,creme,False,Intensiv Fusscreme,
4005900457660,1,skincare,deodorant,True,NIVEA Men Sport Antitranspirant Spray,"Houd je oksels de hele dag droog met Nivea Men Sport Anti-Transpirant Spray. De frisse en dynamische deodorant met mineraalcomplex beschermt je 48 uur lang tegen transpiratie en geeft je huid een aangenaam, droog gevoel."
4006000210926,1,skincare,anti-transpirant,False,NIVEA Men Black & White Invisible Original Antitranspirant Spray,Je witte kleding blijft wit en je zwarte kleding zwart dankzij Nivea Men Invisible For Black & White Anti-Transpirant Spray. De antitranspirant beschermt je oksels 48 uur lang tegen transpiratie.
8901396368502,1,skincare,shower gel,True,Dettol Lime Fresh Shower Gel,
8901542001437,1,makeup,powder,False,Nycil Germ Expert Cool Herbal Prickly Heat Powder,
0860006442705,1,skincare,aloe vera,False,NaturSense Aloe Vera Gel,
0067545065888,1,haircare,shampoo,True,Curl Shampoo,
4305615648354,1,skincare,booster,True,Booster spray,
0840315303331,1,haircare,shampoo,True,The Grow Pro Shampoo,
8906051436923,1,skincare,booster,True,Immunity Booster,
0621732008586,1,haircare,conditioner,True,Strictly Curls Triple Blend Conditioner,
4059729541581,1,makeup,nail polish,True,Catrice Bold Magnetic 020 Don’t Be So Clingy Nail Polish,
0860007615146,1,skincare,hydrating,False,Hydrating Mist,
3760162121391,1,skincare,savon,True,savon de marseille surgras,
8684252200122,1,skincare,mist,False,Vanilla Spice Vücut Spreyi Body Mist,
5901761987058,1,skincare,peel,False,Enzymatyczny peeling gommage,
3600551187891,1,skincare,crème,False,La Crème Visage des peaux sensibles,
8901088210577,1,haircare,hair oil,True,Hair Oil,
3666057288104,1,skincare,sunscreen,True,Clarnis 30 Sunscreen,
8433751180226,2,makeup,eyeshadow,True,Eyeshadow,
4066447974522,1,makeup,powder,False,Balea Styling Powder,
0840044714101,1,skincare,body wash,True,Cashmere Body Wash Pink Champagne,
4015000524872,1,skincare,creme,False,3D Clean 2in1 Zahncreme + Mundwasser,
4061464500006,1,skincare,shower gel,True,Lacura Moisture Shower Gel,
4751051530232,1,skincare,foot cream,False,Foot Cream [Urea + Zinc] Before hike,
0061483007009,1,skincare,hand cream,True,Glycerine hand cream,
4070765006605,2,skincare,creme,False,Clear Fresh Zahncreme,
4008890009512,1,skincare,creme,False,Up White Advanced Whitening Zahncreme,
5906750808154,1,skincare,scrub,False,Face Scrub,
0667558513187,1,skincare,body cream,True,Pure Wonder Body Cream,
8006530030007,1,skincare,antiperspirant,True,Gillette Antiperspirant Hydrating Gel - Eucalyptus Scent,
3500465068708,1,skincare,crème,False,crème hydra finish,
7332531118545,1,haircare,cheveux,False,"Gliss Après-shampoing Oil Nutritive (200 ml), après-shampoing nourrit intensément les cheveux abîmés, assure un démêlage parfait",
7332531117890,1,haircare,shampoo,True,Schwarzkopf Gliss Nourishment Shampoo Oil Nutritive 250 ml,
0012044067062,1,skincare,face wash,True,Krakengard Body + Face Wash,
4066447988956,1,skincare,creme,False,Cremeseife Beeren & Vanilla,
5061078390436,4,skincare,moisturizer,False,Byoma hydrating milky moisturizer,
4305615344829,1,skincare,creme,False,Deocreme sensitiv,
8719179414533,1,haircare,hairspray,True,Volume Hairspray Ultra Strong,
3666057350085,1,skincare,serum,True,Multi-Active Glow Serum,
7506306254930,1,haircare,shampoo,True,Shampoo Aceites Esenciales Romero y Sábila,
6001051003075,1,skincare,douche,False,NIVEA Men Deep Clean Douchegel,Nivea Men Deep Clean Shower Gel is speciaal voor mannen die diepe reiniging en verfrissing willen.
3506772008307,1,haircare,shampoo,True,Shampooing boucles extrait de mangue & acide aminé,
3282770399561,1,skincare,crème,False,Xeracalm crème relipidante,
4987176176837,1,skincare,shave,False,Old Spice After Shave lotion,
4015100328585,1,haircare,shampoo,True,Festes Shampoo,
8717163762028,3,skincare,body wash,True,Body Wash,
8710847991370,1,skincare,anti-perspirant,False,Nourishing Secrets Anti-Perspirant,
8712561571333,1,haircare,conditioner,True,Intenstive Repair Conditioner,
6295120059982,1,skincare,body wash,True,Dettol antibacterial body wash green tea 700ml,
6295120054123,1,skincare,body wash,True,Dettol Zing antibacterial body wash 500ml,
10406180,2,haircare,shampoo,True,lavender dog 2in1 shampoo and conditioner,
10522767,1,haircare,shampoo,True,Dog anti mites & itch relief shampoo,
8901030997112,1,skincare,serum,True,Pond's Bright Beauty Serum Cream,
8410436321785,1,skincare,aloe vera,False,Aloe vera gel de ducha,
8410436360173,4,skincare,aloe vera,False,Aloe vera gel de ducha,
8901030997105,1,skincare,serum,True,Pond's Bright Beauty Serum Cream,
8901030815911,1,skincare,hygiene,False,Vwash Expert Intimate Hygiene,
8904352004193,1,skincare,face wash,True,BIOTIQUE Advanced Ayurveda Papaya Deep Cleanse Face Wash,
8904352004070,1,skincare,face wash,True,BIOTIQUE Advanced Ayurveda Fruit Brightening Face wash,
8901138505530,1,skincare,face wash,True,Himalaya Moisturizing Alo Vera Face Wash,
0381371029556,1,skincare,scrub,False,Deep Action Exfoliating Scrub,
5028197999674,2,skincare,clay mask,True,Tea tree skin clearing clay mask,
5028197978907,1,haircare,conditioner,True,Conditioner banana,
8718951724150,1,skincare,serum,True,Colgate Max White Purple Serum,
8718951594470,1,skincare,serum,True,Colgate Max White Overnight Whitening Serum,
4006000250342,1,skincare,deodorant,True,NIVEA Black & White Invisible Authentic Deodorant Spray,
4006000219721,1,skincare,spf,False,NIVEA Sun Breathable Uv Face Anti-Age Q10 SPF50+ Zonnecrème,
4005900883773,1,skincare,crème,False,NIVEA Cellular Luminous630 Oogcontourcrème,
42419297,1,skincare,spf,False,NIVEA Sun Protect & Hydrate SPF50+ Zonnebrandlotion,
4005900727855,1,skincare,douche,False,NIVEA Caring Shea Butter & Botanical Oil Douchegel,Geniet iedere dag van een verwenmomentje onder de douche met Nivea Soft Care Shower Shea Butter Douchegel.
0086800687900,1,skincare,sunscreen,True,Sunscreen,
3574661352558,1,skincare,crème,False,Neutrogena Hydro Boost Oogcrème,
3574661774640,1,skincare,hydrating,False,Neutrogena Hydro Boost Hydrating Fluid met SPF50,
3574661812700,1,skincare,scrub,False,Neutrogena Clear & Defend 2% Salicylzuur Gezichtsscrub,
3574661840338,1,skincare,collagen,False,Neutrogena Collagen Bank Hydraterende Gezichtscrème,
3574661840383,1,skincare,moisturizer,False,Neutrogena Collagen Bank SPF30 Moisturizer,
3574661812960,1,skincare,toner,True,"Neutrogena Anti-Mee-Eters 0,5% Salicylzuur Toner",
3574661749532,1,skincare,niacinamide,False,Neutrogena Anti-Puistjes+ 4% Niacinamide + Parfumvrije Vochtinbrengende Gel,
3574661554709,1,skincare,crème,False,Neutrogena Hydro Boost Nachtcrème,
3574661813882,1,skincare,serum,True,Neutrogena Hydro Boost 10% Niacinamide Serum,
3574661774602,1,skincare,serum,True,Neutrogena Hydro Boost Ultrahydraterend Serum,
3574661656083,1,skincare,retinol,False,Neutrogena Anti-Age Retinol Boost Nachtcrème,
3574661822372,1,skincare,retinol,False,Neutrogena Anti-Age Retinol Boost Parfumvrije Oogcrème,
0070501017906,1,skincare,acne,False,One the spot acne treatment,
3574661724607,1,skincare,cleanser,True,Neutrogena Hydro Boost Cleanser Wipes  25wipes,
3574661714516,1,skincare,douche,False,Le Petit Marseillais Refreshing Minerals & Cedarwood 4-in-1 Douchegel,
4902430698146,1,haircare,shampoo,True,pantene shampoo (pp) total damage care 15ml,
4902430698085,1,haircare,shampoo,True,pantene shampoo (p) hair fall control 13ml,
0080878194698,1,haircare,conditioner,True,Pantene conditioner,
59789482,1,haircare,shampoo,True,Pantene shampoo,
8700216420099,1,haircare,conditioner,True,Pantene Active Nutri-Plex Pro-V Repair & Protect Conditioner,
8700216442688,1,haircare,conditioner,True,Pantene Active Nutri-Plex Pro-V Glad & Zijdezacht Conditioner,
8700216447874,1,haircare,conditioner,True,Pantene Active Nutri-Plex Pro-V Volume & Body Conditioner,
8700216419888,1,haircare,shampoo,True,Pantene Active Nutri-Plex Pro-V Repair & Protect Shampoo,
8700216442459,1,haircare,shampoo,True,Pantene Pro-V Active Nutri-Plex Volume & Body Shampoo,
8700216052948,1,haircare,shampoo,True,Pantene Glad & Zijdezacht Miracle Shampoo,
8700216052917,1,haircare,shampoo,True,Pantene Active Nutri-Plex Pro-V Miracle Repair & Protect Shampoo,
8700216442145,1,haircare,shampoo,True,Pantene Active Nutri-Plex Pro-V Classic Clean Shampoo,
3666057216718,1,skincare,toning,True,Purifying Toning Lotion,
3264680022098,1,skincare,toning,True,Very Rose Refreshing Toning Mist,
8001090222725,1,skincare,essence,True,herbal essence,
7506295302223,1,skincare,essence,True,Herbal Essences pelo fuerte y brillante,
8500445139522,1,skincare,essence,True,Herbal Essences bourbon manuka honey,
5011321609341,1,skincare,essence,True,Herbal Essences,
4891811365725,1,skincare,essence,True,Herbal Essence Chewable Throat Drops Tendrilleaf Fritillary Bulb and Loquat Leaf,
4006000219998,1,skincare,spf,False,NIVEA Sun Breathable Uv Face Sensitive SPF50+ Zonnecrème,
4005900364425,1,skincare,spf,False,NIVEA Sun Protect & Hydrate SPF30 Zonnecrème,De formule van NIVEA SUN Protect & Hydrate SPF30 Zonnemelk beschermt direct tegen zonnebrand en vroegtijdige huidveroudering. De verzorgende formule beschermt de huidbarrière tegen uitdroging en is waterresistent.
4005900805577,1,skincare,douche,False,NIVEA Love Sunshine Douchegel,Kom in zomerse sferen met de Nivea Sunshine Love Douchegel. De verzorgende douchegel met aloë vera heeft een heerlijk Nivea Sun parfum.
4006000220376,1,skincare,serum,True,NIVEA Sun After Sun Gel-Serum,
42360636,1,skincare,spf,False,NIVEA Sun Kids Protect & Hydrate SPF50+ Zonnebrand Roll-on,NIVEA SUN Kids Protect & Hydrate SPF50+ Roll-on biedt direct bescherming tegen zonnebrand en andere huidschade veroorzaakt door de zon. De verzorgende formule is speciaal ontwikkeld voor de tere kinderhuid.
4005900693389,1,skincare,spf,False,NIVEA Sun Protect & Dry Touch SPF30 Transparante Zonnebrandspray,"De 100% transparante formule van NIVEA SUN Protect & Refresh SPF30 Transparante Zonnespray beschermt tegen zonnebrand en vroegtijdige huidveroudering. De niet-vette formule trekt snel in, plakt niet en heeft een verkoelend effect."
8714100012604,1,skincare,crème,False,400mle,Vaseline Mature Skin Lotion is geen gewone vocht inbrengende crème. Het is gemaakt om de intense droogheid te herstellen die vaak geassocieerd wordt met een rijpe en ouder wordende huid.
8720181698972,2,skincare,serum,True,Vaseline Gluta-Hya Serum Etkili Yoğun Nemlendirici Gece Losyonu,
8999999606886,1,skincare,serum,True,Vaseline Healthy Bright SPF 30 PA++ Gluta Vitamin Sunscreen Serum,
8801619052051,1,skincare,crème,False,Vaseline Lip Care Crème Brûlée Lippenbalsem,
8901030913013,1,skincare,brightening,False,Vaseline health brightening,
6281006573918,1,skincare,hydration,False,Vaseline ice cool Hydration,
6281006506619,1,skincare,spf,False,Vaseline SPF 24,
8901030997266,1,skincare,brightening,False,Vaseline Daily Brightening,
8851932439756,1,skincare,serum,True,Vaseline healthy bright gluta hya serum burst lotion,
42494867,1,skincare,spf,False,NIVEA Uv Specialist SPF50+ Silky Uv Stick,
4005900804389,1,skincare,douche,False,NIVEA Love Adventure Douchegel,
4006000183268,1,skincare,serum,True,NIVEA Cellular Epigenetics Ultiem Huidverjongend Serum,
4005808760244,1,skincare,crème,False,NIVEA Q10 Power Oogcontourcrème,"Nivea Q10 Power 35+ Anti-Rimpel Oogcontourcrème zorgt voor een gladde, jonger uitziende huid. De crème vermindert ook donkere kringen rond je ogen."
4005900835079,1,skincare,douche,False,NIVEA Men Cool Kick Douchegel,"Voel je 24 uur lang fris met de Nivea Men CoolKick Douchegel. De douchegel is geschikt voor zowel je lichaam, gezicht als haar."
4005900745231,1,skincare,crème,False,NIVEA Hydraterende Nachtcrème,Nivea Essentials Herstellende Nachtcrème herstelt je huid gedurende de nacht en hydrateert haar intensief.
5900017095615,1,skincare,deodorant,True,NIVEA Dry Fresh Antitranspirant Spray,Nivea Dry Fresh Anti-Transpirant Spray geeft 48 uur lang een effectieve transpiratie regulerende werking met een extra fris gevoel. De deodorant droogt snel en geeft je een extra droog gevoel.
4006000175164,1,skincare,douche,False,NIVEA Derma Control Restore Douchegel,
4005808979318,1,skincare,scrub,False,NIVEA Pure Effect Clean Deeper Reinigingsscrub,Nivea Essentials Dagelijkse Reinigingsscrub heeft een dubbele werking: het voorkomt puistjes en mee-eters en helpt je poriën te openen. De scrubdeeltjes zorgen voor een perfect egale huid.
4006000230856,1,skincare,spf,False,NIVEA Sun Kids Daily Uv Protect SPF50+ Zonnebrandcrème,
4006000197906,1,skincare,serum,True,NIVEA Cellular Epigenetics Ultiem Huidverjongend Serum,
4006000118093,1,skincare,spf,False,NIVEA Cellular Luminous630 Anti-Spot SPF50 Dagcrème,
4005900368539,1,skincare,douche,False,NIVEA Men Hydro Care Douchegel,Bescherm je huid tegen uitdroging met Nivea Men Protect & Care Douchegel. De douchegel heeft een hydraterende werking en reinigt je huid diep.
4005900175939,1,haircare,shampoo,True,NIVEA Classic Care Milde Shampoo,Verzorg en versterk je normale haar en houd het gezond en schoon met Nivea Classic Care Shampoo. De shampoo met Nutri-essences geeft je haar een mooie glans en maakt het voelbaar zacht en veerkrachtig.
4005900456236,1,skincare,deodorant,True,NIVEA Black & White Invisible Original Antitranspirant Spray,Je witte kleding blijft wit en je zwarte kleding zwart dankzij Nivea Black & White Clear Deodorant Spray. De deodorant beschermt je oksels 48 uur lang tegen transpiratie en nare geurtjes.
4800888158888,1,makeup,powder,False,Rexona (POWDER DRY) (white),
8720181183751,1,skincare,anti-transpirant,False,Rexona Women Advanced Protection Cotton Dry Antitranspirant Spray,Rexona Women Cotton Dry Anti-transpirant Spray biedt 48 uur durende bescherming tegen zweet en lichaamsgeur. Voel je droog en schoon met een geur geïnspireerd door fris gewassen katoenen lakens.
8720181183782,1,skincare,deodorant,True,Rexona Women Advanced Protection Biorythm Antitranspirant Spray,Rexona Women Ultra Dry Biorythm Anti-transpirant Deodorant Spray zorgt 48 uur lang voor heerlijk frisse oksels. Dankzij MotionSense ben je tijdens zwaardere inspanningen extra beschermd.
8720181183768,1,skincare,anti-transpirant,False,Rexona Women Advanced Protection Shower Fresh Antitranspirant Spray,"Bescherm jezelf tegen transpiratievocht en -geur met Rexona Women Shower Fresh Anti-transpirant Spray. Deze anti-transpirant bevat MotionSense technologie. Hiermee blijf je fris, wat je ook doet."
8720181446191,1,skincare,deodorant,True,Rexona Men Sensitive Antitranspirant Deodorant Spray,Je gevoelige okselhuid is 48 uur lang beschermd tegen transpiratie met RRexona Men Sensitive Deodorant Spray. Deze deodorant vermindert de aanmaak van zweet en voorkomt huidirritaties.
8720181196140,1,skincare,deodorant,True,Rexona Men Advanced Protection Quantum Dry Antitranspirant Deodorant Spray,"Met Rexona Men Quantum Dry Deodorant Spray ben je 48 uur lang verzekerd van frisse en schone oksels, hoe warm het buiten ook is."
8720181309656,1,skincare,deodorant,True,Rexona Women Invisible Aqua Antitranspirant Spray,Houd je oksels langdurig droog en fris met Rexona Women Invisible Aqua Deodorant Spray. De spray beschermt 48 uur tegen transpiratie en voorkomt witte strepen in je kleding.
8720181183799,1,skincare,anti-transpirant,False,Rexona Women Advanced Protection Aloë Vera Antitranspirant Spray,"Rexona Women Aloë Vera Anti-transpirant Spray beschermt je 48 uur lang, hoe actief je ook bent."
59095545,1,skincare,deodorant,True,Rexona Advanced Protection Cotton Dry Antitranspirant Roller,Rexona Women Dry Cotton Deodorant Roller beschermt 48 uur lang tegen onfrisse geurtjes. Dankzij MotionSense blijf je ook met een actieve levensstijl fris en zelfverzekerd.
59097921,1,skincare,anti-transpirant,False,Rexona Advanced Protection 72H Inivisible On Black & White Anti-transpirant Stick,
8720181437731,1,skincare,deodorant,True,Rexona Women Stress Control Antitranspirant Spray,"Rexona Women Stress Control Anti-transpirant Deodorant Spray beschermt je 48 uur lang tegen transpireren, zelfs in stressvolle situaties. De spray voorkomt transpiratievocht en nare geurtjes."
3282770391145,1,skincare,moisturizing,False,Klorane moisturizing cream 50ml,
3282770145311,1,haircare,conditioner,True,Klorane ultra gentle conditioner,
3282770394535,1,haircare,shampoo,True,Klorane prickly pear shampoo 400,
3282770394580,1,haircare,conditioner,True,Klorane prickly pear conditioner,
3282770149609,1,haircare,shampoo,True,Klorane citrus shampoo 400,
3282770145076,1,haircare,shampoo,True,Klorane soothing shampoo 400,
3600531638894,1,makeup,concealer,True,Maybelline New York Instant Anti-Age Perfector 4-in-1 Glow Medium Concealer,
3600531691820,1,makeup,foundation,True,Maybelline New York Superstay 337 Lumi Matte Foundation,
3600531691813,1,makeup,foundation,True,Maybelline New York Superstay 340 Lumi Matte Foundation,
3600531691899,1,makeup,foundation,True,Maybelline New York Superstay 128 Lumi Matte Foundation,
3600531691912,1,makeup,foundation,True,Maybelline New York Superstay 119 Lumi Matte Foundation,
3600531700386,1,makeup,primer,True,Maybelline New York Poreless Jelly Hydrating Blur Primer,
3600531691882,1,makeup,foundation,True,Maybelline New York Superstay 129 Lumi Matte Foundation,
3600531691950,1,makeup,foundation,True,Maybelline New York Superstay 98 Lumi Matte Foundation,
3600531700379,1,skincare,serum,True,Maybelline New York Grippy Serum Grip Primer,
30167223,1,makeup,mascara,True,Maybelline New York Lash Sensational Sky High Black Waterproof Mascara,
3600531716387,1,makeup,foundation,True,Maybelline New York Lifter Plump & Glow 355 Foundation,
3600531716257,1,makeup,foundation,True,Maybelline New York Lifter Plump & Glow 114 Foundation,
3600531712624,1,makeup,concealer,True,Maybelline New York Lifter 30 Full Coverage Serum Concealer,
3600531718398,1,makeup,eyeliner,True,Maybelline New York Sculpting Stix 015 Smooth Espresso 2-in-1 Eyeliner,
3600531712594,1,makeup,concealer,True,Maybelline New York Lifter 15 Full Coverage Serum Concealer,
30190122,1,makeup,lipstick,True,Maybelline New York Maybe It's 002 Maybe It's... Matte Serum Lipstick,
30190153,1,makeup,lipstick,True,Maybelline New York Maybe It's 004 Wild Card Matte Serum Lipstick,
3600531699758,1,makeup,eyeliner,True,Maybelline New York Tattoo Liner 104 White Canvas Dip-Ink Liquid Eyeliner,
3600531697402,1,makeup,highlighter,True,Maybelline New Yorker Sunkisser 20 Kiss Of Shimmer Liquid Glow Highlighter,
3600531702304,1,makeup,mascara,True,Maybelline New York Colossal Bubble Waterproof Mascara,
3600531697426,1,makeup,highlighter,True,Maybelline New Yorker Sunkisser 22 Star Studded Liquid Glow Highlighter,
3600531691875,1,makeup,foundation,True,Maybelline New York Superstay 140 Lumi Matte Foundation,
4005900485533,1,skincare,spf,False,Eucerin sensitive skin spf50,
4005800182020,1,skincare,toner,True,Eucerin toner 200ml,
3701129809280,1,skincare,serum,True,Bioderma sebium serum 30ml,
3701129809273,1,skincare,cleanser,True,Bioderma hydra cleanser 200ml,
3701129807392,1,skincare,spf,False,Bioderma cream spf50 sensitive skin claire light 40ml,
3596710555925,2,haircare,laque,True,Laque shiny,Laque shiny
3596710524327,1,skincare,nettoyant,True,Gel nettoyant visage,Gel nettoyant visage
3596710544219,1,skincare,gel douche,True,COSMIA GEL DOUCHE SPA RELAX LAVENDER 750 ml,COSMIA GEL DOUCHE SPA RELAX LAVENDER 750 ml
3596710544226,1,skincare,shower gel,True,COSMIA PEACEFULL EUCALYPTUS SHOWER GEL 750 ml,COSMIA PEACEFULL EUCALYPTUS SHOWER GEL 750 ml
3596710544233,1,skincare,gel douche,True,Gel douche à lextrait de bambou,Gel douche à lextrait de bambou
3596710555932,1,haircare,laque,True,Laque color,Laque color
3596710538720,1,haircare,cheveux,False,Pince cheveux,Pince cheveux
3596710538706,4,haircare,cheveux,False,Pince cheveux,Pince cheveux
3596710534418,4,makeup,maquillage,True,Bandeau de démaquillage,Bandeau de démaquillage
3596710555949,1,haircare,laque,True,Laque volume,Laque volume
3600551186559,1,skincare,niacinamide,False,Mixa Niacinamide Stretch Mark Oil,
3600551153285,1,skincare,ceramide,False,Mixa Ceramide Protect Hydraterende Bodylotion,
3600551186580,1,skincare,niacinamide,False,Mixa Niacinamide Bright Bodylotion,
3600551186542,1,skincare,moisturizing,False,Mixa Niacinamide Bright Moisturizing Anti-Dark Spot Cream,
3600551153162,1,skincare,crème,False,Mixa Panthenol Comfort Kalmerende Crème,
3600551153254,1,haircare,panthenol,False,Mixa Panthenol Comfort Kalmerende Bodylotion,
3600551153193,1,skincare,ceramide,False,Mixa Ceramide Protect Hydraterende Crème,
3600551153131,1,skincare,crème,False,Mixa Urea Cica Repair+ Herstelondersteunende Crème,
3282770152555,1,skincare,cleanser,True,Avene milk cleanser,
3282770152463,1,skincare,micellar,True,Avene micellar water,
3282770202113,1,skincare,spf,False,Avene very high protection spf50 lotion,
3282770149128,1,skincare,spf,False,SPF 50+,
3282770153071,2,skincare,serum,True,Avène Hyaluron Activ B3 Concentrated Plumping Serum,
4005900632630,1,skincare,deodorant,True,NIVEA Men Deep Espresso Antitranspirant Spray,NIVEA Men Deep Black Carbon Espresso Deodorant Spray bevat zwarte koolstof en heeft de sensuele geur van espresso. De anti-transpirant biedt je 48 uur betrouwbare bescherming.
4005900495532,1,skincare,deodorant,True,NIVEA Men Deep Black Carbon Dark Wood Antitranspirant Spray,Nivea Men Deep 48H Anti-Transpirant Deodorant Spray beschermt je huid tegen transpiratie en bacteriën. De spray zorgt zo voor een langdurige droog en schoon huidgevoel.
4005900457721,1,skincare,deodorant,True,NIVEA Men Black & White Invisible Fresh Antitranspirant Spray,Nivea Men Invisible for Black & White Fresh Anti-Transpirant Spray is de eerste deodorant die effectief 48 uur tegen transpiratie beschermt én jouw kleding beschermt tegen witte strepen op zwart en gele vlekken in wit.
4005900486646,1,skincare,deodorant,True,NIVEA Men Dry Fresh Antitranspirant Spray,Nivea Men Dry Fresh Anti-Transpirant Deodorant Spray geeft 48 uur lang een effectieve transpiratie regulerende werking met een extra fris gevoel. De deodorant droogt snel en geeft je een extra droog gevoel.
3661434004452,4,skincare,hydratant,False,Uriage,Stick lèvres hydratant
3661434006500,1,skincare,spf,False,Uriage spf50 spray 200ml,
3661434008917,1,skincare,spf,False,Uriage bariesun spf50,
3661434008146,1,skincare,soothing,False,Uriage cleansing soothing oil 500,
3661434009365,2,skincare,micellar,True,Uriage micellar water oily skin 500,
3661434008375,1,skincare,spf,False,Uriage bariesun invisible spray spf30,
0601699164105,1,skincare,mist,False,Boda mist desodorantes,
0858380002011,2,haircare,conditioner,True,Leave-in conditioner classic,
0070382005320,1,haircare,conditioner,True,meguiars gold class leather conditioner,
0070382002343,1,haircare,conditioner,True,car cleaner & conditioner rich,
5901018020873,1,haircare,conditioner,True,Joanna conditioner,
5901018020859,1,haircare,conditioner,True,Joanna protein conditioner,
3600524149574,1,haircare,conditioner,True,L'Oréal Paris Elvive Extraordinary Oil Kokos Conditioner,"L'Oréal Paris Elvive Extraordinary Oil Fijne Kokosolie Conditioner is verrijkt met fijne kokosolie voor intensieve voeding. De verzorgende light textuur zonder siliconen voedt het haar optimaal, voor soepel en luchtig haar."
8720181649196,1,haircare,conditioner,True,Zwitsal Conditioner,
5410091775605,1,haircare,conditioner,True,Syoss Intense Keratin Deep Conditioner,
8006530035026,1,haircare,shampoo,True,Head & Shoulders Classic 2-in-1 Antiroosshampoo,Head & Shoulders Classic 2-in-1 Anti-Roos Shampoo Met Conditioner reinigt je haar en zorgt ervoor dat het mooi gehydrateerd is.
4005900190475,1,haircare,conditioner,True,NIVEA Diamond Gloss Conditioner,"Laat je haar glanzen als diamanten met de Nivea Diamond Gloss Care Conditioner. Deze conditioner met fijne diamantdeeltjes versterkt je haar, verzorgt haar intensief en verbetert de doorkambaarheid. Je haar voelt soepel en zacht aan."
8720181766213,1,haircare,conditioner,True,Neutral 0% Parfumvrij Conditioner,"Neutral Parfumvrije Conditioner is mild voor je hoofdhuid en maakt je haar zacht en makkelijk doorkambaar. Dermatologisch getest en goed bevonden, zonder parfum, kleurstoffen of parabenen dus geschikt voor de gevoelige huid."
3600542462174,1,haircare,conditioner,True,Garnier Loving Blends Honing Goud Herstellende Conditioner,"De romige, smeltende textuur van Garnier Loving Blends Honing Goud Conditioner zorgt voor makkelijk uitwasbaar en heerlijk dik schuim, zonder je haar te verzwaren."
3600542572163,1,haircare,conditioner,True,Garnier Loving Blends Rice Water Infusion & Zetmeel Gladmakende Conditioner,
3600524128418,1,makeup,gloss,True,L'Oréal Paris Elvive Glycolic Gloss 5 Minuten Lamellaire Verzorging,
3600524149581,1,haircare,conditioner,True,L Oréal Paris Elvive Extraordinary Oil Conditioner,"De L’Oréal Paris Elvive Extraordinary Oil Conditioner is een voedende verzorging met olie-extracten, geschikt voor droog haar. Intensief verzorgend zonder te verzwaren."
3600523683284,1,haircare,conditioner,True,L'Oréal Paris Color-Vive Purple Conditioner,"Blond, grijs, zilver of highlights? Go purple! De formule van L'Oréal Paris Color-Vive Purple Conditioner bevat paarse pigmenten en vermindert de ongewenste gele en oranje ondertonen in je haar."
4072600227084,1,haircare,conditioner,True,Guhl Zilverglans & Verzorging Anti-Geel 2-in-1 Masker en Conditioner,"Neutraliseer de geeltinten in je witte, grijze of geblondeerde haar met Guhl Zilver & Vitaliteit Anti Geel-Effect Haarmasker. Het masker verzorgt je haar intensief en geeft souplesse en schitterende glans."
5410091767938,1,haircare,conditioner,True,Gliss Conditioner total repair,"Schwarzkopf Gliss Kur Total Repair Conditioner geeft je haar intensief herstel, soepelheid en glans."
5410091771768,1,haircare,conditioner,True,Gliss Liquid Silk Shine Conditioner,
8901314013392,1,makeup,powder,False,Colgate powder,
0850030106674,1,haircare,hair growth,False,Hair Growth Complex,
5055116612673,1,skincare,moisturising,False,Fresh Citrus Moisturising Hand Wash,
6977156401392,1,skincare,acne,False,Acne patch,
0840455505923,1,haircare,shampoo,True,Argan Oil Shampoo,
0017000118567,1,skincare,body wash,True,Refresh & Renew Body Wash,
0850010792903,1,skincare,body wash,True,The Smoother Glycolic Acid Body Wash,
0810077123249,1,skincare,body wash,True,Golden Vanilla Skin Replenishing Body Wash,
0052800681279,1,haircare,shampoo,True,Scalp Care Clarifying Shampoo with Apple Cider Vinegar,
3178041363112,1,haircare,soin cheveux,True,Soin cheveux Elixir de Nuit Reconstruit la Fibre Capillaire Gliss SCHWARZKOPF,
0012044062678,1,skincare,face wash,True,Raptorstrike Body + Face Wash,
4005900738738,1,skincare,hydration,False,NIVEA SPF30 24H Hydration Voedende Dagcrème,De Nivea Essentials Voedende Dagcrème voedt je huid intensief en geeft langdurige hydratatie voor een zichtbaar en voelbaar zijdezachte huid!
4005900714749,1,skincare,spf,False,NIVEA Vital Soja SPF30 Anti-Age Verstevigende Dagcrème,Ondersteun het herstelpreoces van je huid met deze Nivea Vital Soja SPF30 Anti-Age 65+ Beschermende Dagcrème. De dagcrème stimuleert de celvernieuwing van je huid en haar vermogen om vocht vast te houden.
4006000170886,1,skincare,douche,False,NIVEA Derma Control Defend Douchegel,
4005900777973,1,makeup,mascara,True,NIVEA 3-In-1 Reinigingsdoekjes,"Nivea 3-in-1 Verzachtende Reinigingsdoekjes zijn speciaal ontwikkeld om je huid grondig te reinigen en te hydrateren. De doekjes verwijderen make-up en waterproof mascara, voor een mooi en gezond uitziende huid."
4005808966875,1,skincare,crème,False,NIVEA Q10 Power Anti-Rimpel Nachtcrème,"Nivea Q10 Power 35+ Anti-Rimpel Nachtcrème activeert met Q10 de stofwisseling van je huid van binnenuit, waardoor rimpels en fijne lijntjes worden bestreden gedurende de nacht. De crème voedt je huid 24 uur lang intensief."
4005900775962,1,skincare,crème,False,NIVEA Q10 Energy Healthy Glow Anti-Rimpel Dagcrème,Nivea Q10 plus C Energy 25+ Dagcrème bevat twee uiterst effectieve antioxidanten die samenwerken met de natuurlijke eigenschappen van je huid.
42345251,1,skincare,anti-transpirant,False,NIVEA Pearl & Beauty Antitranspirant Roller,Bescherm je huid 48 uur lang tegen transpiratie met de Nivea Pearl & Beauty Anti-Transpirant Roller.
42345190,1,skincare,deodorant,True,NIVEA Fresh Natural Antitranspirant Roller,Geniet van een aangenaam en natuurlijk fris gevoel met Nivea Fresh Natural Anti-transpirant Roller. De deodorant met oceaanextracten beschermt je oksels 48 uur lang tegen transpiratie en verzorgt ze op milde wijze.
4005900732934,1,skincare,creme,False,NIVEA Creme Aloe Douchecrème,Reinig je huid mild met deze Nivea Aloë Vera Douchecrème. Het zijdezachte schuim heeft een heerlijke geur die je zintuigen prikkelt. Nivea maakt van je dagelijkse douche een moment vol verfrissing en verzorging.
4005900457745,1,skincare,deodorant,True,NIVEA Black & White Invisible Fresh Antitranspirant Spray,"Nivea Black & White Fresh Deodorant Spray beschermt 48 uur tegen transpiratie, witte strepen op zwarte kleding en gele vlekken in witte kleding. De deodorant heeft een extra frisse sensatie."
4006000229010,1,skincare,serum,True,NIVEA Q10 Anti-Rimpel Collageen Expert 3-in-1 Herstellend Serum,
4006000137827,1,skincare,creme,False,Creme Soft Flüssigseife,
4006000236650,1,skincare,spf,False,Nivea Sun Kids Protect & Hydrate SPF50+ 5-in-1 Zonnespray,
4006000220024,1,skincare,spf,False,NIVEA Breathable Uv Face Shine Control SPF50+ Zonnecrème,
4006000195193,1,skincare,shave,False,NIVEA Men Active Age Hyaluron Aftershave Balsem,
4005900659798,1,skincare,crème,False,NIVEA Q10 Power Extra Voedende Anti-Rimpel Nachtcrème,"Nivea Q10 Power 35+ Anti-Rimpel + Extra Voedende Nachtcrème beschermt je huid, geeft extra energie en bestrijdt het huidverouderingsproces. De crème bevat Q10 die 100% identiek is aan je huideigen Q10."
42332480,1,skincare,crème,False,NIVEA Care Sensitive Crème,Verzorg jezelf van top tot teen met Nivea Care Sensitive Crème. De revolutionaire formule met verzorgende hydrowax voedt je huid intensief en plakt niet.
42345299,1,skincare,deodorant,True,NIVEA Protect & Care Antitranspirant Roller,Ga voor volledige bescherming en een huid die de hele dag comfortabel droog en heerlijk zacht aan voelt. De  Nivea Protect & Care Deodorant Roller biedt beide in één deodorant: bescherming en zachte Nivea verzorging voor je oksels.
4006000219578,1,skincare,crème,False,NIVEA Crème Protect Douchegel,
4005900739032,1,skincare,crème,False,NIVEA Voedende Nachtcrème,De Nivea Essentials Herstellende Nachtcrème is verrijkt met vitamine E en Hydra IQ. De crème voedt je huid intensief en ondersteunt het herstellend vermogen gedurende de nacht.
4005900174147,1,makeup,gloss,True,NIVEA Diamond Gloss Care Hold 4 Mousse,Voor extra volume gebruik je Nivea Diamond Gloss Care Mousse. De langdurige versteviging verzwaart je haar niet. Je haar is soepel en glanzend en blijft perfect in model zitten.
4005900545589,1,skincare,crème,False,NIVEA Q10 Power Sensitive Anti-Rimpel Nachtcrème,Nivea Q10 Power Sensitive 35+ SPF15 Nachtcrème activeert de stofwisseling van je huid van binnenuit. Ze is hierdoor beter in staat om fijne lijntjes en rimpels zichtbaar te verminderen.
4005900545558,1,skincare,crème,False,NIVEA Q10 Power Sensitive Anti-Rimpel Dagcrème,Nivea Q10 Power Sensitive 35+ SPF15 Dagcrème activeert de stofwisseling van je huid van binnenuit. Ze is hierdoor beter in staat om fijne lijntjes en rimpels zichtbaar te verminderen.
4005900659767,1,skincare,crème,False,NIVEA Q10 Power +Extra Voedende Anti-Rimpel Dagcrème,"Nivea Q10 Power 35+ Anti-Rimpel + Extra Voedende Dagcrème beschermt je huid, geeft extra energie en bestrijdt het huidverouderingsproces. De crème bevat Q10 die 100% identiek is aan je huideigen Q10."
7332531119276,1,haircare,volume,False,Taft Styling Volume Poeder,Schwarzkopf Taft Volume Haarpoeder geeft je haar direct zichtbaar en langdurig volume.
5410091719944,1,skincare,crème,False,Schwarzkopf Poly Palette 800 Donkerbruin Haarkleuring,"Deze intensieve crèmekleuring met 7 voedende oliën, geeft je haar een prachtige kleur en intense glans. Schwarzkopf Poly Palette 800 Donkerbruin Haarkleuring geeft grijs haar 100% grijsdekking."
5410091767952,1,makeup,gloss,True,Gliss Liquid Silk Anti-Klitspray,"Dof, breekbaar haar? Schwarzkopf Gliss Kur Liquid Silk Gloss Anti-Klit Spray zorgt voor directe doorkambaarheid en glans."
5410091719982,1,skincare,crème,False,Schwarzkopf Poly Palette 650 Middenbruin Haarkleuring,"Deze intensieve crèmekleuring met 7 voedende oliën, geeft je haar een prachtige kleur en intense glans. Schwarzkopf Poly Palette 650 Middenbruin Haarkleuring geeft grijs haar 100% grijsdekking."
5410091776350,1,skincare,creme,False,Schwarzkopf Creme Supreme 9-16 Cool Licht Asblond Verzorgende Crèmekleuring,
5410091776459,1,skincare,creme,False,Schwarzkopf Creme Supreme 9-0 Natuurlijk Lichtblond Verzorgende Crèmekleuring,
5410091776312,1,skincare,creme,False,Schwarzkopf Creme Supreme 8-0 Natuurlijk Blond Verzorgende Crèmekleuring,
5410091776251,1,skincare,creme,False,Schwarzkopf Creme Supreme 5-60 Chocolade Bruin Verzorgende Crèmekleuring,
5410091776213,1,skincare,creme,False,Schwarzkopf Creme Supreme 3-0 Natuurlijk Extra Donkerbruin Verzorgende Crèmekleuring,
4015000719438,1,makeup,highlighter,True,Schwarzkopf Blonde M3+ Coupe de Soleil Easy Highlighter,Slimme blondjes blonderen met Schwarzkopf Blonde M3+ Coupe de Soleil Easy Highlighter. De highlighter geeft je in een handomdraai mooie highlights.
9000100613644,1,haircare,curl,False,Taft Curl Level 3 Mousse,Schwarzkopf Taft Curl Extra Strong Level 3 Mousse  geeft je prachtige veerkrachtige krullen.
3660005648248,1,skincare,creme,False,riche creme,
3600542656092,1,skincare,spf,False,Garnier Ambre Solaire Kids Sensitive Expert+ SPF50+ Roll-on,
3600542663618,1,skincare,spf,False,Garnier Ambre Solaire Sensitive Expert+ SPF50 Zonnespray,
3600542541435,1,skincare,serum,True,Garnier SkinActive 10% Pure Vitamine C Anti-Pigmentvlekken Nachtserum,
3600542663212,1,skincare,hydrating,False,Garnier Hyaluron Fresh & Plump Hydrating Sorbet Cream,
3600542512947,1,skincare,spf,False,Garnier Ambre Solaire Kids Sensitive Expert+ SPF50+ Zonbeschermende Mist,
3600542624848,1,skincare,spf,False,Garnier Ambre Solaire Invisible Protect SPF30 Zonnebrandspray,
3600542658089,1,skincare,spf,False,Garnier Ambre Solair Super Uv SPF50 Onzichtbare Waterfluid Zonbescherming,
3600542520430,1,skincare,spf,False,Garnier Ambre Solaire Sensitive Expert SPF50+ Zonnebrandspray,
3600542461320,1,haircare,conditioner,True,Garnier Loving Blends Milde Haver Conditioner,Dagelijks gebruik van Garnier Loving Blends Milde Haver Conditioner maakt je haar zachter en soepeler. Je hoofdhuid is onmiddellijk gekalmeerd en minder gevoelig.
3600542461092,1,haircare,conditioner,True,Garnier Loving Blends Avocado-olie & Sheaboter Conditioner,Garnier Loving Blends Avocado Olie en Karité Boter Conditioner voedt je haar van de haaraanzet tot de punten. Het maakt je haar soepel en makkelijk in model te brengen. Geniet van de heerlijke crèmetextuur die je haar niet verzwaart.
3600542512480,1,haircare,shampoo,True,Garnier Loving Blends Magnetic Charcoal Shampoo,
3600542658867,1,skincare,serum,True,Garnier PureActive Salicylic Anti-Imperfections Serum Mask,
3600542656597,1,haircare,shampoo,True,Garnier Loving Blends Grape Moisture Hydraterende & Regenererende Shampoo,
3600542635592,1,haircare,shampoo,True,Garnier Loving Blends Sun-Kissed Chamomile & Bloemenhoning Verhelderende & Glansgevende Shampoo,
3600542624374,1,haircare,curl,False,Garnier Loving Blends Avocado-olie & Sheaboter Curl Revival Elixir Intens Voedende Haarolie,
3600542624916,1,skincare,spf,False,Garnier Ambre Solaire Hydra 24H Protect SPF30 Zonnemelk,
3600542567398,1,skincare,serum,True,Garnier Loving Blends Honing Goud Herstellend Serum,
3600542528153,1,haircare,shampoo,True,Garnier Fructis Pineapple Hair Food Shampoo,
3600542452472,1,skincare,spf,False,Garnier Ambre Solaire Ideal Bronze SPF30 Zonbeschermende Olie,
3600541237070,1,skincare,crème,False,Garnier Olia 6.60 Intens Rood Permanente Crèmekleuring,"De pure oliën van Garnier Olia zorgen voor een intens kleurresultaat en zichtbaar verbeterde haarkwaliteit, zonder ammoniak! De Garnier Olia 6.60 Intens Rood geeft een rijke rode kleur, 3x glanzender haar met 100% grijsdekking."
3600541236875,1,skincare,crème,False,Garnier Olia 5.3 Licht Goudbruin Permanente Haarkleuring,Olie doet meer voor je haar dan alleen verzorgen. De bloemoliën in deze kleuring stimuleren de haarkleurintensiteit. De Garnier Olia 5.3 Goudbruin Permanente Crèmekleuring geeft een intens goudbruin en glanzend kleurresultaat.
3600541237124,1,haircare,blonde,False,Garnier Olia 7.0 Middenblond Permanente Permanente Haarverf,"De pure oliën van Garnier Olia zorgen voor een intens kleurresultaat en zichtbaar verbeterde haarkwaliteit, zonder ammoniak! De Garnier Olia 7.0 Blond geeft een natuurlijk midden blonde kleur, 3x glanzender haar met 100% grijsdekking."
5410103230030,1,skincare,crème,False,Garnier Nutrisse Ultra Crème 3 Donkerbruin Permanente Haarkleuring,"Garnier Nutrisse Crème 30 Donkerbruin Permanente Haarkleuring is een permanente haarkleuring die het haar voedt terwijl het gekleurd wordt. Voor natuurlijke kleuren, glanzend haar en 100% grijsdekking."
3600540240545,1,skincare,crème,False,Garnier Nutrisse Ultra Crème 6 Natuurlijk Donkerblond Permanente Haarkleuring,"Kleur je haar met Garnier Nutrisse Crème 60 Natuurlijk Donkerblond Permanente Haarkleuring voor een stralende kleur en perfecte grijsdekking. De diep voedende fruitoliën maken het kleurresultaat nog rijker, mooier en glanzender."
3600540240521,1,skincare,crème,False,Garnier Nutrisse Ultra Crème 5 Lichtbruin Permanente Haarkleuring,"Kleur je haar met Garnier Nutrisse Crème 50 Lichtbruin Permanente Haarkleuring voor een stralende kleur en perfecte grijsdekking. De diep voedende fruitoliën maken het kleurresultaat nog rijker, mooier en glanzender."
3600540240507,1,skincare,crème,False,Garnier Nutrisse Ultra Crème 4 Middenbruin Permanente Haarkleuring,"Garnier Nutrisse Crème 40 Middenbruin Permanente Haarkleuring is een permanente haarkleuring die het haar voedt terwijl het gekleurd wordt. Voor natuurlijke kleuren, glanzend haar en 100% grijsdekking."
3600542460439,1,haircare,shampoo,True,Garnier Loving Blends Kids Abrikoos 2-in-1 Shampoo & Conditioner,
3600542624732,1,skincare,soothing,False,Garnier Ambre Solaire Soothing Aftersun,Gebruik Garnier Ambre Solaire Hydraterende en Verzachtende Aftersun Melk om de vochtarmehuid na blootstelling aan de zon te hydrateren en te kalmeren. Trekt snel in en laat een subtiele frisse geur achter op de huid.
01217336,1,skincare,crème,False,Garnier Nutrisse Ultra Crème 6 Natuurlijk Donkerblond Permanente Haarkleuring,
3600542050531,1,skincare,toner,True,ALON REFRESHING TONER,
0603084078028,1,skincare,micellar,True,Micellar Cleansing Water,
3600524041731,1,skincare,spf,False,L'Oréal Paris Men Expert Hydra Energetic Anti-Vermoeidheid SPF15 Dagcrème,
30188556,1,makeup,blush,True,L'Oréal Paris Lumi Le Liquid 635 Worth It Blush,
3600523723492,1,makeup,bb cream,True,L'Oréal Paris Magic BB Very Light 5-in-1 Transforming Skin Corrector,"L'Oréal Paris BB C'est Magic 01 Very Light BB Cream is een gekleurde dagcrème met SPF20 die zorgt voor een natuurlijke, lichte dekking. De BB cream bevat hydraterend vijg-extract en antioxidanten."
30188501,1,makeup,blush,True,L'Oréal Paris Lumi Le Liquid 625 Gold Pink Blush,
3600524169640,1,skincare,crème,False,L'Oreal Paris Vitamine C Clinical Dagcrème,
30188211,1,makeup,concealer,True,L'Oréal Paris 1.5N True Match Radiant Serum Concealer,
3600524175610,1,skincare,serum,True,L'Oréal Paris Men Expert Power Age Serum met Hyaluronzuur,
30188532,1,makeup,blush,True,L'Oréal Paris Lumi Le Liquid 630 Glowy True Rose Blush,
30188563,1,makeup,blush,True,L'Oréal Paris Lumi Le Liquid 640 Rouge Paris Blush,
3600524228156,1,makeup,bronzer,True,L'Oréal Paris Lumi Le Bronze Bronzerstick,
3600524119874,1,skincare,serum,True,L'Oréal Paris Bright Reveal Niacinamide Serum,
3600524101404,1,skincare,serum,True,L'Oréal Paris True Match Nude 1-2 Rosy Light Plumping Tinted Serum,
3600524254339,1,skincare,serum,True,L'Oréal Paris Revitalift Laser Triple Laser Anti-Age Serum-Crème,
3600524197704,1,skincare,serum,True,L'Oréal Paris Revitalift Laser Serum,
3600520301624,1,skincare,crème,False,L Oréal Paris Men Expert Stop Rimpels Dagcrème,L’Oréal Paris Men Expert Stop Rimpels Dagcrème werkt tegen expressierimpel. Versterkt de natuurlijke weerstand van de huid en na 4 weken zijn rimpels zichtbaar verminderd.
3600523971992,1,skincare,serum,True,L'Oréal Paris Revitalift Laser X3 Puur Retinol Nachtserum,
3600522417187,1,skincare,spf,False,L’Oréal Paris Revitalift SPF30 Anti-Rimpel Dagcrème,L’Oréal Paris Revitalift Classic SPF30 Anti-Rimpel Dagcrème met proretinol en SFP30 bestrijdt de eerste tekenen van veroudering en zorgt voor een stevige huid.
5410103002149,1,skincare,crème,False,L'Oréal Paris Excellence Crème 4 Middenbruin Permanente Haarverf,"Ontdek nu deze permanente haarkleuring met drievoudige verzorging voor een rijk en levendig kleurresultaat. L'Oréal Paris Excellence Crème 4 Middenbruin Haarkleuring beschermt, voedt en verzorgt je haar."
5410103002125,1,skincare,crème,False,L'Oréal Paris Excellence Crème 5.3 Goud Lichtbruin Permanente Haarverf,"Ontdek nu deze permanente haarkleuring met drievoudige verzorging voor een rijk en levendig kleurresultaat. L'Oréal Paris Excellence Crème 5.3 Licht Goudbruin Haarkleuring beschermt, voedt en verzorgt je haar."
8710678024094,1,skincare,crème,False,L'Oréal Paris Excellence Crème 10 Extra Lichtblond Permanente Haarverf,"Ontdek nu deze permanente haarkleuring met drievoudige verzorging voor een rijk en levendig kleurresultaat. L'Oréal Paris Excellence Crème 10 Extra Lichtblond Haarkleuring beschermt, voedt en verzorgt je haar."
3600523997541,1,skincare,spf,False,L'Oréal Paris Age Perfect Collageen Expert Verstevigende Verzorging SPF30 Dagcrème,
3600523793051,1,haircare,hairspray,True,L'Oréal Paris Elnett Satin Sterke Fixatie Haarspray,L Oréal Paris Elnett Satin Sterke Fixatie Hairspray is al generaties lang de beste haarspray om het haar langdurig en natuurlijk in model te brengen. Heeft een langhoudend effect en is gemakkelijk uit te borstelen.
3600523793068,1,haircare,hairspray,True,L'Oréal Paris Elnett Satin Extra Sterke Fixatie Haarspray,L Oréal Paris Elnett Satin Extra Sterke Fixatie Hairspray is al generaties lang de beste haarspray om het haar langdurig en natuurlijk in model te brengen. Heeft een langhoudend effect en is gemakkelijk uit te borstelen.
3600523183548,1,skincare,crème,False,L’Oréal Paris Wrinkle Expert 45+ Anti-Rimpel Dagcrème,"L'Oréal Paris Age Expert 45+ Dagcrème is een intensieve anti-rimpelverzorging voor de huid vanaf 45 jaar. De gezichtsverzorging met retinopeptiden vermindert rimpels, versterkt de veerkracht en hydrateert 24 uur lang."
3600524244514,1,skincare,crème,False,L'Oréal Paris Revitalift Filler Glass Skin Vloeibare Crème,
3600524013394,1,skincare,spf,False,L'Oréal Paris Age Perfect Cell Renaissance Revitaliserende Verzorging Dagcrème SPF30,
3600523216314,1,skincare,spf,False,L'Oréal Paris Age Perfect Golden Age SPF20 Versterkende Dagcrème,L'Oréal Paris Age Perfect Golden Age SPF20 Versterkende Dagcrème is speciaal ontwikkeld voor de rijpe en doffe huid en geeft je huid een gezonde uitstraling.
3600524230623,1,haircare,shampoo,True,L'Oréal Paris Glycolic Gloss Glansgevende Shampoo,
3600524228903,1,skincare,serum,True,L'Oréal Paris Elvive Glycolic Gloss Glans Booster Leave-In Serum,
3600524245368,1,skincare,crème,False,L'Oréal Paris Age Perfect Nudes Excellence Crème 9.31 Natuurlijk Zeer Licht Goudblond Haarkleuring,
3600524228132,1,makeup,bronzer,True,L'Oréal Paris Lumi Le Bronze Bronzerstick,
3600524242800,1,skincare,serum,True,L'Oréal Paris Hyaluron Tint Lip Stain Serum,
30189362,1,makeup,mascara,True,L'Oréal Paris Volume Million Lashes Panoramic Chromatic Blue Suede Mascara,
3600524242794,1,skincare,serum,True,L'Oréal Paris Hyaluron Tint Lip Stain Serum,
30189225,1,makeup,mascara,True,L'Oréal Paris Volume Million Lashes Panoramic Chromatic Bordeaux Cashmere Mascara,
3600524251291,1,haircare,conditioner,True,L'Oréal Paris Elvive Collagen Lifter Haarverdikkende Conditioner,
3600524196806,1,haircare,laque,True,L'Oréal Paris Infaillible Laque Resistance 215 Drunk in Rose Lippenstift,
3600524196844,1,haircare,laque,True,L'Oréal Paris Infaillible Laque Resistance 415 Red Bisou Lippenstift,
3600524188467,1,makeup,foundation,True,L'Oréal Paris True Match 1.5D/W Foundation,
30189287,1,haircare,volume,False,L'Oréal Paris Color Riche Intense Volume Matte 1980 L'Ambre Lippenstift,
3600524192792,1,makeup,lipstick,True,L'Oréal Paris Infaillible 24H 808 Limitless Beige Lipstick,
3600524196615,1,makeup,mascara,True,L'Oréal Paris Telescopic Black Waterproof Mascara,
3600524190293,1,makeup,concealer,True,L'Oréal Paris Infaillible Skin Ink 300 2-in-1 Foundation & Concealer,
3600524190248,1,makeup,concealer,True,L'Oréal Paris Infaillible Skin Ink 180 2-in-1 Foundation & Concealer,
3600524190286,1,makeup,concealer,True,L'Oréal Paris Infaillible Skin Ink 290 2-in-1 Foundation & Concealer,
3600524192570,1,makeup,highlighter,True,L'Oréal Paris Lumi Le Glass 620 Pink Ballet Highlighter Stick,
3600524190255,1,makeup,concealer,True,L'Oréal Paris Infaillible Skin Ink 260 2-in-1 Foundation & Concealer,
3600524192556,1,makeup,highlighter,True,L'Oréal Paris Lumi Le Glass 610 Pearl Eclat Highlighter Stick,
3600524202361,1,haircare,brunette,False,L'Oréal Paris Infaillible Faux Brow 392 Light Brunette Wenkbrauwpotlood,
3600524202354,1,haircare,blonde,False,L'Oréal Paris Infaillible Faux Brow 391 Dark Blonde Wenkbrauwpotlood,
3600524167196,1,makeup,eyeliner,True,L'Oréal Paris Infaillible Grip Bronzed Expresso 36H Bronze Gel Automatic Eyeliner,
30188358,1,makeup,mascara,True,L'Oréal Paris Paradise Big Deal Black Waterproof Mascara,
30188273,1,makeup,concealer,True,L'Oréal Paris 5.5D True Match Radiant Serum Concealer,
8715748324074,1,haircare,brunette,False,L'Oréal Paris 5.0 Brunette Brow Color Wenkbrauwverf,
30188440,1,makeup,concealer,True,L'Oréal Paris True Match Radiant 8N Serum Concealer,
30188266,1,makeup,concealer,True,L'Oréal Paris True Match Radiant 5D Serum Concealer,
30188228,1,makeup,concealer,True,L'Oréal Paris True Match Radiant 2R Serum Concealer,
30149502,1,makeup,lipstick,True,L'Oréal Paris Infaillible Matte Resistance 420 True Romance Lipstick,
30144491,1,makeup,lipstick,True,L'Oréal Paris Infaillible Matte Resistance 500 Wine Not? Lipstick,
30152045,1,makeup,lipstick,True,L'Oréal Paris Infaillible Matte Resistance 200 Lipstick & Chill Lipstick,
30152038,1,makeup,lipstick,True,L'Oréal Paris Infaillible Matte Resistance 105 Breakfast In Bed Lipstick,
3600524104856,1,makeup,eyeliner,True,L'Oréal Paris Infaillible 11 Grip Gel Eyeliner,
3600524086725,1,skincare,crème,False,L'Oréal Paris Excellence Crème Universal Nudes 2U Zeer Donkerbruin Permanente Haarkleuring,
3600523897308,1,makeup,mascara,True,L'Oréal Paris Lash Paradise 02 Extra Black Mascara,
3600524074852,1,haircare,conditioner,True,L'Oréal Paris Elvive Bond Repair Conditioner,
3600524074715,1,haircare,shampoo,True,L'Oréal Paris Elvive Bond Repair Sulfaatvrije Shampoo,
3600524074579,1,haircare,shampoo,True,L'Oréal Paris Elvive Bond Repair Rescue Pre-Shampoo,
3600522337072,1,makeup,lipstick,True,L'Oréal Paris Infaillible 24H 213 Toujours Teaberry Lipstick,
3600524054649,1,haircare,blonde,False,L'Oréal Paris Infaillible 24H Brow 6.0 Dark Blonde Filling Triangular Pencil,
3600524054601,1,haircare,blonde,False,L'Oréal Paris Infaillible 24H Brow 7.0 Blonde Filling Triangular Pencil,
3600524069667,1,skincare,spf,False,L’Oréal Paris Revitalift Clinical SPF50+ Vitamine C Anti-UV Fluid,
3600523635689,1,makeup,foundation,True,L’Oréal Paris 5.5D/W True Match Foundation,
3600523635719,1,makeup,foundation,True,L’Oréal Paris 9D/W True Match Foundation,
3600523635658,1,makeup,foundation,True,L’Oréal Paris 9.N True Match Foundation,
3600523635672,1,makeup,foundation,True,L’Oréal Paris 2D/W True Match Foundation,
3600524057442,1,makeup,foundation,True,L’Oréal Paris 3.5D/W True Match Foundation,
30145429,1,haircare,volume,False,L'Oréal Paris Color Riche Volume Matte 480 Plum Dominant Intense Lippenstift,
3600523989942,1,skincare,serum,True,L'Oréal Paris True Match Nude 6-7 Tan Plumping Tinted Serum,
3600523999934,1,makeup,lipstick,True,L'Oréal Paris Infaillible 24H 801 Toujours Toffee Lipstick,
3600523999965,1,makeup,lipstick,True,L'Oréal Paris Infaillible 24H 804 Metroproof Rose Lipstick,
3600523989904,1,skincare,serum,True,L'Oréal Paris True Match Nude 2-3 Light Plumping Tinted Serum,
3600523989928,1,skincare,serum,True,L'Oréal Paris True Match Nude 4-5 Medium Plumping Tinted Serum,
3600523989959,1,skincare,serum,True,L'Oréal Paris True Match Nude 7-8 Tan Deep Plumping Tinted Serum,
3600523951949,1,makeup,foundation,True,L'Oréal Paris Infaillible 24H Fresh Wear 245 Golden Honey Foundation in a Powder,
3600523942619,1,skincare,crème,False,L'Oréal Paris Excellence Cool Crème 7.11 Ultra As Middenblond Permanente Haarkleuring,
3600523947836,1,haircare,blonde,False,L'Oréal Paris Préférence Cool Blondes 7.1 As Middenblond Permanente Haarkleuring,
3600523800964,1,skincare,serum,True,L'Oréal Paris Elvive Dream Lengths Anti-Pluis Serum,"Tem je pluizige, statische haar met het L'Oréal Paris Dream Lengths Sleek Anti Pluis Serum. Het leave-in-serum beschermt je haar tegen de hitte, tot temperaturen van 230°C, zonder een vettig laagje achter te laten."
30175228,1,makeup,eyeliner,True,L Oréal Paris Matte Signature 01 Zwart Eyeliner,Onderlijn jouw statement met de L Oréal Paris Matte Signature 01 Zwart Eyeliner. De waterproof eyeliner is gemakkelijk aan te brengen dankzij de superprecieze liquid eyeliner applicator.
3600523635634,1,makeup,foundation,True,L'Oréal Paris True Match 0.5N Porcelain Foundation,L Oréal Paris True Match 0.5 N Porcelain Foundation is een medium dekkende foundation met een natuurlijke finish en SPF17.
3600523587889,1,haircare,keratin,False,L'Oréal Paris Elvive Dream Lengths No Haircut Cream,"L'Oréal Paris Elvive Dream Lengths No Haircut Cream is verrijkt met plantaardige keratine, vitamines en castorolie. Voor het verminderen van gespleten punten en het versterken van de lengtes en de punten."
3600520370927,1,skincare,crème,False,L'Oréal Paris Excellence Crème 6.3 Donker Goudblond Permanente Haarverf,"Ontdek nu deze permanente haarkleuring met drievoudige verzorging voor een rijk en levendig kleurresultaat. L'Oréal Paris Excellence Crème 6.30 Donker Goudblond Haarkleuring beschermt, voedt en verzorgt je haar."
3600523611904,1,makeup,foundation,True,L Oréal Paris True Match 8.N Cappuccino Foundation,L Oréal Paris True Match 8.N Cappuccino Foundation is een medium dekkende foundation met een natuurlijke finish en SPF17.
8710678023141,1,skincare,crème,False,L'Oréal Paris Excellence Crème 5.5 Licht Mahonie Bruin Permanente Haarverf,"Ontdek nu deze permanente haarkleuring met drievoudige verzorging voor een rijk en levendig kleurresultaat. L'Oréal Paris Excellence Crème 5.5 Licht Mahonie Bruin Haarkleuring beschermt, voedt en verzorgt je haar."
3600522862437,1,makeup,foundation,True,L Oréal Paris True Match 6.N Honey Foundation,L Oréal Paris True Match 6.N Honey Foundation is een medium dekkende foundation met een natuurlijke finish en SPF17.
3600521627419,1,makeup,blush,True,L’Oréal Paris True Match Le Blush 150 Rose Sucre D'Orge Blush,"Voor een mooie, gezonde blos op je wangen gebruik je de L'Oréal Paris True Match 150 Rose Sucre Blush. Gebruik de blush als ultieme finishing touch, nadat je je foundation hebt aangebracht."
3600521615386,1,makeup,gloss,True,L'Oréal Paris Casting Crème Gloss 734 Honing Amber Verzorgende Haarkleuring,Deze semi-permanente haarkleuring geeft je haar een natuurlijke kleur met rijke nuances. L'Oréal Paris Casting Créme Gloss 734 Goudkoperblond Haarkleuring geeft je haar een optimale grijsdekking en glans.
3600521615379,1,makeup,gloss,True,L'Oréal Paris Casting Créme Gloss 634 Donker Goud Koperblond Semi-Permanente Haarkleuring,Deze semi-permanente haarkleuring geeft je haar een natuurlijke kleur met rijke nuances. L'Oréal Paris Casting Créme Gloss 634 Donker Goudkoperblond Haarkleuring geeft je haar een optimale grijsdekking en glans.
5410103396491,1,haircare,blonde,False,L'Oréal Paris Excellence Pure Blonde 01 Ultra Licht Natuurlijk Blond Permanente Haarverf,"Ontdek nu deze permanente haarkleuring met drievoudige verzorging voor een rijk en levendig kleurresultaat. L'Oréal Paris Excellence Crème 01 Ultra Licht Natuurlijk Blond Haarkleuring beschermt, voedt en verzorgt je haar."
5410103002170,1,skincare,crème,False,L'Oréal Paris Excellence Crème 3 Donkerbruin Permanente Haarverf,"Ontdek nu deze permanente haarkleuring met drievoudige verzorging voor een rijk en levendig kleurresultaat. L'Oréal Paris Excellence Crème 3 Donkerbruin Haarkleuring beschermt, voedt en verzorgt je haar."
5410103002118,1,skincare,crème,False,L'Oréal Paris Excellence Crème 5 Lichtbruin Permanente Haarverf,"Ontdek nu deze permanente haarkleuring met drievoudige verzorging voor een rijk en levendig kleurresultaat. L'Oréal Paris Excellence Crème 5 Lichtbruin Haarkleuring beschermt, voedt en verzorgt je haar."
5410103002088,1,skincare,crème,False,L'Oréal Paris Excellence Crème 7.43 Koper Goudblond Permanente Haarverf,"Ontdek nu deze permanente haarkleuring met drievoudige verzorging voor een rijk en levendig kleurresultaat. L'Oréal Paris Excellence Crème 7.43 Koper Goudblond Haarkleuring beschermt, voedt en verzorgt je haar."
5410103002071,1,skincare,crème,False,L'Oréal Paris Excellence Crème 7.3 Goudblond Permanente Haarverf,"Ontdek nu deze permanente haarkleuring met drievoudige verzorging voor een rijk en levendig kleurresultaat. L'Oréal Paris Excellence Crème 7.3 Goudblond Haarkleuring beschermt, voedt en verzorgt je haar."
5410103002064,1,skincare,crème,False,L'Oréal Paris Excellence Crème 7 Middenblond Permanente Haarverf,"Ontdek nu deze permanente haarkleuring met drievoudige verzorging voor een rijk en levendig kleurresultaat. L'Oréal Paris Excellence Crème 7 Middenblond Haarkleuring beschermt, voedt en verzorgt je haar."
5410103002057,1,skincare,crème,False,L'Oréal Paris Excellence Crème 8.1 Licht Asblond Permanente Haarverf,"Ontdek nu deze permanente haarkleuring met drievoudige verzorging voor een rijk en levendig kleurresultaat. L'Oréal Paris Excellence Crème 8.1 Licht Asblond Haarkleuring beschermt, voedt en verzorgt je haar."
5410103002026,1,skincare,crème,False,L'Oréal Paris Excellence Crème 9 Zeer Lichtblond Permanente Haarverf,"Ontdek nu deze permanente haarkleuring met drievoudige verzorging voor een rijk en levendig kleurresultaat. L'Oréal Paris Excellence Crème 9 Zeer Licht Blond Haarkleuring beschermt, voedt en verzorgt je haar."
3600520985206,1,makeup,gloss,True,L'Oréal Paris Casting Créme Gloss 600 Donkerblond Semi-Permanente Haarkleuring,Deze semi-permanente haarkleuring geeft je haar een natuurlijke kleur met rijke nuances. L'Oréal Paris Casting Créme Gloss 600 Donker Blond Haarkleuring geeft je haar een optimale grijsdekking en glans.
3600524250355,1,makeup,loose powder,True,L'Oréal Paris Infaillible 24H Power Glow Medium Loose Powder,
3600524195687,1,skincare,spf,False,L'Oréal Paris Men Expert Hydra Energetic SPF50 Daily Uv Fluid,
3600524104726,1,skincare,mist,False,L'Oréal Paris Infaillible 3-Second Setting Mist,
3600523966301,1,skincare,crème,False,L'Oréal Paris Elvive Dream Lengths Super Blowdry Crème,
01693791,1,makeup,gloss,True,L'Oréal Paris Casting Créme Gloss 634 Donker Goud Koperblond Semi-Permanente Haarkleuring,
8720674255460,1,skincare,crème,False,Kruidvat Cetomacrogol 50% Vaseline Vetcrème,
8886467060854,1,skincare,bar soap,True,& Vaseline Jelly Vaseline. HEALTHY PLUS BAR SOAP H,
8720181698934,1,skincare,serum,True,Vaseline Gluta-Hya Dewy Radiance Serum Burst Lotion,
9556126667845,1,skincare,soothing,False,Aloe Soothing Gelly,
8999999581930,2,skincare,serum,True,Vaseline Gluta-Hya Serum Etkili UV Leke Karşıtı & Aydınlatıcı Losyon,
3282770145700,1,haircare,conditioner,True,Klorane soothing conditioner,
3282770397598,1,haircare,conditioner,True,Klorane quinine conditioner,
3499320018333,1,skincare,serum,True,Cetaphil Advanced Defense Serum,
3499320017640,1,skincare,cleanser,True,Cetaphil Gentle Exfoliating SA Cleanser,
3499320018340,1,skincare,serum,True,Cetaphil Repair & Nachtserum,
3499320000109,1,skincare,spf,False,Cetaphil Daily Defense Facial Moisturiser met SPF30,
3499320011785,1,skincare,hydration,False,Cetaphil Optimal Hydration Revitaliserende Nachtcrème,
3499320011921,1,skincare,cleanser,True,Cetaphil cleanser,
9318637044009,1,haircare,shampoo,True,Cetaphil baby wash shampoo 400,
8700216545723,1,haircare,conditioner,True,Pantene Pro-V Glad & Zijdezacht 3 Minute Miracle Conditioner,
8700216500739,1,haircare,conditioner,True,Pantene Active Pro-V Repair & Protect 3 Minute Miracle Conditioner,
7500435241038,1,haircare,keratin,False,Pantene keratina,
4902430634007,1,haircare,conditioner,True,pantene conditioner (pp) 13ml,
0080878192724,1,haircare,conditioner,True,pantene essential oils volumizing conditioner,
3574661748764,1,skincare,spf,False,Neutrogena Hydro Boost SPF25 Aqua Fluid Dagcrème,
3574661632919,1,skincare,serum,True,Neutrogena Hydro Boost Parfumvrij Hyaluron Serum,
3574661651699,1,skincare,serum,True,Neutrogena Anti-Age Retinol Boost Serum,
3574661658605,1,skincare,retinol,False,Neutrogena Anti-Age Retinol Boost SPF15 Dagcrème,
3574661864273,1,skincare,collagen,False,Neutrogena Collagen Bank Verfrissende Oogcrèmegel,
5011321772335,1,skincare,shave,False,After shave old spice,
8700216611046,1,skincare,douche,False,Old Spice Epic Legend 3-in-1 Douchegel,
8700216607421,1,skincare,deodorant,True,Old Spice Epic Legend Deodorant Stick,
8700216903868,1,skincare,deodorant,True,Old Spice Bearglove Deodorant Stick,
8700216232746,1,skincare,douche,False,Old Spice Rockstar 3-in-1 Douchegel,
8006540838914,1,skincare,douche,False,Old Spice Captain 3-in-1 Douchegel,
5000174440256,1,skincare,shave,False,White water after shave lotion,
4744183012158,1,skincare,exfoliant,False,Organic Shop Coffee & Limmonik Gentle Face Exfoliant,
8720674421582,1,skincare,toner,True,Kruidvat Derma Exfoliërende Toner,
3600542638289,1,skincare,booster,True,Garnier Vitamine C Glow Booster Liquid Care,
9356419000546,1,skincare,exfoliant,False,Growth Bomb Cleanse & Invigorate AHA Scalp Exfoliant,
4800119211658,1,skincare,exfoliant,False,vitamin exfoliant solution,
4021457654208,1,makeup,rouge à lèvres,True,rouge à lèvres rose,
8904023008673,3,haircare,shampoo,True,trichup herbal shampoo,
8720674126074,3,haircare,shampoo,True,Kruidvat Natures Repair Shampoo,De herstellende Kruidvat Natures Repair Shampoo met biologische avocado en biologische amandelolie voedt je haar intensief. De shampoo maakt je haar sterker waardoor het beschermd wordt.
4800888151704,1,haircare,shampoo,True,Clear (SPORTS) (SHAMPOO) (blue) 12ml,
5060472670809,1,haircare,curl,False,Curl Jelly Wash,
8700216928823,1,haircare,shampoo,True,Shampoo,
4056489826965,1,haircare,shampoo,True,Shampoo rosa groß,
10522769,1,haircare,shampoo,True,"Dog shampoo & conditioner 1,9L",
8720182568182,1,haircare,shampoo,True,Andrélon Pro Nature Rosemary Refresh Shampoo,
8901138851248,1,skincare,face wash,True,Himalaya Purifying Neem Face Wash,
8901030978753,1,skincare,sunscreen,True,Lakme 9To5 Sun Expert Sunscreen Lotion,
8901207004094,1,skincare,cleanser,True,Dabur Gulabari Rose Glow Face Cleanser,
8901012189504,1,skincare,face wash,True,Clean & Clear Foaming Face Wash,
8906008452846,1,skincare,eye cream,True,Almond under eye cream,
0381371177561,1,skincare,body wash,True,avenno stress relief body wash,
0079400053121,1,haircare,conditioner,True,dove nutritive solution intense repair conditioner,
9314807063573,1,skincare,collagen,False,Beauty collagen shot,
3600551186900,1,skincare,crème,False,crème lavante huile de coco,
3600551054490,2,skincare,gel douche,True,Gel douche,
0803954305104,1,haircare,conditioner,True,sirius groom conditioner for dogs,
0071164343555,1,haircare,conditioner,True,biotin conditioner,
0708002400520,1,haircare,conditioner,True,Aloe Vera Conditioner,
4987205000140,1,haircare,conditioner,True,Bigen Speedy Hair Colour Conditioner,
6281006617636,1,haircare,conditioner,True,Dove conditioner,
6281006534742,1,haircare,conditioner,True,tressemme botanic detox conditioner,
3474636920280,1,haircare,conditioner,True,Extreme Length Conditioner 4%,
6281006443617,1,haircare,conditioner,True,conditioner color protect,
6291069701661,1,haircare,conditioner,True,Vatika Coconut castor conditioner 2yrs prod,
6294019000005,1,haircare,conditioner,True,Soft wave kid conditioner,
8588006041279,1,haircare,conditioner,True,conditioner Argan oil,
0754604190451,1,haircare,conditioner,True,Spanish garden Roots energy conditioner,
0754604190314,1,skincare,serum,True,Serum growth conditioner,
0754604190604,1,haircare,conditioner,True,Spanish garden Dryness soothe conditioner,
0754604190444,1,haircare,conditioner,True,Spanish garden charcoal conditioner,
8201382877804,1,haircare,conditioner,True,aussie total miracle conditioner,
88126800000999,1,haircare,conditioner,True,Hatomugi skin conditioner,
0195893279944,2,haircare,conditioner,True,Deep conditioner,
6281006535039,1,haircare,conditioner,True,Conditioner botanix nourish and reflenish,
6281006444218,2,haircare,conditioner,True,Conditioner coconut,
6281006534971,1,haircare,conditioner,True,Keratin smooth and straight conditioner,
0802535479173,1,haircare,conditioner,True,leave in conditioner,
4068134111166,1,skincare,creme,False,Handcreme schnell einziehend,
3600542605625,1,skincare,vitamin c,False,Waschgel Vitamin C,
0603084548590,1,skincare,micellar,True,Micellar Cleansing Water,
0020714711979,1,makeup,concealer,True,Clinique Beyond Perfecting Foundation + Concealer 30ml,
8859870130018,1,skincare,calming,False,INGU Green Tea Calming Cream,
0086800102748,1,skincare,sunscreen,True,neutrogena mineral ultra sheer sunscreen,
4005900543561,1,skincare,deodorant,True,NIVEA Black & White Invisible Silky Smooth Antitranspirant Spray,Nivea Invisible For Black & White Silky Smooth Anti-Transpirant Deodorant Spray voorkomt zowel witte strepen op donkere kleding als gele vlekken in lichte kleding. De formule biedt 48 uur lang betrouwbare bescherming.
4005900457370,1,skincare,anti-transpirant,False,NIVEA Black & White Invisible Original Antitranspirant Spray,Je witte kleding blijft wit en je zwarte kleding zwart dankzij Nivea Invisible for Black & White Clear Anti-Transpirant Spray. De antitranspirant beschermt je oksels 48 uur lang tegen transpiratie en lichaamsgeur.
4005900599629,1,skincare,crème,False,NIVEA Cellular Expert Lift Anti-Age Nachtcrème,"De zachte, rijke textuur van de Nivea CELLular Filler +Elasticity 65+ Nachtcrème trekt gedurende de nacht in en herstelt en voedt je huid. Je huid voelt gelift en soepel aan."
4005900738707,1,skincare,spf,False,NIVEA Hydraterende Dagcrème met SPF30,"De Nivea Essentials Hydraterende Dagcrème versoepelt je huid met snel absorberende en langdurige hydratatie voor een zichtbaar en voelbaar zachte, frisse huid. En dat tot wel 24 uur lang!"
5900017084473,1,skincare,deodorant,True,NIVEA Pearl & Beauty Soft & Smooth Deodorant Spray,
42467168,1,skincare,spf,False,Nivea soft spf,
42349853,1,skincare,spf,False,NIVEA Sun Babies & Kids Sensitive Protect SPF50+ Zonnebrand Roll-on,NIVEA SUN Kids Sensitive SPF50 Roll-on biedt effectieve uv A- en uv B-bescherming tegen zonnebrand en lange termijn huidschade. De ongeparfumeerde formule is speciaal ontwikkeld voor de gevoelige kinderhuid.
4006000236698,1,skincare,spf,False,NIVEA Sun Babies & Kids Sensitive Protect SPF50+ Zonnebrandspray,
42243656,1,skincare,douche,False,NIVEA Men Energy Douchegel,"Verfris je lichaam en haar met de Nivea For Energy Douchegel. De douchegel met activerend mintextract geeft je een energiek en fris gevoel. Je kunt de douchegel gebruiken voor je gezicht, lichaam en haar."
8718951730700,1,skincare,deodorant,True,Sanex Derma Care+ Extra Control 72h Antitranspirant Deodorant Roller,
8718951793286,1,skincare,hydrating,False,Sanex Zero% Hydrating Douchegel,
8718951730151,1,skincare,deodorant,True,Sanex Derma Care+ Sensitive 72h Antitranspirant Deodorant Roller,
8718951727656,1,skincare,deodorant,True,Sanex Derma Care Protector 48H Antitranspirant Deodorantspray,Geniet van de frisse geur van Sanex Dermo Protector Spray. De milde spray gaat lichaamsgeurtjes tegen en laat je huid ademen. Je oksels voelen de hele dag droog aan.
8718951592704,1,skincare,douche,False,Sanex Men Skin Health Sensitive Care Douchegel,
8718951791602,1,skincare,deodorant,True,Sanex Total Freshness Whole Body Deodorant Spray,
8718951573109,1,skincare,douche,False,Sanex Zero% Nourishing Douchegel,
30197244,1,makeup,lipstick,True,Maybelline New York Maybe It's 104 Serum Lipstick,
3600531712686,1,makeup,concealer,True,Maybelline New York Lifter 65 Full Coverage Serum Concealer,
3600531712709,1,makeup,concealer,True,Maybelline New York Lifter 85 Full Coverage Serum Concealer,
3600531716332,1,makeup,foundation,True,Maybelline New York Lifter Plump & Glow 220 Foundation,
3600531716981,1,makeup,mascara,True,Maybelline New York Lash Sensational Body Waterproof Mascara,
3600531702281,1,makeup,eyeliner,True,Maybelline New York Tattoo Liner 103 Burgundy Boost Dip-Ink Liquid Eyeliner,
3600531698638,1,makeup,concealer,True,Maybelline New York Instant Eraser 159 Orange Color Correcting Concealer,
3600531691868,1,makeup,foundation,True,Maybelline New York Superstay 248 Lumi Matte Foundation,
3600531691851,1,makeup,foundation,True,Maybelline New York Superstay 250 Lumi Matte Foundation,
3600531698614,1,makeup,concealer,True,Maybelline New York Instant Eraser Green Color Correcting Concealer,
30189355,1,makeup,mascara,True,Maybelline New York Lash Sensational Sky High Plum Twilight Mascara,
3600531702083,1,makeup,foundation,True,Maybelline New York Lifter Stix 45 Foundation Stick,
30161146,1,makeup,lipstick,True,Maybelline New York SuperStay Vinyl Ink 170 Unafraid Longwear Liquid Lipstick,
30152434,1,makeup,primer,True,Maybelline New York Lash Sensational Sky High Tinted Primer,
5021044013455,1,makeup,mascara,True,Maybelline Volum'Express Black Waterproof Mascara,
5021044013332,1,makeup,mascara,True,Maybelline New York Volum'Express Black Mascara,
30152830,1,makeup,mascara,True,Maybelline New York Lash Sensational Sky High Cosmic Black Mascara,
30166387,1,makeup,gloss,True,Maybelline New York Lifter Plump 005 Peach Fever Lipgloss,
30152618,1,makeup,lipstick,True,Maybelline New York Superstay Vinyl Ink 110 Awestruck Lipstick,
3600531672379,1,makeup,foundation,True,Maybelline New York SuperStay 24H Skin Tint 10 Foundation,
30163799,1,makeup,mascara,True,Maybelline New York The Falsies Surreal Blackest Black Waterproof Mascara,
3600531666613,1,makeup,foundation,True,Maybelline New York SuperStay Up To 24HR 10 Hybrid Powder-Foundation,
30153226,1,makeup,lipstick,True,Maybelline New York SuperStay Vinyl Ink 55 Royal Lipstick,
3600531631116,1,makeup,lipstick,True,Maybelline New York SuperStay Matte Ink 325 Shot Caller Lipstick,
3600531549381,1,makeup,foundation,True,Maybelline New York Fit Me Matte & Poreless 107 Rose Beige Foundation,"Maybelline Fit Me Matte & Poreless 107 Rose Beige Foundation past bij de ondertoon en textuur van je huid en heeft een natuurlijke, matte finish."
3600530695966,1,makeup,lipstick,True,Maybelline New York SuperStay 24H 615 Soft Taupe Lipstick,Je lippen worden mooi gekleurd en verzorgd met Maybelline SuperStay 24HRS 615 Soft Taupe Lippenstift: een lipkleur en balsem ineen.
3600530695904,1,makeup,lipstick,True,Maybelline New York SuperStay 24H 510 Red Passion Lipstick,"Maybelline SuperStay 24H 510 Red Passion Lipstick is een 24 uur langhoudende lippenstift die de hele dag op z n plaats blijft. Biteproof, smudgeproof en kissproof, dus ook nog steeds mooi aan het einde van de dag."
3600530695881,1,makeup,lipstick,True,Maybelline New York Superstay 24h 444 Cosmic Coral Lipstick,"Maybelline SuperStay 24H 444 Cosmic Coral Lipstick is een 24 uur langhoudende lippenstift die ongekend lang op z n plaats blijft. Biteproof, smudgeproof en kissproof, dus ook nog steeds mooi na het eten, zoenen of afvegen van je mond."
3600531721015,1,makeup,gloss,True,Maybelline New York 05 Melon-ade Lifter Gel Lipgloss,
3600531720995,1,makeup,gloss,True,Maybelline New York 03 Passion Juice Lifter Gel Lipgloss,
3600531721008,1,makeup,gloss,True,Maybelline New York 04 Sugar Spritz Lifter Gel Lipgloss,
3600531720988,1,makeup,gloss,True,Maybelline New York 02 Blue Boba Lifter Gel Lipgloss,
3600531721046,1,makeup,gloss,True,Maybelline New York 08 Berry Twist Lifter Gel Lipgloss,
3600531721022,1,makeup,gloss,True,Maybelline New York 06 Strawberry Shake Lifter Gel Lipgloss,
3600531716349,1,makeup,foundation,True,Maybelline New York Lifter Plump & Glow 325 Foundation,
3600531716363,1,makeup,foundation,True,Maybelline New York Lifter Plump & Glow 336 Foundation,
3600531716431,1,makeup,foundation,True,Maybelline New York Lifter Plump & Glow 385 Foundation,
3600531716219,1,makeup,foundation,True,Maybelline New York Lifter Plump & Glow 90 Foundation,
3600531716288,1,makeup,foundation,True,Maybelline New York Lifter Plump & Glow 118 Foundation,
30197237,1,makeup,lipstick,True,Maybelline New York Maybe It's Satin Serum Lipstick,
30197176,1,makeup,lipstick,True,Maybelline New York Maybe It's Matte Serum Lipstick,
3600531712822,1,makeup,bb cream,True,Maybelline New York Fit Me SPF50 70 Nude BB Cream,
3600531718305,1,haircare,blonde,False,Maybelline New York Express Brow 02 Blonde Shaping Pencil,
4580632110354,1,haircare,shampoo,True,Diane Extra Fresh&Hydrate Shampoo 50ml,
5905397014522,1,haircare,shampoo,True,BENO Shampoo Lablador,
5901742001247,1,haircare,shampoo,True,SEIDEL Shampoo z chlorhexydyną i ketokonazolem,
4806515161566,1,haircare,shampoo,True,keratin shampoo (p),
0037000808053,2,skincare,deodorant,True,Outlast Antiperspirant/ Deodorant Completely Clean,
3760100680355,1,skincare,aloe vera,False,Gommage aloe vera Evoluderm,
4056489746713,1,skincare,serum,True,serum facial,
4305615826912,1,skincare,creme,False,Handcreme Repair,
3474636858002,1,skincare,serum,True,Genesis Anti-Hairfall Serum,
5397297985352,1,skincare,firming,False,Firming mask,
8411135005037,1,skincare,aloe vera,False,Jabón de manos aloe vera,
3614274042870,1,skincare,creme,False,körpercreme,
8901138819972,1,skincare,scrub,False,Himalaya brightening daily scrub,
5060472671417,2,haircare,conditioner,True,Umberto Giannini Coily Curls Moisture Drench Conditioner,
8700216533072,1,haircare,shampoo,True,DermaXPro by Head & Shoulders Sensitive Antiroosshampoo,
8006530035644,1,haircare,shampoo,True,Head & Shoulders Sensitive Antiroosshampoo,
8006530034562,1,haircare,shampoo,True,Head & Shoulders Intense Hydration Antiroosshampoo,
8006530035477,1,haircare,shampoo,True,Head & Shoulders Citrus Fresh Antiroosshampoo,
8006530035330,1,haircare,shampoo,True,Head & Shoulders Jeukende Hoofdhuid Antiroosshampoo,
8006530004626,1,haircare,shampoo,True,Head & Shoulders Classic Antiroosshampoo,
8006530004107,1,haircare,shampoo,True,Head & Shoulders Classic Antiroosshampoo,
8006530004480,1,haircare,shampoo,True,Head & Shoulders Classic 2-in-1 Antiroosshampoo,Head & Shoulders Classic 2-in-1 Anti-Roos Shampoo Met Conditioner reinigt je haar en zorgt ervoor dat het mooi gehydrateerd is.
8700216532440,1,haircare,shampoo,True,DermaXPro by Head & Shoulders Kalmeert Antiroosshampoo,
8006530174077,1,haircare,shampoo,True,Head & Shoulders Dik & Sterk Antiroosshampoo,
8006530034319,1,haircare,shampoo,True,Head & Shoulders Anti-Haaruitval Antiroosshampoo,
8006530035514,1,haircare,shampoo,True,Head & Shoulders Apple Fresh Antiroosshampoo,
8006530035316,1,haircare,shampoo,True,Head & Shoulders Citrus Fresh 2-in-1 Antiroosshampoo,"Head & Shoulders Citrus Fresh 2-in-1 Anti-Roos Shampoo Met Conditioner reinigt vet haar en een vette hoofdhuid voor een fris gevoel en een blijvende, heerlijke citrusgeur."
8006530035385,1,haircare,shampoo,True,Head & Shoulders Jeukende Hoofdhuid 2-in-1 Antiroosshampoo,Head & Shoulders Jeukende Hoofdhuid 2-in-1 Anti-Roos Shampoo Met Conditioner verlicht een jeukende hoofdhuid veroorzaakt door roos en geeft een verfrissend gevoel.
4335619267565,1,haircare,shampoo,True,Shampoo,
4335619074064,4,skincare,anti-transpirant,False,Anti-transpirant extra dry,
4056489714743,1,skincare,aloe vera,False,Kosmetiktücher mit Aloe Vera-Duft,
4056489345879,2,skincare,creme,False,Tagescreme,
4056489236078,1,skincare,spf,False,Tagespflege,
4056489827207,1,haircare,shampoo,True,Kindershampoo Junge,
4056489994145,1,haircare,shampoo,True,Shampoo,
4335619063440,1,skincare,deodorant,True,Deodorant,
4335619124769,1,skincare,hand cream,True,Cien hand cream,
8712561536684,1,skincare,deodorant,True,Rexona Women Maximum Protection Sport Strength Antitranspirant Cream Stick,Voel je 48 uur lang beschermd tegen transpiratie met Rexona Women Maximum Protection Sport Strength Deodorant Stick. Deze deodorant is zeer geschikt om overmatige transpiratie tijdens het sporten tegen te gaan.
01333151,1,skincare,deodorant,True,Rexona Men Advanced Protection Cobalt Dry Antitranspirant Deodorant Roller,
01307083,1,skincare,deodorant,True,Rexona Men Advanced Protection Quantum Dry Antitranspirant Deodorant Spray,
8901314013194,2,makeup,powder,False,Colgate toothpowder,
6920354838996,1,haircare,laque,True,Toothpaste Plaque Pro Release,
6902395501992,1,skincare,micellar,True,Garnier Micellar Water,
3600542663021,1,skincare,hydrating,False,Garnier Vitamine C Fresh & Bright Hydrating Sorbet Cream,
3600542315340,1,haircare,shampoo,True,Garnier Fructis Papaya Hair Food Shampoo,
3600542315395,1,haircare,conditioner,True,Garnier Fructis Nourishing Banana Hair Food Conditioner,
3600542461689,3,haircare,shampoo,True,GERECYCLED 100% RECYCLEBAAR GARNIER Loving Blends,Dagelijks gebruik van Garnier Loving Blends Milde Haver Shampoo maakt je haar zachter en soepeler. Je hoofdhuid is onmiddellijk gekalmeerd en minder gevoelig.
3600542315357,1,haircare,shampoo,True,Garnier Fructis Quenching Aloe Vera Hair Food Shampoo,
3600542315388,1,haircare,shampoo,True,Garnier Fructis Nourishing Banana Hair Food Shampoo,
3600542528146,1,haircare,conditioner,True,Garnier Fructis Pineapple Hair Food Conditioner,
5037156298444,1,haircare,shampoo,True,John Frieda Frizz Ease Dream Curls Shampoo,"Versterk je natuurlijke krullen met John Frieda Frizz-Ease Dream Curls Shampoo. De hydraterende shampoo voedt je haar en bestrijdt pluis, waardoor je krullen er fantastisch en veerkrachtig uitzien."
3600524148881,1,haircare,shampoo,True,L'Oréal Paris Elvive Multivitamines 2-In-1 Shampoo,"Heb je normaal haar en zoek je een shampoo die je haar kracht en glans geeft? L'Oréal Paris Elvive Multivitamines 2-in-1 Verzorgende Shampoo bevat Provitamine B5, PP en E, welke je haar sterk, glanzend en veerkrachtig maken."
4008666211637,1,haircare,shampoo,True,Alpecin Cafeïne Shampoo,Alpecin Cafeïne Shampoo stimuleert je haargroei direct in de wortels. Het werkzame cafeïne-complex gaat actief haaruitval tegen.
8720181766237,1,haircare,shampoo,True,Neutral 0% Parfumvrije Shampoo,"Neutral Normal Parfumvrije Shampoo maakt je haar zacht en soepel zonder je hoofdhuid te irriteren. Neutral, dat voelt goed!"
3600524149567,1,haircare,shampoo,True,L'Oréal Paris Elvive Extraordinary Oil Shampoo,"L'Oréal Paris Elvive Extraordinary Oil Shampoo is een voedende verzorging met olie-extracten die je haar laat glanzen zonder het te verzwaren, speciaal voor droog haar."
4072600221556,1,haircare,shampoo,True,Guhl Structuurherstel Shampoo,"Herstel je breekbare en beschadigde haar met Guhl Rijke Voeding Shampoo. De shampoo beschermt, herstelt en versterkt je haar intensief."
4072600221600,1,haircare,shampoo,True,Guhl Heerlijke Verzorging Shampoo,Verwen en verzorg je haar op milde wijze met Guhl Heerlijke Verzorging Shampoo. Hierdoor voelt het zijdezacht en gezond aan. De shampoo met perzikolie is geschikt voor normaal haar.
4072600221617,1,haircare,shampoo,True,Guhl Langdurig Volume Shampoo,"Was je fijne of futloze haar met Guhl Langdurig Volume Shampoo om het langdurig volume, veerkracht en stevigheid te geven, vanaf de aanzet tot in de punten."
4072600221624,1,haircare,shampoo,True,Guhl Antiroosshampoo,Bescherm je haar langdurig tegen roos met Guhl Anti-Roos Shampoo. De shampoo verwijdert roos en voorkomt dat er nieuwe roos ontstaat. Guhl Anti-Roos shampoo reguleert de natuurlijke balans van je hoofdhuid.
4072600221648,1,haircare,shampoo,True,Guhl Gevoelige Hoofdhuid Shampoo,"Verzorg je droge, geïrriteerde hoofdhuid op zeer milde wijze met deze Guhl Gevoelige Hoofdhuid Shampoo. De shampoo bevat witte thee en watermunt."
4072600421574,1,haircare,shampoo,True,Guhl Intensieve Stevigheid Shampoo,Versterk je futloze of fijne haar vanaf de haarwortel met Guhl Stevigheid Shampoo. Je haar voelt voller en steviger aan en heeft zichtbaar meer volume.
5037156097603,1,haircare,shampoo,True,John Frieda Sheer Blonde Go Blonder Lightening Shampoo,Licht je blonde haar geleidelijk op met de John Frieda Sheer Blonde Go Blonder Lightening Shampoo.
3600524149949,1,haircare,shampoo,True,L'Oréal Paris Elvive Dream Lengths Shampoo,"L'Oréal Paris Elvive Dream Lengths Shampoo is verrijkt met plantaardige keratine, vitamines en castorolie. Voor intens herstel van de lengtes, zonder te verzwaren."
3600523683277,1,haircare,shampoo,True,L'Oréal Paris Color-Vive Purple Shampoo,"Blond, grijs, zilver of highlights? Go purple! De formule van L'Oréal Paris Color-Vive Purple Shampoo bevat paarse pigmenten en vermindert de ongewenste gele en oranje ondertonen in je haar."
3600542460743,1,haircare,shampoo,True,Garnier Loving Blends Avocado-olie & Sheaboter Shampoo,Garnier Loving Blends Avocado Olie en Karité Boter Shampoo voedt je haar van de haaraanzet tot de punten. Het maakt je haar soepel en makkelijk in model te brengen. Geniet van de heerlijke crèmetextuur die je haar niet verzwaart.
3600542462259,1,haircare,shampoo,True,Garnier Loving Blends Honing Goud Herstellende Shampoo,Het herstellende recept van deze Garnier Loving Blends Honing Goud Shampoo voor beschadigd of breekbaar haar voedt en versterkt je haar. Je haar is makkelijker in model te brengen.
3600524149918,1,haircare,shampoo,True,L'Oréal Paris Full Resist Power Shampoo,De oplossing bij verzwakt haar dat de neiging heeft uit te vallen? Geef je haar zijn natuurlijke kracht terug met deze L'Oréal Paris Full Resist Shampoo.
5037156297690,1,haircare,shampoo,True,John Frieda Violet Crush Intensive Purple Shampoo,"John Frieda Violet Crush Intense Shampoo neutraliseert de ongewenste gele gloed en geeft je haar een platinum cool blonde tint, en dat al na één wasbeurt."
5410091775568,1,haircare,shampoo,True,Syoss Men Intense Power Deep Caring Shampoo,Syoss Men Power Shampoo voor normaal haar versterkt je haar. De high-performance formule met toegevoegde cafeïne stimuleert je haarwortels en activeert je haargroei.
8720182568144,1,haircare,shampoo,True,Andrélon Pro Nature Bamboo Volume Boost Shampoo,
8720182568199,1,haircare,shampoo,True,Andrélon Pro Nature Shea Strong Repair Shampoo,
3600524149871,1,haircare,shampoo,True,L'Oréal Paris Elvive Hyaluron Pure Zuiverende Shampoo,
4008666224910,1,haircare,shampoo,True,Alpecin Grey Attack Shampoo,
4072600703564,1,haircare,shampoo,True,Guhl Kracht & Volume Shampoo,
8720181576683,1,haircare,shampoo,True,Andrélon Stralend Blond Verhelderende Shampoo,
8720181576621,1,haircare,shampoo,True,Andrélon Extra Glans Glansversterkende Shampoo,
8720181576669,1,haircare,shampoo,True,Andrélon Intense Repair Herstellende Shampoo,
8720181576645,1,haircare,shampoo,True,Andrélon Zilver Care Kleurcorrigerende Shampoo,
8720181576690,1,haircare,shampoo,True,Andrélon Perfecte Krul Verzorgende Shampoo,
8720181576713,1,haircare,shampoo,True,Andrélon Iedere Dag Shampoo,
8720181576720,1,haircare,shampoo,True,Andrélon 2-in-1 Shampoo en Conditioner,
3331300062632,1,makeup,blush,True,3331300062632,Verfris je haar met de Batiste Blush Droogshampoo. Deze droogshampoo met een bloemige geur blaast futloos haar nieuw leven in. De spray geeft je haar volume en textuur.
3600524149857,2,haircare,conditioner,True,conditioner,
4072600121405,1,haircare,conditioner,True,Guhl Structuurherstel Conditioner,Verzorg je breekbare en beschadigde haar met Guhl Rijke Voeding Crème-Conditioner om de structuur te herstellen. De crème vormt een beschermend laagje om je haar. Je haar valt soepel en is makkelijk doorkambaar.
5037156298284,1,haircare,frizz,False,John Frieda Frizz Ease Dream Curls Curl Reviver Mousse,Geef je futloze slagen en krullen weer veerkracht met John Frieda Frizz Ease Curl Reviver Styling Haarmousse. De mousse houdt je pluizige haar onder controle en geeft je haar glans.
5037156298512,1,haircare,conditioner,True,John Frieda Frizz Ease Dream Curls Curl-Defining Conditioner,"Versterk je natuurlijke krullen met John Frieda Frizz-Ease Dream Curls Conditioner. De conditioner voedt je haar en bestrijdt pluis, waardoor je krullen er fantastisch en veerkrachtig uitzien."
8710847951022,1,haircare,shampoo,True,Andrélon Special Verrassend Volume Droogshampoo,Andrélon Special Verrassend Volume Droogshampoo is ontwikkeld voor slap of futloos haar dat tussen de wasbeurten door een opfrisbeurt kan gebruiken.
8710847951039,1,haircare,shampoo,True,Andrélon Special Langer Fris Droogshampoo,Andrélon Special Langer Fris Droogshampoo is ontwikkeld om haar dat snel vet wordt langer fris te houden.
3600524150013,1,haircare,conditioner,True,L'Oréal Paris Elvive Color Vive Kleurbeschermende Conditioner,"L'Oréal Paris Elvive Color Vive conditioner werkt op de drie dimensies van gekleurd haar: gebruik van de conditioner houdt de kleur langer mooi, beschermt het haar tegen schadelijke invloeden van buitenaf en verlengt de glans."
8710908887796,1,haircare,shampoo,True,Andrélon Pink Big Volume Droogshampoo,Voor big volume en een frisse look! Andrélon Pink Big Volume Droogshampoo geeft je haar direct meer volume en laat het er (weer) fris uitzien.
3600524149932,1,haircare,conditioner,True,L'Oréal Paris Elvive Dream Lengths Conditioner,"L'Oréal Paris Elvive Dream Lengths Conditioner is verrijkt met plantaardige keratine, vitamines en castorolie. De conditioner ontwart je haar en zorgt voor minder haarbreuk."
3600542461894,1,haircare,conditioner,True,Garnier Loving Blends Argan- & Cameliaolie Conditioner,"Garnier Loving Blends Argan- & Cameliaolie Conditioner maakt je haar glanzend, soepel, intens zacht en makkelijker in model te brengen. De verfijnde textuur omhult je haar met een heerlijke geur van noten en bloemen."
8710847951008,1,haircare,shampoo,True,Andrélon Special Kokos Boost Droogshampoo,Andrélon Kokos Boost Droogshampoo is verrijkt met kokosolie. De droogshampoo dringt door tot in de haarvezel waardoor je haar wordt gevoed en overtollig vet bij de haargrens wordt opgenomen.
3600524149901,1,haircare,conditioner,True,L'Oréal Paris Full Resist Power Conditioner,De oplossing bij verzwakt haar dat de neiging heeft uit te vallen? Geef je haar zijn natuurlijke kracht terug met deze L'Oréal Paris Full Resist Crèmespoeling.
8710847938627,1,haircare,shampoo,True,Andrélon Special Fris & Zuiver Droogshampoo,Wil je zonder je haren te wassen toch een frisse look te krijgen? Gebruik Andrélon Fris & Zuiver Droogshampoo. In een handomdraai is je haar weer luchtig en gemakkelijk te stylen.
3600523965984,1,haircare,conditioner,True,L'Oréal Paris Elvive Dream Lengths Conditioner,
3600524149598,1,haircare,shampoo,True,L'Oréal Paris Elvive Hydra Hyaluronic Hydraterende Shampoo,
3600524196479,1,skincare,booster,True,L'Oréal Paris Elvive Fiber Booster Anti-Haaruitval Shampoo,
8720181576706,1,haircare,shampoo,True,Andrélon Levendige Kleur Kleurverzorgende Shampoo,
8720181576614,1,haircare,shampoo,True,Andrélon Oil & Care Voedende Shampoo,
8720181576652,1,haircare,shampoo,True,Andrélon Kokos Volume Boost Volumegevende Shampoo,
8720181576676,1,haircare,shampoo,True,Andrélon Levendig Lang Versterkende Shampoo,
8720181645358,1,skincare,serum,True,Andrélon Oil & Care 5-in-1 Serum,
8720181619397,1,haircare,conditioner,True,Andrélon Perfecte Krul Conditioner,
8720181619359,1,haircare,conditioner,True,Andrélon Intense Repair Conditioner,
8720181619373,1,haircare,conditioner,True,Andrélon Levendig Lang Conditioner,
8720181619304,1,haircare,conditioner,True,Andrélon Oil & Care Conditioner,
8720181619403,1,haircare,conditioner,True,Andrélon Levendige Kleur Conditioner,
8720181619335,1,haircare,conditioner,True,Andrélon Extra Glans Conditioner,
8720181619380,1,haircare,conditioner,True,Andrélon Stralend Blond Conditioner,
3600524149604,1,haircare,conditioner,True,L'Oréal Paris Elvive Hydra Hyaluronic Hydraterende Conditioner,
8700216532556,1,haircare,conditioner,True,DermaXPro by Head & Shoulders Kalmeert Conditioner,
4072600266441,1,haircare,shampoo,True,Guhl Men Vol & Sterk Shampoo,
5037156299267,1,haircare,shampoo,True,John Frieda Profiller+ Shampoo,
8720182568151,1,haircare,conditioner,True,Andrélon Pro Nature Bamboo Volume Booste Conditioner,
8720182568205,1,haircare,conditioner,True,Andrélon Pro Nature Shea Strong Repair Conditioner,
3600524127916,1,haircare,shampoo,True,Elvive Ultimate Glycolic Gloss Shampoo,
3600524189877,1,skincare,serum,True,L'Oréal Paris Elvive Fiber Booster Anti-Haaruitval Serum,
8720181619342,1,haircare,conditioner,True,Andrélon Kokos Volume Boost Conditioner,
8720181701382,1,haircare,shampoo,True,Andrélon Men Antiroosshampoo,
8720182568168,1,haircare,shampoo,True,Andrélon Pro Nature Coco Curl Creation Shampoo,
8720182568175,1,haircare,conditioner,True,Andrélon Pro Nature Coco Curl Creation Conditioner,
8720674231181,1,haircare,shampoo,True,Kruidvat Derma Kalmerend Shampoo,
3600524190033,1,skincare,booster,True,L'Oréal Paris Elvive Fiber Booster Anti-Haaruitval Conditioner,
8720181619366,1,haircare,conditioner,True,Andrélon Zilver Care Conditioner,
8720181576744,1,haircare,shampoo,True,Andrélon Men Hair & Body Shampoo en Showergel,
8720181576638,1,haircare,shampoo,True,Andrélon Antiroosshampoo,
8720181027758,1,skincare,deodorant,True,Axe Ice Chill Deodorant Bodyspray,Axe Ice Chill Anti-Transpirant Spray omringt je met de frisheid van bevroren munt en limoen. Deze anti-transpirant voor mannen houdt je 48 uur lang droog.
3059944026741,3,skincare,crème,False,Veet Minima Ontharinsgcrème,"De formule van de Veet Minima Ontharinsgcrème voor de gevoelige huid bevat minder chemische ingrediënten dan andere ontharingscrèmes. De crème is geschikt voor je benen, armen, oksels en je bikinilijn."
8720181418402,2,skincare,deodorant,True,Axe Fine Fragrance Black Vanilla Deodorant Bodyspray,
5410036138496,2,skincare,aloe vera,False,Dettol,Voorkom verspreiding van bacteriën met deze vloeibare handzeep. De Dettol No Touch Aloe Vera Handzeep Navulling bevat hydraterende aloë vera-extracten en is speciaal geschikt voor de automatische Dettol No Touch Zeepdispenser.
5704947004149,1,skincare,crème,False,O'Keeffe's Working Hands Handcrème,Last van extreem droge handen? Gebruik dan O'Keeffe's Working Hands Handcrème. De handcrème verlicht en herstelt je huid binnen enkele dagen.
8714319937989,2,skincare,crème,False,Glycerona Classic Handcrème,"Verzorg en verzacht je handen met Glycerona Classic Handcrème.  De handcrème herstelt de ruwe en schrale huid, maar is ook geschikt voor uitgedroogde handen en bij kloofjes."
8710537043273,1,skincare,spf,False,Biodermal Hydraplus SPF50+ Zonnespray,Biodermal Hydra Plus SPF50+ Zonnespray is speciaal ontwikkeld voor de bescherming van je gezicht. De geavanceerde en fotostabiele uv A- en uv B-filters zorgen voor een onmiddellijke bescherming.
8720181296635,1,skincare,deodorant,True,Dove Men+Care Advanced 0% Clean Comfort Deodorant Spray,"Dove Men+Care Clean Comfort 0% Aluminiumzouten Deodorant Spray is hard tegen zweet, maar zacht voor je huid. De deo bevat geen aluminiumzouten en geen alcohol."
8720181029325,1,skincare,deodorant,True,Axe Leather & Cookies Deodorant & Bodyspray,"Axe Collision Leer + Koekjes Deodorant & Bodyspray houdt je de hele dag fris. Ja, het is echt waar. Nee, we zijn niet gestoord. En ja, het ruikt fantastisch!"
8712207080250,2,haircare,wave,False,cb12,Behandel en voorkom een slechte adem met CB12 Regular Mondwater. CB12 voorkomt tot wel 12 uur lang de vorming van stinkende zwavelgassen in je mond.
8720181058004,1,skincare,deodorant,True,Axe Dark Temptation Antitranspirant Spray,Axe Dark Temptation Bodyspray Deodorant waarbij het effect van chocolade magisch is. AXE Dark Temptation met de geur van pure chocolade maakt jou even onweerstaanbaar als chocolade.
8720181608308,1,skincare,douche,False,Dove Advanced Care Replenishing Dragonfruit & Coconut Cream Douchegel,
8720181573552,1,skincare,douche,False,Dove Men+Care Sandalwood & Vanilla 3-in-1 Douchegel,
8719325558272,1,skincare,shower gel,True,Marcel’s Green Soap Mimosa & Blackcurrant Shower Gel,
8720181284885,1,skincare,deodorant,True,Dove Men+Care Advanced Cool Fresh Antitranspirant Spray,"Bescherm jezelf 48 uur lang tegen transpiratie met Dove Men+Care Cool Fresh Deodorant Spray. Deze spray werkt hard tegen zweet, geeft een koel en fris gevoel en is zacht voor de huid."
8720674232560,1,skincare,crème,False,Kruidvat Derma Herstellende Handcrème,
8710447279779,1,skincare,body wash,True,body wash,"Was jezelf met Axe Apollo Douchegel om de hele dag lekker te ruiken. Deze douchegel geeft je een klassieke mannelijke geur dankzij de combinatie van groen fruit, sandelhout en salie."
8711600604339,1,haircare,volume,False,Andrélon Styling Verrassend Volume Mousse,Met Andrélon Classic Verrassend Volume Styling Haarmousse valt je haar vol en luchtig en heeft langdurig volume. De mousse geeft natuurlijke versteviging aan je haar.
8712561170130,1,haircare,volume,False,Andrélon Classic Verrassend Volume Haarspray,Andrélon Classic Verrassend Volume Styling Haarspray zorgt voor een volume-effect vanaf de haaraanzet zodat je haar een volle en luchtige uitstraling krijgt. De formule geeft een extra hold.
8716539000306,1,skincare,deodorant,True,Do2 Deodorant Spray,"Bescherm je lichaam 24 uur lang tegen ongewenste geurtjes met Do2 Deodorant Spray. Deze deodorant is huid- en milieuvriendelijk. Je kunt de deodorant ook gebruiken als handen- en voetenspray, intiemspray en om lichte wondjes te helen."
3059944021197,1,skincare,crème,False,Veet Minima Ontharingscrème voor de Gevoelige Huid,"Je huid blijft tot een week lang glad met deze Veet Benen & Lichaam Ontharingscrème voor de Gevoelige Huid. De ontharingscrème werkt tot op de haarwortel, zelfs bij korte haartjes. Je huid voelt zijdezacht aan."
8720181546495,1,skincare,deodorant,True,Axe Africa Deodorant & Bodyspray,Axe Africa Bodyspray Deodorant is een exotische geur die je zintuigen stimuleert. Zo ruik jij onweerstaanbaar lekker tijdens jouw wildste avonturen.
8718951591950,1,skincare,essence,True,Palmolive Aroma Essence Ultimate Relax Douchegel,"Gun jezelf een moment van ontspanning met Palmolive Aroma Sensations So Relaxed Douchegel. Ervaar de heerlijke combinatie van lavendel, ylang-ylang, en kardemom en laat de omhullende geur je inpalmen tijdens het douchen."
8720181291791,1,skincare,deodorant,True,Dove Advanced Care Go Fresh Pomegranate & Lemon Verbena Antitranspirant Deodorant Spray,Frisse en verzorgde oksels? Met Dove Women Go Fresh Pomegranate Deodorant Spray kan het allebei. Door de geur van granaatappel en citroen ruik je lekker fris. Tegelijkertijd voedt de hydraterende crème je huid.
5410091719470,1,skincare,deodorant,True,Fa Relaxing Luxurious Viola Deodorant Spray,"Geniet van de frisse, sensuele geur van Fa Luxurious Moments Deodorant Spray. De spray beschermt je langdurig tegen transpiratiegeur en laat geen witte strepen achter. Door de mysterieuze geur van jadebloesem ruik je de hele dag fris."
8714319235870,1,skincare,deodorant,True,Therme Zen White Lotus Extra Dry Antitranspirant Spray,"Pak transpiratieproblemen aan met Therme Anti-Transpirant Zen White Lotus Deodorant Verstuiver. De deodorant bevat effectieve werkstoffen, waardoor je huid de hele dag droog en fris aanvoelt."
8720181564734,1,skincare,deodorant,True,Dove Advanced Care Antitranspirant Original Deodorant Spray,Dove Original Deodorant Spray voor een voelbaar zachtere en zichtbaar gladdere huid.
8720181291609,1,skincare,deodorant,True,Dove Advanced Care Invisible Dry Antitranspirant Deodorant Spray,Dove Invisible Dry Deodorant Spray beschermt je kleding tegen witte strepen en gele vlekken.
8710919116410,1,haircare,hairspray,True,Proset Classic Mega Strong Haarspray,Houd je creatieve kapsel langdurig in model met Proset Classic Mega Strong Hairspray. De spray geeft je haar langdurig volume en een mooie glans. Je haar ziet er sterk en gezond uit.
8410412120531,1,skincare,spf,False,Babaria Bronze SPF30 Sun Protection Spray,
8410412490115,1,skincare,spf,False,Babaria Exotic Bronze SPF0 Tanning Jelly,
8410412490122,1,skincare,spf,False,Babaria Sun Reflections SPF15 Tanning Jelly,
8410412120524,1,skincare,spf,False,Babaria Bronze Fotoprotector SPF50 Sun Protection Oil Spray,
8886467049842,1,skincare,hygiene,False,Hand Hygienespray,
4005900599599,1,skincare,bakuchiol,False,NIVEA Cellular Expert Lift Bakuchiol Anti-Age SPF30 Dagcrème,De formule van Nivea CELLular Filler +Elasticity 65+ Dagcrème vult bij regelmatig gebruik onmiddelijk rimpels. De crème verbetert de elasticiteit en verstevigt je huid.
4005900901170,1,makeup,foundation,True,NIVEA Cellular Expert Finish 03 Medium Dark SPF15 3-In-1 Care Cushion Foundation,
9005800299907,1,skincare,visage,False,NIVEA Refreshing Micellair Water,"De 3-in-1 formule van het Nivea Visage Essentials Verfrissend & Verzorgend Micellair Water verwijdert gemakkelijk oogmake-up, reinigt het hele gezicht en verzacht de huid. Wrijven en afspoelen is niet nodig."
4006000249209,1,haircare,volume,False,NIVEA Hold 4 Volume Care Styling Spray,"Fixeer je haar extra lang met Nivea Volume Care Spray. De spray verdubbelt het volume van je haar, van de wortel tot de punten, terwijl het natuurlijk zacht blijft aanvoelen."
20546489,1,skincare,creme,False,Sonnencreme 30,
4056489236283,1,skincare,creme,False,Cremedusche,
4056489708568,1,skincare,creme,False,Cremeseife OLIve,
4056489753575,1,skincare,creme,False,Hautschutzcreme,
8720181836190,1,skincare,deodorant,True,Dove Men+Care Advanced Active Comfort FIFA Edition Antitranspirant Deodorant Spray,
8712172864084,1,skincare,deodorant,True,Deoleen Sensitive Antitranspirant met Pomp,"Deoleen Sensitive Deodorant Spray voorkomt 24 uur lang overmatige transpiratie en onaangename geurtjes. De spray is hypoallergeen, bevat 0% parfum en 0% alcohol en is geschikt voor de zeer gevoelige huid."
8714319260513,1,skincare,deodorant,True,Therme Zen White Lotus Antitranspirant Spray,Ga onaangename zweetgeurtjes tegen met deze Therme Zen White Lotus Deodorant Spray. Geniet van de romantische geur van de witte lotus. De deodorant laat geen witte strepen achter.
8714319260414,1,skincare,deodorant,True,Therme Bali Flower Antitranspirant Spray,"Bestrijd transpiratiegeur en overmatige vochtvorming effectief met deze Therme Saigon Pink Lotus Deodorant Spray. Geniet van de heerlijke bloemengeur van vanille, orchidee en jasmijn. De deodorant laat geen witte strepen achter."
8714319235818,1,skincare,deodorant,True,Therme Sensitive 24H Antitranspirant Spray,De gevoelige huid van je oksels blijft droog dankzij Therme Anti-Transpirant Deodorant Spray voor de Gevoelige Huid. De spray is zacht voor je huid en heeft een subtiele geur.
8718951730267,1,skincare,deodorant,True,Sanex Derma Care+ Active Freshness 72h Antitranspirant Deodorant Roller,
8718951729476,1,skincare,deodorant,True,Sanex Dermo Invisible 24-Uur Antitranspirant Spray,Voorkom witte strepen in je kleding en onaangename lichaamsgeurtjes met Sanex Dermo Invisible Deodorant Spray. De spray beschermt je 24 uur tegen transpiratie en laat je huid ademen.
8720181443572,1,skincare,deodorant,True,Dove Advanced Care Go Fresh Peach & White Blossom Antitranspirant Deodorant Spray,
8720181057960,1,skincare,deodorant,True,Axe Black Antitranspirant Spray,"Axe Black Anti-Bodyspray Deodorant voor wanneer de hele wereld luider wordt en meer gaat schreeuwen, kan je mee gaan schreeuwen OF. Je kiest ervoor om te vallen door subtiel en verfijnd te zijn. Less is more."
8714319235832,1,skincare,deodorant,True,Therme Sensitive 24H Antitranspirant Roller,"Deze Therme Anti-Transpirant Sensitive Deodorant Roller beschermt je 24 uur tegen transpiratie en transpiratiegeur. De deo-roller laat geen witte strepen achter, is dermatologisch getest en geschikt voor de gevoelige huid."
4021457637454,1,skincare,body lotion,True,Body Lotion straffend Q10,
8993002010981,1,skincare,body lotion,True,Scarlett Fragrance Brightening Body Lotion Happy,
8904109400049,1,skincare,body lotion,True,Patanjali Body Lotion,
5704947017613,1,skincare,body lotion,True,O'Keeffe's Hand & Body Lotion,
8888202057532,1,skincare,body lotion,True,"Body lotion beautiful, 750ml.enchanteur",
7888247026808,1,skincare,body lotion,True,"Body lotion alluring,250ml.Enchanter",
0019100219304,1,skincare,body lotion,True,"Body lotion ultra healing,600ml.Juergens",
0019100219298,1,skincare,body lotion,True,Body lotion musk.600ml.jergens,
8901088769402,1,skincare,body lotion,True,Body lotion,
8901248126359,1,skincare,body lotion,True,Boroplus Body Lotion 400 ml Liquid,
8906008458817,1,skincare,body lotion,True,vlcc body lotion 350ml,
6858475411470,1,skincare,body lotion,True,cosmo body lotion,
8904293723566,1,skincare,body lotion,True,cara mia cocoa & shea butter body lotion,
6296023171313,1,skincare,body lotion,True,maryam body lotion,
0667557112541,2,skincare,body lotion,True,Bath & Body Works Aromatherapy Eucalyptus + Spearmint Moisturizing Body Lotion,
8718951729285,1,skincare,deodorant,True,Sanex Derma Care+ Extra Control 72H Antitranspirant Deodorant Spray,
0055742549133,1,skincare,body lotion,True,Compliments Cocoa Butter Body Lotion,
8718951767560,1,skincare,douche,False,Sanex Expert Skin Health+ Skin Therapy Anti-irritatie Doucheolie,
6281006506596,1,skincare,body lotion,True,Vaseline perfect 10 body lotion 200ml,
8718951767539,1,skincare,creme,False,Sanex Expert Skin Health+ Skin Therapy Anti-Droogheid Douchecreme,
8720674458038,1,skincare,ceramide,False,Kruidvat Ceramide Protect Crème,
0019100208414,1,haircare,smoothing,False,jergens smoothing,
8720181645365,1,haircare,leave-in,True,Andrélon Perfecte Krul Rijk voedende Leave-in Haarcrème,
8720181645372,1,haircare,leave-in,True,Andrélon Perfecte Krul Lichtgewicht Leave-in Haarcrème,
8720181645396,1,haircare,leave-in,True,Andrélon Levendig Lang Leave-in Haarcrème,
8720181645402,1,haircare,leave-in,True,Andrélon Oil & Care Leave-in Haarcrème,
8718951728615,1,skincare,deodorant,True,Sanex Derma Care Protector 48h Antitranspirant Deodorant Roller,
8720674426280,1,skincare,scrub,False,Kruidvat Natures 2-in-1 Soap & Scrub Shower Bar,
8718951727564,1,skincare,deodorant,True,Sanex Derma Care+ Sensitive 72h Antitranspirant Deodorant Spray,
8720181827976,1,skincare,douche,False,Axe Fine Fragrance Cherry Fizz Douchegel,
8720181594823,1,skincare,deodorant,True,Dove Whole Body Raspberry & Rose Deodorant Stick,
8720181596513,1,skincare,deodorant,True,Dove Whole Body Raspberry & Rose Deodorant Cream,
7350068606434,1,skincare,crème,False,CCS Eeltcrème,
8720674387970,1,skincare,spf,False,Kruidvat Solait Over Make-Up SPF50 Fixing Spray,
8436097092734,1,skincare,crème,False,crème hydratans et nourrisante,
3600542625975,1,skincare,hydrating,False,Garnier Ambre Solaire Hydrating Aftersun,
3600542666282,1,skincare,spf,False,Garnier Ambre Solaire Super Uv SPF50+ Stick,
3600542627979,1,skincare,spf,False,Garnier Ambre Solaire Invisible Protect SPF30 Beschermende Mist,
3600542572712,1,skincare,spf,False,Garnier Ambre Solaire Ideal Bronze SPF50 Beschermende Melkspray,
3600542520225,1,skincare,spf,False,Garnier Ambre Solaire Kids Sensitive Expert+ SPF50+ Hypoallergene Zonnebrandspray,
3600542520355,1,skincare,spf,False,Garnier Ambre Solaire Sensitive Expert+ SPF50+ Hypoallergene Zonnebrandmelk,
3600542572644,1,skincare,spf,False,Garnier Ambre Solaire Ideal Bronze SPF30 Zonnebrandspray,
3600542520805,1,skincare,spf,False,Garnier Ambre Solaire Kids Sensitive Expert+ SPF50+ Zonnemelk,"Deze Garnier Ambre Solaire Kids Kids Sensitive Expert+ Resistor SPF50 Zonnemelk biedt zeer hoge bescherming voor de lichte, gevoelige en delicate kinderhuid."
3600542624978,1,skincare,spf,False,Garnier Ambre Solaire Hydra 24H Protect SPF50+ Beschermende Zonnemelk,Bescherm je huid tegen de schadelijke uv A- en uv B-stralen met deze Garnier Ambre Solaire SPF50 Ultra-Hydraterende Zonnemelk. De zonnemelk voorkomt dat je huid verbrandt en gaat vroegtijdige huidveroudering tegen.
3600541116467,1,makeup,bb cream,True,Garnier SkinActive Classic Light BB Cream,Garnier Skin Naturals BB Cream Light Miracle Skin Perfector zorgt voor een egaal geteinte én verzorgde huid. De BB crème is geschikt voor de lichte huid.
3600541116474,1,makeup,bb cream,True,Garnier SkinActive Classic Medium BB Cream,Garnier SkinActive BB Cream Classic Medium 5-in-1 Dagverzorging hydrateert en egaliseert je huid en vermindert roodheid.
3600542663304,1,skincare,hydrating,False,Garnier Salicylic Fresh & Matte Hydrating Sorbet Cream,
3600542572040,1,haircare,shampoo,True,Garnier Loving Blends Rice Water Infusion & Zetmeel Gladmakende Shampoo,
3600542522342,1,skincare,peel,False,Garnier SkinActive Alles-in-1 Micellair Reinigingswater met Milde Peeling,
3600542651134,1,skincare,booster,True,Garnier SkinActive Glow Booster Reinigingsgel,
3600542449618,1,skincare,serum,True,Garnier SkinActive Vitamine C Glow Booster Serum Cream,
3600540710536,1,skincare,scrub,False,Garnier Pure Active Anti-Puistjes 3-in-1 Klei,"Een wash, scrub en masker in één, dat is Garnier Skin Active Pure Active 3 in 1 Complete Reiniging. Speciaal voor de huid die gevoelig is voor onzuiverheden."
3600542661621,1,makeup,gloss,True,Garnier Olia Gloss Icy Blond Neutraliserend Haarmasker,
59095958,1,skincare,deodorant,True,Dove Invisible Care 0% Deodorant Roller,
8720674232584,1,skincare,crème,False,Kruidvat Derma Hydraterende Bodycrème,
8720674232607,1,skincare,douche,False,Kruidvat Derma Doucheolie,
8720674238678,1,skincare,serum,True,Kruidvat Solait Vitamin C SPF30 Face Sun Serum,
8720674238708,1,skincare,spf,False,Kruidvat Solait Brush On SPF30 Face Sun Powder,
3600524135683,1,haircare,conditioner,True,Elvive Ultimate Glycolic Gloss Ultimate Conditioner,
5410091771744,1,haircare,shampoo,True,Gliss Liquid Silk Shampoo,
3380380051197,1,makeup,poudre,False,Lessive poudre,
3600524149956,1,haircare,conditioner,True,L'Oréal Paris Elvive Extraordinary Oil Krulverzorgende Conditioner,"L'Oréal Paris Elvive Extraordinary Oil Krulverzorging Conditioner is een voedende verzorging met Amla- en bloemolie extracten, voor droog krullend haar. Ook geschikt voor kroezend haar."
01850073,1,skincare,deodorant,True,L'Oréal Paris Men Expert Fresh Extreme Deodorant Spray,
00018026,1,skincare,crème,False,L'Oréal Paris Excellence Crème 5.5 Licht Mahonie Bruin Permanente Haarverf,
00016745,1,skincare,crème,False,L'Oréal Paris Excellence Crème 4 Middenbruin Permanente Haarverf,
00016738,1,skincare,crème,False,L'Oréal Paris Excellence Crème 7.3 Goudblond Permanente Haarverf,
00016737,1,skincare,crème,False,L'Oréal Paris Excellence Crème 7 Middenblond Permanente Haarverf,
00016735,1,skincare,crème,False,L'Oréal Paris Excellence Crème 8.1 Licht Asblond Permanente Haarverf,
00016732,1,skincare,crème,False,L'Oréal Paris Excellence Crème 9 Zeer Lichtblond Permanente Haarverf,
00016742,1,skincare,crème,False,L'Oréal Paris Excellence Crème 5 Lichtbruin Permanente Haarverf,
3600523527854,1,makeup,foundation,True,L'Oréal Paris Infaillible 20 Ivory SPF25 32H Fresh Wear Foundation,De L'Oréal Paris infaillible 020 Ivory 24H Fresh Wear Foundation is dé foundation tegen de tekenen van vermoeidheid die tot wel 24 uur houdt.
3054080055815,1,makeup,lipstick,True,L'Oréal Paris Color Riche 226 Rose Glacé Satin Lipstick,"Voor prachtig gekleurde, zachte en gladde lippen gebruik je L'Oréal Paris Color Riche 226 Rose Glace Lippenstift."
3600522862550,1,makeup,foundation,True,L'Oréal Paris True Match 4.D/W Golden Natural Foundation,L Oréal Paris True Match 4.D/4.W Natural Gold Foundation is een medium dekkende foundation met een natuurlijke finish en SPF17.
3600523614424,1,makeup,foundation,True,L'Oréal Paris Infaillible 320 Caramel SPF25 32H Fresh Wear Foundation,De L'Oréal Paris infaillible 320 Toffee 24H Fresh Wear Foundation is dé foundation tegen de tekenen van vermoeidheid die tot wel 24 uur houdt.
5410103036878,1,skincare,crème,False,L’Oréal Paris Wrinkle Expert 55+ Anti-Rimpel Dagcrème,Verzorg je ouder wordende huid met deze verzorgende antirimpelcrème. L'Oreal Paris Wrinkle Expert 55+ Dagcrème is specifiek ontwikkeld voor de rijpere huid.
3600522862383,1,makeup,foundation,True,L'Oréal Paris True Match 1.N Ivory Foundation,L Oréal Paris True Match 1.N Ivory Foundation is een medium dekkende foundation met een natuurlijke finish en SPF17.
3600522862574,1,makeup,foundation,True,L Oréal Paris True Match 6.5.D/6.5W Golden Caramel Foundation,L Oréal Paris True Match 6.5.D/6.5W Golden Caramel Foundation is een medium dekkende foundation met een natuurlijke finish en SPF17.
3600524071066,1,skincare,spf,False,L'Oréal Paris Revitalift Laser SPF25 Anti-Rimpel Dagcrème,"L'Oréal Revitalift Laser X3 SPF 20 Dagcrème, verrijkt met adenosine, corrigeert, maakt je huid voller en egaliseert je huid. Een bescherming SPF 20 helpt UV schade voorkomen."
3600524013530,1,skincare,serum,True,L’Oréal Paris Revitalift Filler Verkoelend Oogserum Masker,
3600524019648,1,skincare,toner,True,L’Oreal Paris Revitalift 5% Glycolic Acid Peeling Toner,
3600524026639,1,makeup,eyeliner,True,L'Oréal Paris Infaillible 36H Grip Gel Automatic Intense Black Eyeliner,
3600524026653,1,makeup,eyeliner,True,L'Oréal Paris Infaillible 36H Grip Gel Automatic Taupe Grey Eyeliner,
3600524026677,1,makeup,eyeliner,True,L'Oréal Paris Infaillible 36H Grip Gel Automatic Blue Jersey Eyeliner,
3600524030919,1,skincare,serum,True,L'Oréal Paris Elvive Hyaluronic Hydratatie Leave In Serumspray,
3600522862482,1,makeup,foundation,True,L Oréal Paris True Match 2.R/2.C Vanille Rose Foundation,L’Oréal Paris True Match 2.R/2.C Vanille Rose Foundation is een medium dekkende foundation met een natuurlijke finish en SPF17.
3600523611898,1,makeup,foundation,True,L’Oréal Paris 8.5D/W True Match Foundation,
3600523635627,1,makeup,foundation,True,L’Oréal Paris True Match 8.5R/C Foundation,
3600523635641,1,makeup,foundation,True,L’Oréal Paris 4.5N True Match Foundation,
3600523635696,1,makeup,foundation,True,L’Oréal Paris 6.D/W True Match Foundation,
3600523635702,1,makeup,foundation,True,L’Oréal Paris 7.5D/W True Match Foundation,
3600523674541,1,makeup,foundation,True,L’Oréal Paris 3.5N True Match Foundation,
3600524054663,1,haircare,brunette,False,L'Oréal Paris Infaillible 24H Brow 3.0 Brunette Filling Triangular Pencil,
3600524079505,1,makeup,lipstick,True,L'Oréal Paris Infaillible 24H 806 Infinite Intimacy Lipstick,
3600524079536,1,makeup,lipstick,True,L'Oréal Paris Infaillible 24H 302 Rose Eternite Lipstick,
30144361,1,makeup,lipstick,True,L'Oréal Paris Infaillible Matte Resistance 115 Snooze Your Alarm Lipstick,
3600524076054,1,skincare,crème,False,L'Oréal Paris Revitalift Vitamine C Schuimende Reinigingscrème,
3600524128036,1,makeup,foundation,True,L'Oréal Paris Infaillible 132 32H Fresh Wear Foundation,
30149298,1,makeup,mascara,True,L'Oréal Paris False Lash Oversized Eye Mascara,
30149311,1,makeup,mascara,True,L'Oréal Paris False Lash 01 Black Mascara,
30161443,1,makeup,mascara,True,L'Oréal Paris Lash Paradise Noir Extra Zwarte Mascara,
30164635,1,makeup,mascara,True,L'Oréal Paris Telescopic Lift Black Waterproof Mascara,
30188174,1,makeup,concealer,True,L'Oréal Paris True Match Radiant 0.5D Serum Concealer,
30188181,1,makeup,concealer,True,L'Oréal Paris True Match Radiant 1N Serum Concealer,
30188204,1,makeup,concealer,True,L'Oréal Paris True Match Radiant 1R Serum Concealer,
30188235,1,makeup,concealer,True,L'Oréal Paris True Match Radiant 3R Serum Concealer,
3600524128869,1,skincare,toner,True,L'Oréal Paris Préférence Le Blonding Platinum Ice Acidic Toner,
3600524128876,1,skincare,toner,True,L'Oréal Paris Préférence Le Blonding Pearly Boost Acidic Toner,
3600524134105,1,skincare,moisturizer,False,L'Oréal Paris Bright Reveal Dark Spot SPF50+ UV Fluid Moisturizer,
3600524148935,1,skincare,crème,False,L'Oréal Paris Excellence Crème 5.02 Boeiende Brunette Haarkleuring,
3600524149062,1,skincare,creme,False,L'Oréal Paris Excellence Creme Universal Nudes 7UR Universeel Koper Haarkleuring,
3600524073886,1,skincare,crème,False,L'Oréal Paris Men Expert Power Age 24H Gezichtscrème,
3600524148966,1,makeup,gloss,True,L'Oréal Paris Casting Crème Gloss 810 Parelmoer Blond Semi-Permanente Haarkleuring,
3600524202385,1,haircare,brunette,False,L'Oréal Paris Infaillible Faux Brow 390 Dark Brunette Wenkbrauwpotlood,
3600524162511,1,skincare,serum,True,L'Oréal Paris Age Perfect Le Duo Anti-age Serum,
3600524244538,1,skincare,mist,False,L'Oréal Paris Infaillible 3-Second Setting Mist,
3600524229085,1,makeup,mascara,True,L'Oréal Paris Telescopic Extensionist Waterproof Mascara,
3600524238667,1,makeup,eyeliner,True,L'Oréal Paris Infaillible Haute Precision 10 Noir Silk Liquid Eyeliner,
3600524242763,1,skincare,serum,True,L'Oréal Paris Hyaluron Tint Lip Stain Serum,
3600520985077,1,makeup,gloss,True,L'Oréal Paris Casting Créme Gloss 200 Intens Zwart Semi-Permanente Haarkleuring,Deze semi-permanente haarkleuring geeft je haar een natuurlijke kleur met rijke nuances. L'Oréal Paris Casting Créme Gloss 200 Intens Zwart Haarkleuring geeft je haar een optimale grijsdekking en glans.
3600520985251,1,makeup,gloss,True,L'Oréal Paris Casting Crème Gloss 700 Middenblond Verzorgende Haarkleuring,Deze semi-permanente haarkleuring geeft je haar een natuurlijke kleur met rijke nuances. L'Oréal Paris Casting Créme Gloss 700 Middenblond Haarkleuring geeft je haar een optimale grijsdekking en glans.
3600520985145,1,makeup,gloss,True,L'Oréal Paris Casting Créme Gloss 500 Lichtbruin Semi-Permanente Haarkleuring,Deze semi-permanente haarkleuring geeft je haar een natuurlijke kleur met rijke nuances. L'Oréal Paris Casting Créme Gloss 500 Licht Bruin Haarkleuring geeft je haar een optimale grijsdekking en glans.
3600524030650,1,haircare,volume,False,L'Oréal Paris Revitalift Volumegevende Make-Up Remover Oog & Lip 125 ml,
3662217022731,1,skincare,visage,False,Lait solaire visage & corps,
3489940049220,1,haircare,shampoo,True,Shampoing purifiant (purifying shampoo),
3600524229955,1,haircare,conditioner,True,L'Oréal Paris Glycolic Gloss Glansbeschermende Conditioner,
3600524246877,1,makeup,gloss,True,L'Oréal Paris Elvive Glycolic Gloss Glansactiverend Masker,
3600524250317,1,skincare,deodorant,True,L'Oréal Paris Men Expert Men Expert Barber Club Deodorant Bodyspray,
3600523596065,1,skincare,deodorant,True,L'Oréal Paris Men Expert Invincible Deodorant Spray,
3600523438099,1,skincare,deodorant,True,L'Oréal Paris Men Expert Invincible Sport Deodorant Roller,
3600524264628,1,skincare,deodorant,True,L'Oréal Paris Men Expert Hydra Energetic Extreme Sport Deodorant Spray,
3600524266868,1,skincare,serum,True,L'Oréal Paris Revitalift Serum,
3600524247799,1,skincare,serum,True,L'Oréal Paris Micro Collagen Serum,
3600520772080,1,makeup,powder,False,L’Oréal Paris True Match 7W Cinnamon Poeder,Matteer en egaliseer je teint met L Oréal Paris True Match The Powder W7 Golden Amber.
3600524242770,1,skincare,serum,True,L'Oréal Paris Hyaluron Tint Lip Stain Serum,
3600524050863,1,makeup,eyeliner,True,L'Oréal Paris Infaillible Haute Precision 50 Bordeaux Cashmere Liquid Eyeliner,
3600524242824,1,skincare,serum,True,L'Oréal Paris Hyaluron Tint Lip Stain Serum,
3600524241803,1,makeup,lipstick,True,L'Oréal Paris Color Riche Blurred 545 Nude Nonchalant Matte Lipstick,
3600524242831,1,skincare,serum,True,L'Oréal Paris Hyaluron Tint Lip Stain Serum,
3600524242787,1,skincare,serum,True,L'Oréal Paris Hyaluron Tint Lip Stain Serum,
3600524241773,1,makeup,lipstick,True,L'Oréal Paris Color Riche Blurred 570 Worth It Intense Matte Lipstick,
3600524245351,1,skincare,crème,False,L'Oréal Paris Age Perfect Nudes Excellence Crème 7.31 Natuurlijk Karamelblond Haarkleuring,
3600524245375,1,skincare,crème,False,L'Oréal Paris Age Perfect Nudes Excellence Crème 8.13 Natuurlijk Beige Blond Haarkleuring,
3600524245382,1,skincare,crème,False,L'Oréal Paris Age Perfect Nudes Excellence Crème 10.13 Natuurlijk Extra Lichtblond Haarkleuring,
3600524244606,1,skincare,spf,False,L'Oréal Paris Revitalift Hyaluron SPF30 Aqua-Fluid,
3600524251147,1,haircare,shampoo,True,L'Oréal Paris Collagen Lifter Volume Shampoo,
3600524256074,1,haircare,volume,False,L'Oréal Paris Big Hair Day Refreshing Volume Spray,
3600524250331,1,makeup,loose powder,True,L'Oréal Paris Infaillible 24H Power Glow Universal Loose Powder,
3600524050856,1,makeup,eyeliner,True,L'Oréal Paris Infaillible Haute Precision 30 Blue Suede Liquid Eyeliner,
3600524238674,1,makeup,eyeliner,True,L'Oréal Paris Infaillible Haute Precision 20 Brun Leather Liquid Eyeliner,
3600524241766,1,makeup,lipstick,True,L'Oréal Paris Color Riche Blurred 601 Worth It Matte Lipstick,
30190160,1,makeup,mascara,True,L'Oréal Paris Volume Million Lashes Panoramic Chromatic Brun Leather Mascara,
3600524241780,1,makeup,lipstick,True,L'Oréal Paris Color Riche Blurred 300 Le Rouge Paris Matte Lipstick,
3600524242817,1,skincare,serum,True,L'Oréal Paris Hyaluron Tint Lip Stain Serum,
0037000800910,1,skincare,deodorant,True,Aluminum Free Deodorant Coconut,
0021959051165,1,haircare,hair oil,True,Premium Argan Hair Oil,
5056369152770,1,makeup,mascara,True,full volume mascara jump up,
3600523873869,1,skincare,serum,True,L'Oreal Paris Revitalift Filler Plumping Serum 30mL,
3600524070588,1,skincare,hyaluronic acid,False,L'Oreal Paris Revitalift Filler Hyaluronic Acid Plumping Water Cream 50mL,
3600524070212,1,skincare,serum,True,L'Oreal Revitalift Vitamin C Serum 30mL,
3600524012595,1,skincare,serum,True,L'Oreal Age Perfect Midnight Serum 30mL,
3600524189679,1,skincare,spf,False,L'Oreal Paris Bright Reveal Tinted SPF 50 Medium Fluid 50mL,
3600524025595,1,skincare,serum,True,L'Oreal Revitalift Filler Eye Serum 20mL,
3600524192037,1,skincare,toner,True,L'Oréal Paris Revitalift Vitamin C Pore Perfecting Toner,
3600524122799,1,skincare,spf,False,L'Oréal Paris Bright Reveal Dark Spot SPF50 Hydraterende Crème,
3600524175603,1,skincare,serum,True,L'Oréal Paris Men Expert Hydra Energetic Vitamin C Serum,
3600524202637,1,skincare,cleanser,True,L'Oréal Paris Men Expert Derma Control Purifying Gel Cleanser,
3600523982783,1,skincare,spf,False,L'Oréal Paris Revitalift Filler SPF50 Anti-Aging Dagcrème,
3600521463710,1,skincare,crème,False,L’Oréal Paris Revitalift Anti-Veroudering Nachtcrème,"L’Oréal Paris Revitalift Classic Anti-Rimpel Nachtcrème helpt je huid herstellen tijdens je slaap, vult rimpels op en maakt je huid voller en zachter."
3600523723539,1,makeup,bb cream,True,L'Oréal Paris Magic BB Light 5-In-1 Transforming Skin Corrector,"L'Oréal Paris BB C'est Magic 02 Light BB Cream is een gekleurde dagcrème met SPF20 die zorgt voor een natuurlijke, lichte dekking. De BB cream bevat hydraterend vijg-extract en antioxidanten."
3600523242627,1,skincare,crème,False,L'Oréal Paris Age Perfect Golden Age Anti-Veroudering Nachtcrème,L'Oréal Paris Age Perfect Golden Age Anti-Veroudering Nachtcrème is verrijkt met versterkende bestanddelen als pioenroos om je huid te verstevigen en de verslapping tegen te werken.
3600523216291,1,skincare,crème,False,L'Oréal Paris Age Perfect Golden Age Hydraterende Dagcrème,L'Oréal Paris Age Perfect Golden Age Versterkende Dagcrème gaat verslapping van je huid tegen en geeft je huid een vollere uitstraling.
3600524202347,1,haircare,blonde,False,L'Oréal Paris Infaillible Faux Brow 288 Blonde Wenkbrauwpotlood,
30189096,1,makeup,mascara,True,L'Oréal Paris Paradise Big Deal Black Mascara,
30188419,1,makeup,concealer,True,L'Oréal Paris 7N True Match Radiant Serum Concealer,
30188242,1,makeup,concealer,True,L'Oréal Paris True Match Radiant 4N Serum Concealer,
30188471,1,makeup,concealer,True,L'Oréal Paris True Match Radiant 11N Serum Concealer,
30188662,1,makeup,lipstick,True,L'Oréal Paris Infaillible Matte Resistance 645 Crush Alert Lipstick,
30147089,1,haircare,volume,False,L'Oréal Paris Color Riche 601 Worth It Nude Intense Volume Matte Lippenstift,
30158672,1,makeup,mascara,True,L'Oréal Paris Panorama Dark Brown Mascara,
30146938,1,makeup,lipstick,True,L'Oréal Paris Infaillible Matte Resistance 230 Shopping Spree Lipstick,
3600524054656,1,haircare,brunette,False,L'Oréal Paris Infaillible 24H Brow  5.0 Light Brunette Filling Triangular Pencil,
3600524070021,1,makeup,primer,True,L'Oréal Paris Prime Lab Primer 24H Matte Setter,
3600524069766,1,skincare,serum,True,L'Oréal Paris Revitalift Clinical Pure Vitamine C 12% Serum,
3600523611911,1,makeup,foundation,True,L’Oréal Paris 8R/C True Match Foundation,
3600524057473,1,makeup,foundation,True,L’Oréal Paris 9.5N True Match Foundation,
3600524057565,1,makeup,foundation,True,L’Oréal Paris 9R/C True Match Foundation,
3600524057459,1,makeup,foundation,True,L’Oréal Paris 5.5R/C True Match Foundation,
3600523611959,1,makeup,foundation,True,L’Oréal Paris 11N True Match Foundation,
3600523635665,1,makeup,foundation,True,L Oréal Paris True Match 12.N Ebony Foundation,L Oréal Paris True Match 12.N Ebony Foundation is een medium dekkende foundation met een natuurlijke finish en SPF17.
3600523527885,1,makeup,foundation,True,L'Oréal Paris Infaillible 365 Deep Gold SPF25 32H Fresh Wear Foundation,De L'Oréal Paris infaillible 365 Deep Golden 24H Fresh Wear Foundation is dé foundation tegen de tekenen van vermoeidheid die tot wel 24 uur houdt.
3600522506881,1,skincare,crème,False,L'Oréal Paris Elnett Satin Crème de Mousse,L Oréal Paris introduceert haar nieuwste innovatie binnen de stylingmousses: Elnett Crème de Mousse Volume. De mousse combineert het volume van een mousse met de verzorging van een zachte crème voor direct en langdurig volume.
3600523019328,1,skincare,crème,False,L'Oréal Paris Elvive Extraordinary Oil Oil-In-Cream Voedende Crème,Voed en bescherm je haar tot diep in de vezels met de L'Oréal Paris Elvive Extraordinary Oil Oil-in-Cream Voedende Crème. De leave-in crème met voedende olie-extracten is als een dagcrème voor je haar.
3600522634034,1,makeup,lipstick,True,L'Oréal Paris Infaillible 24H 701 Captivated By Cerise Lipstick,Ontdek de L'Oréal Paris Infaillible 24H 701 Captivated by Cerise Lipstick! De langhoudende lipstick geeft tot 24 uur intense kleur en verzorging door de color boosting balsem.
3600523614530,1,makeup,foundation,True,L'Oréal Paris Infaillible 235 Honey SPF25 32H Fresh Wear Foundation,De L'Oréal Paris infaillible 235 Honey 24H Fresh Wear Foundation is dé foundation tegen de tekenen van vermoeidheid die tot wel 24 uur houdt.
3600523614479,1,makeup,foundation,True,L'Oréal Paris Infaillible 220 Sand SPF25 32H Fresh Wear Foundation,De L'Oréal Paris infaillible 220 Sand 24H Fresh Wear Foundation is dé foundation tegen de tekenen van vermoeidheid die tot wel 24 uur houdt.
3600524071059,1,skincare,crème,False,L'Oréal Paris Revitalift Laser Anti-Rimpel Nachtcrème,"De L'Oréal Paris Revitalift Laser X3 Anti-Rimpel Nachtcrème vermindert rimpels, helpt je huid gladder te maken en stimuleert het herstel van je huid. De actieve bestanddelen werken de hele nacht in op je huid."
3600522337133,1,makeup,lipstick,True,L'Oréal Paris Infaillible 24H 404 Corail Constant Lipstick,Ontdek de L'Oréal Paris Infaillible 24H 404 Corail Constant Lipstick! De langhoudende lipstick geeft tot 24 uur intense kleur en verzorging door de color boosting balsem.
3600522337119,1,makeup,lipstick,True,L'Oréal Paris Infaillible 24H 312 Incessant Russet Lipstick,Ontdek de L'Oréal Paris Infaillible 24H 312 Incessant Russet Lipstick! De langhoudende lipstick geeft tot 24 uur intense kleur en verzorging door de color boosting balsem.
3600522281092,1,haircare,heat protection,False,L'Oréal Paris Elnett Satin Heat Protection Glad Haarspray,"De warmte van een stijltang of föhn kan je haar beschadigen. Gebruik daarom L Oréal Paris Elnett Satin Heat Protection Glad Haarlak, voordat je je haar föhnt of steilt. De haarlak voorkomt dat je haar gaat pluizen."
3600524071042,1,skincare,crème,False,L'Oréal Paris Revitalift Laser Anti-Rimpel Dagcrème,"De L'Oréal Paris Revitalift Laser X3 Anti-Rimpel Dagcrème, verrijkt met adenosine, vermindert rimpels, helpt je huid gladder te maken en stimuleert je huidherstel."
3600521988169,1,makeup,gloss,True,L'Oréal Paris Casting Crème Gloss 513 Goud Asbruin Verzorgende Haarkleuring,Deze semi-permanente haarkleuring geeft je haar een natuurlijke kleur met rijke nuances. L'Oréal Paris Casting Créme Gloss 513 Licht Beigebruin Haarkleuring geeft je haar een optimale grijsdekking en glans.
3600521831021,1,makeup,gloss,True,L'Oréal Paris Casting Crème Gloss 1010 Licht Asblond Verzorgende Haarkleuring,Deze semi-permanente haarkleuring geeft je haar een natuurlijke kleur met rijke nuances. L'Oréal Paris Casting Crème Gloss 1010 Extra Licht Asblond Haarkleuring geeft je haar een optimale grijsdekking en glans.
8710678024087,1,skincare,crème,False,L'Oréal Paris Excellence Crème 8 Lichtblond Permanente Haarverf,"Ontdek nu deze permanente haarkleuring met drievoudige verzorging voor een rijk en levendig kleurresultaat. L'Oréal Paris Excellence Crème 8 Lichtblond Haarkleuring beschermt, voedt en verzorgt je haar."
3600520985114,1,makeup,gloss,True,L'Oréal Paris Casting Crème Gloss 400 Middenbruin Semi-Permanente Haarkleuring,Een haarkleuring zonder ammoniak met perfecte grijsdekking? L'Oréal Paris Casting Crème Gloss 300 Donker Bruin Haarkleuring kleurt je haar en laat het tot wel 28 wasbeurten stralen.
3600523755288,1,makeup,mascara,True,L'Oréal Paris Infaillible Brows 24H 108 Dark Brunette Waterproof Wenkbrauwmascara,"Wenkbrauwen verven en tekenen te moeilijk of te veel werk? Met de L'Oréal Paris Plump & Set 108 Dark Brunette Brow Artist krijgen je wenkbrauwen zichtbaar meer volume voor volle, mooie wenkbrauwen."
4005900804358,1,skincare,douche,False,NIVEA Lemongrass & Oil Douchegel,
4006000249322,1,haircare,styling mousse,True,NIVEA Hold 4 Volume Care Styling Mousse,Verdubbel het volume van je haar met Nivea Volume Care Mousse. De mousse fixeert je haar extra lang zonder dat je haar zwaar of plakkerig aanvoelt.
4005900808707,1,skincare,crème,False,NIVEA Verzorgende Handcrème,Nivea Verzorgende Handcrème verrijkt met verzorgende Amandelolie en unieke geur van NIVEA geeft je in een handomdraai 24 uur lang verzorgde en beschermde handen.
4006000043074,1,skincare,crème,False,NIVEA Vital Anti-Rimpel Herstellende Nachtcrème,"Nivea Vital Anti-Rimpel 65+ Herstellende Nachtcrème versterkt je kwetsbare, droge en rijpere huid gedurende de nacht. De crème zorgt voor een verzorgde en ontspannen huid in de ochtend."
4005900573070,1,makeup,mascara,True,NIVEA Extra Milde Oogmake-upremover,Nivea Oogmake-up Reinigingslotion is verrijkt met provitamine B5. Nivea Oogmake-up Reinigingslotion verwijdert make-up en mascara mild en verzorgt je wimpers.
4005900749406,1,haircare,volume,False,Diamond Volume Styling Spray,
3600541895553,1,skincare,scrub,False,Garnier PureActive 3-In-1 Anti-Mee-Eters Gezichtsreiniger met Charcoal,"Deze Garnier PureActive 3-in-1 Anti-Mee-Eters Gezichtsreiniger met Charcoal is een reiniger, scrub en gezichtsmasker in één. De gezichtsreiniger is geschikt voor de vette huid met imperfecties."
3600542514101,1,skincare,eye cream,True,Garnier Vitamin C Brightening Eye Cream 15mL,
3600542524346,1,skincare,serum,True,Garnier Vitamin C Brightening Serum Cream Spf15 50mL,
3600542630528,1,skincare,vitamin c,False,Garnier Vitamin C Daily Tinted Fluid SPF 50+ 40mL,
3600542500449,1,skincare,serum,True,Garnier Hyaluronic Aloe Hydrating Serum 30mL,
3600542658096,1,skincare,serum,True,Garnier PureActive Salicylic 7-Day Clinical Anti-Imperfections Serum,
3600542660372,1,haircare,leave-in,True,Garnier Loving Blends Grape Moisture 2-in-1 Hydraterende Leave-In Stylingcrème,
3600542661607,1,makeup,gloss,True,Garnier Olia Gloss Maple Brown Getint Haarmasker,
3600542635967,1,haircare,conditioner,True,Garnier Loving Blends Sun-Kissed Chamomile & Bloemenhoning Verhelderende & Glansgevende Conditioner,
3600542628259,1,skincare,serum,True,Garnier Hyaluron+ Barrier Repair Replumping Serum,
3600542462396,1,haircare,shampoo,True,Garnier Loving Blends Kokosmelk & Macadamia Shampoo,Speciaal om normaal tot droog haar te voeden en verzachten heeft Garnier een recept ontwikkeld met kokosmelk en macadamia. Dagelijks gebruik van deze shampoo maakt je haar zachter en soepeler en geeft het een schitterende glans.
3600541282384,1,skincare,crème,False,Garnier Nutrisse Ultra Bleach D+++ Ultra Puur Blond Super Oplichtende Ontkleuring,"Maak je haar tot 8 tinten lichter met Garnier Nutrisse Truly Blond D+++ Super Oplichtende Ontkleuring. De romige crèmeformule geeft een intens, stralend en langhoudend kleurresultaat."
3600531716301,1,makeup,foundation,True,Maybelline New York Lifter Plump & Glow 120 Foundation,
3600531712655,1,makeup,concealer,True,Maybelline New York Lifter 50 Full Coverage Serum Concealer,
30197268,1,makeup,lipstick,True,Maybelline New York Maybe It's Satin Serum Lipstick,
3600531718381,1,makeup,eyeliner,True,Maybelline New York Sculpting Stix 014 Mocha Countour 2-in-1 Eyeliner,
3600531718350,1,makeup,eyeliner,True,Maybelline New York Sculpting Stix 011 Rosy Sculpt 2-in-1 Eyeliner,
3600531718404,1,makeup,eyeliner,True,Maybelline New York Sculpting Stix 016 Black Blur 2-in-1 Eyeliner,
30197299,1,makeup,mascara,True,Maybelline Lash Sensational Sky High Rosegold Glitz Mascara,
3600531699727,1,makeup,eyeliner,True,Maybelline New York Tattoo Liner 110 Black Track Dip-Ink Liquid Eyeliner,
3600531691752,1,makeup,foundation,True,Maybelline New York Superstay 400 Lumi Matte Foundation,
3600531698621,1,makeup,concealer,True,Maybelline New York Instant Eraser 152 Purple Color Correcting Concealer,
3600531691806,1,makeup,foundation,True,Maybelline New York Superstay 350 Lumi Matte Foundation,
3600531697419,1,makeup,highlighter,True,Maybelline New Yorker Sunkisser 21 All Star Liquid Glow Highlighter,
3600531691905,1,makeup,foundation,True,Maybelline New York Superstay 126 Lumi Matte Foundation,
3600531691776,1,makeup,foundation,True,Maybelline New York Superstay 367 Lumi Matte Foundation,
3600531702038,1,makeup,foundation,True,Maybelline New York Lifter Stix 20 Foundation Stick,
3600531702120,1,makeup,foundation,True,Maybelline New York Lifter Stix 65 Foundation Stick,
3600531668495,1,makeup,blush,True,Maybelline New York 11 Sunkisser Electric Bronze Blush,
3600531668440,1,makeup,blush,True,Maybelline New York Sunkissed 6 City Sizzle Liquid Glow Blush,
8006530041263,1,haircare,shampoo,True,Head & Shoulders Zuiverend & Glanzend Antiroosshampoo,
8700216533140,1,haircare,conditioner,True,DermaXPro by Head & Shoulders Sensitive Conditioner,
8700216532662,1,haircare,conditioner,True,DermaXPro by Head & Shoulders Hydrateert Conditioner,
8700216532365,1,haircare,shampoo,True,DermaXPro by Head & Shoulders Hydrateert Antiroosshampoo,
8006530034906,1,haircare,shampoo,True,Head & Shoulders Menthol Fresh Antiroosshampoo,
8006530035231,1,haircare,shampoo,True,Head & Shoulders Apple Fresh 2-in-1 Antiroosshampoo,
8006530034180,1,haircare,shampoo,True,Head & Shoulders Menthol Fresh 2-in-1 Antiroosshampoo,Head & Shoulders Menthol Fresh 2-in-1 Anti-Roos Shampoo Met Conditioner reinigt voor een mentholfris gevoel en houdt je haar mooi gehydrateerd.
4902430634014,1,haircare,conditioner,True,pantene conditioner (p) 13ml,
0080878044948,1,skincare,mist,False,Nutrient Boost Repair & Protect Conditioning Mist Damage Resisting Detangler,
5410091775018,1,haircare,curl,False,SYOSS Curl Control Haarmousse,"SYOSS Curl Control Haarmousse is de professionele styling voor veerkrachtige, langdurige krullen en soepelheid."
5410091775254,1,skincare,crème,False,Syoss Max Hold Wax,SYOSS Max Hold Cream Wax biedt je het beste van een wax en een crème.
5410091774936,1,haircare,hairspray,True,Syoss Styling hairspray max hold,
5410091774837,1,haircare,volume,False,Syoss Hold 4 Volume Haarspray,
5410091778019,1,haircare,shampoo,True,Syoss Intense Glaze Deep Caring Shampoo,
5410091778040,1,haircare,conditioner,True,Syoss Intense Glaze Deep Conditioner,
5410091778101,1,skincare,serum,True,Syoss Intense Glaze Serum,
5410091777814,1,makeup,primer,True,Syoss Glaze 3-in-1 Primer,
5410091777999,1,skincare,toner,True,Syoss Color Glaze Platina Hair Glossing Toner,
5410091777975,1,skincare,toner,True,Syoss Color Glaze Deep Brunette Hair Glossing Toner,
5410091777913,1,skincare,toner,True,Syoss Color Glaze Neutraal Hair Glossing Toner,
5410091775629,1,haircare,conditioner,True,Syoss Intense Repair Deep Conditioner,
4067971088570,1,haircare,conditioner,True,Syoss Intense Curls Deep Conditioner,
5410091774813,1,haircare,keratin,False,Syoss Hold 4 Keratin Haarspray,
5410091774950,1,skincare,ceramide,False,Syoss Hold 5 Ceramide Haarspray,
5201143758635,1,haircare,hair mask,True,Syoss Intense Repair Hair Mask,
7610300501379,1,haircare,keratin,False,Spülung Keratin,
3600551135939,1,skincare,ceramide,False,Ceramide Protect Strengthening Cream,
3600524188450,1,makeup,foundation,True,L'Oréal Paris True Match 0D/W Foundation,
3600524196813,1,haircare,laque,True,L'Oréal Paris Infaillible Laque Resistance 220 Paris Sunset Lippenstift,
3600524196875,1,haircare,laque,True,L'Oréal Paris Infaillible Laque Resistance 520 Berry Bordeaux Lippenstift,
3600524197742,1,skincare,moisturizer,False,L'Oréal Paris Men Expert Derma Control Oil Control Moisturizer,
3600524202651,1,skincare,serum,True,L'Oréal Paris Men Expert Derma Control Anti-Blemish Serum,
3600524190323,1,makeup,concealer,True,L'Oréal Paris Infaillible Skin Ink 375 2-in-1 Foundation & Concealer,
3600524190187,1,makeup,concealer,True,L'Oréal Paris Infaillible Skin Ink 130 2-in-1 Foundation & Concealer,
30189324,1,haircare,volume,False,L'Oreal Paris Color Riche Intense Volume 2010 La Prune Matte Lippenstift,
30189270,1,haircare,volume,False,L'Oreal Paris Color Riche Intense Volume 635 Worth It Medium Matte Lippenstift,
3600524196790,1,haircare,laque,True,L'Oréal Paris Infaillible Laque Resistance 635 Worth It Medium Lippenstift,
3600524196820,1,haircare,laque,True,L'Oréal Paris Infaillible Laque Resistance 250 Pink Oulala Lippenstift,
3600524196783,1,haircare,laque,True,L'Oréal Paris Infaillible Laque Resistance 601 Worth It Lippenstift,
3600524190262,1,makeup,concealer,True,L'Oréal Paris Infaillible Skin Ink 270 2-in-1 Foundation & Concealer,
3600524188474,1,makeup,foundation,True,L'Oréal Paris True Match 4.5D/W Foundation,
3600524196851,1,haircare,laque,True,L'Oréal Paris Infaillible Laque Resistance 420 Le Rouge Paris Lippenstift,
30188280,1,makeup,concealer,True,L'Oréal Paris True Match Radiant 6N Serum Concealer,
30188457,1,makeup,concealer,True,L'Oréal Paris True Match Radiant 10D Serum Concealer,
30188464,1,makeup,concealer,True,L'Oréal Paris True Match Radiant 9N Serum Concealer,
30188617,1,makeup,lipstick,True,L'Oréal Paris Infaillible Matte Resistance 601 Worth It Lipstick,
30188655,1,makeup,lipstick,True,L'Oreal Paris Infaillible Matte Resistance 635 Worth It Medium Lipstick,
3600524126018,1,skincare,creme,False,L'Oréal Paris Excellence Creme Universal Nudes 4UR Universeel Donkerrood Haarkleuring,
3600524126049,1,skincare,creme,False,L'Oréal Paris Excellence Creme Universal Nudes 8UR Licht Koper Haarkleuring,
30188259,1,makeup,concealer,True,L'Oréal Paris 4D True Match Radiant Serum Concealer,
3600523942565,1,skincare,crème,False,L'Oréal Paris Excellence Cool Crème 6.11 Ultra As Donkerblond Permanente Haarkleuring,
3600523942664,1,skincare,crème,False,L'Oréal Paris Excellence Cool Crème 8.11 Ultra Licht Asblond Permanente Haarkleuring,
3600523948031,1,haircare,blonde,False,L'Oréal Paris Préférence Cool Blondes 9.12 Zeer Licht As Beigeblond Permanente Haarkleuring,
3600523951291,1,makeup,foundation,True,L'Oréal Paris Infaillible 24H Fresh Wear 20 Ivory Foundation in a Powder,
3600523982851,1,skincare,crème,False,L’Oréal Paris Wrinkle Expert 65+ Anti-Rimpel Dagcrème,
30147959,1,haircare,volume,False,L'Oréal Paris Color Riche Volume Matte 241 Coral Irreverent Intense Lippenstift,
3600523966066,1,haircare,shampoo,True,L'Oréal Paris Elvive Color Vive Kleurbeschermende Shampoo,
3600523966103,1,haircare,conditioner,True,L'Oréal Paris Elvive Color Vive Conditioner,
3600523709786,1,haircare,conditioner,True,L'Oréal Paris Elvive Dream Lengths Rapid Reviver Conditioner,Ben je altijd in een hurry en heb je geen tijd voor een beautyritueel? Gebruik dan L'Oréal Paris Elvive Dream Lengths Rapid Reviver Conditioner.
3600523796823,1,haircare,blonde,False,L'Oréal Paris Infaillible Brow 8.0 Light Cool Blonde 24H Micro Precision Wenkbrauwpotlood,"Vul je wenkbrauwen in met extreme precizie dankzij de ultra-fijne punt van de L’Oréal Paris Brow Artist 101 Blonde Skinny Definer, voor een perfect resultaat!"
3600523873876,1,skincare,serum,True,L'Oréal Paris Revitalift Filler Anti-Rimpel Serum,"Dit L'Oréal Paris Revitalift Filler Anti-Rimpel Serum vult fijne lijntjes, kraaienpootjes en rimpels op. Het serum met hyaluronzuur geeft je huid meer volume en stevigheid."
3600523793075,1,haircare,hairspray,True,L'Oréal Paris Elnett Satin Normale Fixatie Haarspray,L Oréal Paris Elnett Satin Normale Fixatie Hairspray is al generaties lang de beste haarspray om het haar langdurig en natuurlijk in model te brengen. Heeft een langhoudend effect en is gemakkelijk uit te borstelen.
3600522892434,1,skincare,crème,False,L'Oréal Paris Revitalift Filler Dagcrème,"L'Oréal Paris Revitalift Filler Anti-Rimpel Dagcrème zorgt voor meer volume, vult rimpels en slaaplijntjes op en laat je huid er voller uit zien."
3600523547999,1,skincare,crème,False,L'Oréal Paris Age Perfect Cell Renaissance Dagcrème,L'Oréal Paris Age Perfect Cell Renaissance SPF15 Dagcrème is de perfecte verzorging voor de rijpe huid die elasticiteit verliest. Hiermee breng je de jeugdigheid en vitaliteit terug in de huid.
3600521230329,1,makeup,gloss,True,L'Oreal Casting creme gloss,
00018057,1,skincare,crème,False,L'Oréal Paris Excellence Crème 10 Extra Lichtblond Permanente Haarverf,
01070042,1,makeup,gloss,True,L'Oréal Paris Casting Créme Gloss 600 Donkerblond Semi-Permanente Haarkleuring,
01070049,1,makeup,gloss,True,L'Oréal Paris Casting Crème Gloss 300 Donkerbruin Semi-Permanente Haarkleuring,
3600520985091,1,makeup,gloss,True,L'Oréal Paris Casting Crème Gloss 300 Donkerbruin Semi-Permanente Haarkleuring,Deze L'Oréal Paris Casting Crème Gloss 300 Donkerbruin Semi-Permanente Haarkleuring heeft een glanzend resultaat dat dichtbij je eigen haarkleur ligt.
3600521849248,1,skincare,deodorant,True,L'Oréal Paris Men Expert Fresh Extreme Deodorant Spray,L’Oréal Paris Men Expert Fresh Extreme Deodorant Spray is speciaal ontwikkeld voor mannen die op zoek zijn naar een langdurig frisse geur en een verkoelend ice effect.
3600521189115,1,makeup,gloss,True,L'Oréal Paris Casting Créme Gloss 535 Licht Goud Mahoniebruin Semi-Permanente Haarkleuring,Een haarkleuring zonder ammoniak met perfecte grijsdekking? L'Oréal Paris Casting Créme Gloss 535 Chocolade Haarkleuring kleurt je haar en laat het tot wel 28 wasbeurten stralen.
3600521463666,1,skincare,crème,False,L'Oréal Paris Revitalift Anti-Rimpel Dagcrème,L'Oréal Paris Revitalift Classic Anti-Rimpel Dagcrème stimuleert een natuurlijke lifting van je huid. Je huid wordt strakker en het volume wordt van binnenuit versterkt.
3600521847961,2,skincare,deodorant,True,L'Oréal Paris Men Expert Fresh Extreme Deodorant Roller,De L’Oréal Paris Men Expert Fresh Extreme Deodorant Roller is speciaal ontwikkeld voor mannen die op zoek zijn naar een langdurig frisse geur en een verkoelend ice effect.
3600523611935,1,makeup,foundation,True,L’Oréal Paris 9.5.D/W True Match Foundation,
30152540,1,makeup,mascara,True,L'Oréal Paris Telescopic Lift Black Mascara,
3600522066798,1,makeup,mascara,True,L'Oréal Paris Mega Volume Collageen 24H 01 Extra Black Mascara,
3600523611942,1,makeup,foundation,True,L’Oréal Paris 10N True Match Foundation,
3600524057428,1,makeup,foundation,True,L’Oréal Paris 10R/C True Match Foundation,
3600524057466,1,makeup,foundation,True,L’Oréal Paris 8.5N True Match Foundation,
3600524192785,1,makeup,lipstick,True,L'Oréal Paris Infaillible 24H 435 Fearless Corail Lipstick,
3600524192808,1,makeup,lipstick,True,L'Oréal Paris Infaillible 24H 216 Relentless Rose Lipstick,
3600524190170,1,makeup,concealer,True,L'Oréal Paris Infaillible Skin Ink 40 2-in-1 Foundation & Concealer,
3600524190200,1,makeup,concealer,True,L'Oréal Paris Infaillible Skin Ink 100 2-in-1 Foundation & Concealer,
3600524190224,1,makeup,concealer,True,L'Oréal Paris Infaillible Skin Ink 140 2-in-1 Foundation & Concealer,
3600524190163,1,makeup,concealer,True,L'Oréal Paris Infaillible Skin Ink 20 2-in-1 Foundation & Concealer,
3600524190309,1,makeup,concealer,True,L'Oréal Paris Infaillible Skin Ink 318 2-in-1 Foundation & Concealer,
3760100203813,1,haircare,shampoo,True,shampooing detox pluie de coco,
3760100682540,1,haircare,shampoo,True,Shampooing sec Evoluderm,
8414227031815,1,haircare,shampoo,True,Shampooing amalfi,
8436097095421,1,haircare,shampoo,True,Shampooing fruit passion Byphasse,
3760100683288,1,haircare,shampoo,True,Shampooing argile Evoluderm,
0764210655053,1,makeup,lip color,False,Liquid lip color matte,
3760100173000,1,skincare,gel douche,True,Gel douche argan Evoluderm,
3760100683851,1,skincare,gel douche,True,Gel douche verveine citron Evoluderm,
3760100685176,1,skincare,gel douche,True,Gel douche amande Evoluderm,
8436097095728,1,skincare,gel douche,True,Gel douche tiaré Evoluderm,
8710908371509,1,skincare,micellar,True,Simple Micellar Cleansing Water,
8697420539221,1,skincare,micellar,True,micellar,
8710908711619,1,skincare,micellar,True,Micellar Cleansing Water,
8809640732829,1,skincare,cleansing oil,True,Anua Heartleaf Pore Control Cleansing Oil,
3574661724935,1,makeup,cleansing wipe,True,Johnsons Make Up Cleansing Wipes Pink 25,
3574661725024,1,makeup,cleansing wipe,True,Johnsons Make Up Cleansing Wipes 25,
8690506346584,1,skincare,mousse a raser,True,mousse a raser,
3600531712679,1,makeup,concealer,True,Maybelline New York Lifter 60 Full Coverage Serum Concealer,
3600531712587,1,makeup,concealer,True,Maybelline New York Lifter 05 Full Coverage Serum Concealer,
3600531712600,1,makeup,concealer,True,Maybelline New York Lifter 20 Full Coverage Serum Concealer,
3600531712617,1,makeup,concealer,True,Maybelline New York Lifter 25 Full Coverage Serum Concealer,
30190139,1,makeup,lipstick,True,Maybelline New York Maybe It's 003 Open Late Matte Serum Lipstick,
30189782,1,makeup,lipstick,True,Maybelline New York Maybe It's 001 Crop Top Matte Serum Lipstick,
3600531712815,1,makeup,bb cream,True,Maybelline New York Fit Me SPF50 60 Nude BB Cream,
3600531712808,1,makeup,bb cream,True,Maybelline New York Fit Me SPF50 50 Nude BB Cream,
3600531712761,1,makeup,bb cream,True,Maybelline New York Fit Me SPF50 10 Nude BB Cream,
3600531651213,1,makeup,gloss,True,Maybelline New York Lifter Gloss 020 Sun Lipgloss,
3600531668419,1,makeup,blush,True,Maybelline New York Sunkissed 3 Sol Search Liquid Glow Blush,
3600531672324,1,makeup,foundation,True,Maybelline New York SuperStay 24H Skin Tint 3 Foundation,
3600531672461,1,makeup,foundation,True,Maybelline New York SuperStay 24H Skin Tint 45 Foundation,
30152625,1,makeup,lipstick,True,Maybelline New York Superstay Vinyl Ink 125 Keen Lipstick,
3600531672478,1,makeup,foundation,True,Maybelline New York SuperStay 24H Skin Tint 48 Foundation,
3600531672447,1,makeup,foundation,True,Maybelline New York SuperStay 24H Skin Tint 36 Foundation,
3600531666637,1,makeup,foundation,True,Maybelline New York SuperStay Up To 24HR 21 Hybrid Powder-Foundation,
3600531666699,1,makeup,foundation,True,Maybelline New York SuperStay Up To 24HR 48 Hybrid Powder-Foundation,
30161467,1,makeup,mascara,True,Maybelline New York The Falsies Surreal Very Black Mascara,
3600531583385,1,makeup,foundation,True,Maybelline New York Fit Me Matte + Poreless 375 Java Foundation,
30145535,1,makeup,lipstick,True,Maybelline New York SuperStay Vinyl Ink 20 Coy Lipstick,
8809238963031,1,skincare,scrub,False,Aromatica Rosemary Scalp Scrub 165g,
0768614222828,1,skincare,eye cream,True,Shiseido Vital Perfection Uplifting And Firming Eye Cream 15 ml,
8809657114632,1,skincare,eye cream,True,Round Lab 1025 DOKDO EYE CREAM,
3600531513474,1,makeup,lipstick,True,Maybelline New York SuperStay Matte Ink 118 Dancer Lipstick,"De Maybelline New York SuperStay Matte Ink 118 Dancer Lipstick is een langhoudende rode lippenstift met een trendy, ultramatte finish die tot 16 uur blijft zitten."
3600531513412,1,makeup,lipstick,True,Maybelline New York SuperStay Matte Ink 115 Founder Lipstick,"De Maybelline New York SuperStay Matte Ink 115 Founder Lipstick is een langhoudende paarse lippenstift met een trendy, ultramatte finish die tot 16 uur blijft zitten."
8809657116544,1,skincare,cleanser,True,Round Lab Birch Juice Cleanser,
8809657114731,1,skincare,toner,True,Round Lab 1025 Dokdo Toner,
8720674509907,1,skincare,serum,True,Kruidvat Hydrate Hyaluron Serum Mist,
8809913830214,1,skincare,spf,False,SKIN1004 Madagascar Centella SPF50+ Hyalu-Cica Silky-Fit Sun Stick,
3337875945622,1,skincare,sunscreen,True,CeraVe SPF50+ Invisible Dry Touch Fluid Sunscreen,
8718801812747,1,skincare,spf,False,Drs Leenarts Suncare SPF50 Spray,
8800289474989,1,skincare,serum,True,Medicube PDRN Pink Peptide Serum,
8710537045215,1,skincare,serum,True,Biodermal Clear Skin Kalmerend Serum,
8710537045017,1,skincare,crème,False,Biodermal Vitamin Glow Dagcrème,
8809970759039,1,skincare,eye gel,False,Goodal Green Tangerine Vita-C Eye Gel Patch,
8809640736148,1,skincare,brightening,False,Anua Rice Enzyme Brightening Cleansing Powder,
8714319258107,1,skincare,crème,False,Zarqa Sensitive Extra Dry Skin Plus Dagcrème,
8714319258169,1,skincare,crème,False,Zarqa Sensitive Hydra Plus Dagcrème,
8714319196683,1,skincare,crème,False,Zarqa Sensitive Clear Skin Dag- & Nachtcrème,
4059729542038,1,makeup,concealer,True,Essence Silky Blur 90 Hydrating Longwear Concealer,
3600531411114,1,makeup,lipstick,True,Maybelline New York SuperStay Matte Ink 20 Pioneer Lipstick,"DeMaybelline New York SuperStay Matte Ink 20 Pioneer Lipstick is een langhoudende rode lippenstift met een trendy, ultramatte finish die tot 16 uur blijft zitten."
3337875904377,1,skincare,peptide,False,CeraVe Skin Renewing Peptide Cream,
8809640739019,1,skincare,serum,True,Anua Azelaic Acid Hyaluron Redness Soothing Serum,
8809640735790,1,skincare,cleansing oil,True,Anua Heartleaf Pore Control Cleansing Oil,
8720674341989,1,skincare,booster,True,Kruidvat Hydraterende Huidbooster,
4059729542359,1,skincare,essence,True,Essence Bouncy Plump Smoothing Primer,
4059729540621,1,makeup,setting powder,True,Catrice Soft Blur 030 Medium Matte Setting Powder,
9331880040635,1,makeup,pressed powder,True,MCoBeauty Miracle Flawless  3 Medium Warm Pressed Powder,
9331880040628,1,makeup,pressed powder,True,MCoBeauty Miracle Flawless 2 Natural Medium Pressed Powder,
9331880040123,1,makeup,blush,True,MCoBeauty Super Glow Rosy Blush Blush Drops,
9331880040604,1,makeup,pressed powder,True,MCoBeauty Miracle Flawless Translucent Pressed Powder,
8718801813799,1,skincare,crème,False,Drs Leenarts Dag- en Nachtcrème,
3337875905602,1,skincare,crème,False,CeraVe Hydraterende Reinigingscrème Navulling,
8800290362572,1,skincare,serum,True,Goodal Vita-C Dark Spot Care Serum,
8809968130239,1,skincare,toner,True,Beauty of Joseon Glow Replenishing Rice Milk Toner,
8809738316412,1,skincare,serum,True,Beauty of Joseon Calming Serum,
8720674342122,1,skincare,crème,False,Kruidvat Glow Vitamine C Oogcrème,
4059729521354,1,makeup,bronzer,True,Essence Baby Got Bronze 20 Holiday Glow Shimmering Bronzer,
4059729447142,1,skincare,essence,True,Essence 50 Skin Tint,
4059729521347,1,makeup,bronzer,True,Essence Baby Got Bronze 10 Golden Hour Shimmering Bronzer,
5060152828117,1,skincare,mist,False,Treaclemoon Rouge Love Story Flower Bodymist,
4059729514998,1,makeup,highlighter,True,Catrice Diamond Haze 010 Gimme Glitter Highlighter,
4059729515094,1,makeup,bronzer,True,Catrice Melted Sun 025 Beach Please Liquid Bronzer,
8809576261059,1,skincare,serum,True,SKIN1004 Madagascar Centella Hyalu-Cica Blue Serum,
8809598455399,1,skincare,toner,True,Cosrx AHA BHA Vitamin C Daily Toner,
8809598455658,1,skincare,serum,True,Cosrx The 6 Peptide Skin Booster Serum,
8809738316139,1,skincare,serum,True,Beauty of Joseon Revive Serum,
4001638580243,1,skincare,crème,False,Weleda Skin Food Voedende Dagcrème,
4001638086516,1,skincare,crème,False,Weleda Skin Food Voedende Alles-in-één Crème,
8710537044812,1,skincare,crème,False,Biodermal Anti-Age Oog & Lipcountourcrème,
8710537044829,1,skincare,serum,True,Biodermal Anti-Age Serum,
8720674244273,1,skincare,serum,True,Kruidvat Hyaluron Intense Hydration Serum Infused Sheet Mask,
8720674244235,1,skincare,hydrating,False,Kruidvat Aqua Boost Hydrating Gel Cream Mask,
4103040113412,1,skincare,sensitive skin,False,Sebamed Sensitive Skin Hydraterende Gezichtscrème,
8720674244266,1,skincare,peel,False,Kruidvat Glamour Effect Peel Off Mask,
8700216332446,1,skincare,spf,False,Olay POP Vitamine C SPF30 Navulling,
8720674230177,1,skincare,serum,True,Kruidvat Vitamin C 10% Glow Serum,
8710537044768,1,skincare,crème,False,Biodermal Pigment Nachtcrème,
8720674238692,1,skincare,spf,False,Kruidvat Solait SPF30 Brush on Face Transparant Sun Powder,
0887167485495,1,skincare,serum,True,Estée Lauder Advanced Night Repair Serum,
3596200086007,1,skincare,crème,False,Weleda Sensitive Hydraterende Gezichtscrème,
8719689555870,1,skincare,crème,False,Dermolin Zeer Droge Huid Dagcrème,
3600524066499,1,skincare,crème,False,L'Oréal Paris Age Perfect Cell Renaissance Midnight Nachtcrème,
5425012534469,1,skincare,crème,False,Remescar Oogcontour Dagcrème,
8720674069425,1,skincare,spf,False,Kruidvat Skin Science Revitalizing Firm 45+ SPF30 Day Cream,
8710537040364,1,skincare,crème,False,Biodermal Nachtcrème voor de Droge en Gevoelige Huid,"Voelt je huid trekkerig, droog of geïrriteerd aan? Voed en verzorg je huid gedurende de nacht op milde wijze met deze Biodermal Nachtcrème voor de Droge en Gevoelige Huid. De crème herstelt je huid en vult tekorten aan."
8710276400337,1,skincare,crème,False,Dermolin Nachtcrème,Deze nachtcrème voedt je huid intensief en zorgt voor een optimaal herstel gedurende de nacht. Dermolin Hydraterend Nachtcrème is speciaal ontwikkeld voor de gevoelige huid.
8710537040449,1,skincare,crème,False,Biodermal Anti Age 50+ Nachtcrème,Versterk de elasticiteit van je huid en voed haar intensief met Biodermal Anti Age 50+ Dagcrème.
8710537040791,1,skincare,crème,False,Biodermal Anti Age 60+ Nachtcrème,"Revitaliseert en versterk je huid Biodermal Anti Age 60+ Nachtcrème. Naarmate je huid ouder wordt ontstaan niet alleen rimpels, je gezicht begint ook haar contouren te verliezen."
8710537040432,1,skincare,crème,False,Biodermal Anti Age 50+ Dagcrème,Versterk de elasticiteit van je huid en voed haar intensief met Biodermal Anti Age 50+ Dagcrème.
8710537040784,1,skincare,crème,False,Biodermal Anti Age 60+ Dagcrème,Biodermal Anti Age 60+ Dagcrème bestrijdt fijne lijntjes en rimpels in je gezicht. De werkzame ingrediënten stimuleren de celvernieuwing en zorgen voor een egale teint. Vitamine E neutraliseert schadelijke invloeden van buitenaf.
8710537040425,1,skincare,crème,False,Biodermal Anti Age 40+ Nachtcrème,Met de jaren ontstaan er rimpels en verliest je huid aan elasticiteit. Biodermal Anti Age 40+ Nachtcrème vermindert rimpels en verstevigt de verslapte huid van je gezicht en hals intensief.
8710537040418,1,skincare,crème,False,Biodermal Anti Age 40+ Dagcrème,Met de jaren ontstaan er rimpels en verliest je huid aan elasticiteit. Biodermal Anti Age 40+ Dagcrème vermindert rimpels en verstevigt de verslapte huid van je gezicht en hals intensief.
8717591561866,1,haircare,conditioner,True,Blistex Daily Lip Conditioner,Houd je lippen in topconditie met Blistex Daily Daily Lip Conditioner. De lipconditioner hydrateert en voedt je lippen intensief en vormt een perfecte basis voor je lippenstift.
8710537044898,1,skincare,crème,False,Biodermal P-CL-E Crème,"Biodermal P-CL-E Crème is speciaal voor kleine huidproblemen. De crème zit boordevol werkzame ingrediënten als proteïnen, collageen, glycerine en vitamine E."
8710537044843,1,skincare,crème,False,Biodermal Dag & Nachtcrème voor alle Huidtypen,Houd je huid in goede conditie met Biodermal Dag & Nachtcrème voor alle Huidtypen. De rijke crème combineert de verzachtende eigenschappen van een dagcrème met de voedende en regenererende eigenschappen van een nachtcrème.
0737052238128,1,skincare,mist,False,Hugo Boss Orange Woman Eau de Toilette,"Hugo Boss Orange Woman Eau de Toilette is een spontane, optimistische geur. Het parfum is speciaal voor vrouwen met een jeugdige geest die getypeerd worden door charme en passie."
8436568905150,1,skincare,body lotion,True,Body Lotion Lemon,
0032522906614,1,skincare,body lotion,True,Nysa Body lotion,
4008268017477,1,skincare,body lotion,True,Body Lotion,
3614274076776,1,skincare,body lotion,True,Angel Body Lotion,
3614272324329,1,skincare,body lotion,True,Giorgio Armani Emporio She Gift Set 30ml EDP + 75ml Body Lotion,
6924832249380,1,skincare,body lotion,True,BoDy lotion,
8858831008120,1,skincare,booster,True,AHA BODY BOOSTER LOTION,
6932511226201,1,skincare,body lotion,True,Papaya body lotion,
5061027980183,1,skincare,body lotion,True,"Body lotion with oats, coconut & hibiscus",
4003583200931,1,skincare,body lotion,True,Body Lotion,
6297000442600,1,skincare,body lotion,True,Yardley Lavender body lotion 200ml 2yrs prod,
8856153345718,1,skincare,body lotion,True,Cherry blossom body lotion 2yrs prod,
0754604150080,1,skincare,body lotion,True,Victoria perfume Body lotions,
6294007505215,1,skincare,body lotion,True,Creme 21 body lotion,
0636874040783,1,skincare,body lotion,True,Body Lotion Coconut & Vanilla With Tangerine,
0636874040233,1,skincare,body lotion,True,Body Lotion Grapefruit & Mint,
0480650783108,1,skincare,bar soap,True,SILKA PAPAYA SOAP 135G,Whitening herbal bar soap
0480901074021,1,skincare,bar soap,True,RDL PAPAYA SOAP 135G,Whitening papaya herbal bar soap
8721082986649,1,skincare,shower gel,True,Marcel's Green Soap Argan Oudh Shower Gel 300 ml,
8721082986700,1,skincare,douche,False,Marcel's Green Soap Vanilla & Amber Douchegel Refill,
8721082986663,1,skincare,douche,False,Marcel's Green Soap Argan & Oudh Douchegel Refill,
8721082986687,1,skincare,douche,False,Marcel's Green Soap Vanilla & Amber Douchegel,
8721008228983,1,haircare,shampoo,True,Marcel's Green Soap Argan & oudh shampoo refill,
8720254337272,1,skincare,shower gel,True,Marcel's Green Soap Shower gel vanilla cherry blossom refill,
8719587176733,1,skincare,hand soap,True,Care Mint hygiene hand soap,
8719587176757,1,skincare,hand soap,True,Care Lemon kitchen hand soap,
8719587176641,1,skincare,hand soap,True,Care Mint hygiene hand soap refill,
8719325558319,1,haircare,shampoo,True,Marcel's Green Soap Shampoo every day vanilla cherry blossom,
8719587176726,1,skincare,hand soap,True,Care Almond soft hand soap,
4260380011256,1,skincare,shave,False,Aftershave Spray,
8720254337258,1,skincare,shower gel,True,Marcel's Green Soap Shower gel argan oudh refill,
0639844148014,1,skincare,soothing,False,Coconut Oil Gentle Castile Soothing Aloe Vera Soap,
0639844148007,1,skincare,soothing,False,Coconut Oil Gentle Castile Soothing Aloe Vera Soap,
5000167311105,1,skincare,cleanser,True,The Fab Pore Purifying Foam Cleanser,
5412533001068,1,skincare,hand soap,True,Hand Soap - Citrus,
0194346056217,2,skincare,hand soap,True,equate hand soap,
0074182292669,1,skincare,hand soap,True,Advanced Clean Hand Soap,
5015833307818,1,haircare,conditioner,True,The Curl Company Conditioner with Moringa Oil,
5281018004036,1,skincare,acne,False,Beesline facial purifying soap for acne,
4976631649337,1,skincare,scrub,False,Pelican body scrub soap,
4976631478272,1,skincare,scrub,False,Pelican hip care scrub soap,
5900168906600,1,skincare,liquid soap,True,Liquid Soap Vaniglia,
8698898466057,1,skincare,liquid soap,True,VIONE LIQUID SOAP,
4260380010617,1,skincare,shave,False,Aftershave Balsam,
8720847379290,2,skincare,aloe vera,False,aloe vera soap,
0057800994268,1,skincare,hand soap,True,original scent moisturizing hand soap,
8718801812143,1,skincare,crème,False,Drs. Leenarts Dag & nachtcrème,
0800897005269,1,makeup,primer,True,NYX Professional Makeup Pore Filler Blurring Primer,
8720674244303,1,skincare,sheet mask,True,Kruidvat Pore Refining Niacinamide & Coconutwater Sheet Mask,
4743318140759,1,skincare,peel,False,Organic Shop Apricot & Mango Delicate Face Peeling,
8720674244259,1,skincare,clay mask,True,Kruidvat Pore Detox Clay Mask,
8700216332538,1,skincare,retinol,False,Olay POP Retinol24 Nachtcrème Navulling,
8720674230191,1,skincare,serum,True,"Kruidvat Renew Retinol 0,2% Night Serum",
5425012535923,1,skincare,crème,False,Remescar Hals & Décolleté Crème,
8710537044744,1,skincare,spf,False,Biodermal Pigment SPF50 Dagcrème,
4743318142821,1,skincare,hydrating,False,Organic Shop Hydrating Eye Gel Patch,
4001638580182,1,skincare,peptide,False,Weleda Granaatappel & Maca-Peptiden Verstevigende Dagcrème,
4059729393807,1,makeup,foundation,True,Catrice 18H HD Matte 030W Powder Foundation,
8710537044010,1,skincare,serum,True,Biodermal Skin Booster Revitalizing Serum,
3600531384029,1,makeup,powder,False,fit me powder,Ga voor de perfecte fit voor jouw huid met de Maybelline Fit Me Matte & Poreless 220 Natural Beige Powder. Dit poeder sluit egaal aan op de huid en de matte finish maakt jouw look helemaal af.
0083800066643,1,skincare,peel,False,Montagne Jeunesse Charcoal Peel-Off Gezichtsmasker,
4251232219883,1,skincare,essence,True,Essence 20 Matt Sand Coverstick,Verberg de imperfecties van je huid met deze Essence 20 Matt Sand Coverstick. De stick verbergt oneffenheden en zorgt voor een egale huid.
4250947593899,1,makeup,mascara,True,FMascara effet faux cils.,"Het vezelborsteltje van de Essence The False Lashes Extreme Volume & Curl Mascara zorgt voor maximaal volume en gekrulde wimpers, voor een valse-wimper-effect."
3600523201433,1,skincare,crème,False,L’Oréal Paris Revitalift Filler Nachtcrème,L’Oréal Paris Revitalift Filler Anti-Rimpel Nachtcrème zorgt voor meer volume en vult rimpels en slaaplijntjes op voor een voller en gezonde uitziende huid.
3600531605681,1,makeup,lipstick,True,Maybelline New York SuperStay Matte Ink 180 Revolutionary Lipstick,"De Maybelline SuperStay Matte Ink 180 Revolutionary Lipstick is een langhoudende roze lippenstift met een trendy, ultramatte finish die tot 16 uur blijft zitten."
3600531605650,1,makeup,lipstick,True,Maybelline New York SuperStay Matte Ink 165 Successful Lipstick,"De Maybelline SuperStay Matte Ink 165 Successful Lipstick is een langhoudende roze lippenstift met een trendy, ultramatte finish die tot 16 uur blijft zitten."
3600531549374,1,makeup,foundation,True,Maybelline New York Fit Me Matte & Poreless 97 Natural Ivory Foundation,"Maybelline Fit Me Matte & Poreless 97 Natural Ivory Foundation past bij de ondertoon en textuur van je huid en heeft een natuurlijke, matte finish."
3600531513382,1,makeup,lipstick,True,Maybelline New York SuperStay Matte Ink 120 Artist Lipstick,"De Maybelline New York SuperStay Matte Ink 120 Artist Lipstick is een langhoudende roze lippenstift met een trendy, ultramatte finish die tot 16 uur blijft zitten."
3600531513450,1,makeup,lipstick,True,Maybelline New York SuperStay Matte Ink 117 Ground-Breaker Lipstick,"De Maybelline New York SuperStay Matte Ink 117 Ground-Breaker Lipstick is een langhoudende rode lippenstift met een trendy, ultramatte finish die tot 16 uur blijft zitten."
3600531469412,1,makeup,lipstick,True,Maybelline New York SuperStay Matte Ink 70 Amazonian Lipstick,"De Maybelline New York SuperStay Matte Ink 70 Amazonian Lipstick is een langhoudende nude lippenstift met een trendy, ultramatte finish die tot 16 uur blijft zitten."
3600531465254,1,makeup,concealer,True,Maybelline New York Instant Anti Age Eraser 11 Tan Concealer,De Maybelline New York Instant Anti Age Eraser 11 Tan Concealer is een zeer goed dekkende concealer met hydraterende gojibesextract en haloxyl. De concealer werkt zichtbaar wallen weg.
3600531465209,1,makeup,concealer,True,Maybelline New York Instant Anti Age Eraser 10 Caramel Concealer,De Maybelline New York Instant Anti Age Eraser 10 Caramel Concealer is een zeer goed dekkende concealer met hydraterende gojibesextract en haloxyl. De concealer werkt zichtbaar wallen weg.
3600531469481,1,makeup,lipstick,True,Maybelline New York SuperStay Matte Ink 80 Ruler Lipstick,"De Maybelline New York SuperStay Matte Ink 80 Ruler Lipstick is een langhoudende rode lippenstift met een trendy, ultramatte finish die tot 16 uur blijft zitten."
3600531469436,1,makeup,lipstick,True,Maybelline New York SuperStay Matte Ink 75 Fighter Lipstick,"De Maybelline New York SuperStay Matte Ink 75 Fighter Lipstick is een langhoudende bruine lippenstift met een trendy, ultramatte finish die tot 16 uur blijft zitten."
3600531300357,1,makeup,lipstick,True,Maybelline New York Superstay 24h 725 Caramel Kiss Lipstick,De Maybelline Superstay 24h 725 Caramel Kiss Lipstick is de superster binnen de langhoudende lipsticks! De SuperStay 24H blijft langer zitten dan je ooit voor mogelijk hield.
8720674509884,1,skincare,serum,True,Kruidvat Glow Vitamin C Serum Mist,
3596200056116,1,skincare,serum,True,Weleda Skin Food Super Serum,
6978931645796,1,makeup,eyeliner,True,Sheglam Bold Moves Kohl Cream Eyeliner Pencil,
8718801810972,1,skincare,spf,False,Drs Leenarts SPF50 Suncare Fluid,
8800256118977,1,skincare,collagen,False,Medicube Triple Collagen Cream,
8800289474873,1,skincare,collagen,False,Medicube PDRN Pink Collagen Gel Mask,
8710537045222,1,skincare,spot treatment,False,Biodermal Clear Skin Spot Treatment,
8710537045024,1,skincare,crème,False,Biodermal Vitamin Glow Nachtcrème,
8809640734717,1,skincare,ampoule,True,Anua Heartleaf 80 + Panthenol Moisture Soothing Ampoule,
8714319258138,1,skincare,crème,False,Zarqa Sensitive Extra Dry Skin Plus Nachtcrème,
4059729583734,1,makeup,foundation,True,Essence Silky Blur 170 Hydrating Longwear Foundation,
4059729583970,1,makeup,foundation,True,Essence Silky Blur 178 Hydrating Longwear Foundation,
4059729542199,1,makeup,concealer,True,Essence Silky Blur 180 Hydrating Longwear Concealer,
4059729542175,1,makeup,concealer,True,Essence Silky Blur 170 Hydrating Longwear Concealer,
4059729583987,1,makeup,foundation,True,Essence Silky Blur 185 Hydrating Longwear Foundation,
4059729540447,1,skincare,serum,True,Catrice Lazy Day Hydro Serum Stick,
4059729587282,1,makeup,blush,True,Catrice Soft Blur 030 Cinnamon Sugar Powder Blush,
4059729587244,1,makeup,blush,True,Catrice Soft Blur 010 Lychee Lush Powder Blush,
4059729587947,1,makeup,powder,False,Catrice Soft Blur 020N Matte Airbrush Powder,
4059729587961,1,makeup,powder,False,Catrice Soft Blur 030W Matte Airbrush Powder,
8809738605714,1,skincare,toner,True,Round Lab Mugwort Toner,
0020714426774,1,skincare,serum,True,Clinique All About Eyes Serum Eye Massage Roll-On 15 ml,
0020714002527,1,skincare,scrub,False,Clinique Exfoliating Scrub 100ml,
3600542656351,1,haircare,conditioner,True,Garnier Loving Blends Grape Moisture Hydraterende & Regenererende Conditioner,
5037156298895,1,skincare,serum,True,John Frieda Frizz Ease The Hydro Sealer Moisture Protect Serum,
0034285687076,1,skincare,crème,False,Aunt Jackie's Curls & Coils Coconut Crème Recipes Butter Crème Intensive Moisture Sealant,
0192333042793,1,skincare,crème,False,Clinique Moisture Surge Intense 72 Hour Crèmegel,
0802535496156,1,haircare,curl,False,African Pride Shea Miracle Bouncy Curls Pudding,"Geef je natuurlijk krullend, golvend of kroezend haar een geweldige beheersbaarheid, zachtheid en glans met de Shea Butter Miracle Moisture Intense Bouncy Curls Pudding."
8720674511351,1,skincare,micellar,True,Kruidvat Natures Essential Micellar Water,
9313312070557,1,skincare,peel,False,Bathefex Softsole exfoliating foot peel,
5060486262205,1,skincare,cleanser,True,Niacinamide Gentle Exfoliating Cleanser,
5060677250226,1,skincare,face wash,True,Exfoliating Face Wash,
8015150250887,1,skincare,scrub,False,Collistar Anti-Water Talasso Scrub With Spices And Essential Oils - Exfoliating Salts And Cane Sugar 700g,
9331880040369,1,skincare,scrub,False,MCoBeauty Lip Scrub Sugar Exfoliating Balm,
8710447257265,1,skincare,scrub,False,Dove Pomegranate & Shea Butter Exfoliating Body Scrub,"Met Dove Pomegranate & Shea Butter Exfoliating Body Scrub creëer je een zachte, gladde, zijdeachtige huid met één Dove scrub."
0079625453157,1,skincare,scrub,False,Freeman Charcoal & Black Sugar Purify Exfoliating Gel Mask + Scrub,Geef je huid een diepe reiniging met Freeman Charcoal & Black Sugar Facial Polishing Mask Gezichtsmasker. Het gezichtsmasker werkt reinigend maar heeft tegelijkertijd ook de werking van een scrub.
8720181819407,1,skincare,deodorant,True,Dove Men + Care Whole Body Bamboo & Aloe Deodorant Spray,
8720181049538,1,skincare,douche,False,Dove Men+Care Sportcare 3-in-1 Douchegel,"Sporten is goed voor lichaam en geest. Maar zweet, wrijving door beweging, extra douchen en afdrogen zijn niet goed voor je huid. Dove Men+ Sportcare 3-in-1 Endurance Hair + Face + Bodywash is ontwikkeld voor gebruik na het sporten."
4059729446916,1,skincare,essence,True,Essence 10 Skin Tint,
4059729517166,1,skincare,serum,True,Essence Hello Good Stuff! Glow-C Serum,
4059729393784,1,makeup,foundation,True,Catrice 18H HD Matte 020N Powder Foundation,
0640466164078,1,skincare,toner,True,Bye Bye Blemish Witch Hazel + Tea Tree Skin Toner,
8710537044591,1,skincare,spf,False,Biodermal Anti-age SPF30 Dagcrème,
8720674069449,1,skincare,eye cream,True,Kruidvat Skin Science Firming Smooth 45+ Eye Cream,
8720674069456,1,skincare,serum,True,Kruidvat Skin Science Redefinition Power 45+ Face Serum,
8006540562383,1,skincare,spf,False,Olay Regenerist SPF30 Dagcrème,
8720181828003,2,skincare,douche,False,Axe Fine Fragrance Peach Infusion Douchegel,
8718951705906,1,skincare,essence,True,Palmolive Aroma Essence Restful Sleep Shower Gel,
8411114093338,1,haircare,shampoo,True,Disney Frozen Elsa 2-in-1 Douchegel en Shampoo,
0017854112230,1,skincare,body wash,True,Baylis & Harding Kindness+ Plant Collagen Body Wash,
0017854112223,1,skincare,body wash,True,Baylis & Harding Kindness+ Hyaluronic Acid Body Wash,
0017854112254,1,skincare,body wash,True,Baylis & Harding Kindness+ Vitamin C + Niacinamide Body Wash,
4008233176307,1,skincare,douche,False,Kneipp Embrace Life Douchegel,
8720181459979,1,skincare,douche,False,Dove Advanced Care Anti-Stress Douchegel,
8720181462900,1,skincare,douche,False,Dove Advanced Care Relaxing Douchegel,
8720181460166,1,skincare,douche,False,Dove Advanced Care Reviving Douchegel,
8720181465932,1,skincare,douche,False,Dove Advanced Care Restoring Douchegel,
8720181462825,1,skincare,douche,False,Dove Advanced Care Relaxing Douchegel,
8720181444630,1,skincare,douche,False,Dove Men+Care Eucalyptus + Mint Douchegel,
8720181460128,1,skincare,douche,False,Dove Advanced Care Reviving Douchegel,
8720181459948,1,skincare,douche,False,Dove Advanced Care Anti-Stress Douchegel,
8720181460050,1,skincare,douche,False,Dove Advanced Care Nourishing Care Douchegel,
8720181462979,1,skincare,hydrating,False,Dove Advanced Care Hydrating Care Douchegel,
9000101726510,1,skincare,douche,False,Fa Passion Fruit Douchegel,
8710919107470,1,skincare,douche,False,Sanicur Original Douchegel,
8710919107487,1,skincare,douche,False,Sanicur Dermo Oil Douchegel,
8710919107494,1,skincare,douche,False,Sanicur Sensitive Douchegel,
4008233170282,1,skincare,douche,False,Kneipp Men 2-in-1 Warm Woods Douchegel,
5410091768447,1,skincare,douche,False,Fa Sense Empowering Moments Douchegel,
8718951602373,1,skincare,hydrating,False,Sanex Expert Skin Health Hydrating Douchegel,
8718951427471,1,skincare,essence,True,Palmolive Aroma Essence Forever Happy Douchegel,
8718951588943,1,skincare,gel douche,True,Palmolive Thermal Revitalising Gel Douchegel,
8718951036239,1,skincare,douche,False,Palmolive Men Sport 3-in-1 Douchegel,
4008233161990,1,skincare,douche,False,"Kneipp Men Nature Feeling Dennen, Buffelgras & IJslands Mos 2-in-1 Douche",
4008233174730,1,skincare,douche,False,Kneipp Goodbye Stress Watermunt & Rozemarijn Douchegel,
8411114079035,1,skincare,douche,False,Paw Patrol Skye Douchegel,
8411114063362,1,skincare,douche,False,Paw Patrol Chase Douchegel,
8720674232799,1,skincare,crème,False,Kruidvat Soft White Lotus & Macadamia Crème Douchegel,
8720674232805,1,skincare,crème,False,Kruidvat Sweet Blossom Crème Douchegel,
8714319255649,1,skincare,douche,False,De Vergulde Hand 2-in-1 Douchegel,
8720674232706,1,skincare,crème,False,Kruidvat Happy Harmony Crème Douchegel,
8718951270558,1,skincare,douche,False,Palmolive Thermal Pampering Oil Douchegel,Zorg voor een stralende huid met Palmolive Aroma Sensations So Luminous Douchegel. De gel met macadamia-olie en pioen heeft een heerlijk zoete geur en is niet vettig. Je huid wordt zacht en blijft gehydrateerd.
5060152820029,1,skincare,douche,False,Treaclemoon One Ginger Morning Bad- en Douchegel,"Tover een glimlach op je gezicht met de Treaclemoon One Ginger Morning Bad- en Douchegel. De bad-en douchegel is een pure verkwikking met geurnoten van gember. Zorgt voor een frisse, goed verzorgde en onweerstaanbaar ruikende huid."
8720181505515,1,skincare,crème,False,Dove Deeply Nourishing Mini Douchecrème,Voedt je huid met Dove Deeply Nourishing Douchecrème. De rijke. romige textuur verandert van een douchecrème in een weldadig schuim. Je huid ziet er gezond en mooi uit. Bovendien voelt ze zacht en soepel aan.
3178041308724,1,skincare,douche,False,Fa Pink Jasmine & Oil Douchegel,Ontdek een zachte douchesensatie met Fa Magic Oil Pink Jasmin Douchegel.
8710919106824,1,skincare,douche,False,Sanicur Sensitive Bad- en Douchegel,Reinig en verzorg je huid dagelijks op milde wijze met Sanicur Sensitive Bad en Douche Gel. Door de milde samenstelling is de douchegel ook geschikt voor de gevoelige huid.
4008233174761,1,skincare,douche,False,Kneipp Refreshing Mint-Eucalyptus Douchegel,Ervaar een tintelfris gevoel op je huid met Kneipp Mint-Eucalyptus Douchegel. De verfrissende douchegel geeft verlichting bij verkoudheid.
4008233174792,1,skincare,douche,False,Kneipp Soft Skin Amandelbloesem Douchegel,Bescherm en verzorg je droge en gevoelige huid met Kneipp Amandelbloesem Douchegel. De douchegel heeft de heerlijke geur van amandel en maakt je huid weer soepel en zacht.
4008233174785,1,skincare,douche,False,Kneipp Relaxing Lavendel Douchegel,Geniet van een ontspannende douche met Kneipp Lavendel Douchegel. Deze weldadige douchegel helpt je geestelijk en lichamelijk te ontspannen.
4008233174754,1,skincare,douche,False,Kneipp New Energy Rozemarijn Douchegel,"Neem een lekkere, verfrissende douche met Kneipp Rozemarijn Douchegel. Deze douchegel activeert je vermoeide lichaam en geeft je nieuwe energie."
8714319236617,1,skincare,shower gel,True,Therme Hammam Shower Satin Shower Gel,Verzorg en verwen je huid op een heerlijke manier met Therme Hammam Shower Gel. Met deze douchegel breng je de mysterieuze geur van een echte Oosterse Hammam naar je badkamer.
00017983,1,skincare,douche,False,Kneipp Pure Harmony Sinaasappel Lindebloesem Douchegel,
01732116,1,skincare,douche,False,Dove Men+Care Clean Comfort Douchegel,
01732067,1,skincare,douche,False,Dove Men+Care Extra Fresh 3-In-1 Douchegel,
5410091767228,1,skincare,douche,False,Fa Pink passion douchegel,Verwen je zintuigen met de bloemige frisse geur van Fa Pink Passion Douchegel!
5410091692919,1,skincare,douche,False,Fa Men sport energy boost douchegel,"Ontdek Fa Men Sport Energy Boost Douchegel & Shampoo , de krachtige douchegel en shampoo voor onbeperkte actie."
3178041328012,1,haircare,wave,False,Fa Fresh watermelon waves,"Ontdek het frisse, tropische Watermeloen-Ylang Ylang parfum met Fa Fiji Dream Douchegel en waan jezelf op je favoriete eiland. Ervaar de hele dag een fris gevoel dankzij de nieuwe Power Scent Technology."
8720181457432,1,skincare,douche,False,Dove Advanced Care Deeply Nourishing Douchegel,
8719325558258,1,skincare,shower gel,True,Marcel’s Green Soap Vanille & Cherry Blossom Shower Gel,
5410091777401,1,skincare,calming,False,Fa Calming Glowing Gardenia Douchegel,
8718951770539,1,skincare,scrub,False,Palmolive Thermal Gentle Massage Shower Bodyscrub,
8720181676277,1,skincare,douche,False,Dove Body+Mind Dragon Fruit & Primrose Oil Douchegel,
8720181676260,1,skincare,douche,False,Dove Body+Mind French Lavender & Oat Milk Douchegel,
8720181676284,1,skincare,douche,False,Dove Body+Mind Jojoba Oil & Coconut Milk Douchegel,
8720181598609,1,skincare,douche,False,Axe Sunset Fresh 3-in-1 Douchegel,
8720674379456,1,skincare,douche,False,Kruidvat 3-in-1 Extra Fresh  Douchegel,
4008233088563,1,skincare,hand cream,True,Kneipp Soft Skin Softening Hand Cream,Geef je droge en gevoelige huid een intensieve verzorging met Kneipp Amandelbloesem Handcrème. De crème beschermt je huid tegen schadelijke invloeden van buitenaf en maakt ze weer heerlijk soepel en zacht.
4008233165080,1,skincare,soothing,False,Kneipp Muscle Soothing Jeneverbes Badolie,Geniet van een ontspannen bad met Kneipp Jeneverbes Badolie. Deze weldadige badolie geeft je nieuwe energie en maakt stijve spieren soepel en los.
4008233165493,1,skincare,soothing,False,Kneipp Muscle Soothing Jeneverbes Badkristallen,
4008233153827,1,skincare,douche,False,Kneipp Beauty Secret Doucheschuim,Verwen jezelf met de Kneipp Beautygeheim Douchefoam. De foam is verrijkt met een combinatie van vier natuurlijke oliën die je huid verzorgen. Na gebruik van deze rijk schuimende douchefoam ervaar je een fluweelzacht huidgevoel!
4008233153810,1,skincare,douche,False,Kneipp Goodbye Stress Doucheschuim,Laat alle stress van je afglijden met deze Kneipp Goodbye Stress Douchefoam !
4008233131115,1,skincare,douche,False,Kneipp Morning Kiss Oranjebloesem Jojoba-Olie Doucheschuim,Geniet onder de douche van een moment van luxe met deze Kneipp Oranjebloesem Jojoba-Olie Douche Foam. Het verfrissende doucheschuim met voedende jojoba-olie maakt je huid heerlijk zacht en soepel.
4008233124827,1,skincare,douche,False,Kneipp Refreshing Mint-Eucalyptus Douchefoam,Verwen jezelf met de rijk schuimende Kneipp Mint Eucalyptus Douche Foam. Ervaar de verfrissende werking van mint en eucalyptus. De foam voelt heerlijk zacht aan.
4008233162065,1,skincare,body cream,True,Kneipp Soft Skin Nourishing Body Cream,Verwen je huid met deze zachte en heerlijk geurende Kneipp Amandelmelk Amandelolie Body Crème. De crème houdt je huid langdurig zacht.
8809640738616,1,skincare,serum,True,Anua PDRN Hyaluronic Acid Capsule 100 Serum,
8809640736025,1,skincare,toner,True,Anua Heartleaf 77 Soothing Toner,
4057599010862,1,skincare,spf,False,Bepanthen SPF 25 Repair Crème,
8720674341996,1,skincare,booster,True,Kruidvat Verzachtende Huidbooster,
4059729587626,1,makeup,primer,True,Catrice ExtrEme Blur Mattifying Primer,
4059729540614,1,makeup,setting powder,True,Catrice Soft Blur 020 Light Matte Setting Powder,
0609332576155,1,skincare,serum,True,e.l.f. Skin Vitamin C Brightening +Glow Serum,
9331880041168,1,makeup,setting spray,True,MCoBeauty Miracle Flawless Setting Spray,
9331880041120,1,makeup,primer,True,MCoBeauty Makeup Grip Primer Base,
9331880040611,1,makeup,pressed powder,True,MCoBeauty Miracle Flawless 1 Light Pressed Powder,
8720674342283,1,skincare,toner,True,Kruidvat Hyaluron Gezichtstoner,
8720674342092,1,skincare,vitamin c,False,Kruidvat Glow Vitamin C SPF30 Dagcrème,
0609332833920,1,makeup,setting powder,True,e.l.f. Halo Glow Dark Setting Powder,
0609332848276,1,makeup,concealer,True,e.l.f. Medium Peach Hydrating Camo Concealer Satin Finish,
0609332848368,1,makeup,concealer,True,e.l.f. Tan Neutral Hydrating Camo Concealer Satin Finish,
0609332848238,1,makeup,concealer,True,e.l.f. Light Ivory Hydrating Camo Concealer Satin Finish,
4008233181820,1,skincare,douche,False,Kneipp Good Energy Douchefoam,
4008233181783,1,skincare,douche,False,Kneipp Good Energy Douchegel,
4008233175720,1,skincare,douche,False,Kneipp Clean Beauty Bio Algen & Zeezout Douchegel,
4008233175737,1,skincare,douche,False,Kneipp Clean Beauty Bio Lotusbloem & Bio Jojoba Douchegel,
4008233174693,1,skincare,douche,False,Kneipp Me Time Douchegel,
8495388008854,1,skincare,hand soap,True,Spamyst Hand Soap,
8719325558234,1,skincare,shower gel,True,Marcel’s Green Soap Argan & Oudh Shower Gel,
8714319258077,1,skincare,crème,False,Zarqa Sensitive Anti-Age Plus Dagcrème,
5017634297497,1,skincare,moisturizer,False,Bioré Aqua Rich Uv SPF50 Glowy Weightless Moisturizer,
8718801811474,1,skincare,spf,False,Drs Leenarts SPF30 Day Cream,
4059729585509,2,skincare,essence,True,Essence 10 Rosy & Cozy Gelnagellak,
4059729541994,1,makeup,concealer,True,Essence Silky Blur 70 Hydrating Longwear Concealer,
4059729542113,1,makeup,concealer,True,Essence Silky Blur 80 Hydrating Longwear Concealer,
4059729583680,1,makeup,foundation,True,Essence Silky Blur 120 Hydrating Longwear Foundation,
4059729542076,1,makeup,concealer,True,Essence Silky Blur 120 Hydrating Longwear Concealer,
4059729542052,1,makeup,concealer,True,Essence Silky Blur 100 Hydrating Longwear Concealer,
4059729583710,1,makeup,foundation,True,Essence Silky Blur 155 Hydrating Longwear Foundation,
4059729542151,1,makeup,concealer,True,Essence Silky Blur 160 Hydrating Longwear Concealer,
4059729587268,1,makeup,blush,True,Catrice Soft Blur 020 Coral Cloud Powder Blush,
4059729587909,1,makeup,powder,False,Catrice Soft Blur 001N Matte Airbrush Powder,
4059729587923,1,makeup,powder,False,Catrice Soft Blur 010C Matte Airbrush Powder,
4059729587329,1,makeup,blush,True,Catrice Soft Blur 050 Born To Blonze Powder Blush,
4059729587343,1,makeup,blush,True,Catrice Soft Blur 060 Berry Me Later! Powder Blush,
9331880039813,1,makeup,blush,True,MCoBeauty Highlight & Glow Blush Glow Beauty Wand,
8809970759022,1,skincare,crème,False,Goodal Vita-C Dark Circle Oogcrème,
8720674342108,1,skincare,vitamin c,False,Kruidvat Glow Vitamin C Anti-Pigmentvlekken Fluïde,
8720674342344,1,skincare,vitamin c,False,Kruidvat Vitamin C Micellair Water,
0609332848245,1,makeup,concealer,True,e.l.f. Light Sand Hydrating Camo Concealer Satin Finish,
8700216421980,1,skincare,serum,True,Olay Super Serum,
8006540328668,1,skincare,serum,True,Olay Vitamin C + Aha24 Serum,
8719179677792,1,skincare,serum,True,Kruidvat Skin Science Cellular Power 55+ Face Serum,
8710537043389,1,skincare,crème,False,Biodermal Sensitive Balance Crème,Biodermal Sensitive Balance Crème is een milde en kalmerende crème met een lichte textuur speciaal ontwikkeld voor de gevoelige huid.
5410103016351,1,skincare,crème,False,L’Oréal Paris Age Perfect Collageen Expert Verstevigende Dagcrème,L’Oréal Paris Age Perfect Classic Anti-Veroudering Dagcrème met soja-ceramide geeft je huid haar natuurlijke stevigheid terug en vermindert pigmentvlekjes.
30152199,1,haircare,volume,False,L'Oréal Paris Color Riche 570 Worth It Intense Intense Volume Matte Lippenstift,
3600523614509,1,makeup,foundation,True,L'Oréal Paris Infaillible 200 32H Fresh Wear Foundation,
30146921,1,makeup,lipstick,True,L'Oréal Paris Infaillible Matte Resistance 120 Major Crush Lipstick,
3600524070113,1,skincare,pore,False,L'Oréal Paris Prime Lab 24H Pore Minimizer,
3600524082192,1,haircare,brunette,False,L'Oréal Paris Infaillible Brow 12H 3.0 Brunette Definer Pencil,
3600524082185,1,haircare,blonde,False,L'Oréal Paris Infaillible Brow 12H 7.0 Blonde Definer Pencil,
3600524057558,1,makeup,foundation,True,L’Oréal Paris 6.5N True Match Foundation,
3600523614486,1,makeup,foundation,True,L'Oréal Paris Infaillible 260 Golden Sun SPF25 32H Fresh Wear Foundation,De L'Oréal Paris infaillible 260 Golden Sun 24H Fresh Wear Foundation is dé foundation tegen de tekenen van vermoeidheid die tot wel 24 uur houdt.
6291107190099,1,skincare,body lotion,True,Nivea body lotion,
8006530034999,1,haircare,shampoo,True,Head & Shoulders Citrus Fresh Antiroosshampoo,
4987176074928,1,haircare,dandruff,True,head & shoulders sever dandruff 300ml,
3596710568000,1,skincare,savon,True,Pouce savon liquide amande 500ml,Pouce savon liquide amande 500ml
3760194655437,1,skincare,nettoyant,True,Nettoyant multi-usages au savon noir et au huiles essentielles,
9310158111567,1,haircare,hair spray,True,Hair spray,
8909106006553,2,makeup,gloss,True,Tresemme Lamellar gloss,
0022400393759,2,haircare,conditioner,True,Tresemmé Moisture Rich Conditioner,
6281006534902,1,haircare,conditioner,True,Conditioner botanix curl hydration,
0022400393735,1,haircare,conditioner,True,conditioner flawless curls,
6281006535053,1,haircare,keratin,False,tresemmé keratin smooth,
6281006535022,1,haircare,conditioner,True,Conditioner hour volume and body,
02240800,1,haircare,conditioner,True,tresemme pro care curls conditioner,
8850006536544,1,skincare,aloe vera,False,Palmolive Naturals Hand Wash Aloe Vera & Chamomile Refill 1L,
8718951638846,1,skincare,crème,False,Palmolive Naturals Jasmine & Milk Douchecrème,
8714789698922,1,skincare,crème,False,Palmolive Naturals Moisture Care Melk & Olijf Blokzeep,Ervaar de liefde van de natuur met Palmolive Naturals Moisture Care met Olijf Zeeptablet. De hydraterende crème met 100% natuurlijke extracten van olijven houdt de huid in balans en geeft een zijdezacht gevoel.
8718951770744,1,skincare,scrub,False,Palmolive Thermal Mineral Massage Shower Scrub Douchegel,"Spoel alle spanning weg met Palmolive Aroma Sensations Feel the Massage Douchegel. De scrub van dode zeezout, aloë vera en watermunt ruikt niet alleen heerlijk, maar doet je huid ook herleven door het lichte peeling effect."
5410091777951,1,skincare,toner,True,Syoss Color Glaze Koper Hair Glossing Toner,
5410091777937,1,skincare,toner,True,Syoss Color Glaze Cool Brunette Hair Glossing Toner,
5410091775520,1,haircare,shampoo,True,Syoss Intense Curls Deep Caring Shampoo,
5410091775643,1,haircare,conditioner,True,Syoss Intense Oleo Deep Conditioner,
5410091774875,1,haircare,keratin,False,Syoss Keratin Volume Heatactivated Blow Dry Spray,
5410091775469,1,haircare,shampoo,True,Syoss Intense Volume Deep Caring Shampoo,Syoss Volume Shampoo biedt tot 48 uur luchtig volume zonder je haar te verzwaren. Natuurlijke ingrediënten gecombineerd met het aminocomplex dragen bij aan sterk en gezond haar.
5410091719180,1,skincare,booster,True,Syoss Oleo Intense 6-80 Caramel Blond Haarkleuring,De formule van de SYOSS Color Oleo Intense 6-80 Caramel Blond Permanente Haarverf is verrijkt met een activerende oliebooster. Deze maximaliseert het kleurproces en zorgt voor een langdurige kleurintensiteit met grijsdekking.
5410091702755,1,skincare,booster,True,Syoss Oleo Intense 6-10 Donkerblond Haarkleuring,De formule van de SYOSS Color Oleo Intense 6-10 Donkerblond Permanente Haarverf is verrijkt met een activerende oliebooster. Deze maximaliseert het kleurproces en zorgt voor een langdurige kleurintensiteit met grijsdekking.
5410091702786,1,skincare,booster,True,Syoss Oleo Intense 5-92 Stralend Rood Haarkleuring,De formule van de SYOSS Color Oleo Intense 5-92 Stralend Rood Permanente Haarverf is verrijkt met een activerende oliebooster. Deze maximaliseert het kleurproces en zorgt voor een langdurige kleurintensiteit met grijsdekking.
54022829,1,makeup,matte finish,False,Syoss Texture Clay,Met Syoss Texture Clay creëer je een natuurlijke look met veel textuur en een matte finish. De clay geeft je tot 48 uur extra sterke controle.
5410091775339,1,haircare,keratin,False,SYOSS Keratine Style Perfection Haarmousse,"Style perfection geeft je extra sterke versteviging. SYOSS Keratine Style Perfection Haarmousse met haar-identieke, vloeibare keratine, versterkt je haar en biedt langdurige hold voor 100% fixatie, kracht, soepelheid en glans."
7506306252127,1,skincare,retinol,False,retinol tubo,
7506306252141,2,skincare,retinol,False,age retinol,
7506306252189,1,skincare,retinol,False,retinol de día,
7506306249219,1,haircare,shampoo,True,shampoo chile savila,
0381370014188,1,skincare,body wash,True,aveeno body wash,
0381371019427,1,skincare,calming,False,calming comfort bath,
0381371161058,1,skincare,moisturizing,False,Daily Moisturizing Lotion Sheer Hydration,
8720181494253,1,skincare,soothing,False,Dove Soothing Caring Bath Badcrème Amandelolie & Hibiscus 450 ml,
8720181296437,1,skincare,douche,False,Dove Bath Therapy Badschuim & Douchegel Renew 400 ml,
8720181296420,1,skincare,douche,False,Dove Bath Therapy Badschuim & Douchegel Glow 400 ml,
0667659320615,1,skincare,body cream,True,pink cashmere ultimate hydration body cream,
3574661427706,1,haircare,shampoo,True,Johnson bubble bath &wash shampoo 300ml,
0079656649550,1,skincare,spf,False,Banana boat sport ultra lotion spf 30 90ml,
8710537041699,1,skincare,spf,False,Biodermal Gevoelige Huid SPF30 Zonnemelk,Biodermal SPF 30 Zonnemelk met geavanceerde en fotostabiele uv A- en uv B-filters beschermt onmiddellijk tegen schadelijke effecten van zonnestraling. De lichte formule trekt snel in en is niet vet of plakkerig.
3499320000178,1,skincare,spf,False,Face Oil Free Fluid SPF 30,
8713769602041,1,makeup,bronzer,True,Byron Bay Instant Bronzer Tinted Sun Lotion SPF 30,
5017634275990,1,skincare,spf,False,Bioré Aqua Rich Uv SPF 30 Weightless Moisturiser,
5701943102947,1,skincare,spf,False,P20 Original Face SPF30 Gezichtscrème,"P20 SPF 30 Gezichtscréme is speciaal ontwikkeld voor je gezicht, met hoge UVA-bescherming tegen huidveroudering. Hiermee haal je een uiterst betrouwbare en zeer waterbestendige zonbescherming in hus, die langdurig bescherming biedt."
8713769600887,1,skincare,spf,False,Byron Bay Tan Activator Sun Lotion SPF 30,Voor een snellere bruining smeer je jezelf in met Byron Bay SPF30 Tan Activator Lotion Sunspray. De lotion beschermt je huid tegen de schadelijke uv A- en uv B-stralen van de zon.
8710537041347,1,skincare,spf,False,Biodermal Hydraplus SPF30 Zonnespray,Biodermal Hydraplus SPF 30 Zonnespray met geavanceerde en fotostabiele UVA- en UVB-filters beschermt onmiddellijk tegen schadelijke effecten van zonnestraling. De lichte formule trekt snel in en is niet vet of plakkerig.
8719179605900,1,skincare,spf,False,Kruidvat Sensitive SPF30 Dagcrème,Deze milde dagcrème ondersteunt de natuurlijke weerstand van je huid en beschermt haar tegen irritaties. De Kruidvat Sensitive SPF 30 Dagcrème voor de Overgevoelige Huid helpt de tekenen van een overgevoelige huid te verminderen.
8719179677655,1,skincare,spf,False,Kruidvat Skin Science Anti-Age SPF30 Wrinkle Correcting Day Cream 30+,"Ga de tekenen van veroudering effectief tegen met Kruidvat Skin Science Anti-Age SPF 15 Wrinkle Correcting Day Cream. De dagcrème bevat huidverstevigende en anti-rimpel eigenschappen. Het resultaat: een jeugdig ogende, stralende huid."
3038359003806,11,skincare,spf,False,Panzani - spf - sauce bolognaise extra riche,"Sauce tomate cuisinée à la viande, aromatisée"
8999999719081,1,skincare,sunblock,True,Vaseline Sunblock SPF 30+++,
0871760003095,3,skincare,sunscreen,True,Premium sunscreen face stick,
0419041673546,1,skincare,sunscreen,True,Coppertone sport spray Sunscreen spf 30,
0075486087470,1,skincare,sunscreen,True,Hawaiian Tropic sunscreen lotion Sheer Touch Sheer Touch 30 SPF,
0054402250624,1,makeup,bronzer,True,30 Spraygel Sunscreen with Instant Bronzer Broad Spectrum SPF 30,
6085010048673,1,skincare,spf,False,spf uv 40 cream,
5900717149120,1,skincare,spf,False,Emulsja ochronna 50  SPF Pharmaceris,
0079656615609,1,skincare,spf,False,Banana boat sun comfort spf 50 90ml,
0353050934864,1,skincare,spf,False,Banana boat sun comfort spf 50 90ml,
0079656631111,1,skincare,spf,False,Banana boat kids sensitive spf 50 90ml,
5017634275952,1,skincare,spf,False,Bioré UV Aqua Rich SPF 50 Weightless Moisturiser,
8717591564706,1,skincare,spf,False,Blistex Ultra SPF 50+ Lippenbalsem,De Blistex Ultra SPF 50+ Lippenbalsem verzorgt en beschermt droge en ruwe lippen tegen zon en alle weersinvloeden. Met vitamine C en E. Beschermt tegen UVA- en UVB-stralen.
8901030999505,1,skincare,spf,False,pond's Sun miracle  spf 50,
8858854602701,1,skincare,spf,False,Skin doctor face & body sun protection with vitamin SPF 50 150g,
0810020172140,1,skincare,spf,False,FACE SPF 50+,
3800225479608,1,skincare,sunscreen,True,GENTLE SUNSCREEN LOTION BABY & FAMILY 50 SPF,
0724742003821,2,skincare,sunscreen,True,Alba Botanica broad sunscreen spf 50 tropical fruit clear spray,
07696176,1,skincare,spf,False,50+ SPF SENSITIVE MOISTURING SUN LOTION,
0810084872031,1,skincare,sunscreen,True,Hello Bello Face + Body Sunscreen Stick 1 Oz SPF 50,
5901414203993,3,skincare,spf,False,SPF 50,
07032400,1,skincare,spf,False,sun secure huile 50 spf,
5900717317529,1,skincare,spf,False,Lirene ulei SPF 10,
8997208072590,1,skincare,sunscreen,True,Azarine Calm My Acne Sunscreen SPF 35 PA+++,
8720674244716,1,skincare,crème,False,Kruidvat Derma Verzachtende Littekencrème,
8720674421230,1,skincare,crème,False,Kruidvat Derma Clear Salicyl Dag- en Nachtcrème,
8720674386355,1,skincare,serum,True,Kruidvat Derma Salicylic Acid 2% Zuiverend Serum,
8718951741225,1,skincare,deodorant,True,Sanex Dermo Care Protector 48-Uur Deodorant Stick,Geniet van de frisse geur van Sanex Dermo Protector Deodorant Stick. De milde stick gaat nare lichaamsgeurtjes tegen en laat je huid ademen. Je oksels voelen de hele dag droog aan.
8713769500293,1,skincare,douche,False,Dermo Care L.O.L. Surprise! Bad & Douche,Dermo Care L.O.L. Surprise! Bad & Douche reinigt de huid van je kind op milde wijze en ruikt heerlijk fris.  Geschikt voor onder de douche en in bad. De leuke verpakking is de kers op de taart.
8713769500286,1,haircare,shampoo,True,Dermo Care L.O.L. Surprise! Shampoo,Was het haar en de hoofdhuid van je kind op milde wijze met Dermo Care L.O.L. Surprise! Shampoo. De shampoo verzorgt het haar op milde wijze en maakt zelfs het langste haar gemakkelijk doorkambaar.
8713769500743,1,skincare,douche,False,Dermo Care My Little Pony Bad & Douche,Dermo Care Shimmer & Shine Bad & Douche reinigt de huid van je kindje op milde wijze en ruikt heerlijk zacht.  Geschikt voor onder de douche en in bad. De leuke verpakking is de kers op de taart.
8713769500729,1,haircare,shampoo,True,Dermo Care My Little Pony Shampoo,Reinig het haar en de hoofdhuid van je kindje op milde wijze met Dermo Care Shimmer & Shine Shampoo. De shampoo is mild voor de ogen en maakt zelfs het langste haar gemakkelijk doorkambaar.
8718951602182,1,skincare,douche,False,Sanex Expert Skin Healh Hypoallergenic Douchegel,
8718951602267,1,skincare,crème,False,Sanex Expert Skin Health Pro Hydrate Douchecrème,
8718951792845,1,skincare,deodorant,True,Sanex Sensitive Whole Body Deodorant Cream,
8718951791572,1,skincare,deodorant,True,Sanex Sensitive Whole Body Deodorant Spray,
8718951767270,1,skincare,douche,False,Sanex Expert Skin Health+ Skin Therapy Vette Huid Douchegel,
8718951653894,1,skincare,douche,False,Sanex Expert Skin Health Protector Douchegel,
8718951648494,1,skincare,hydrating,False,Sanex Zero% Hydrating Douchegel,
8718951653832,1,skincare,douche,False,Sanex Expert Skin Health Sensitive Douchegel,
3337875923897,1,skincare,moisturising,False,CeraVe Intensive Moisturising Cream,
3337875903738,1,skincare,serum,True,CeraVe Skin Renewing Vitamin C Serum,
3606000560833,1,skincare,serum,True,CeraVe Hydraterend Hyaluronzuur Serum,
0609332815704,1,skincare,hydration,False,e.l.f. Skin Holy Hydration! SPF30 Dagcrème,
8720674342306,1,skincare,cleansing oil,True,Kruidvat Cleansing Oil To Milk,
0609332852457,1,makeup,primer,True,e.l.f. Stay Cool Primer Stick,
0609332848399,1,makeup,concealer,True,e.l.f. Deep Caramel Hydrating Camo Concealer Satin Finish,
0609332848252,1,makeup,concealer,True,e.l.f. Light Peach Hydrating Camo Concealer Satin Finish,
0609332848337,1,makeup,concealer,True,e.l.f. Tan Sand Hydrating Camo Concealer Satin Finish,
0609332848221,1,makeup,concealer,True,e.l.f. Fair Beige Hydrating Camo Concealer Satin Finish,
5060152826304,1,skincare,douche,False,Treaclemoon Brazilian Love Douche- en Badgel,Treaclemoon Brazilian Love Douche- en Badgel is een fijn schuimende douchecrème die zorgt voor een onweerstaanbaar ruikende huid. Gecreëerd om een glimlach op je gezicht te toveren!
8717333376260,1,skincare,douche,False,Kruidvat Coconut Bad & Douche,Reinig en verzorg je huid op milde wijze met Kruidvat Coconut Bad & Douche. De gel heeft een frisse kokosgeur en schuimt rijkelijk.
8719179677808,1,skincare,eye cream,True,Kruidvat Skin Science Firming Luminous 55+ Eye Cream,
8720674232751,1,haircare,shampoo,True,Kruidvat 2-In-1 Sport Shampoo & Douchegel,Na het sporten kun je wel een frisse douche gebruiken. Verzorg je huid en haar optimaal met Kruidvat 2-in-1 Sport Shampoo & Douchegel.
8710537040357,1,skincare,crème,False,Biodermal Dagcrème voor de Droge en Gevoelige Huid,"Voelt je huid trekkerig, droog of geïrriteerd aan? Verzorg en bescherm je gevoelige huid op milde wijze met deze Biodermal Dagcrème voor de Droge en Gevoelige Huid. De crème laat je huid zacht, soepel en ontspannen aanvoelen."
4745091443904,1,skincare,collagen,False,Stay Well Nourishing Vegan Collagen Cleansing Foam,
8850710110030,1,skincare,acne,False,Dr.somchai acne deep cleansing foam,
8720674367729,1,makeup,primer,True,Kruidvat Dreamy Cloud Glowy Finish Foam Primer,
4059729034397,1,makeup,foundation,True,Catrice HD 34 Medium Beige Liquid Coverage Foundation,
8710537043990,1,skincare,serum,True,Biodermal Skin Booster Glow Serum,
8710537044003,1,skincare,serum,True,Biodermal Skin Booster Hydrating Serum,
4059729332714,1,makeup,bronzer,True,Catrice Holiday Skin 020 Off to the Island Luminous Bronzer,
4006000133805,1,skincare,vitamin c,False,Sun Protect & Moisture Citracell-Protect with Vitamin C & Hyaluron SPF 50+,
0080878043118,2,haircare,curl,False,Soft Curls Shaping Mousse,
5410091719975,1,skincare,crème,False,Schwarzkopf Poly Palette 750 Chocoladebruin Haarkleuring,"Deze intensieve crèmekleuring met 7 voedende oliën, geeft je haar een prachtige kleur en intense glans. Schwarzkopf Poly Palette 750 Chocoladebruin Haarkleuring geeft grijs haar 100% grijsdekking."
5410091719937,1,skincare,crème,False,Schwarzkopf Poly Palette 4-6 850 Mokkabruin Permamente Haarkleuring,"Deze intensieve crèmekleuring met 7 voedende oliën, geeft je haar een prachtige kleur en intense glans. Schwarzkopf Poly Palette 850 Mokkabruin Haarkleuring geeft grijs haar 100% grijsdekking."
5410091719906,1,skincare,crème,False,Schwarzkopf Poly Palette 500 Donkerblond Haarkleuring,"Deze intensieve crèmekleuring met 7 voedende oliën, geeft je haar een prachtige kleur en intense glans. Schwarzkopf Poly Palette 500 Donkerblond Haarkleuring geeft grijs haar 100% grijsdekking."
5410091776237,1,skincare,creme,False,Schwarzkopf Creme Supreme 4-0 Natuurlijk Donkerbruin Verzorgende Crèmekleuring,
5410091776176,1,skincare,creme,False,Schwarzkopf Creme Supreme 10-0 Natuurlijk Ultra Lichtblond Verzorgende Crèmekleuring,
5410091776190,1,skincare,creme,False,Schwarzkopf Creme Supreme 10-19 Ultra Licht Parelblond Verzorgende Crèmekleuring,
5410091776299,1,skincare,creme,False,Schwarzkopf Creme Supreme 6-16 Cool Licht Asbruin Verzorgende Crèmekleuring,
5410091776473,1,skincare,creme,False,Schwarzkopf Creme Supreme 7-57 Donker Koperblond Verzorgende Crèmekleuring,
5410091776374,1,skincare,creme,False,Schwarzkopf Creme Supreme 7-42 Nude Donker Beigeblond Verzorgende Crèmekleuring,
5410091776336,1,skincare,creme,False,Schwarzkopf Creme Supreme 8-16 Cool Asblond Verzorgende Crèmekleuring,
5410091776435,1,skincare,creme,False,Schwarzkopf Creme Supreme 7-0 Natuurlijk Donkerblond Verzorgende Crèmekleuring,
5410091776152,1,skincare,creme,False,Schwarzkopf Creme Supreme 1-10 Natuurlijk Zwart Verzorgende Crèmekleuring,
5410091776411,1,skincare,creme,False,Schwarzkopf Creme Supreme 5-0 Natuurlijk Bruin Verzorgende Crèmekleuring,
5410091776497,1,skincare,creme,False,Schwarzkopf Creme Supreme L1++ Verzorgende Lightener,
5410091776275,1,skincare,creme,False,Schwarzkopf Creme Supreme 6-0 Natuurlijk Lichtbruin Verzorgende Crèmekleuring,
4015000247245,1,haircare,blonde,False,Schwarzkopf Blonde M1 Coupe de Soleil Super Haarverf,"Slimme blondjes blonderen met Schwarzkopf Blonde M1 Coupe Soleil Super Haarverf. Schwarzkopf Coupe De Soleil Highlights Super geeft je haar mooie, intense highlights of juist een coupe met een zomerse touche."
5410091776398,1,skincare,creme,False,Schwarzkopf Creme Supreme 7-16 Cool Donker Asblond Verzorgende Crèmekleuring,
5410091778620,1,haircare,shampoo,True,Schwarzkopf Kids Shampoo & Douchegel,Maak het haar van je kindje makkelijk doorkambaar met Schwarzkopf Kids Shampoo & Conditioner. De shampoo prikt niet en heeft een milde en fruitige geur.
5410091778507,1,haircare,shampoo,True,Schauma For Men Shampoo,"Deze Schwarzkopf For Men Shampoo met hopextracten geeft je haar kracht, glans en volume."
5410091778668,1,haircare,shampoo,True,Schauma 7 Kruiden Shampoo,De Schwarzkopf 7 Kruiden Shampoo maakt je haar voller en krachtiger. Dankzij de toegevoegd kruiden is je haar na iedere wasbeurt schoon en gevoed.
5410091778484,1,haircare,shampoo,True,Schauma Reflex-Silver Shampoo,Om je grijze haren goed te verzorgen en extra mooi uit te laten komen is er Schwarzkopf Reflex-Silver Shampoo . Je haar wordt gevoed en krijgt een prachtige zilverglans.
3600542512237,1,haircare,conditioner,True,Garnier Loving Blends Magnetic Charcoal  Conditioner,
3600542453097,1,skincare,crème,False,Garnier Bio Vitamine C Hydraterende Dagcrème,
3600542462846,1,haircare,conditioner,True,Garnier Loving Blends Kokosmelk & Macadamia Conditioner,Speciaal om normaal tot droog haar te voeden en verzachten heeft Garnier een recept ontwikkeld met kokosmelk en macadamia. Dagelijks gebruik van deze conditioner maakt je haar zachter en soepeler en geeft het een schitterende glans.
3600542227247,1,skincare,crème,False,Garnier Loving Blends Avocado-olie en Karitéboter Intens Voedende Crème,"Het ultieme voedende recept voor zeer droog of pluizig haar. Garnier Loving Blends Avocado-olie en Karitéboter Intens Voedende Crème voedt, verzacht en versoepelt je haar en maakt het makkelijk doorkambaar."
3600542130158,1,haircare,leave-in,True,Garnier Loving Blends Honing Goud Voedende Leave-In Crème,"Speciaal voor beschadigd en breekbaar haar combineert Garnier Loving Blends Honing Goud Voedende Crème drie schatten uit de honingraat: royal jelly, bijenbalsem en honing."
3600541236974,1,haircare,blonde,False,Garnier Olia 6.0 Donkerblond Permanente Haarkleuring,"De pure oliën van Garnier Olia zorgen voor een intens kleurresultaat en zichtbaar verbeterde haarkwaliteit, zonder ammoniak! De Garnier Olia 6.0 Donkerblond geeft een natuurlijk blonde kleur, 3x glanzender haar en 100% grijsdekking."
5037156298208,1,skincare,crème,False,John Frieda Frizz Ease Dream Curls Curl Defining Crème,"John Frieda Frizz Ease Dream Curls Curl Defining Crème zorgt voor gedefinieerde, zachte en gehydrateerde krullen die pluis tegen gaan, dag in dag uit. De leave-in crème zorgt voor de perfecte balans tussen zachtheid en all-day hold."
5037156302790,1,skincare,serum,True,John Frieda The Rescuer Weightless Repair Serum,
5037156301243,1,haircare,volume,False,John Frieda Volume Lift Pushed-Up Dry Texture Spray,
5037156301687,1,makeup,primer,True,John Frieda Volume Lift Body Building Style Primer,
5037156299571,1,haircare,frizz,False,John Frieda Frizz Ease Infinite Smooth Blow-Out Spray,
5037156298338,1,haircare,shampoo,True,John Frieda Frizz Ease Infinite Smooth Shampoo,
5037156298420,1,haircare,frizz,False,John Frieda Frizz Ease Infinite Smooth Boosting Treatment,
5037156298383,1,haircare,conditioner,True,John Frieda Frizz Ease Infinite Smooth Conditioner,
5037156296075,1,skincare,serum,True,John Frieda Pro Filler+ For Fine Hair Scalp Serum,
5037156299052,1,haircare,conditioner,True,John Frieda Shimmering Silver Conditioner,
5037156299038,1,haircare,shampoo,True,John Frieda Shimmering Silver Shampoo,
5037156298147,1,skincare,hydrating,False,John Frieda Frizz Ease Dream Curls Hydrating Jelly,
5037156287899,1,haircare,shampoo,True,John Frieda Go Blonder Lightening Shampoo,
5037156299274,1,haircare,conditioner,True,John Frieda Profiller+ Conditioner,
5037156297713,1,skincare,toning,True,John Frieda Violet Crush For Blondes Purple Toning Masker,
5037156298611,1,haircare,shampoo,True,John Frieda Frizz Ease Miraculous Recovery Repairing Shampoo,Verzorg doelgericht beschadigde zones in je haar met John Frieda Frizz Ease Miraculous Recovery Shampoo. De shampoo gaat haarbreuk tegen en laat je haar er weer gezond uitzien.
5037156299090,1,haircare,shampoo,True,John Frieda Volume Lift Lightweight Shampoo,Geef je haar meer volume en ontwar het tegelijkertijd met John Frieda Luxurious Volume Touchably Full Shampoo.
5037156298161,1,haircare,frizz,False,John Frieda Frizz Ease Dream Curls Daily Styling Spray,"Tover je slappe slagen om in sexy krullen met John Frieda Frizz Ease Dream Curls Styling Hairspray. De spray met magnesium dringt diep in je haar. De elasticiteit van je krullen herstelt, waardoor je haar opveert."
5037156271607,1,skincare,crème,False,John Frieda Frizz Ease Dream Curls Crème Oil,
5037156263978,1,haircare,conditioner,True,"Volume Fit , Nicht beschwerender Conditioner",
8720964842233,1,makeup,blush,True,Jo Malone London Peony & Blush Suede Eau de Cologne,
0603084491834,1,haircare,shampoo,True,Shampoo niacinamida,
0603084459339,1,haircare,shampoo,True,Shampoo morocoargan,
0079400475510,1,haircare,shampoo,True,Shampoo caballero,
8719325558296,1,haircare,shampoo,True,Marcel's Green Soap Shampoo caring argan oudh,
3600524173562,1,haircare,shampoo,True,Nachfüll Shampoo,
5060120165787,2,haircare,shampoo,True,Keratin Classic Shampoo,
8719134212440,4,haircare,shampoo,True,Rituals homme hydrating gel cream / shampoo,
6291069208238,1,haircare,shampoo,True,Hair shampoo repair &restore.400ml.vatika,
0037000823445,1,haircare,shampoo,True,shampoo,
4072600255285,1,haircare,shampoo,True,Shampoo,
6291069756357,2,haircare,shampoo,True,Dabur amla kids shampoo,
7753572006262,1,haircare,shampoo,True,shampoo,
7791293046983,1,haircare,shampoo,True,Dove Shampoo,
7891033534623,1,haircare,shampoo,True,siage revela cachos shampoo 250 ml,
4064700214200,1,haircare,shampoo,True,active shampoo 2 in 1,
8025796000074,1,haircare,shampoo,True,Shampoo erboristico Marsiglia,
4800888169716,1,haircare,shampoo,True,Sunsilk Pink (SHAMPOO) 15ml,
8002410009644,1,haircare,shampoo,True,Doccia Shampoo,
8414152411027,1,haircare,shampoo,True,PHYTO nature Hair-LoSS Prevention Shampoo,
8713713063850,1,haircare,shampoo,True,Lucovitaal Eczeem Psoriasis Shampoo,"Lucovitaal Eczeem Psoriasis Shampoo is geschikt voor de behandeling van eczeem en psoriasis. Gebruik de shampoo twee tot drie keer in de week, ter verlichting van de jeukende, rode, schilferige en droge hoofdhuid."
4251232284300,1,makeup,concealer,True,Liquid Camouflage,"Donkere kringen, onregelmatigheden en roodheid behoren tot het verleden dankzij de Catrice Liquid Camouflage 007 Natural Rose High Coverage Concealer. Deze hooggepigmenteerde concealer is waterproof en blijft lang zitten."
96099315,1,makeup,blush,True,Creme Puff Blush Alluring Rose,Met de Max Factor Crème Puff 025 Alluring Rose Blush breng je een gezonde glow aan op je wangen. Deze poederblusher is speciaal ontwikkeld om de intensiteit op te bouwen.
0616513670335,1,skincare,hyaluronic acid,False,Hyaluronic acid make-up remover,
4250947543214,1,makeup,mascara,True,Essence I Love Extreme Volume 01 Black Waterproof Mascara,"Geef je wimpers een diepzwarte kleur en superveel volume met deze Essence I Love Extreme Volume 01 Black Waterproof Mascara, zelfs tijdens het sporten en zwemmen!"
0192333164587,1,makeup,mascara,True,Clinique High Impact High-Fi Full Volume Mascara 10ml,
3605972252005,1,makeup,setting spray,True,All Nighter Ultra Matte Long lasting Make-up Setting Spray,
0800897266004,1,makeup,primer,True,NYX Professional Makeup The Face Glue Primer,
4059729277114,1,makeup,concealer,True,Catrice True Skin Neutral Biscuit High Cover Concealer,
4059729490681,2,skincare,essence,True,Essence What a Tint! 02 Lip & Cheek Tint,
4059729376282,1,makeup,primer,True,Primer,
4250947544686,1,makeup,concealer,True,Catrice Liquid Camouflage 020 Light Beige High Coverage Concealer,"Donkere kringen, onregelmatigheden en roodheid behoren tot de verleden tijd dankzij de Catrice Liquid Camouflage 020 Light Beige High Coverage Concealer. Deze hooggepigmenteerde concealer is waterdicht en blijft lang zitten."
0800897257576,1,makeup,blush,True,NYX Professional Makeup 01 My Butta Half Buttermelt Blush,
4059729445377,1,skincare,lip balm,True,Catrice Care in Colours 010 Everyday 24/7 Lip Balm,
4059729445551,1,skincare,lip balm,True,Catrice Melt & Shine Juicy 030 Sea-cret Lip Balm,
0810171577481,1,skincare,deodorant,True,Natural Deodorant Watermelon Rush,
4250035200715,1,skincare,essence,True,Essence 01 Black Kajal Pencil,Geef je ogen net dat beetje extra met het Essence 01 Black Kajal Pencil.
4250587771855,2,makeup,eyebrow,True,Eyebrow designer,Breng je wenkbrauwen in vorm en kleur ze bij waar nodig met de Essence 05 Soft Blonde Eyebrow Designer.
6922964004716,1,skincare,aloe vera,False,Aloe vera make up fixer,
3574661724966,1,makeup,cleansing wipe,True,Make-Up be gone Miscellar Cleansing Wipes,
4987176281227,1,skincare,shave,False,Shave brush,
8436551470184,1,skincare,body lotion,True,Body Lotion,
5901742000806,1,haircare,shampoo,True,drSEIDEL Shampoo z chlorheksydyną,
4067796182101,1,haircare,shampoo,True,shampoo,
4066447711448,1,haircare,shampoo,True,Shampoo & Spülung,
9556258002767,1,haircare,shampoo,True,Dezor shampoo,
9557892104480,1,haircare,shampoo,True,Yucomy shampoo,
7804920005816,2,haircare,shampoo,True,shampoo micelar,
2000063559758,1,haircare,shampoo,True,Kreateme shampoo 300g,
2000063559574,1,haircare,shampoo,True,Kreateme shampoo 730g,
4897110032016,1,haircare,shampoo,True,Kesar lamore shampoo 250,
4897110031989,1,haircare,shampoo,True,Kesar lamore shampoo 500,
4897077947583,1,haircare,shampoo,True,Kesar lamore menthol shampoo 500,
8720254710556,1,haircare,shampoo,True,Naïf Baby & kids nourishing shampoo,
8720254710594,1,haircare,shampoo,True,Naïf Baby & kids nourishing shampoo refill,
4511413524039,1,haircare,shampoo,True,DHC Q10 shampoo,
4987046700322,1,haircare,shampoo,True,Kaminoto shampoo 180ml,
7896150023616,1,haircare,shampoo,True,Shampoo yama proteínas,
3574661470573,1,haircare,shampoo,True,Johnson baby shampoo chamomile,
3574669907965,1,haircare,shampoo,True,Johnson sof&shiny 2in1 shampoo 200ml,
4800888156280,1,haircare,shampoo,True,sunsilk shampoo,
8999999612344,1,haircare,shampoo,True,Dove Biotin Hairfall Control Shampoo 155ml,
4061461122843,1,haircare,shampoo,True,Haircare Shampoo,
8710537045246,1,skincare,spf,False,Biodermal Anti Age SPF50+ Zonnecrème voor het Gezicht,"Biodermal Gezicht SPF 50+ Anti Age Zonnecrème bevat geavanceerde, fotostabiele uv A- en uv B-filters. De crème bevat een verhoogde concentratie uv A-filters voor een verbeterde bescherming tegen vroegtijdige huidveroudering."
8720674480923,1,skincare,spf,False,Kruidvat Solait SPF50 Sunmilk,Bescherm je zeer lichte huid met de Kruidvat Solait SPF 50 Sunmilk. Deze zonnemelk met vitamine E biedt een hoge bescherming.
6223005992376,3,skincare,sunscreen,True,ACNE-PRONE SKIN DAILY SHIELD SPF 50+ SUNSCREEN sUNSCREEN,
3499320018265,1,skincare,cleanser,True,Cetaphil Daily Facial Cleanser,
3499320003391,1,skincare,crème,False,Cetaphil Hydraterende Crème,
5020465202578,1,skincare,cleanser,True,"cetaphil, oily skin cleanser",
2000053629126,1,haircare,shampoo,True,Cetaphil baby wash shampoo 50,
0772618072280,1,skincare,hydrating,False,DailyAdvance Ultra Hydrating Lotion,
29939381,1,skincare,body wash,True,Cetaphil ultra gentle body wash,
3337875549622,1,skincare,cleanser,True,Cerave SA Smiothing cleanser 45%,
3606000552876,1,skincare,face wash,True,Cerave Face Wash,
3337875945790,1,skincare,sunscreen,True,CeraVe SPF30 Inivisible Hydrating Sunscreen,
3337875945660,1,skincare,sunscreen,True,CeraVe SPF50 Invisible Hydrating Fluid Sunscreen,
3337875904353,1,skincare,serum,True,CeraVe Skin Renewing Retinol Serum,
3606000608382,1,skincare,cleanser,True,Acne Control Cleanser,
8710447224366,1,haircare,keratin,False,Tresemme Balsam Keratin Smooth 400ml,
0311121111996,1,haircare,volume,False,Hour volume and body,
3337875945820,1,skincare,sunscreen,True,CeraVe Invisible SPF30 Hydrating Sunscreen,
3337875945707,1,skincare,spf,False,CeraVe SPF50+ Invisible Sun Stick,
3606000619838,1,skincare,eye cream,True,CeraVe Skin Renewing Eye Cream,
0371782005454,1,haircare,shampoo,True,Shampoo + Conditioner Sawtooth,
5410103016368,1,skincare,crème,False,L'Oréal Paris Age Perfect Collageen Expert Verstevigende Nachtcrème,L'Oréal Paris Age Perfect Classic Anti-Veroudering Nachtcrème heeft een verstevigende werking voor de rijpere huid. De formule met soja-ceramide verstevigt je huid en vermindert pigmentvlekjes.
5410103002040,1,skincare,crème,False,L'Oréal Paris Excellence Crème 9.3 Zeer Licht Goudblond Permanente Haarverf,"Ontdek nu deze permanente haarkleuring met drievoudige verzorging voor een rijk en levendig kleurresultaat. L'Oréal Paris Excellence Crème 9.3 Zeer Licht Goudblond Haarkleuring beschermt, voedt en verzorgt je haar."
8720181079160,1,skincare,body wash,True,Body Wash,
0708002405778,1,skincare,body wash,True,Dragon Fruit Body wash,
3256228911551,1,skincare,déodorant,False,Homme Déodorant Anti-Traces 24 h,
8961014249033,1,skincare,face wash,True,ponds face wash,
4088600292526,1,skincare,body wash,True,Kids Body Wash & Foam Bath,
0077043002117,1,skincare,body wash,True,energizing body wash,
8720181462962,1,skincare,body wash,True,shea butter & vanilla BODY WASH,
7290107421348,1,skincare,body wash,True,Mineral Body Wash,
8961014263060,1,skincare,face wash,True,ponds face wash,
8906064451012,1,skincare,face wash,True,face wash,
0708002401671,1,skincare,body wash,True,Faith In Nature Body Wash,
8002340017542,3,skincare,deodorant,True,Deodorante vapo no gas,
0817939018569,1,skincare,body wash,True,Method Body Body Wash,
4800888139672,1,skincare,toner,True,Pond's Acne Clear Pore & Conditioning Toner,
8717163762066,1,skincare,body wash,True,Pampering shea butter and vanilla scent Body wash,
0708002400377,1,skincare,body wash,True,Cocnut Body Wash,
8901138816582,1,skincare,scrub,False,Himalaya Neem scrub,
8710919103212,1,skincare,deodorant,True,Odorex Active Care Deodorant Roller,"De frisse, verzorgende deodorant is speciaal ontwikkeld voor de gevoelige huid. Odorex Active Care Deodorant Roller bevat vitamine E en aloe vera, voor extra verzorging. De deodorant is 48 uur effectief tegen transpiratie."
5060472671240,2,skincare,scrub,False,Umberto Giannini Scalp Scrub,
8809292443210,1,skincare,collagen,False,Abib Collagen Eye Creme Jericho Rose,
8800280695840,1,skincare,booster,True,Abib PDRN Volume fill-it Booster Creme,
3564700560860,3,skincare,hydratant,False,Inell crème visage hydratante,
3574661823065,1,skincare,lait corps,True,Lait corps l'original hydratation intense,
8700216900454,1,haircare,volume,False,Aussome Volume,
8800375070019,1,skincare,serum,True,epii face serum HPT6 Ultra Drop forte,
8800312062824,1,skincare,toner,True,Knock Melt-in Body Toner Pistachio,
3600541670488,1,skincare,creme,False,Nutrisse Ultra Creme 3.23 Dauerhafte Pflegehaarfarbe,
0840797128507,1,haircare,shampoo,True,Gentle Daily Shampoo,
0719346635035,1,skincare,mist,False,Britney Spears Midnight Fantasy Fragrance Mist 236ml,
0603531784625,2,skincare,mist,False,Set Sail St Barts Body Mist 8.0 Oz,
0191907963618,1,skincare,sensitive skin,False,Sensitive Skin Baby Wipes,
6976068950738,1,makeup,concealer,True,"Sunscreen, concealer cream three colour",
3337875844543,1,skincare,moisturizing,False,Lipikar AP+M Triple Repair Moisturizing Cream,
9347774002450,1,skincare,bar soap,True,Nudy Rudy Milk Bar Soap With Goat Milk and Shea butter,
3800200962606,1,skincare,shower gel,True,Shower gel ROSE of bulgaria,
0026395101085,1,skincare,moisturizer,False,Aloe Vera Gelly Soothing Moisturizer,
3616305449986,1,skincare,shower gel,True,Pure Game Ice Dive Team Force 3 in 1 Shower Gel,
5410091767266,1,skincare,crème,False,Fa Paradise Moments Douchecrème,
4066447972504,1,haircare,shampoo,True,Ultra Sensitive Totes Meer Shampoo,
4066447384116,1,haircare,shampoo,True,Reiseshampoo & Spülng,
4058172445064,1,skincare,creme,False,Freiheit Feuchtigkeitscreme,
4058172582561,1,skincare,peel,False,Fusspeeling,
4066447371659,1,skincare,creme,False,Enthaarungs creme,
4066447492545,1,skincare,peel,False,creme peeling,
4066447365689,1,makeup,gloss,True,Glossy & Long Spülung,
4066447467932,1,haircare,shampoo,True,Shampoo Seidenglanz,
8903363014269,1,makeup,powder,False,Powder to liquid handwash,
2000000161108,1,skincare,sunscreen,True,Caviahue protector solar mineral FPS 40,sunscreen stick
3600523714414,1,skincare,crème,False,Excellence Crème #7 - Mid-blond,
5902357008683,1,skincare,liquid soap,True,Jasmin Blüte FlüssigSeife,Liquid soap Jasmin Blossom
8901030846212,1,skincare,body wash,True,Dove body wash,
4069365888728,1,skincare,creme,False,Zahncreme Expert Sensitive,
4067796195477,1,makeup,blush,True,MATTE blush cream trend It up,
4066447359541,1,makeup,lash,False,Lash & BROW FIXING GEL Ituptrend,
8006540895832,1,skincare,gel douche,True,Gel douche parfum monoï,
0883484708903,1,skincare,moisturizing,False,OdorX Daily Moisturizing 2 in 1,
0850048197183,1,haircare,shampoo,True,Curl Reset Detox Shampoo,
0049056102016,1,haircare,shampoo,True,Old-Fashioned Bar Shampoo Original Formula,
4067796266214,1,makeup,contour,False,dm trend It up — MATTE COntOur CREAM,
5200312248342,1,haircare,panthenol,False,Panthenol extra,
0667659339266,1,skincare,mist,False,Rouge Rebel Men's Collection Cologne Mist,
8859870120002,1,skincare,acne,False,INGU Anti Acne Gel,
8809925134911,1,skincare,ceramide,False,Ceramide ato concentrate cream,
0603084491551,1,haircare,shampoo,True,Fructis Triple Nutrition Shampoo,
0017000169859,1,skincare,hand soap,True,Ocean Splash Hand Soap,
0667659413713,1,skincare,hand soap,True,Touch of Gold Gentle & Clean Foaming Hand Soap,
5011451602045,1,makeup,cleansing wipe,True,Simple Cleansing Wipes 2x25stk,
0850042058794,1,skincare,deodorant,True,Whole Body Deodorant Lavender Sage Smooth Cream,
8700216158459,1,haircare,shampoo,True,Pro-Expert Anti-Dandruff Shampoo,
8021694330374,1,haircare,shampoo,True,Sublime Fruit Nourishing and Silky Honey Shampoo,
4740060011085,1,skincare,hand soap,True,Hand Soap Rhubarb & Apple,
0769915195606,2,skincare,peel,False,The Ordinary AHA 30% + BHA 2% Peeling Solution,
6009523601811,1,haircare,shampoo,True,Special Baby Shampoo,
0811346020269,1,skincare,body wash,True,Unwind Amber & Lavender Hydrating Body Wash,
0811346020313,1,skincare,face wash,True,Mint & Cedar Daily Face Wash,
1230000304061,1,skincare,serum,True,Vipstick Serum,
0190679010445,1,haircare,shampoo,True,Shampoo Eucalyptus,
0079625013115,1,haircare,shampoo,True,Makeup Brush + Sponge Shampoo,
0086449300031,1,skincare,deodorant,True,Mineral Deodorant Stick Unscented,
0812154036923,1,skincare,body wash,True,Body Wash Sea Salt & Cedar,
0041507051614,1,skincare,cleanser,True,Hydrating Milky Cleanser,
8800289474897,1,skincare,toner,True,Medicube PDRN Pink Cica Soothing Toner,
3600541978034,1,haircare,shampoo,True,Fructis Strength & Shine Shampoo,
3600524149864,1,haircare,conditioner,True,Elseve Hyaluron Pure Hydrating Conditioner,
3600524142599,1,haircare,conditioner,True,Elseve Dream Long Conditioner,
0011110384607,1,skincare,moisturizer,False,Skin Moisturizer with Aloe Soothing Gel,
3606000577213,1,skincare,cleanser,True,Hydrating Cream-to-Foam Cleanser,
8904417314755,2,skincare,face wash,True,1% Kojic Acid Daily Face Wash,
4064666036908,2,haircare,conditioner,True,wella elements conditioner,
3760162124767,1,skincare,gel douche,True,Gel douche surgras,
3245678709122,2,skincare,nettoyant,True,Lingettes Nettoyantes,Lingettes Nettoyantes
3245678709078,4,skincare,nettoyant,True,Lingettes nettoyantes,Lingettes nettoyantes
80006657,1,skincare,deodorant,True,Deodorante vapo no gas delicato,
3086127500941,1,skincare,razor,False,Disposable Razors,
4052917068440,1,skincare,nettoyant,True,Nettoyant salle de bain,
3373361000123,1,skincare,savon,True,Copeau savon de marseille,
8721008611075,1,skincare,creme,False,Naïf BABY & KIND Mineralische Sonnencreme 50 HOHER SCHUTZ 0% PARFÜM,
8721008611044,1,skincare,creme,False,NAIF 100 ml BABY & KIND Mineralische Sonnencreme 50: HOHER SCHUTZ 0% PARFÜM,
8901030994777,1,skincare,serum,True,Lakme vit c serum facewash,
0815402023119,1,haircare,conditioner,True,Leave-in conditioner,
8809820696545,1,skincare,cleanser,True,PH 6.5 Whip Cleanser,
0062600301130,1,skincare,acne,False,Acne Stress Control Power-Cream Wash,
0381519493379,1,haircare,shampoo,True,Total Miracle Shampoo with Apricot Oil,
7890310111489,1,skincare,creme,False,Creme dental sem flúor antibacteriano Boni,
3574661117621,1,skincare,sensitive skin,False,Allergy sun sensitive skin face cream 50+,
0810095594625,1,skincare,deodorant,True,Odor Squatching Deodorant Birchwood Breeze,
0843536107160,1,skincare,body wash,True,Sea + Surf Men's Body Wash,
0062600621757,2,skincare,serum,True,Stubborn Texture Niacinamide Serum,
6294019000166,1,skincare,shower gel,True,Cosmaline Soft Wave shower gel,
4006000214580,1,skincare,creme,False,Sonnencreme 50+,
4006000164663,1,skincare,spf,False,Sensitive Gesichtspflege,
4006000017396,1,skincare,serum,True,Serum anti imperfeciones,
3560070885190,9,haircare,laque,True,300ML LAQUE FORTE CRF,
3515777495302,1,haircare,laque,True,Laque naturelle,
3596710555956,1,haircare,laque,True,Laque protection,Laque protection
0009531113265,1,haircare,shampoo,True,Awapuhi Shampoo,
3600523749188,1,haircare,hair oil,True,"Elvital Jojoba Haaröl - Dickes, Seth Trockenes Haar","Hair oil for thick, very tangled hair"
3245678703892,1,skincare,lait corps,True,Cosmia b - lait corps et massage - pour une douce nuit avec de l'extrait de camomille hydratant - bébé - 500 ml,Cosmia b - lait corps et massage - pour une douce nuit avec de l'extrait de camomille hydratant - bébé - 500 ml
3596710555970,2,haircare,volume,False,mousse coiffante Volume,mousse coiffante Volume
3560071186357,1,haircare,gel coiffant,True,Gel coiffant N6 STRONG carrefour,
7595335002261,1,skincare,aloe vera,False,Aloe vera gel,
5018389015862,1,skincare,mist,False,Ibiza Dreams Body Mist,
8033148530414,1,skincare,cleanser,True,Intimo Delicato Intimate Cleanser Olio Essenziale di Lavanda,
4311596038886,1,skincare,creme,False,Cremeseife Ocean fresh,
4316268687874,1,skincare,creme,False,Cremeseife Milch & Honig,
42277231,2,skincare,creme,False,Nivea Creme 30 ml Minidose,
14082337,1,skincare,gel douche,True,Gel douche Monoï,
3596710567997,1,skincare,gel douche,True,Pouce gel douche et bain peche 500 ml,Pouce gel douche et bain peche 500 ml
4002857032841,1,skincare,aloe vera,False,Feuchtes Toilettenpapier Sensitiv (Classic) mit Aloe vera,Wet wipes for toilet
0738678002674,1,haircare,defining,False,"Defining Paste: Medium Hold, Low Shine",
0041167017289,1,makeup,powder,False,No Mess Foot Powder Spray,
4056489649373,1,haircare,dandruff,True,Cien Anti Dandruff 2 in 1,
8809495685080,1,skincare,pore,False,Pore Clay Cleansing Milk,
0846733030125,1,makeup,concealer,True,Creaseless Concealer,
0192608259536,1,makeup,concealer,True,Wakeup Artist Under Eye Correcting Concealer,
3337875926058,1,skincare,acne,False,Effaclar Duo+M Multi-Target Acne Treatment,
0030772251782,1,skincare,body lotion,True,Body Lotion Sensitive Series Babe Coconut,
0035000985378,1,makeup,lash,False,Cool Splash Scent,
3430750037303,1,skincare,savon,True,Jeanne Arthes Boum Savon Eau De Parfum for Women 100 Ml,
0840074307625,1,skincare,body wash,True,"Kid's 3-IN-1 Shampoo, Conditioner & Body Wash",
4058172178313,1,makeup,mascara,True,Mascara sensitive,
4068134104335,1,makeup,mascara,True,Alterta waterproof mascara,
3600542663045,1,skincare,hydrating,False,Vitamin C Fresh & Bright Hydrating Sorbet Cream,
3574669908573,1,skincare,aloe vera,False,Aloe Vera Oil,
1200198038178,1,skincare,mist,False,Mountainside Mist,
