code,imgid,pred,keyword,strong,label_source
00032831,1,makeup,,,hand
0018787788059,1,skincare,,,hand
0018787810545,2,skincare,,,hand
0019962085116,3,skincare,,,hand
0020714434878,1,makeup,,,hand
0022796170156,3,haircare,,,hand
0022796907240,1,haircare,,,hand
0024057328078,2,makeup,,,hand
0024057330590,1,makeup,,,hand
0033000000954,1,makeup,,,hand
0041388002712,1,skincare,,,hand
0050051275131,2,skincare,,,hand
0057800115816,2,skincare,,,hand
0062200825029,3,skincare,,,hand
0062600061065,1,skincare,,,hand
0062600061515,1,skincare,,,hand
0071249289839,2,makeup,,,hand
0074170410532,2,skincare,,,hand
0074170410556,1,makeup,,,hand
0074170410952,1,makeup,,,hand
0076970853861,7,skincare,,,hand
0079400204370,2,haircare,,,hand
0083800034284,2,skincare,,,hand
0085805141943,1,skincare,,,hand
0095008000978,2,makeup,,,hand
0095008006246,1,makeup,,,hand
0095008012872,1,makeup,,,hand
0187132005247,1,haircare,,,hand
0187132005575,6,skincare,,,hand
0200030071050,3,haircare,,,hand
0309975415018,1,makeup,,,hand
0309977755006,1,makeup,,,hand
0309978695325,1,haircare,,,hand
0401035531864,2,skincare,,,hand
04254205,2,skincare,,,hand
0595650556347,1,skincare,,,hand
0621732532197,3,skincare,,,hand
0633911680032,3,haircare,,,hand
0636874120294,2,skincare,,,hand
0663350062854,1,skincare,,,hand
0667536214730,1,skincare,,,hand
0697045153053,1,skincare,,,hand
0697045153060,1,skincare,,,hand
0718334337432,2,skincare,,,hand
0737052259789,1,skincare,,,hand
0738678239940,1,skincare,,,hand
0738678240472,1,skincare,,,hand
07372186,1,skincare,,,hand
0743877050630,1,haircare,,,hand
0761828223308,2,skincare,,,hand
0761828223889,2,skincare,,,hand
0782126003065,7,skincare,,,hand
07812133,2,skincare,,,hand
0792850260009,8,skincare,,,hand
0800897813727,7,makeup,,,hand
0809219600267,3,haircare,,,hand
08058355,1,skincare,,,hand
0816820020711,1,haircare,,,hand
08447825,1,skincare,,,hand
0850629004107,2,haircare,,,hand
0856642006104,1,haircare,,,hand
0870223028675,2,skincare,,,hand
08716491,2,skincare,,,hand
09162008,1,skincare,,,hand
09300507,1,skincare,,,hand
12472482,1,skincare,,,hand
13044211,1,makeup,,,hand
15191010,1,skincare,,,hand
1662937001575,1,skincare,,,hand
1705770101177,1,haircare,,,hand
1705770101184,2,haircare,,,hand
1705770103508,5,skincare,,,hand
2000000000043,1,makeup,,,hand
20095833,2,skincare,,,hand
2016316099995,2,skincare,,,hand
2017017699996,1,skincare,,,hand
20182199,2,skincare,,,hand
2020408899998,1,makeup,,,hand
2020619799995,1,makeup,,,hand
2029204899997,1,makeup,,,hand
20220464,2,haircare,,,hand
20250867,1,haircare,,,hand
20317225,2,skincare,,,hand
20350390,2,skincare,,,hand
20350406,2,skincare,,,hand
20460938,2,skincare,,,hand
20532734,1,skincare,,,hand
20540173,2,skincare,,,hand
20561765,2,haircare,,,hand
20624910,2,skincare,,,hand
20636661,3,skincare,,,hand
20825430,1,haircare,,,hand
2528318287336,1,makeup,,,hand
26020358,2,makeup,,,hand
26023038,1,skincare,,,hand
26023069,2,haircare,,,hand
26023229,2,skincare,,,hand
26023410,1,skincare,,,hand
26023472,2,skincare,,,hand
26023670,2,skincare,,,hand
26023717,2,skincare,,,hand
29023295,1,skincare,,,hand
29024353,1,skincare,,,hand
3001000012502,2,skincare,,,hand
3001000012519,2,skincare,,,hand
30090910,1,makeup,,,hand
30096189,2,skincare,,,hand
3010351730256,1,skincare,,,hand
3010351730263,2,skincare,,,hand
3014230501524,2,haircare,,,hand
3014230560019,1,haircare,,,hand
3015910608817,4,skincare,,,hand
3017563120998,1,skincare,,,hand
3017566000495,2,skincare,,,hand
3017566540014,1,makeup,,,hand
3017568014094,1,makeup,,,hand
3024876050119,5,skincare,,,hand
3031443128003,1,skincare,,,hand
3031449341550,2,makeup,,,hand
3040690661546,2,skincare,,,hand
3040690663823,2,skincare,,,hand
3040690666015,2,makeup,,,hand
3040690666022,2,skincare,,,hand
3040690666206,2,skincare,,,hand
3040690666213,2,skincare,,,hand
3040690666220,2,skincare,,,hand
3040690666237,2,skincare,,,hand
3040690666244,2,skincare,,,hand
3045206501705,2,skincare,,,hand
3045206502009,5,skincare,,,hand
3045206503006,2,skincare,,,hand
3050070004023,2,skincare,,,hand
3052503030111,2,skincare,,,hand
3052503030142,2,skincare,,,hand
3052503030777,1,skincare,,,hand
3052503155104,1,makeup,,,hand
3052503205472,2,skincare,,,hand
3052503230467,1,makeup,,,hand
3052503281315,2,skincare,,,hand
3052503504728,1,skincare,,,hand
3052503506968,1,skincare,,,hand
3052503531281,2,makeup,,,hand
3052503532301,1,makeup,,,hand
3052503533902,1,makeup,,,hand
3052503706283,2,makeup,,,hand
3052503790909,1,makeup,,,hand
3052503791029,1,makeup,,,hand
3052503810393,2,makeup,,,hand
3052503900674,3,makeup,,,hand
3052503901602,3,makeup,,,hand
3052505050339,1,makeup,,,hand
3052505505105,2,skincare,,,hand
3054080034377,2,haircare,,,hand
3054080071105,1,skincare,,,hand
3058320006001,2,skincare,,,hand
3058320010176,2,haircare,,,hand
3058320026047,1,skincare,,,hand
3058320028201,2,skincare,,,hand
3058320052015,2,skincare,,,hand
3058325048587,2,skincare,,,hand
3058325505400,1,skincare,,,hand
3059944021302,2,skincare,,,hand
3059944023054,2,skincare,,,hand
3059944024051,2,skincare,,,hand
3059944116923,2,skincare,,,hand
3059944117050,2,skincare,,,hand
3059944117173,2,skincare,,,hand
3059944117463,3,skincare,,,hand
3059944150002,2,skincare,,,hand
3086123220720,1,skincare,,,hand
3111930016055,1,skincare,,,hand
3127734789357,1,skincare,,,hand
3140100143058,5,haircare,,,hand
3140100143089,2,haircare,,,hand
3140100143119,1,haircare,,,hand
3140100179347,2,haircare,,,hand
3140100187342,2,haircare,,,hand
3140100246506,2,haircare,,,hand
3140100249194,2,haircare,,,hand
3140100251197,2,haircare,,,hand
3140100251296,2,haircare,,,hand
3140100261301,2,haircare,,,hand
3140100261318,2,haircare,,,hand
3140100261325,2,haircare,,,hand
3140100261349,2,haircare,,,hand
3140100289343,4,haircare,,,hand
3140100290202,1,skincare,,,hand
3140100320916,2,haircare,,,hand
3140100320923,2,skincare,,,hand
3140100320930,3,skincare,,,hand
3140100320978,3,skincare,,,hand
3140100325713,1,haircare,,,hand
3140100336979,2,haircare,,,hand
3140100339581,2,haircare,,,hand
3140100339598,2,haircare,,,hand
3140100339604,2,haircare,,,hand
3140100345902,2,haircare,,,hand
3140100349689,2,haircare,,,hand
3140100349849,2,haircare,,,hand
3140700780868,2,haircare,,,hand
3141380013000,1,skincare,,,hand
3141380018944,2,skincare,,,hand
3141380042536,1,skincare,,,hand
3141380055192,2,skincare,,,hand
3145891594553,2,makeup,,,hand
3159870101007,2,skincare,,,hand
3159870466212,2,skincare,,,hand
3160920965005,2,haircare,,,hand
3160920965012,1,haircare,,,hand
3172350157134,2,skincare,,,hand
3172350157141,2,skincare,,,hand
3172350157158,2,skincare,,,hand
3178040253070,2,skincare,,,hand
3178040395329,4,haircare,,,hand
3178040429949,1,haircare,,,hand
3178040433809,2,skincare,,,hand
3178040512832,2,haircare,,,hand
3178040554931,3,skincare,,,hand
3178040567207,5,haircare,,,hand
3178040567283,2,haircare,,,hand
3178040619869,2,skincare,,,hand
3178040633179,2,skincare,,,hand
3178040638617,2,skincare,,,hand
3178040639898,4,skincare,,,hand
3178040643451,2,skincare,,,hand
3178040643819,3,haircare,,,hand
3178040643826,3,haircare,,,hand
3178040646452,2,haircare,,,hand
3178040663312,3,haircare,,,hand
3178040663329,4,haircare,,,hand
3178040667044,2,skincare,,,hand
3178040667518,2,haircare,,,hand
3178040667600,2,haircare,,,hand
3178040669536,1,haircare,,,hand
3178040671843,1,skincare,,,hand
3178040675278,2,skincare,,,hand
3178040678811,2,haircare,,,hand
3178040678859,2,haircare,,,hand
3178040678866,2,haircare,,,hand
3178040678873,4,haircare,,,hand
3178040678880,2,haircare,,,hand
3178040678897,2,haircare,,,hand
3178040680876,1,skincare,,,hand
3178040682405,1,skincare,,,hand
3178040683167,2,haircare,,,hand
3178040683822,2,haircare,,,hand
3178040687059,1,haircare,,,hand
3178040687790,5,skincare,,,hand
3178040688513,2,haircare,,,hand
3178040694149,2,skincare,,,hand
3178040694156,2,skincare,,,hand
3178040695160,2,skincare,,,hand
3178040695627,2,haircare,,,hand
3178040695825,4,haircare,,,hand
3178040699021,2,skincare,,,hand
3178041301145,2,haircare,,,hand
3178041301404,2,haircare,,,hand
3178041301534,1,haircare,,,hand
3178041301855,2,skincare,,,hand
3178041302036,4,haircare,,,hand
3178041302104,1,skincare,,,hand
3178041302111,1,skincare,,,hand
3178041302135,2,skincare,,,hand
3178041302531,2,haircare,,,hand
3178041302579,2,haircare,,,hand
3178041302586,2,haircare,,,hand
3178041302630,3,haircare,,,hand
3178041302654,1,haircare,,,hand
3178041307116,1,skincare,,,hand
3178041307147,1,haircare,,,hand
3178041307505,2,haircare,,,hand
3178041308076,2,haircare,,,hand
3178041308410,2,skincare,,,hand
3178041308694,3,haircare,,,hand
3178041308922,2,haircare,,,hand
3178041308939,3,haircare,,,hand
3178041308960,10,haircare,,,hand
3178041309011,2,haircare,,,hand
3178041309097,2,haircare,,,hand
3178041309127,3,haircare,,,hand
3178041309134,2,haircare,,,hand
3178041309578,2,haircare,,,hand
3178041310062,1,haircare,,,hand
3178041310642,8,haircare,,,hand
3178041310994,4,haircare,,,hand
3178041314725,1,skincare,,,hand
3178041315098,3,haircare,,,hand
3178041315319,2,haircare,,,hand
3178041315494,2,skincare,,,hand
3178041315791,2,skincare,,,hand
3178041315807,2,haircare,,,hand
3178041315814,2,haircare,,,hand
3178041316323,5,haircare,,,hand
3178041320221,2,haircare,,,hand
3178041321648,1,skincare,,,hand
3178041324090,2,skincare,,,hand
3178041326407,2,skincare,,,hand
3178041327895,1,skincare,,,hand
3178064429628,2,haircare,,,hand
3178514699564,2,haircare,,,hand
3181730032237,2,skincare,,,hand
3181730076217,1,skincare,,,hand
3181730125007,1,skincare,,,hand
3181730125083,1,skincare,,,hand
3181730142042,2,skincare,,,hand
3181730191170,2,skincare,,,hand
3181730192627,2,skincare,,,hand
3181730331552,3,skincare,,,hand
3181730382325,2,skincare,,,hand
3182610954113,1,skincare,,,hand
3182611231022,2,skincare,,,hand
3182611231039,2,skincare,,,hand
3182611233019,2,skincare,,,hand
3182611239158,2,skincare,,,hand
3182611351072,1,skincare,,,hand
3194660504293,1,skincare,,,hand
3213844848777,1,haircare,,,hand
3215660760127,2,skincare,,,hand
3215661210041,1,haircare,,,hand
3215661760010,1,skincare,,,hand
3215661900010,2,haircare,,,hand
3215666800018,1,haircare,,,hand
3215666800049,1,haircare,,,hand
3215666800070,1,haircare,,,hand
3215666800087,2,haircare,,,hand
3215666810048,2,haircare,,,hand
3215774018480,2,skincare,,,hand
3222471795187,2,haircare,,,hand
3222472131434,1,haircare,,,hand
3222472192787,2,skincare,,,hand
3222472560616,5,skincare,,,hand
3222473018307,2,skincare,,,hand
3222474495312,1,skincare,,,hand
3222475131356,1,skincare,,,hand
3222475444654,1,haircare,,,hand
3222475571121,1,haircare,,,hand
3222476085696,1,skincare,,,hand
3224055887493,2,skincare,,,hand
3245411903114,2,skincare,,,hand
3245411903237,2,skincare,,,hand
3245678561676,1,skincare,,,hand
3245678566909,2,makeup,,,hand
3245678567159,2,makeup,,,hand
3245678612743,1,skincare,,,hand
3245678622582,3,skincare,,,hand
3250390320678,2,haircare,,,hand
3250390320807,2,skincare,,,hand
3250390736790,1,skincare,,,hand
3250390786122,2,haircare,,,hand
3250391034253,2,skincare,,,hand
3250391151844,2,haircare,,,hand
3250391151905,2,haircare,,,hand
3250391185177,2,skincare,,,hand
3250391282777,1,skincare,,,hand
3250391292790,2,haircare,,,hand
3250391335992,3,skincare,,,hand
3250391375318,2,haircare,,,hand
3250391375349,2,haircare,,,hand
3250391375370,2,haircare,,,hand
3250391375523,2,skincare,,,hand
3250391378012,2,haircare,,,hand
3250391433247,2,skincare,,,hand
3250391473700,2,haircare,,,hand
3250391551071,2,skincare,,,hand
3250391561919,1,skincare,,,hand
3250391563647,2,skincare,,,hand
3250391572861,3,skincare,,,hand
3250391645206,2,skincare,,,hand
3250391663682,2,haircare,,,hand
3250391729715,1,haircare,,,hand
3250391906611,2,haircare,,,hand
3250391906642,2,skincare,,,hand
3250391965762,2,makeup,,,hand
3250391966806,1,skincare,,,hand
3250392066819,2,skincare,,,hand
3250392119423,2,haircare,,,hand
3250392119485,2,haircare,,,hand
3251241017594,1,skincare,,,hand
3251241025568,2,skincare,,,hand
3251241025605,1,skincare,,,hand
3251241034775,3,skincare,,,hand
3251241035130,1,haircare,,,hand
3251241035154,2,haircare,,,hand
3251241035321,1,skincare,,,hand
3251241035352,2,skincare,,,hand
3251241041667,2,skincare,,,hand
3251241042053,1,skincare,,,hand
3251241047584,2,skincare,,,hand
3251241047676,1,haircare,,,hand
3251241047737,2,skincare,,,hand
3251241047966,1,haircare,,,hand
3251248040045,2,skincare,,,hand
3251248045804,2,skincare,,,hand
3251248045859,2,skincare,,,hand
3251248046245,1,skincare,,,hand
3252550128209,1,skincare,,,hand
3252550609883,2,skincare,,,hand
3253581111550,1,skincare,,,hand
3253581171820,1,skincare,,,hand
3253581258743,2,skincare,,,hand
3253581258910,1,skincare,,,hand
3253581271155,2,haircare,,,hand
3253581288160,1,skincare,,,hand
3253581295687,1,skincare,,,hand
3253581311622,1,skincare,,,hand
3253581329832,2,makeup,,,hand
3253581344873,1,skincare,,,hand
3254560796027,2,skincare,,,hand
3256220691079,1,skincare,,,hand
3256220691116,1,skincare,,,hand
3256221674286,2,skincare,,,hand
3256223379585,1,skincare,,,hand
3256223379592,1,skincare,,,hand
3256223379622,1,skincare,,,hand
3256223379677,2,skincare,,,hand
3256223379684,1,skincare,,,hand
3256223818497,2,skincare,,,hand
3256224043997,1,haircare,,,hand
3256224069478,2,skincare,,,hand
3256224359203,1,skincare,,,hand
3256224359234,1,skincare,,,hand
3256224359241,2,skincare,,,hand
3256224359265,1,skincare,,,hand
3256224359418,2,skincare,,,hand
3256225719174,1,skincare,,,hand
3256226531638,3,skincare,,,hand
3257980578938,1,haircare,,,hand
3257980756626,5,skincare,,,hand
3257981609006,2,skincare,,,hand
3257982124898,2,haircare,,,hand
3257982124935,2,haircare,,,hand
3257982124980,2,haircare,,,hand
3257982124997,2,haircare,,,hand
3257982125000,2,haircare,,,hand
3257982125017,2,haircare,,,hand
3257982125024,2,haircare,,,hand
3257982203715,1,skincare,,,hand
3257983156201,2,skincare,,,hand
3257983156256,1,skincare,,,hand
3257983224825,2,skincare,,,hand
3257983224986,2,skincare,,,hand
3257983225051,1,skincare,,,hand
3257983361964,2,skincare,,,hand
3257983362008,1,skincare,,,hand
3257983554489,1,skincare,,,hand
3257983891720,2,skincare,,,hand
3257983891737,2,skincare,,,hand
3257983891744,2,skincare,,,hand
3257983891768,2,skincare,,,hand
3257984523514,2,haircare,,,hand
3257984523521,2,skincare,,,hand
3257984547640,2,skincare,,,hand
3257984547657,2,skincare,,,hand
3257985470695,2,skincare,,,hand
3263855630229,2,haircare,,,hand
3263855723228,2,skincare,,,hand
3263855728711,2,skincare,,,hand
3263855728919,2,skincare,,,hand
3263855734415,2,skincare,,,hand
3263855750729,2,skincare,,,hand
3263855774114,2,skincare,,,hand
3263855774213,2,haircare,,,hand
3263855775333,2,haircare,,,hand
3263855778037,2,skincare,,,hand
3263855778518,2,skincare,,,hand
3263855824017,2,skincare,,,hand
3263855882611,2,skincare,,,hand
3263855887012,1,skincare,,,hand
3263855887616,2,skincare,,,hand
3263855889535,2,skincare,,,hand
3263855889634,2,skincare,,,hand
3263855930619,2,skincare,,,hand
3263855940731,2,skincare,,,hand
3263855940830,2,skincare,,,hand
3263855948935,1,skincare,,,hand
3263855952529,2,skincare,,,hand
3263855981215,1,skincare,,,hand
3263855988610,3,skincare,,,hand
3263855988818,2,skincare,,,hand
3263855988924,3,skincare,,,hand
3263855989211,1,skincare,,,hand
3263856209318,1,skincare,,,hand
3264680004285,3,skincare,,,hand
3264680005206,4,haircare,,,hand
3264680005589,1,skincare,,,hand
3264680005619,2,skincare,,,hand
3264680011290,1,skincare,,,hand
3267822113135,2,haircare,,,hand
3267822213132,2,haircare,,,hand
3267822363134,1,haircare,,,hand
3273818840121,1,skincare,,,hand
3274871934024,2,skincare,,,hand
3274872307001,1,makeup,,,hand
3278940918823,3,skincare,,,hand
3282770014112,1,skincare,,,hand
3282770015225,2,skincare,,,hand
3282770030099,2,skincare,,,hand
3282770038965,1,haircare,,,hand
3282770072907,1,skincare,,,hand
3282770073478,3,skincare,,,hand
3282770073676,2,haircare,,,hand
3282770073782,3,haircare,,,hand
3282770107739,2,haircare,,,hand
3282770107951,1,skincare,,,hand
3282770111552,1,skincare,,,hand
3282779007504,1,haircare,,,hand
3282779008686,1,haircare,,,hand
3282779021197,1,skincare,,,hand
3282779024884,1,skincare,,,hand
3282779042673,1,skincare,,,hand
3282779049535,1,haircare,,,hand
3282779051200,3,haircare,,,hand
3282779059848,1,skincare,,,hand
3282779062671,2,skincare,,,hand
3282779168519,1,skincare,,,hand
3282779178624,1,skincare,,,hand
3282779214490,2,haircare,,,hand
3282779233699,1,haircare,,,hand
3282779316392,1,skincare,,,hand
3282779326834,1,haircare,,,hand
3282779337526,1,skincare,,,hand
3282779363815,2,skincare,,,hand
3282779399036,3,skincare,,,hand
3282779420716,1,skincare,,,hand
3283950080057,2,skincare,,,hand
3283950910255,2,skincare,,,hand
3283950910910,2,skincare,,,hand
3283950911054,2,skincare,,,hand
3283950911900,2,skincare,,,hand
3283950912594,2,haircare,,,hand
3283950914819,2,skincare,,,hand
3283950914826,2,skincare,,,hand
3283950916776,2,skincare,,,hand
3284410022129,1,skincare,,,hand
3284410031015,2,skincare,,,hand
3284410031022,2,skincare,,,hand
3284410034917,2,skincare,,,hand
3284410037895,1,skincare,,,hand
3284410038014,3,skincare,,,hand
3286010021687,1,skincare,,,hand
3286010022011,2,skincare,,,hand
3286010035400,3,skincare,,,hand
3287570131014,1,skincare,,,hand
3291960003508,1,haircare,,,hand
3298651711360,1,skincare,,,hand
3298651778172,2,skincare,,,hand
3298659746999,2,skincare,,,hand
3323037743588,1,makeup,,,hand
3327520002855,2,haircare,,,hand
3328680080653,1,skincare,,,hand
3328680080707,1,skincare,,,hand
3329310002113,2,skincare,,,hand
3329310025983,2,skincare,,,hand
3331300011968,2,skincare,,,hand
3331300026344,1,skincare,,,hand
3331300090987,2,skincare,,,hand
3331300091229,1,skincare,,,hand
3331300096460,2,skincare,,,hand
3331840550002,2,skincare,,,hand
3331849000041,2,skincare,,,hand
3331849003820,1,skincare,,,hand
3331849007552,1,skincare,,,hand
3337871310783,1,skincare,,,hand
3337871320331,2,skincare,,,hand
3337872410345,3,skincare,,,hand
3337872414145,1,skincare,,,hand
3337872414527,1,skincare,,,hand
3337873401243,1,skincare,,,hand
3337875201148,1,skincare,,,hand
3337875491419,1,skincare,,,hand
3346470116429,1,skincare,,,hand
3346470611016,1,skincare,,,hand
3346470612020,1,skincare,,,hand
3346470612068,1,skincare,,,hand
3348070010572,1,haircare,,,hand
3348070010602,1,haircare,,,hand
3348070010633,1,haircare,,,hand
3348901250313,6,skincare,,,hand
3348901292276,1,skincare,,,hand
3350031684692,2,skincare,,,hand
3350031684708,2,skincare,,,hand
3350031684722,2,skincare,,,hand
3350031684739,2,skincare,,,hand
3350031756801,2,skincare,,,hand
3350031756832,1,skincare,,,hand
3350031898143,3,skincare,,,hand
3350033018884,2,skincare,,,hand
3350033086890,1,skincare,,,hand
3350033199934,1,skincare,,,hand
3350033274761,1,skincare,,,hand
3350033362147,1,skincare,,,hand
3355312106528,1,haircare,,,hand
3355312106610,1,haircare,,,hand
3355312147125,2,haircare,,,hand
3361370627073,1,skincare,,,hand
3365000012536,2,skincare,,,hand
3378872028321,1,makeup,,,hand
3378872050919,1,makeup,,,hand
3378872050933,1,makeup,,,hand
3378872050940,2,makeup,,,hand
3378872056225,1,makeup,,,hand
3378872057529,2,makeup,,,hand
3378872061717,2,skincare,,,hand
3378872066927,2,makeup,,,hand
3378872073369,1,makeup,,,hand
3378872073673,2,makeup,,,hand
3378872073697,1,makeup,,,hand
3378872073703,2,makeup,,,hand
3378872083023,1,skincare,,,hand
3378872083498,1,skincare,,,hand
3378872085201,1,makeup,,,hand
3378872088813,1,makeup,,,hand
3378872096047,1,skincare,,,hand
3378872100072,1,skincare,,,hand
3378872103578,1,skincare,,,hand
3378872105329,1,skincare,,,hand
3380380048043,3,haircare,,,hand
3380380048081,1,skincare,,,hand
3380380060205,2,skincare,,,hand
3380380072734,2,haircare,,,hand
3380390900904,3,skincare,,,hand
3380390901154,2,haircare,,,hand
3380810108996,1,skincare,,,hand
3380810149661,1,skincare,,,hand
3380810194784,4,skincare,,,hand
3380810506105,2,skincare,,,hand
3380810646108,1,skincare,,,hand
3380811094106,1,skincare,,,hand
3380811164106,1,skincare,,,hand
3380813064107,3,skincare,,,hand
3386460008747,2,skincare,,,hand
3401320717604,2,skincare,,,hand
3401325941622,3,skincare,,,hand
3401346422155,1,skincare,,,hand
3401347507264,2,haircare,,,hand
3401353648470,5,skincare,,,hand
3401353689053,1,skincare,,,hand
3401360003750,2,skincare,,,hand
3401360159747,2,skincare,,,hand
3401360193208,3,skincare,,,hand
3401360226937,1,skincare,,,hand
3401360266759,1,skincare,,,hand
3401397163496,5,skincare,,,hand
3401399371455,1,skincare,,,hand
3401541334710,2,skincare,,,hand
3401563226963,3,haircare,,,hand
3401597601613,2,haircare,,,hand
3415900031448,1,skincare,,,hand
3415900031462,1,skincare,,,hand
3415900031479,2,skincare,,,hand
3426354084935,2,haircare,,,hand
3426354085017,1,haircare,,,hand
3426354085024,1,haircare,,,hand
3426354085031,2,haircare,,,hand
3426354085994,1,haircare,,,hand
3433422404533,1,skincare,,,hand
3433840177347,2,skincare,,,hand
3440814204596,1,skincare,,,hand
3440815112791,1,skincare,,,hand
3450051306113,2,skincare,,,hand
3450270012031,2,skincare,,,hand
3450270012581,2,skincare,,,hand
3450270012772,2,skincare,,,hand
3450270016152,2,skincare,,,hand
3450270016169,2,skincare,,,hand
3450270016176,1,skincare,,,hand
3450270016862,1,skincare,,,hand
3450601019234,1,skincare,,,hand
3450601021879,2,skincare,,,hand
3450601021893,2,skincare,,,hand
3450601021978,2,haircare,,,hand
3450601022036,1,haircare,,,hand
3450601024375,1,skincare,,,hand
3450601026614,3,skincare,,,hand
3450870021136,1,haircare,,,hand
3450970118651,2,haircare,,,hand
3450970118859,1,skincare,,,hand
3455270841216,1,skincare,,,hand
3461922010206,2,haircare,,,hand
3464660002021,1,haircare,,,hand
3466761799381,1,makeup,,,hand
3466761831487,1,skincare,,,hand
3466761831494,1,skincare,,,hand
3466761831531,1,skincare,,,hand
3466762030414,1,skincare,,,hand
3466762096007,1,skincare,,,hand
3466762096038,1,skincare,,,hand
3466762096045,1,skincare,,,hand
3466762096069,1,skincare,,,hand
3468080001718,1,skincare,,,hand
3468080108325,1,skincare,,,hand
3468080141001,2,haircare,,,hand
3468080141261,3,haircare,,,hand
3468080150157,2,skincare,,,hand
3468080401976,2,skincare,,,hand
3468080401990,2,skincare,,,hand
3468080408159,2,skincare,,,hand
3470320200317,2,haircare,,,hand
3470860003201,1,haircare,,,hand
3474393011085,1,makeup,,,hand
3474393019470,2,makeup,,,hand
3474394100009,1,makeup,,,hand
3474630098251,1,haircare,,,hand
3474630128903,2,haircare,,,hand
3474630283626,1,haircare,,,hand
3474630288072,2,haircare,,,hand
3474630478244,1,haircare,,,hand
3474630515499,4,haircare,,,hand
3474630515628,3,haircare,,,hand
3474630527584,1,haircare,,,hand
3474630535053,2,haircare,,,hand
3474630618435,1,haircare,,,hand
3474630627017,2,haircare,,,hand
3474630643161,3,haircare,,,hand
3474630644786,4,haircare,,,hand
3474630648456,4,haircare,,,hand
3474630714601,1,haircare,,,hand
3474635000952,1,haircare,,,hand
3474636265558,2,haircare,,,hand
3474636382842,2,haircare,,,hand
3474636382880,5,haircare,,,hand
3476132177199,1,skincare,,,hand
3478820035866,2,skincare,,,hand
3478820303453,1,skincare,,,hand
3478821003680,2,skincare,,,hand
3478821111033,2,haircare,,,hand
3478821111118,1,skincare,,,hand
3489940034035,1,skincare,,,hand
3489940049237,1,haircare,,,hand
3489940049251,3,haircare,,,hand
3489940067040,1,skincare,,,hand
3489940067064,1,skincare,,,hand
3489940067071,1,skincare,,,hand
3489940067088,1,skincare,,,hand
3489940070569,6,skincare,,,hand
3504105024567,2,skincare,,,hand
3504105027315,2,skincare,,,hand
3504105028312,1,skincare,,,hand
3504105029982,3,skincare,,,hand
3504108012936,3,skincare,,,hand
3504108012950,3,skincare,,,hand
3504750002019,1,skincare,,,hand
3506770302001,2,skincare,,,hand
3506770303015,2,skincare,,,hand
3506770501008,2,skincare,,,hand
3511720000005,2,skincare,,,hand
3511720100088,1,skincare,,,hand
3511720107100,3,skincare,,,hand
3511720115679,2,skincare,,,hand
3511720117970,1,skincare,,,hand
3511720118908,1,skincare,,,hand
3511720118915,1,skincare,,,hand
3511724263970,2,skincare,,,hand
3511728094006,1,skincare,,,hand
3511728571002,1,skincare,,,hand
3515775772108,2,haircare,,,hand
3516170012868,1,skincare,,,hand
3516170022751,2,skincare,,,hand
3516170024878,1,skincare,,,hand
3517360002485,2,skincare,,,hand
3517360002577,2,skincare,,,hand
3517360003208,1,skincare,,,hand
3517360003314,1,skincare,,,hand
3517360003710,1,skincare,,,hand
3517360005998,2,skincare,,,hand
3517360006162,2,skincare,,,hand
3517360006261,2,skincare,,,hand
3517360009552,2,skincare,,,hand
3517360009781,1,skincare,,,hand
3517360009804,1,skincare,,,hand
3517360010831,1,makeup,,,hand
3517360011449,1,skincare,,,hand
3517360012262,1,skincare,,,hand
3517360012538,1,haircare,,,hand
3517360012743,1,skincare,,,hand
3517360012781,1,skincare,,,hand
3517360014327,2,makeup,,,hand
3518301023132,1,skincare,,,hand
3518646023415,1,skincare,,,hand
3518646023477,1,skincare,,,hand
3518646023484,1,skincare,,,hand
3518646087240,1,skincare,,,hand
3518646213014,1,skincare,,,hand
3522930000891,1,skincare,,,hand
3522930001430,2,skincare,,,hand
3522930001577,2,skincare,,,hand
3522930001812,1,skincare,,,hand
3522930003526,1,skincare,,,hand
3522930003694,1,skincare,,,hand
3522930003731,2,haircare,,,hand
3522930003786,1,skincare,,,hand
3522932031787,2,skincare,,,hand
3522933031427,1,skincare,,,hand
3528280070706,3,skincare,,,hand
3538394612730,1,skincare,,,hand
3538394612839,2,skincare,,,hand
3538394612938,2,skincare,,,hand
3538394920033,1,haircare,,,hand
3545234101019,1,makeup,,,hand
3549620003093,2,skincare,,,hand
3549620005042,1,skincare,,,hand
3549620005059,2,skincare,,,hand
3549620005073,2,skincare,,,hand
3549620005608,2,skincare,,,hand
3549620005813,1,skincare,,,hand
3549620006049,1,skincare,,,hand
3549620007022,2,skincare,,,hand
3549620008203,2,haircare,,,hand
3549620008227,1,haircare,,,hand
3549620008265,3,haircare,,,hand
3549620008296,1,haircare,,,hand
3549620008302,2,haircare,,,hand
3549620008319,2,haircare,,,hand
3549620008333,1,haircare,,,hand
3549620009033,1,skincare,,,hand
3549620020335,2,skincare,,,hand
3560070169290,2,skincare,,,hand
3560070169924,1,skincare,,,hand
3560070211623,2,skincare,,,hand
3560070231614,2,skincare,,,hand
3560070272426,1,skincare,,,hand
3560070311453,3,skincare,,,hand
3560070333912,2,skincare,,,hand
3560070337651,1,skincare,,,hand
3560070397921,2,haircare,,,hand
3560070559008,2,haircare,,,hand
3560070623693,2,skincare,,,hand
3560070624171,2,skincare,,,hand
3560070624263,2,skincare,,,hand
3560070624355,2,skincare,,,hand
3560070624447,2,skincare,,,hand
3560070625253,2,skincare,,,hand
3560070625284,2,skincare,,,hand
3560070625314,2,skincare,,,hand
3560070625437,2,skincare,,,hand
3560070626274,3,skincare,,,hand
3560070627714,9,haircare,,,hand
3560070627950,2,haircare,,,hand
3560070630233,2,skincare,,,hand
3560070630776,2,haircare,,,hand
3560070631490,1,skincare,,,hand
3560070673018,2,skincare,,,hand
3560070673070,2,skincare,,,hand
3560070815470,2,haircare,,,hand
3560070848621,1,skincare,,,hand
3560070848898,2,skincare,,,hand
3560070857371,3,skincare,,,hand
3560070857401,3,skincare,,,hand
3560070857432,3,skincare,,,hand
3560070860425,1,haircare,,,hand
3560070860517,2,haircare,,,hand
3560070871544,2,skincare,,,hand
3560070878888,2,skincare,,,hand
3560070881253,6,skincare,,,hand
3560070881581,1,skincare,,,hand
3560070881673,3,skincare,,,hand
3560070882090,1,skincare,,,hand
3560070883295,2,skincare,,,hand
3560070883325,4,skincare,,,hand
3560070883387,1,skincare,,,hand
3560070883448,3,skincare,,,hand
3560070883479,3,skincare,,,hand
3560070885466,3,haircare,,,hand
3560070890330,1,skincare,,,hand
3560070890637,2,skincare,,,hand
3560070892662,2,makeup,,,hand
3560070897759,2,skincare,,,hand
3560070897810,2,skincare,,,hand
3560070897841,2,skincare,,,hand
3560070900336,3,haircare,,,hand
3560070900367,3,haircare,,,hand
3560070902552,1,skincare,,,hand
3560070902613,4,skincare,,,hand
3560070902675,3,skincare,,,hand
3560070902736,2,skincare,,,hand
3560070902798,2,skincare,,,hand
3560070902828,2,skincare,,,hand
3560070902880,2,skincare,,,hand
3560070911370,2,haircare,,,hand
3560070922208,6,skincare,,,hand
3560070922789,2,skincare,,,hand
3560070922963,2,haircare,,,hand
3560070922994,2,haircare,,,hand
3560070923021,2,haircare,,,hand
3560070924165,3,makeup,,,hand
3560070937493,2,skincare,,,hand
3560070938001,2,skincare,,,hand
3560070946730,2,haircare,,,hand
3560070946853,2,skincare,,,hand
3560070947607,2,haircare,,,hand
3560070950461,2,haircare,,,hand
3560070954858,1,skincare,,,hand
3560070955039,3,skincare,,,hand
3560070956784,2,skincare,,,hand
3560070957934,2,skincare,,,hand
3560070968862,1,haircare,,,hand
3560070968985,4,haircare,,,hand
3560070969012,1,haircare,,,hand
3560070969104,1,haircare,,,hand
3560070969135,1,haircare,,,hand
3560070969166,2,haircare,,,hand
3560070969197,2,haircare,,,hand
3560070969227,1,haircare,,,hand
3560071001308,1,skincare,,,hand
3560071004781,1,skincare,,,hand
3560071012625,1,skincare,,,hand
3560071063047,1,skincare,,,hand
3560071073633,2,skincare,,,hand
3562631009090,2,skincare,,,hand
3563210011466,1,skincare,,,hand
3564700091395,2,haircare,,,hand
3564700091449,2,haircare,,,hand
3564700193358,2,skincare,,,hand
3564700293492,4,skincare,,,hand
3564700310243,2,skincare,,,hand
356470043578602,1,haircare,,,hand
3564700514542,1,skincare,,,hand
3564700552223,1,skincare,,,hand
3564700555521,1,skincare,,,hand
3564700555644,1,skincare,,,hand
3564700556009,2,skincare,,,hand
3564700559666,3,skincare,,,hand
3564700585054,1,haircare,,,hand
3564700658574,1,skincare,,,hand
3564700701096,1,skincare,,,hand
3564700718513,2,haircare,,,hand
3564700734797,2,skincare,,,hand
3564700746851,2,skincare,,,hand
3564700750285,1,skincare,,,hand
3564700750407,3,skincare,,,hand
3564700760758,1,skincare,,,hand
3564700788981,4,skincare,,,hand
3564700799598,1,haircare,,,hand
3564700875452,2,skincare,,,hand
3564700877739,7,haircare,,,hand
3564700997567,2,skincare,,,hand
3567730300147,1,haircare,,,hand
3567730300185,7,haircare,,,hand
3567730300239,1,haircare,,,hand
3567730300246,2,haircare,,,hand
3567730300253,2,haircare,,,hand
3567730300260,2,haircare,,,hand
3567730300420,2,haircare,,,hand
3567730300437,1,haircare,,,hand
3567730300444,2,haircare,,,hand
3574134711332,3,skincare,,,hand
3574660219623,3,skincare,,,hand
3574660282689,2,skincare,,,hand
3574660422542,1,skincare,,,hand
3574660536522,2,haircare,,,hand
3574660572254,7,skincare,,,hand
3574660717884,1,skincare,,,hand
3574660724349,2,skincare,,,hand
3574661005904,2,haircare,,,hand
3574661007113,1,haircare,,,hand
3574661008516,2,skincare,,,hand
3574661039060,2,haircare,,,hand
3574661042220,1,skincare,,,hand
3574661042251,1,skincare,,,hand
3574661050836,2,skincare,,,hand
3574661065335,1,skincare,,,hand
3574661065359,3,skincare,,,hand
3574661099224,1,skincare,,,hand
3574661104874,1,haircare,,,hand
3574661108285,2,skincare,,,hand
3574661133102,2,haircare,,,hand
3574661138176,1,skincare,,,hand
3574661151267,2,skincare,,,hand
3574661154022,2,skincare,,,hand
3574661188751,2,skincare,,,hand
3574661192031,2,skincare,,,hand
3574661192109,1,skincare,,,hand
3574661201269,2,skincare,,,hand
3574661204598,1,skincare,,,hand
3574661211121,2,skincare,,,hand
3574661213729,2,skincare,,,hand
3574661214771,2,skincare,,,hand
3574661215341,2,skincare,,,hand
3574661218052,2,skincare,,,hand
3574661218083,2,skincare,,,hand
3574661239279,2,makeup,,,hand
3574661239439,2,makeup,,,hand
3574661250335,1,skincare,,,hand
3574661257525,1,skincare,,,hand
3574661257532,1,skincare,,,hand
3574661299730,1,skincare,,,hand
3574661309682,2,haircare,,,hand
3574661312170,2,skincare,,,hand
3574661344621,2,haircare,,,hand
3574661355146,1,skincare,,,hand
3574661369426,1,skincare,,,hand
3579488141491,1,skincare,,,hand
3583788491132,1,skincare,,,hand
3584250000838,2,skincare,,,hand
3584250065806,2,skincare,,,hand
3595899646028,2,skincare,,,hand
3596204590975,1,skincare,,,hand
3596205152127,1,haircare,,,hand
3596205152158,2,haircare,,,hand
3596205185095,2,skincare,,,hand
3596206289112,2,skincare,,,hand
3596207201960,1,skincare,,,hand
3596209532659,1,skincare,,,hand
3596490000622,4,skincare,,,hand
3596490000677,1,skincare,,,hand
3596490000684,1,skincare,,,hand
3596490001278,1,skincare,,,hand
3596490001285,1,skincare,,,hand
3596490004255,2,skincare,,,hand
3596710195688,2,skincare,,,hand
3596710218370,2,haircare,,,hand
3596710257249,1,skincare,,,hand
3596710306930,3,skincare,,,hand
3596710313389,2,skincare,,,hand
3596710313419,2,haircare,,,hand
3596710313891,2,skincare,,,hand
3596710324347,1,skincare,,,hand
3596710324354,2,skincare,,,hand
3596710326969,2,skincare,,,hand
3596710327720,2,skincare,,,hand
3596710332571,2,skincare,,,hand
3596710332656,2,skincare,,,hand
3596710352579,2,skincare,,,hand
3596710368280,2,skincare,,,hand
3596710369614,2,haircare,,,hand
3596710369621,2,haircare,,,hand
3596710369645,1,haircare,,,hand
3596710369683,1,haircare,,,hand
3596710369928,2,skincare,,,hand
3596710375776,2,skincare,,,hand
3596710381289,1,skincare,,,hand
3596710387076,2,skincare,,,hand
3596710387908,2,skincare,,,hand
3596710392391,2,haircare,,,hand
3596710392971,2,skincare,,,hand
3596710392988,2,skincare,,,hand
3596710399383,2,skincare,,,hand
3596710399451,2,skincare,,,hand
3596710399475,1,skincare,,,hand
3596710403899,2,skincare,,,hand
3596710403936,2,skincare,,,hand
3596710410095,2,haircare,,,hand
3596710410118,2,skincare,,,hand
3597610242755,1,skincare,,,hand
3600520752327,1,haircare,,,hand
3600520779324,1,makeup,,,hand
3600520962788,2,haircare,,,hand
3600520977775,4,haircare,,,hand
3600521137888,1,haircare,,,hand
3600521249390,1,skincare,,,hand
3600521293850,1,skincare,,,hand
3600521324424,2,haircare,,,hand
3600521425053,2,skincare,,,hand
3600521453315,2,haircare,,,hand
3600521706022,2,haircare,,,hand
3600521830147,3,haircare,,,hand
3600521830444,1,haircare,,,hand
3600521851722,1,haircare,,,hand
3600521964705,2,makeup,,,hand
3600522016229,2,haircare,,,hand
3600522054085,2,skincare,,,hand
3600522082651,2,makeup,,,hand
3600522100836,2,haircare,,,hand
3600522191094,2,haircare,,,hand
3600522222040,2,makeup,,,hand
3600522223498,1,haircare,,,hand
3600522239857,2,haircare,,,hand
3600522280897,1,haircare,,,hand
3600522346173,2,skincare,,,hand
3600522365884,2,skincare,,,hand
3600522383703,2,haircare,,,hand
3600522385332,2,skincare,,,hand
3600522448471,2,haircare,,,hand
3600522455967,1,skincare,,,hand
3600522459552,2,makeup,,,hand
3600522470946,2,haircare,,,hand
3600522479321,2,haircare,,,hand
3600522497035,2,haircare,,,hand
3600522499442,2,haircare,,,hand
3600522594277,2,haircare,,,hand
3600522708087,2,makeup,,,hand
3600522734468,2,skincare,,,hand
3600522734574,2,makeup,,,hand
3600522838876,1,skincare,,,hand
3600522862703,2,haircare,,,hand
3600522862710,2,haircare,,,hand
3600522874805,3,skincare,,,hand
3600522917205,2,haircare,,,hand
3600522977216,3,haircare,,,hand
3600522992455,2,haircare,,,hand
3600523062829,1,skincare,,,hand
3600523128150,2,haircare,,,hand
3600523169863,2,haircare,,,hand
3600523169894,2,haircare,,,hand
3600523169900,2,haircare,,,hand
3600523214938,2,haircare,,,hand
3600523215553,2,haircare,,,hand
3600523216246,2,haircare,,,hand
3600523232468,2,skincare,,,hand
3600523232475,2,skincare,,,hand
3600523232505,2,skincare,,,hand
3600523361267,4,skincare,,,hand
3600523370931,1,haircare,,,hand
3600523386215,1,haircare,,,hand
3600523386314,1,haircare,,,hand
3600523404612,2,makeup,,,hand
3600523434541,3,skincare,,,hand
3600523461103,1,skincare,,,hand
3600523472321,2,haircare,,,hand
3600523475780,1,skincare,,,hand
3600523503292,3,makeup,,,hand
3600523524617,1,haircare,,,hand
3600523540136,2,haircare,,,hand
3600523558469,1,haircare,,,hand
3600523560509,1,haircare,,,hand
3600523616916,5,haircare,,,hand
3600530171910,1,makeup,,,hand
3600530171972,2,makeup,,,hand
3600530512232,2,makeup,,,hand
3600530523641,2,makeup,,,hand
3600530588039,2,makeup,,,hand
3600530658152,1,makeup,,,hand
3600530659661,3,makeup,,,hand
3600530730353,1,makeup,,,hand
3600530905461,1,makeup,,,hand
3600530932757,2,makeup,,,hand
3600531070281,1,skincare,,,hand
3600531199098,2,makeup,,,hand
3600531324872,1,makeup,,,hand
3600531360993,2,makeup,,,hand
3600540009012,1,skincare,,,hand
3600540258557,4,haircare,,,hand
3600540413383,2,haircare,,,hand
3600540542069,2,haircare,,,hand
3600540634832,1,haircare,,,hand
3600540739575,1,haircare,,,hand
3600540810595,2,haircare,,,hand
3600540947680,3,haircare,,,hand
3600540966001,1,haircare,,,hand
3600540966056,2,haircare,,,hand
3600540989253,2,haircare,,,hand
3600541101999,2,haircare,,,hand
3600541125353,1,skincare,,,hand
3600541125360,2,skincare,,,hand
3600541144019,2,skincare,,,hand
3600541171183,2,haircare,,,hand
3600541198210,2,haircare,,,hand
3600541214644,2,haircare,,,hand
3600541221604,1,haircare,,,hand
3600541221680,2,haircare,,,hand
3600541255029,1,skincare,,,hand
3600541271814,1,skincare,,,hand
3600541287334,2,haircare,,,hand
3600541291447,2,haircare,,,hand
3600541295742,2,skincare,,,hand
3600541319769,2,haircare,,,hand
3600541319806,1,haircare,,,hand
3600541358638,2,skincare,,,hand
3600541436244,1,skincare,,,hand
3600541506053,1,skincare,,,hand
3600541524415,1,haircare,,,hand
3600541534735,2,haircare,,,hand
3600541540262,2,haircare,,,hand
3600541574083,2,haircare,,,hand
3600541605817,2,skincare,,,hand
3600541660465,2,haircare,,,hand
3600541729452,2,skincare,,,hand
3600541734722,2,skincare,,,hand
3600541735965,2,skincare,,,hand
3600541827868,3,skincare,,,hand
3600541883550,2,haircare,,,hand
3600541883567,2,haircare,,,hand
3600541883598,1,haircare,,,hand
3600541883604,2,haircare,,,hand
3600541883611,2,haircare,,,hand
3600541883642,2,haircare,,,hand
3600541884274,2,haircare,,,hand
3600541887930,2,haircare,,,hand
3600541888555,2,haircare,,,hand
3600541904460,2,haircare,,,hand
3600541910041,3,haircare,,,hand
3600541932227,1,haircare,,,hand
3600541934047,2,skincare,,,hand
3600541958418,2,skincare,,,hand
3600541982307,2,haircare,,,hand
3600541982826,1,haircare,,,hand
3600541984059,1,haircare,,,hand
3600542018531,1,skincare,,,hand
3600542067720,1,skincare,,,hand
3600542067942,2,skincare,,,hand
3600542070898,3,haircare,,,hand
3600542098175,2,skincare,,,hand
3600542105965,5,skincare,,,hand
3600550029253,1,haircare,,,hand
3600550034394,2,haircare,,,hand
3600550038736,5,haircare,,,hand
3600550049336,1,skincare,,,hand
3600550051117,7,haircare,,,hand
3600550079227,2,haircare,,,hand
3600550087536,1,haircare,,,hand
3600550098228,2,haircare,,,hand
3600550100693,2,haircare,,,hand
3600550106541,1,skincare,,,hand
3600550153491,1,haircare,,,hand
3600550160666,1,makeup,,,hand
3600550164008,2,skincare,,,hand
3600550166545,1,haircare,,,hand
3600550166828,2,haircare,,,hand
3600550187007,1,skincare,,,hand
3600550235784,2,haircare,,,hand
3600550241914,1,haircare,,,hand
3600550254211,2,haircare,,,hand
3600550258813,1,skincare,,,hand
3600550260069,2,haircare,,,hand
3600550260267,2,haircare,,,hand
3600550261219,2,haircare,,,hand
3600550274707,2,haircare,,,hand
3600550274745,2,haircare,,,hand
3600550286854,2,skincare,,,hand
3600550287448,2,haircare,,,hand
3600550289022,1,skincare,,,hand
3600550300628,2,skincare,,,hand
3600550305791,2,haircare,,,hand
3600550306774,2,haircare,,,hand
3600550309256,2,skincare,,,hand
3600550313277,2,skincare,,,hand
3600550338027,2,haircare,,,hand
3600550362039,2,haircare,,,hand
3600550362534,3,skincare,,,hand
3600550362718,2,haircare,,,hand
3600550378030,1,skincare,,,hand
3600550414080,2,haircare,,,hand
3600550538175,3,makeup,,,hand
3600550560039,2,skincare,,,hand
3600550560107,1,skincare,,,hand
3600550564075,1,skincare,,,hand
3600550578041,3,skincare,,,hand
3600550580051,2,skincare,,,hand
3600550590036,2,haircare,,,hand
3600550680041,1,skincare,,,hand
3600550752137,1,skincare,,,hand
3600550769180,3,haircare,,,hand
3600550769197,2,haircare,,,hand
3600550771190,4,skincare,,,hand
3600550806083,2,haircare,,,hand
3600550806281,2,skincare,,,hand
3600550806304,2,haircare,,,hand
3600550806526,1,haircare,,,hand
3600550806847,1,skincare,,,hand
3600550812428,1,skincare,,,hand
3600550815870,2,skincare,,,hand
3600550815887,2,skincare,,,hand
3600550817140,2,skincare,,,hand
3600550833362,2,skincare,,,hand
3600550846218,1,skincare,,,hand
3600550848359,1,skincare,,,hand
3600550850444,2,skincare,,,hand
3600550880687,4,skincare,,,hand
3600550886962,2,haircare,,,hand
3600550894608,2,skincare,,,hand
3600550894967,2,skincare,,,hand
3600550894981,2,skincare,,,hand
3600550895278,1,skincare,,,hand
3600550900187,1,skincare,,,hand
3600550935448,2,skincare,,,hand
3605521409553,1,skincare,,,hand
3605970360757,5,skincare,,,hand
3605970366018,1,skincare,,,hand
3607092261363,2,skincare,,,hand
3607092832686,2,skincare,,,hand
3607092847437,2,haircare,,,hand
3607340668258,2,skincare,,,hand
3607340726682,1,skincare,,,hand
3607342265011,6,skincare,,,hand
3607342531055,2,makeup,,,hand
3607342558250,3,makeup,,,hand
3607343514941,2,skincare,,,hand
3607343567893,2,skincare,,,hand
3607343576406,2,makeup,,,hand
3607343722278,2,skincare,,,hand
3607343729086,2,makeup,,,hand
3607343730341,2,skincare,,,hand
3607345333588,2,makeup,,,hand
3607346551349,1,skincare,,,hand
3607348578184,2,skincare,,,hand
3607348807215,1,makeup,,,hand
3607349606053,2,skincare,,,hand
3607349796754,4,skincare,,,hand
3607940024287,4,skincare,,,hand
3610340008467,2,haircare,,,hand
3610340010248,2,haircare,,,hand
3610340010279,2,haircare,,,hand
3610340011658,2,haircare,,,hand
3610340012969,1,haircare,,,hand
3610340022586,3,haircare,,,hand
3612060005238,1,skincare,,,hand
3614221140215,2,skincare,,,hand
3614221653814,1,skincare,,,hand
3614221654248,1,skincare,,,hand
3614222348535,2,skincare,,,hand
3614222677789,1,makeup,,,hand
3614223083169,1,makeup,,,hand
3614223714490,1,makeup,,,hand
3614223736485,1,skincare,,,hand
3614224050931,2,skincare,,,hand
3660005020778,1,skincare,,,hand
3660005020983,2,skincare,,,hand
3660005024851,1,skincare,,,hand
3660005085166,1,makeup,,,hand
3660005115160,1,haircare,,,hand
3660005123165,3,skincare,,,hand
3660005138602,2,skincare,,,hand
3660005166186,1,skincare,,,hand
3660005178011,1,haircare,,,hand
3660005251530,3,skincare,,,hand
3660005253794,2,haircare,,,hand
3660005289595,1,skincare,,,hand
3660005299761,10,skincare,,,hand
3660005315799,2,skincare,,,hand
3660005326405,1,makeup,,,hand
3660005351827,2,skincare,,,hand
3660005367316,1,skincare,,,hand
3660005418544,2,skincare,,,hand
3660005420394,2,haircare,,,hand
3660005424552,1,skincare,,,hand
3660005427256,2,haircare,,,hand
3660005597119,2,skincare,,,hand
3660005660547,1,skincare,,,hand
3660005663180,2,skincare,,,hand
3660005694382,1,skincare,,,hand
3660005734934,4,skincare,,,hand
3660005797595,3,skincare,,,hand
3660005882741,1,skincare,,,hand
3660005898322,1,makeup,,,hand
3660176500130,4,haircare,,,hand
3660273025451,5,skincare,,,hand
3660297020425,1,skincare,,,hand
3660749040018,1,skincare,,,hand
3660749040582,3,skincare,,,hand
3660992005314,1,skincare,,,hand
3660992005338,1,skincare,,,hand
3660992005345,1,skincare,,,hand
3660992005482,2,skincare,,,hand
3661434005459,4,skincare,,,hand
3661467002128,1,skincare,,,hand
3661500521975,1,skincare,,,hand
3661596986436,1,haircare,,,hand
3662076001243,6,skincare,,,hand
3662076001304,1,haircare,,,hand
3662076011006,1,haircare,,,hand
3662076049146,1,skincare,,,hand
3700036900721,1,skincare,,,hand
3700206782041,1,makeup,,,hand
3700214851029,2,skincare,,,hand
3700281701715,2,makeup,,,hand
3700311200034,1,haircare,,,hand
3700311811858,2,skincare,,,hand
3700343040134,3,skincare,,,hand
3700426216609,1,skincare,,,hand
3700426220651,1,makeup,,,hand
3700436040751,4,skincare,,,hand
3700446411596,1,skincare,,,hand
3700454223419,1,skincare,,,hand
3700454229541,1,skincare,,,hand
3700462491961,1,skincare,,,hand
3700479107206,1,skincare,,,hand
3700502800425,2,haircare,,,hand
3700568402823,2,skincare,,,hand
3700593600515,2,skincare,,,hand
3700593601536,2,skincare,,,hand
3700593601574,2,skincare,,,hand
3700593603479,2,skincare,,,hand
3700601507850,2,skincare,,,hand
3700668700744,2,skincare,,,hand
3700677765154,3,skincare,,,hand
3700743300234,1,makeup,,,hand
3701124800220,1,skincare,,,hand
3760004321903,2,skincare,,,hand
3760020731403,2,skincare,,,hand
3760020733100,2,skincare,,,hand
3760032491982,2,skincare,,,hand
3760032830996,1,skincare,,,hand
3760036321674,1,skincare,,,hand
3760061222960,1,skincare,,,hand
3760070492941,4,skincare,,,hand
3760070499667,2,skincare,,,hand
3760075070939,2,skincare,,,hand
3760076654619,1,skincare,,,hand
3760087901474,1,skincare,,,hand
3760087903874,2,skincare,,,hand
3760096760215,1,skincare,,,hand
3760096760697,1,skincare,,,hand
3760099590246,2,skincare,,,hand
3760099590963,2,skincare,,,hand
3760099591335,2,skincare,,,hand
3760099594763,2,skincare,,,hand
3760099705671,4,skincare,,,hand
3760100680096,2,haircare,,,hand
3760100680171,2,haircare,,,hand
3760100680805,1,haircare,,,hand
3760100681079,2,haircare,,,hand
3760100682304,2,haircare,,,hand
3760100682526,2,skincare,,,hand
3760100682724,2,haircare,,,hand
3760100682779,8,skincare,,,hand
3760131804348,1,haircare,,,hand
3760139491007,1,skincare,,,hand
3760143830540,3,skincare,,,hand
3760162120561,3,skincare,,,hand
3760162120578,3,skincare,,,hand
3760168230011,1,skincare,,,hand
3760171051436,1,skincare,,,hand
3760171121023,1,skincare,,,hand
3760177501089,1,skincare,,,hand
3760201131404,1,haircare,,,hand
3760207110267,1,skincare,,,hand
3760207112186,3,haircare,,,hand
3760207112438,2,skincare,,,hand
3760207115118,2,skincare,,,hand
3760214630017,1,skincare,,,hand
3760214630024,1,skincare,,,hand
3760214630031,1,skincare,,,hand
3760214630161,1,skincare,,,hand
3760214630178,1,skincare,,,hand
3760214630185,1,skincare,,,hand
3760214630208,1,skincare,,,hand
3760214630260,1,skincare,,,hand
3760242290016,1,skincare,,,hand
3770000551143,2,skincare,,,hand
3770002239063,2,skincare,,,hand
3770002306062,1,skincare,,,hand
3770002587027,1,skincare,,,hand
3770002587034,2,skincare,,,hand
3770002587041,1,skincare,,,hand
3770002587065,2,skincare,,,hand
3770002587072,2,skincare,,,hand
3770002587096,1,skincare,,,hand
3770002587102,1,skincare,,,hand
3770002587126,2,skincare,,,hand
3770002587133,1,skincare,,,hand
3770002587140,1,skincare,,,hand
3770002587157,1,skincare,,,hand
3770002587164,1,skincare,,,hand
3770003215042,1,skincare,,,hand
3770003800682,2,skincare,,,hand
3770004599264,3,skincare,,,hand
3770007124135,3,skincare,,,hand
3770008247024,1,skincare,,,hand
3800042801248,3,haircare,,,hand
3838824089126,3,skincare,,,hand
4001499930577,2,skincare,,,hand
4005370001004,3,haircare,,,hand
4005800066351,2,skincare,,,hand
4005808109586,2,skincare,,,hand
4005808130573,6,haircare,,,hand
4005808221691,2,skincare,,,hand
4005808221851,3,skincare,,,hand
4005808255788,1,haircare,,,hand
4005808260683,1,haircare,,,hand
4005808283804,2,skincare,,,hand
4005808302444,1,skincare,,,hand
4005808368341,2,skincare,,,hand
4005808373734,1,skincare,,,hand
4005808377169,2,skincare,,,hand
4005808395330,2,skincare,,,hand
4005808427635,2,skincare,,,hand
4005808467501,2,skincare,,,hand
4005808561827,4,skincare,,,hand
4005808583546,2,skincare,,,hand
4005808613380,2,skincare,,,hand
4005808638512,2,skincare,,,hand
4005808650064,1,skincare,,,hand
4005808653713,2,skincare,,,hand
4005808677702,2,haircare,,,hand
4005808716531,1,skincare,,,hand
4005808718054,6,skincare,,,hand
4005808741601,1,skincare,,,hand
4005808752058,2,skincare,,,hand
4005808764044,2,haircare,,,hand
4005808780969,3,skincare,,,hand
4005808781447,2,skincare,,,hand
4005808805648,2,skincare,,,hand
4005808841448,2,skincare,,,hand
4005808856053,2,skincare,,,hand
4005808861446,2,skincare,,,hand
4005808910861,2,skincare,,,hand
4005808915705,3,skincare,,,hand
4005808917204,2,skincare,,,hand
4005808999675,1,skincare,,,hand
4005808999712,1,skincare,,,hand
4005900006790,3,skincare,,,hand
4005900016850,3,haircare,,,hand
4005900023094,2,skincare,,,hand
4005900023346,2,haircare,,,hand
4005900025609,1,skincare,,,hand
4005900035622,12,skincare,,,hand
4005900066015,1,skincare,,,hand
4005900107589,2,skincare,,,hand
4005900115775,5,skincare,,,hand
4005900122063,2,skincare,,,hand
4005900127013,2,skincare,,,hand
4005900127365,2,skincare,,,hand
4005900127525,1,skincare,,,hand
4005900136053,1,skincare,,,hand
4005900148544,2,skincare,,,hand
4005900164810,2,skincare,,,hand
4005900232113,2,skincare,,,hand
4005900242020,1,skincare,,,hand
4005900254498,2,skincare,,,hand
4005900260857,2,haircare,,,hand
4005900261038,4,skincare,,,hand
4005900274861,1,skincare,,,hand
4005900400291,2,skincare,,,hand
4005900419453,2,skincare,,,hand
4005900439628,1,skincare,,,hand
4005900446428,2,skincare,,,hand
4005900457509,1,skincare,,,hand
4005900465481,2,skincare,,,hand
4007295018938,1,skincare,,,hand
4008233132945,2,haircare,,,hand
4008666214423,2,haircare,,,hand
4010355090669,1,haircare,,,hand
4010355125767,1,skincare,,,hand
4010355214799,2,skincare,,,hand
4010355217738,2,skincare,,,hand
4010355218711,1,skincare,,,hand
4010355295347,5,skincare,,,hand
4010355347282,1,haircare,,,hand
4010355384355,1,skincare,,,hand
4010355387462,1,skincare,,,hand
4010355407580,4,skincare,,,hand
4010355420596,2,skincare,,,hand
4010355505804,3,skincare,,,hand
4010355536303,1,skincare,,,hand
4010355791436,2,haircare,,,hand
4015000217095,2,haircare,,,hand
4015000798457,2,skincare,,,hand
4015000995054,5,skincare,,,hand
4015100200553,1,skincare,,,hand
4015400690252,1,skincare,,,hand
4015600056155,3,haircare,,,hand
4015600252601,3,haircare,,,hand
4015600720957,2,haircare,,,hand
4015600723415,2,haircare,,,hand
4015600723446,2,haircare,,,hand
4015600723583,2,haircare,,,hand
4015600723613,1,haircare,,,hand
4015600723644,2,haircare,,,hand
4015600723675,2,haircare,,,hand
4015600723736,1,haircare,,,hand
4015600732653,1,haircare,,,hand
4015600733520,1,haircare,,,hand
4015600733810,1,haircare,,,hand
4015600733988,2,haircare,,,hand
4015600734350,2,haircare,,,hand
4015600741204,1,haircare,,,hand
4015600831868,1,haircare,,,hand
4015600869236,1,skincare,,,hand
4015600917876,2,haircare,,,hand
4017645014503,1,skincare,,,hand
4017645021099,2,haircare,,,hand
4017645027725,1,skincare,,,hand
4017645028579,1,haircare,,,hand
4017645036802,2,haircare,,,hand
4017645036857,2,haircare,,,hand
4017645036871,2,haircare,,,hand
4019886190039,1,skincare,,,hand
4020829006348,1,skincare,,,hand
4021457606641,2,haircare,,,hand
4021457606658,2,haircare,,,hand
4021457606665,2,haircare,,,hand
4021457606672,1,haircare,,,hand
4021457606689,2,haircare,,,hand
4021457606726,4,haircare,,,hand
4021457606733,1,haircare,,,hand
4021457611218,1,makeup,,,hand
4021457614134,1,skincare,,,hand
4021457614189,1,skincare,,,hand
4021457614219,2,haircare,,,hand
4021457614998,2,skincare,,,hand
4021457615278,1,skincare,,,hand
4021457619481,1,skincare,,,hand
4021457621811,1,skincare,,,hand
4025089075141,1,skincare,,,hand
4027800020157,2,skincare,,,hand
4027800037803,2,skincare,,,hand
4031678026319,1,skincare,,,hand
4034348011097,2,haircare,,,hand
4034348051024,4,haircare,,,hand
4034348053042,11,skincare,,,hand
4034348053066,5,skincare,,,hand
4040218719574,2,haircare,,,hand
4045612000709,1,skincare,,,hand
4045787236095,1,skincare,,,hand
4049775581914,3,makeup,,,hand
4084500015722,1,haircare,,,hand
4084500051003,2,haircare,,,hand
4084500087378,3,haircare,,,hand
4084500087460,4,haircare,,,hand
4084500129030,2,haircare,,,hand
4084500380622,1,haircare,,,hand
4084500495838,2,haircare,,,hand
4084500495869,2,haircare,,,hand
4084500495890,2,haircare,,,hand
4084500495920,2,haircare,,,hand
4084500495951,2,haircare,,,hand
4084500495982,2,haircare,,,hand
4084500607095,1,haircare,,,hand
4084500621671,2,haircare,,,hand
4084500621701,2,haircare,,,hand
4084500828001,2,haircare,,,hand
4084500991385,2,haircare,,,hand
4084500991446,1,haircare,,,hand
4084500991507,2,haircare,,,hand
4084500991569,2,haircare,,,hand
40895208,1,skincare,,,hand
4103040102744,1,skincare,,,hand
42097879,1,makeup,,,hand
42097976,1,makeup,,,hand
42153061,2,skincare,,,hand
42236498,2,skincare,,,hand
42236764,1,skincare,,,hand
42236931,2,skincare,,,hand
42240105,1,skincare,,,hand
42240624,1,skincare,,,hand
42242109,2,skincare,,,hand
42266099,2,skincare,,,hand
42345091,4,skincare,,,hand
42349006,1,skincare,,,hand
4250587772173,3,makeup,,,hand
4251232227277,1,makeup,,,hand
4251347400329,1,skincare,,,hand
4305615307725,1,haircare,,,hand
4305615307916,1,skincare,,,hand
4305615322025,1,makeup,,,hand
4305615563510,1,haircare,,,hand
4311501605103,2,skincare,,,hand
43437382,1,skincare,,,hand
4388844129023,1,skincare,,,hand
4548076347514,1,skincare,,,hand
4600171527380,8,haircare,,,hand
4600528341478,2,skincare,,,hand
4600528342079,2,skincare,,,hand
4600697101705,7,skincare,,,hand
4600697101996,2,skincare,,,hand
4600702089745,3,haircare,,,hand
4600702094787,2,skincare,,,hand
4600936182038,2,skincare,,,hand
4601313011408,5,skincare,,,hand
4604049091553,2,skincare,,,hand
4605319008332,2,skincare,,,hand
4605966014601,1,haircare,,,hand
4607017944554,2,skincare,,,hand
4607040313334,3,haircare,,,hand
4607086562987,1,haircare,,,hand
4607130446324,2,skincare,,,hand
4607945640399,2,skincare,,,hand
4620757212332,2,skincare,,,hand
4627084800676,3,skincare,,,hand
4627090422336,5,haircare,,,hand
4627090422350,2,haircare,,,hand
4627100131395,1,skincare,,,hand
4660019000734,2,skincare,,,hand
4690363004690,1,skincare,,,hand
4719264251160,1,skincare,,,hand
5000101086557,2,skincare,,,hand
5000101152672,2,skincare,,,hand
5000101172892,1,skincare,,,hand
5000101193620,1,skincare,,,hand
5000174349672,6,skincare,,,hand
5000438001353,2,skincare,,,hand
50097623,3,skincare,,,hand
5010724527504,5,haircare,,,hand
5010934003409,1,skincare,,,hand
5010934004628,1,haircare,,,hand
5011321260696,4,skincare,,,hand
5011321433991,1,haircare,,,hand
5011321532939,1,haircare,,,hand
5011522037059,1,makeup,,,hand
5012008411103,2,skincare,,,hand
5012008593106,1,haircare,,,hand
5012583009665,2,haircare,,,hand
5012874022441,1,skincare,,,hand
5013692226998,3,skincare,,,hand
5013692231541,2,haircare,,,hand
5013965678684,1,haircare,,,hand
5013965694547,2,haircare,,,hand
5013965788055,3,haircare,,,hand
5017634012557,1,haircare,,,hand
5017634116088,2,haircare,,,hand
5017634237080,2,skincare,,,hand
5021320041219,1,haircare,,,hand
5025416030330,3,haircare,,,hand
5028197104344,2,skincare,,,hand
5028197417482,1,skincare,,,hand
5028197417574,2,skincare,,,hand
5028197417666,1,skincare,,,hand
5028197417871,1,skincare,,,hand
5028197578770,1,skincare,,,hand
5028197823160,2,skincare,,,hand
5028197979546,1,skincare,,,hand
5028197983055,2,skincare,,,hand
5029053550237,2,skincare,,,hand
5029066053879,5,haircare,,,hand
5031413956726,1,skincare,,,hand
5033102816755,1,makeup,,,hand
5033102821933,2,haircare,,,hand
5033102830461,1,makeup,,,hand
5033102841788,1,makeup,,,hand
5033102850858,1,skincare,,,hand
5033102853538,1,haircare,,,hand
5033102905022,1,makeup,,,hand
5033102916196,1,haircare,,,hand
5033102916523,1,haircare,,,hand
5033102918084,1,haircare,,,hand
5035832010274,2,haircare,,,hand
5037156187106,3,haircare,,,hand
5037156201314,2,haircare,,,hand
5037156210330,2,haircare,,,hand
5038483368671,2,skincare,,,hand
50330218,1,skincare,,,hand
5052197008692,1,skincare,,,hand
5052197013481,2,skincare,,,hand
5052197028409,5,skincare,,,hand
5052910474001,2,skincare,,,hand
5053264290743,1,makeup,,,hand
5055757810254,2,haircare,,,hand
5055936817661,1,skincare,,,hand
5060056486789,1,haircare,,,hand
5060082251344,1,skincare,,,hand
5060120164391,1,makeup,,,hand
5060128983963,2,skincare,,,hand
5060144644985,1,skincare,,,hand
5060275540057,5,makeup,,,hand
5060303950049,1,haircare,,,hand
5200393818243,1,skincare,,,hand
5202236181521,1,makeup,,,hand
53240231,1,haircare,,,hand
5400247014757,1,skincare,,,hand
5400601006626,2,skincare,,,hand
5410036269626,2,skincare,,,hand
5410076413195,2,haircare,,,hand
5410076440351,1,haircare,,,hand
5410076440436,1,haircare,,,hand
5410076481279,2,haircare,,,hand
5410076764754,2,haircare,,,hand
5410076932535,2,haircare,,,hand
5410091614041,2,skincare,,,hand
5410091668297,2,skincare,,,hand
5410091669874,1,haircare,,,hand
5410091685027,2,haircare,,,hand
5410091686383,2,haircare,,,hand
5410091697693,2,haircare,,,hand
5410091703059,2,haircare,,,hand
5410091710897,4,skincare,,,hand
5410091712334,5,haircare,,,hand
5410091712365,2,haircare,,,hand
5410091718299,2,haircare,,,hand
5410091718350,2,haircare,,,hand
5410091719500,1,skincare,,,hand
5410091728304,2,haircare,,,hand
5410091728335,2,haircare,,,hand
5410306881411,2,haircare,,,hand
5410306881428,2,skincare,,,hand
5410306881817,1,skincare,,,hand
5410306882005,2,skincare,,,hand
5410306882159,2,skincare,,,hand
5410306882180,2,skincare,,,hand
5410306888748,2,skincare,,,hand
5412058150555,2,skincare,,,hand
5414971009354,2,haircare,,,hand
5449750032940,2,skincare,,,hand
56669213,1,haircare,,,hand
5694520711123,2,haircare,,,hand
5694520711130,2,haircare,,,hand
5765228837894,6,skincare,,,hand
5900249201549,2,haircare,,,hand
5900652002368,2,haircare,,,hand
5900652002481,2,skincare,,,hand
5902101711876,4,haircare,,,hand
5906439040073,1,skincare,,,hand
5949067504456,1,skincare,,,hand
5998466119174,1,haircare,,,hand
5998466119228,2,skincare,,,hand
6001159113294,1,skincare,,,hand
6006174008730,3,haircare,,,hand
6006174010559,3,haircare,,,hand
6660015751805,1,makeup,,,hand
6687310788787,1,skincare,,,hand
6920177917618,1,haircare,,,hand
7232726143058,2,haircare,,,hand
7310614024242,1,skincare,,,hand
7310618409014,1,skincare,,,hand
7310618409052,1,skincare,,,hand
7318690081685,2,skincare,,,hand
7318690136682,1,skincare,,,hand
7322540574142,1,skincare,,,hand
7332531031318,1,skincare,,,hand
7332531042031,1,skincare,,,hand
7350045310194,1,haircare,,,hand
7610848570615,1,skincare,,,hand
7613331319531,1,skincare,,,hand
7640143475025,1,skincare,,,hand
7702018255566,4,skincare,,,hand
7702018343713,2,skincare,,,hand
7702018366200,2,skincare,,,hand
7702018368693,2,skincare,,,hand
7702018389438,2,skincare,,,hand
7702018401086,2,skincare,,,hand
7702018980840,1,skincare,,,hand
7898952577588,1,haircare,,,hand
7899572801992,1,haircare,,,hand
8000036002476,1,skincare,,,hand
8001090047151,1,haircare,,,hand
8001090047489,2,haircare,,,hand
8001090047700,2,haircare,,,hand
8001090047809,2,haircare,,,hand
8001090047861,2,haircare,,,hand
8001090098054,3,haircare,,,hand
8001090101228,1,haircare,,,hand
8001090101341,2,haircare,,,hand
8001090101372,1,haircare,,,hand
8001090101617,2,haircare,,,hand
8001090101679,2,haircare,,,hand
8001090101730,2,haircare,,,hand
8001090102843,1,haircare,,,hand
8001090102997,2,haircare,,,hand
8001090187888,2,haircare,,,hand
8001090222480,3,haircare,,,hand
8001090689443,3,haircare,,,hand
8001280038273,2,skincare,,,hand
8007376257023,1,haircare,,,hand
8008970043371,2,skincare,,,hand
8008970043777,2,skincare,,,hand
8008970043784,2,skincare,,,hand
8009350803509,2,skincare,,,hand
8016744500104,1,haircare,,,hand
8025272028059,1,makeup,,,hand
8025272028202,1,makeup,,,hand
8025272552530,1,makeup,,,hand
8025272552561,1,makeup,,,hand
8025272553537,1,makeup,,,hand
8032680390722,1,skincare,,,hand
8032680391019,1,haircare,,,hand
8033049081220,1,skincare,,,hand
80479826,1,haircare,,,hand
8105814928501,2,skincare,,,hand
8132100143096,1,haircare,,,hand
8410385001196,1,haircare,,,hand
8410436216364,1,haircare,,,hand
8410436233132,2,haircare,,,hand
8411126020674,1,haircare,,,hand
8411126020766,2,haircare,,,hand
8411126026966,2,haircare,,,hand
8411126026980,1,haircare,,,hand
8411126039416,2,skincare,,,hand
8411126039423,2,skincare,,,hand
8414227690005,2,skincare,,,hand
8414719402772,3,skincare,,,hand
8429725600494,2,skincare,,,hand
8429725600531,2,skincare,,,hand
8429725600692,2,skincare,,,hand
8432225036311,3,haircare,,,hand
8435102570380,1,makeup,,,hand
8435102570595,3,makeup,,,hand
8436037091049,1,skincare,,,hand
8436097092505,3,haircare,,,hand
8475782807871,1,haircare,,,hand
8480017093837,1,haircare,,,hand
8495814695832,4,haircare,,,hand
8591113028446,2,skincare,,,hand
8594060451084,2,skincare,,,hand
8690506395315,4,skincare,,,hand
8691190703066,1,makeup,,,hand
8693495032742,1,skincare,,,hand
8693495032766,6,skincare,,,hand
8710444215138,2,skincare,,,hand
8710447436707,1,skincare,,,hand
8710447446003,3,skincare,,,hand
8710908080029,2,skincare,,,hand
8710908087592,1,skincare,,,hand
8710908151491,2,skincare,,,hand
8710908188015,2,skincare,,,hand
8710908237966,2,haircare,,,hand
8710908276484,3,haircare,,,hand
8710908307188,2,skincare,,,hand
8710908315244,2,skincare,,,hand
8710908315428,2,skincare,,,hand
8710908472312,2,skincare,,,hand
8710908536465,9,skincare,,,hand
8710908650208,4,skincare,,,hand
8710908682605,2,skincare,,,hand
8710908682995,2,skincare,,,hand
8710908745874,2,skincare,,,hand
8710908809354,2,skincare,,,hand
8710919155242,2,skincare,,,hand
8711600655904,2,skincare,,,hand
8711600665781,1,haircare,,,hand
8711600877948,1,haircare,,,hand
8711700709989,1,skincare,,,hand
8711700719643,2,skincare,,,hand
8711700746861,2,skincare,,,hand
8711700784245,2,skincare,,,hand
8711700844734,3,skincare,,,hand
8711700858106,1,haircare,,,hand
8711700914765,2,skincare,,,hand
8711700914840,1,skincare,,,hand
8711700915878,1,skincare,,,hand
8711700917735,2,haircare,,,hand
8711700917773,2,haircare,,,hand
8711700917834,1,haircare,,,hand
8711700922326,5,haircare,,,hand
8711700922425,11,haircare,,,hand
8711700922449,1,haircare,,,hand
8711700923255,3,haircare,,,hand
8711700923354,3,haircare,,,hand
8711700923361,2,haircare,,,hand
8712333205879,1,makeup,,,hand
8712561017749,2,skincare,,,hand
8712561017787,2,skincare,,,hand
8712561018050,2,skincare,,,hand
8712561018142,2,skincare,,,hand
8712561141468,2,haircare,,,hand
8712561194365,3,haircare,,,hand
8712561249638,9,skincare,,,hand
8712561251617,1,skincare,,,hand
8712561252584,1,skincare,,,hand
8712561255158,1,skincare,,,hand
8712561397650,1,skincare,,,hand
8712561397759,2,skincare,,,hand
8712561439978,2,skincare,,,hand
8712561493031,3,haircare,,,hand
8712561521048,3,skincare,,,hand
8712561535243,1,skincare,,,hand
8712561607391,2,skincare,,,hand
8712561688475,1,haircare,,,hand
8712566934041,2,haircare,,,hand
8714100474990,8,skincare,,,hand
8714789406220,1,skincare,,,hand
8714789514635,2,skincare,,,hand
8714789572543,1,skincare,,,hand
8714789593692,2,skincare,,,hand
8714789593845,2,skincare,,,hand
8714789732916,3,skincare,,,hand
8714789763989,2,skincare,,,hand
8714789861708,2,skincare,,,hand
8714789861760,2,skincare,,,hand
8714789861791,2,skincare,,,hand
8714789862057,2,skincare,,,hand
8714789862606,2,skincare,,,hand
8714789867427,1,skincare,,,hand
8714789880471,2,haircare,,,hand
8714789880495,2,haircare,,,hand
8714789880518,1,haircare,,,hand
8714789928920,1,skincare,,,hand
8714789939827,3,skincare,,,hand
8714789940519,2,skincare,,,hand
8714789940533,1,skincare,,,hand
8714789940892,2,skincare,,,hand
8714789941059,2,skincare,,,hand
8714789959665,2,skincare,,,hand
8714789998145,2,skincare,,,hand
8714789998299,2,skincare,,,hand
8714789999630,1,skincare,,,hand
8714789999890,3,skincare,,,hand
8715342013749,2,skincare,,,hand
8716716026273,1,skincare,,,hand
8717163411322,2,skincare,,,hand
8717178063851,2,skincare,,,hand
8717644566237,4,skincare,,,hand
8717644598849,2,skincare,,,hand
8718114614250,1,haircare,,,hand
8718215721246,3,skincare,,,hand
8718924879818,2,skincare,,,hand
8718951007222,1,skincare,,,hand
8718951007277,2,skincare,,,hand
8718951007321,1,skincare,,,hand
8718951068520,1,skincare,,,hand
8718951070226,2,skincare,,,hand
8718951070264,2,skincare,,,hand
8718951087521,2,haircare,,,hand
8718951103399,1,skincare,,,hand
8718951129184,2,skincare,,,hand
8718951153615,2,skincare,,,hand
8718951154940,1,skincare,,,hand
8718951156111,2,skincare,,,hand
8718951156555,2,skincare,,,hand
8718951156678,2,skincare,,,hand
8719134011203,1,haircare,,,hand
8719238002596,1,skincare,,,hand
8719497830954,2,skincare,,,hand
87333131211107,1,makeup,,,hand
8809153100634,1,skincare,,,hand
8809255780338,2,skincare,,,hand
8809255780376,1,makeup,,,hand
8906068240056,1,skincare,,,hand
9313684210674,2,skincare,,,hand
9313880201001,1,makeup,,,hand
9319944007978,1,skincare,,,hand
9327693000805,1,haircare,,,hand
9518174877218,1,skincare,,,hand
96033234,2,skincare,,,hand
96045138,1,skincare,,,hand
96078273,1,skincare,,,hand
96080900,28,skincare,,,hand
96082416,7,haircare,,,hand
96086179,2,skincare,,,hand
96106617,4,skincare,,,hand
96119600,1,skincare,,,hand
96132289,4,skincare,,,hand
9680150153491,2,haircare,,,hand
3700281703238,1,skincare,,,hand
3282770106329,2,haircare,,,hand
3350033307353,3,skincare,,,hand
3511720118601,1,skincare,,,hand
8005610485911,1,haircare,,,hand
3760226800095,1,skincare,,,hand
3760162120677,1,skincare,,,hand
4005900447937,1,skincare,,,hand
3560070731220,2,skincare,,,hand
3600522471127,2,haircare,,,hand
3600550949742,1,skincare,,,hand
3282770201260,4,haircare,,,hand
3537090010086,1,skincare,,,hand
3600541735972,1,skincare,,,hand
7702018343867,1,skincare,,,hand
12719594,1,haircare,,,hand
3564700078860,3,skincare,,,hand
3291960009135,1,skincare,,,hand
3770008012011,1,skincare,,,hand
3700479107541,3,skincare,,,hand
3282770072730,1,skincare,,,hand
8699921810045,1,skincare,,,hand
3600530359370,1,makeup,,,hand
8718951186460,3,skincare,,,hand
3600522021766,1,skincare,,,hand
0034285676124,2,haircare,,,hand
3140100366488,3,haircare,,,hand
3021885009725,1,skincare,,,hand
3770002306345,3,skincare,,,hand
3600550846195,2,skincare,,,hand
3574661326207,1,skincare,,,hand
3596490001377,1,skincare,,,hand
3600550933536,1,haircare,,,hand
3504750002057,1,skincare,,,hand
3600523302901,1,haircare,,,hand
4020829005037,1,skincare,,,hand
3282770107579,3,skincare,,,hand
15204300,3,haircare,,,hand
3760201130483,1,haircare,,,hand
3700479113115,2,skincare,,,hand
3596490001308,1,skincare,,,hand
0713708700492,2,haircare,,,hand
4305615482262,1,skincare,,,hand
3600541982260,3,haircare,,,hand
3250392409234,3,skincare,,,hand
3450970118774,4,skincare,,,hand
20871598,4,skincare,,,hand
4000307175803,1,skincare,,,hand
3600522943402,2,skincare,,,hand
4005800019531,1,skincare,,,hand
3600523526994,1,haircare,,,hand
96111734,3,skincare,,,hand
3614221642429,1,skincare,,,hand
8710447285343,1,skincare,,,hand
3614226339386,1,skincare,,,hand
3054080004349,1,haircare,,,hand
3760220171788,3,makeup,,,hand
4251232211535,1,makeup,,,hand
3700211181327,5,skincare,,,hand
3760099311261,1,skincare,,,hand
4005800037535,6,haircare,,,hand
3474636391202,1,haircare,,,hand
3517360011302,3,haircare,,,hand
3401571929078,1,skincare,,,hand
8712561114875,1,haircare,,,hand
3549620020403,1,skincare,,,hand
8718906909007,3,skincare,,,hand
5015405084000,1,skincare,,,hand
8710624186456,1,skincare,,,hand
7310181510209,1,haircare,,,hand
5201109602309,1,skincare,,,hand
4001638099226,2,skincare,,,hand
3760194654324,1,skincare,,,hand
7393481003381,1,skincare,,,hand
3605971545672,1,skincare,,,hand
7350069280176,1,skincare,,,hand
4010355318626,4,haircare,,,hand
4017645017955,1,skincare,,,hand
7702018015689,1,skincare,,,hand
3600550965711,1,skincare,,,hand
8161351759015,1,skincare,,,hand
8718951156159,1,skincare,,,hand
3700392164836,1,skincare,,,hand
0095008005713,3,makeup,,,hand
3760099707026,3,skincare,,,hand
4027800025008,3,skincare,,,hand
4010355306555,2,haircare,,,hand
3284410036607,4,skincare,,,hand
3282779007603,1,haircare,,,hand
3760207110243,1,skincare,,,hand
3014260302788,1,skincare,,,hand
3574661287898,1,skincare,,,hand
4008890001257,2,skincare,,,hand
8901030712050,3,skincare,,,hand
3770001492001,2,skincare,,,hand
3760201132142,4,haircare,,,hand
8710447285619,1,skincare,,,hand
23023062,4,skincare,,,hand
3522930031840,2,skincare,,,hand
3660005148038,2,skincare,,,hand
3760168230035,3,skincare,,,hand
3660005881881,3,skincare,,,hand
3760207110786,1,skincare,,,hand
4021457615025,1,skincare,,,hand
3600542105989,3,skincare,,,hand
5010724528938,6,haircare,,,hand
4011700310241,4,skincare,,,hand
3178041309516,1,skincare,,,hand
4008491192798,3,skincare,,,hand
3560070957477,3,skincare,,,hand
42349891,1,skincare,,,hand
3574661022543,3,skincare,,,hand
4010355162564,1,skincare,,,hand
80804109,4,skincare,,,hand
3660005139357,4,haircare,,,hand
42288930,1,skincare,,,hand
3367729018981,1,skincare,,,hand
3178041329026,2,skincare,,,hand
3564700890752,3,skincare,,,hand
3600523732548,1,skincare,,,hand
3263854394016,1,skincare,,,hand
8410412020299,1,skincare,,,hand
4010355274151,1,haircare,,,hand
4010355058959,1,haircare,,,hand
4015001005677,1,haircare,,,hand
4015001004656,1,haircare,,,hand
4015000999922,1,haircare,,,hand
4015100188134,1,haircare,,,hand
4015001005370,1,haircare,,,hand
4015001005400,1,haircare,,,hand
4011700837205,1,haircare,,,hand
4015001005592,1,haircare,,,hand
05537761,1,haircare,,,hand
23205123,1,haircare,,,hand
4010355686466,1,haircare,,,hand
4010355058997,1,haircare,,,hand
4010355341297,1,haircare,,,hand
3600531512088,1,makeup,,,hand
3770006053177,1,skincare,,,hand
4015100209198,1,skincare,,,hand
4084500047693,1,haircare,,,hand
4015001007428,1,skincare,,,hand
4010355020147,1,skincare,,,hand
4250035290839,1,skincare,,,hand
4010355296306,1,skincare,,,hand
4010355296481,1,skincare,,,hand
4015001005462,1,haircare,,,hand
4010355966100,1,skincare,,,hand
4010355135377,1,skincare,,,hand
4010355206381,1,haircare,,,hand
4250587766011,1,skincare,,,hand
9008189327650,1,makeup,,,hand
4045612005537,1,skincare,,,hand
3178040696983,1,skincare,,,hand
3178041309776,2,skincare,,,hand
8001090280404,1,haircare,,,hand
3253581471876,1,skincare,,,hand
4250587778830,1,makeup,,,hand
4250947500989,1,makeup,,,hand
3560070276202,1,skincare,,,hand
4305615407616,1,skincare,,,hand
4305615647647,1,skincare,,,hand
4305615407630,1,skincare,,,hand
4305615623184,3,skincare,,,hand
4305615623177,1,skincare,,,hand
4305615610436,1,skincare,,,hand
3178040669574,1,haircare,,,hand
2021092899998,1,skincare,,,hand
02210245,1,skincare,,,hand
4010355965882,1,skincare,,,hand
8717644285930,1,skincare,,,hand
4005808848249,1,skincare,,,hand
4010355295064,1,skincare,,,hand
4010355966568,1,skincare,,,hand
20546533,1,skincare,,,hand
4010355893079,1,skincare,,,hand
3282779182409,3,skincare,,,hand
5765228836637,1,skincare,,,hand
3401360106994,8,skincare,,,hand
4005900465726,1,skincare,,,hand
3560070628469,3,haircare,,,hand
3560070915880,1,haircare,,,hand
3580258120332,1,skincare,,,hand
3266191023595,2,skincare,,,hand
3660005642185,1,skincare,,,hand
5028197197230,1,skincare,,,hand
3600542129251,1,haircare,,,hand
7621500130917,2,haircare,,,hand
5900286012627,3,haircare,,,hand
0858380002066,2,haircare,,,hand
42349150,1,skincare,,,hand
4010355688637,1,skincare,,,hand
3182612705119,1,skincare,,,hand
3700578700452,3,skincare,,,hand
3760061223912,1,skincare,,,hand
3282770106299,1,haircare,,,hand
3614051468664,3,skincare,,,hand
3031449452386,1,makeup,,,hand
4305615612393,4,haircare,,,hand
8590031108841,1,skincare,,,hand
8719497834952,1,skincare,,,hand
8719874190008,1,skincare,,,hand
3380380000683,1,skincare,,,hand
3052503505657,1,skincare,,,hand
7613035299726,2,skincare,,,hand
3596205152196,1,haircare,,,hand
3489941049748,2,skincare,,,hand
3600523289851,1,haircare,,,hand
4010355218674,1,skincare,,,hand
87343663,1,skincare,,,hand
3282770100402,1,skincare,,,hand
3600531484606,3,makeup,,,hand
3560070631889,4,skincare,,,hand
3600522083702,3,skincare,,,hand
4010355558916,4,skincare,,,hand
3700677765598,1,skincare,,,hand
4021354033571,1,skincare,,,hand
4010355254207,2,skincare,,,hand
4005900275288,1,skincare,,,hand
5012008558402,1,haircare,,,hand
3560071054977,2,skincare,,,hand
4008233114781,3,skincare,,,hand
8710447318775,14,skincare,,,hand
3284410026158,1,skincare,,,hand
27027486,3,skincare,,,hand
40623405,1,skincare,,,hand
3600542153256,2,haircare,,,hand
3600541233324,1,haircare,,,hand
7290101165323,3,skincare,,,hand
7630028618166,1,skincare,,,hand
4000196028624,1,skincare,,,hand
8710447253748,3,skincare,,,hand
4010355483737,4,skincare,,,hand
4005900415738,2,skincare,,,hand
4005900598523,1,skincare,,,hand
4260370433662,3,skincare,,,hand
3600550550030,3,skincare,,,hand
3401360289284,1,skincare,,,hand
8710522378564,6,skincare,,,hand
3701063802873,1,skincare,,,hand
4005808260973,3,skincare,,,hand
3663518225357,1,skincare,,,hand
3663518030654,1,skincare,,,hand
3560071043780,3,skincare,,,hand
8901030626173,2,makeup,,,hand
8690937006453,1,skincare,,,hand
4058172013591,1,skincare,,,hand
4045612002611,1,skincare,,,hand
6132138600099,2,skincare,,,hand
8410757957717,2,skincare,,,hand
8904023007539,1,haircare,,,hand
3181730185803,6,skincare,,,hand
3286010021014,1,skincare,,,hand
3517360010923,2,skincare,,,hand
3549620007619,1,skincare,,,hand
3600523082254,1,skincare,,,hand
3600542120449,1,haircare,,,hand
3600550965506,1,skincare,,,hand
3600550965698,1,skincare,,,hand
4005808827770,1,skincare,,,hand
3600521751879,1,haircare,,,hand
3600541426047,1,skincare,,,hand
3600522839019,2,makeup,,,hand
3600520913117,1,haircare,,,hand
3574661417387,1,skincare,,,hand
3560070911462,1,skincare,,,hand
3560070932047,1,haircare,,,hand
3560070938407,1,skincare,,,hand
3560070969258,1,haircare,,,hand
3560071001247,1,skincare,,,hand
3017563241808,1,skincare,,,hand
7630028608273,1,skincare,,,hand
4024009020766,1,skincare,,,hand
3222474365301,1,skincare,,,hand
3600542118958,1,haircare,,,hand
6132506950160,1,skincare,,,hand
4045612006657,1,skincare,,,hand
0037000061991,2,haircare,,,hand
8710908489792,2,skincare,,,hand
5037156227512,2,haircare,,,hand
3560071130299,3,skincare,,,hand
8718951204034,1,skincare,,,hand
6006174000284,1,haircare,,,hand
3379501620442,1,skincare,,,hand
3614221999196,1,skincare,,,hand
8710447285381,1,skincare,,,hand
3133200091633,2,skincare,,,hand
4037067315675,2,haircare,,,hand
4037067400814,2,haircare,,,hand
4037067300442,2,haircare,,,hand
4037067200223,2,skincare,,,hand
28341611,3,skincare,,,hand
24584791,1,skincare,,,hand
3600530351244,1,makeup,,,hand
0022796170125,1,haircare,,,hand
0022796170026,1,haircare,,,hand
0022796977014,1,haircare,,,hand
0022796972415,1,haircare,,,hand
0022796972408,1,haircare,,,hand
3600550886788,1,haircare,,,hand
3600550981346,1,haircare,,,hand
3600550981360,1,haircare,,,hand
3600550949278,1,haircare,,,hand
3517360012880,1,haircare,,,hand
3346029200081,2,skincare,,,hand
3600550965704,2,skincare,,,hand
3700562300019,1,skincare,,,hand
3600530351190,2,makeup,,,hand
3257980630766,1,skincare,,,hand
3182611233033,2,skincare,,,hand
8436025300221,1,skincare,,,hand
3760207111080,1,haircare,,,hand
3760207112193,1,haircare,,,hand
3660005911571,1,makeup,,,hand
8001841212388,3,haircare,,,hand
0869380811008,5,haircare,,,hand
30101661,1,makeup,,,hand
3401360668911,2,skincare,,,hand
8711600462236,4,skincare,,,hand
3600523288830,3,haircare,,,hand
4015100292428,3,haircare,,,hand
4305615572901,1,skincare,,,hand
3660005713816,2,skincare,,,hand
4305615376653,1,skincare,,,hand
20898922,1,skincare,,,hand
8681171520737,1,skincare,,,hand
4305615460857,1,skincare,,,hand
4305615572888,1,skincare,,,hand
3600523434633,1,skincare,,,hand
4606711702019,4,skincare,,,hand
4562323640104,8,skincare,,,hand
93369473,2,haircare,,,hand
3760201132623,1,skincare,,,hand
7506078955035,8,haircare,,,hand
4305615307572,3,skincare,,,hand
9005800261041,2,skincare,,,hand
4250587705461,1,makeup,,,hand
3256224359692,5,haircare,,,hand
3760211481421,9,skincare,,,hand
9009827000560,1,haircare,,,hand
4008233149257,3,skincare,,,hand
4103040231017,2,skincare,,,hand
9000101073249,1,haircare,,,hand
3600523709649,1,haircare,,,hand
3263855884592,1,skincare,,,hand
20546557,3,skincare,,,hand
3517360005066,1,skincare,,,hand
3663787551875,2,haircare,,,hand
0800897109134,2,makeup,,,hand
3350031977985,1,haircare,,,hand
3350033139954,1,haircare,,,hand
3350033095199,1,haircare,,,hand
3350031977954,1,haircare,,,hand
3350031977947,1,haircare,,,hand
3350033021372,1,haircare,,,hand
3350031977978,1,haircare,,,hand
3350031977961,1,haircare,,,hand
3350033147003,1,haircare,,,hand
3600523682676,1,haircare,,,hand
3701028700107,1,skincare,,,hand
3133200053129,4,skincare,,,hand
4054495000614,1,makeup,,,hand
8001841091495,2,haircare,,,hand
42232216,3,skincare,,,hand
4010355322975,4,skincare,,,hand
4010355409256,4,skincare,,,hand
4010355583154,4,skincare,,,hand
4010355141934,1,skincare,,,hand
4010355141873,1,skincare,,,hand
5200410700001,1,skincare,,,hand
3178040622326,1,haircare,,,hand
4311501436080,1,skincare,,,hand
4010355557926,3,skincare,,,hand
29076826,1,skincare,,,hand
7318690017301,1,skincare,,,hand
3614270429835,1,skincare,,,hand
20548544,1,skincare,,,hand
4311501435496,1,haircare,,,hand
10049013,3,haircare,,,hand
4015100184587,1,haircare,,,hand
23212732,1,skincare,,,hand
4045612001638,1,skincare,,,hand
7318690168997,1,skincare,,,hand
3760007335419,4,skincare,,,hand
3401360202337,3,skincare,,,hand
3430750048415,1,skincare,,,hand
3600550305807,1,haircare,,,hand
4260167182797,2,skincare,,,hand
4061458121422,5,skincare,,,hand
8719134055375,1,skincare,,,hand
8025272618434,2,makeup,,,hand
3474636404391,2,haircare,,,hand
3058320010169,1,haircare,,,hand
3094904500404,2,skincare,,,hand
4010355559036,1,skincare,,,hand
8436008569799,7,skincare,,,hand
4335718171909,3,haircare,,,hand
4061458121439,1,skincare,,,hand
3560071015732,1,haircare,,,hand
12237623,5,skincare,,,hand
5719807232297,2,skincare,,,hand
8710447356272,1,skincare,,,hand
5177257775489,1,skincare,,,hand
3517360012675,1,skincare,,,hand
3519590214348,1,skincare,,,hand
4015600862459,1,skincare,,,hand
3770012340162,3,skincare,,,hand
9000101229196,3,haircare,,,hand
4020829008793,1,skincare,,,hand
3607349682309,2,skincare,,,hand
3283950073028,1,skincare,,,hand
3770006344138,1,skincare,,,hand
3283950011006,1,skincare,,,hand
3760114994295,4,skincare,,,hand
0663963221044,1,skincare,,,hand
3760099593681,3,skincare,,,hand
3700276346280,1,skincare,,,hand
3031449447153,1,skincare,,,hand
3600531369408,5,makeup,,,hand
8710447285374,1,skincare,,,hand
3508240007034,1,skincare,,,hand
3760171051085,1,skincare,,,hand
2200244512156,1,skincare,,,hand
4025089075233,6,haircare,,,hand
8711869751485,1,skincare,,,hand
3700998201195,1,skincare,,,hand
6240000457037,2,skincare,,,hand
4061458007863,7,skincare,,,hand
4017645038813,6,skincare,,,hand
3700562300156,1,skincare,,,hand
3401395565841,1,skincare,,,hand
3700343040844,1,skincare,,,hand
3760220172198,1,makeup,,,hand
0309974700016,1,makeup,,,hand
4021457618170,1,makeup,,,hand
3401561197715,1,skincare,,,hand
7640114110887,1,skincare,,,hand
3700343040141,1,skincare,,,hand
3700343040165,1,skincare,,,hand
3258561640518,3,haircare,,,hand
3252550609647,1,skincare,,,hand
3760194653792,1,skincare,,,hand
8806358547059,2,makeup,,,hand
4005800061691,2,skincare,,,hand
0782126003058,3,skincare,,,hand
3517360018417,1,skincare,,,hand
30156319,1,skincare,,,hand
3770008236240,1,skincare,,,hand
3605971132988,4,skincare,,,hand
3700276350614,1,skincare,,,hand
3355312146159,1,skincare,,,hand
3600550812695,1,haircare,,,hand
3614051526869,1,skincare,,,hand
3700343046044,1,skincare,,,hand
3760229897016,1,skincare,,,hand
4311501435076,3,skincare,,,hand
4025089073703,1,skincare,,,hand
3760131251159,1,skincare,,,hand
0022400525785,1,haircare,,,hand
3380380062117,1,haircare,,,hand
3355312106047,1,skincare,,,hand
5765228837658,1,skincare,,,hand
4250587754230,1,skincare,,,hand
4250947527153,1,makeup,,,hand
3222476748645,1,skincare,,,hand
3660005305561,1,makeup,,,hand
0811913015209,1,haircare,,,hand
8009518300734,1,makeup,,,hand
4021457626250,1,makeup,,,hand
3770002220047,2,skincare,,,hand
3770002220030,5,skincare,,,hand
8001090489135,2,haircare,,,hand
0769915190045,4,skincare,,,hand
5099514041215,6,skincare,,,hand
4305615458977,1,skincare,,,hand
4015100009590,1,skincare,,,hand
8480000460578,1,skincare,,,hand
3517360017649,1,haircare,,,hand
4010355476395,5,skincare,,,hand
4305615566290,3,skincare,,,hand
4010355568717,1,skincare,,,hand
4010355322852,1,skincare,,,hand
4051424558482,1,skincare,,,hand
3760114994141,1,skincare,,,hand
4001638088442,3,skincare,,,hand
4012400532612,1,skincare,,,hand
42349013,1,skincare,,,hand
3424090008239,1,skincare,,,hand
3760248680156,4,skincare,,,hand
4058172145391,1,skincare,,,hand
5034843001004,1,haircare,,,hand
5034843001028,2,haircare,,,hand
3600540888884,1,skincare,,,hand
8697926016479,1,haircare,,,hand
3283950911511,2,skincare,,,hand
7613331319500,1,skincare,,,hand
3660005370088,1,skincare,,,hand
11552800,1,skincare,,,hand
4305615688848,1,skincare,,,hand
6905624880547,2,makeup,,,hand
5000468000586,2,skincare,,,hand
3770013899010,2,skincare,,,hand
4001638081870,4,skincare,,,hand
3600523370986,1,haircare,,,hand
3489940068047,1,skincare,,,hand
3663518046006,1,skincare,,,hand
8436097091911,3,skincare,,,hand
0884486224170,2,makeup,,,hand
3291960008985,1,skincare,,,hand
4005900488183,1,skincare,,,hand
7108449961982,1,haircare,,,hand
3662217004805,4,makeup,,,hand
3760004691419,4,skincare,,,hand
42389439,1,skincare,,,hand
4058172066153,5,skincare,,,hand
6903148030363,2,haircare,,,hand
4058172219832,2,haircare,,,hand
0769915190373,8,skincare,,,hand
0769915193954,1,skincare,,,hand
3700614803048,1,skincare,,,hand
3760239242035,1,skincare,,,hand
3660005539935,2,skincare,,,hand
7618900912205,1,skincare,,,hand
3660005348070,3,makeup,,,hand
2017037799997,3,skincare,,,hand
2041403499990,1,haircare,,,hand
4015000979634,1,haircare,,,hand
3600542117050,1,haircare,,,hand
0752830426238,1,haircare,,,hand
3473311503008,5,skincare,,,hand
4025089079743,1,skincare,,,hand
6414504296106,1,skincare,,,hand
4305615629896,3,skincare,,,hand
4036221434825,4,skincare,,,hand
4036221604792,1,skincare,,,hand
4305615629902,3,skincare,,,hand
3660005563718,3,haircare,,,hand
0020714322014,1,skincare,,,hand
3517360016147,1,haircare,,,hand
3380380078330,1,haircare,,,hand
5016155120031,1,haircare,,,hand
8001090532183,1,haircare,,,hand
3700076443998,1,makeup,,,hand
3263854995619,2,skincare,,,hand
8001090047014,3,haircare,,,hand
3574661270524,1,skincare,,,hand
42333227,1,skincare,,,hand
42349280,1,skincare,,,hand
3489940049213,1,haircare,,,hand
3489940070538,1,skincare,,,hand
4058172107511,3,haircare,,,hand
3515450016527,5,skincare,,,hand
4680038352171,7,haircare,,,hand
5012254061183,1,haircare,,,hand
4305615307596,1,skincare,,,hand
3663109675806,4,skincare,,,hand
8857123331137,1,skincare,,,hand
4895186007365,3,skincare,,,hand
7350016331579,1,haircare,,,hand
6414504304931,3,skincare,,,hand
4021457613687,1,skincare,,,hand
4260491220394,1,skincare,,,hand
4010355384379,1,skincare,,,hand
8717163641033,2,skincare,,,hand
4305615680194,3,skincare,,,hand
4045612006602,3,skincare,,,hand
3600522632573,1,skincare,,,hand
3600523775637,3,skincare,,,hand
3605521416094,4,skincare,,,hand
3607349723576,1,skincare,,,hand
42240679,1,skincare,,,hand
23924055,1,skincare,,,hand
5000101218255,1,skincare,,,hand
3600523715398,1,skincare,,,hand
3224055816479,1,skincare,,,hand
42389521,4,skincare,,,hand
3282770037418,3,skincare,,,hand
0858380002196,4,haircare,,,hand
8851932378574,5,skincare,,,hand
3516170018242,1,haircare,,,hand
8712561977074,5,skincare,,,hand
9433230176558,1,makeup,,,hand
8025272912716,2,makeup,,,hand
10316658,1,makeup,,,hand
20516536,4,skincare,,,hand
4015100214260,1,skincare,,,hand
3770002220146,8,skincare,,,hand
8710447484272,1,skincare,,,hand
3282770107913,1,skincare,,,hand
0079656044966,4,skincare,,,hand
4015001005653,1,haircare,,,hand
5410091747565,1,haircare,,,hand
0667548022934,1,skincare,,,hand
4260484410030,1,skincare,,,hand
7613269343820,4,skincare,,,hand
8718951266827,2,skincare,,,hand
8714789999029,4,skincare,,,hand
8718951202795,2,skincare,,,hand
0850001156066,1,makeup,,,hand
4058172434013,1,skincare,,,hand
3284410017262,2,skincare,,,hand
3701028711776,1,haircare,,,hand
8710447493915,1,skincare,,,hand
4061458129749,2,skincare,,,hand
3250391896493,3,skincare,,,hand
4058172455933,4,skincare,,,hand
3593290021895,2,skincare,,,hand
3010351760116,1,skincare,,,hand
29060863,5,skincare,,,hand
3701178420016,3,skincare,,,hand
4909978700690,2,haircare,,,hand
9555603003091,1,haircare,,,hand
0713708723330,2,haircare,,,hand
8851932354301,2,haircare,,,hand
8851932410243,2,haircare,,,hand
4061458023696,2,skincare,,,hand
5400606008694,1,skincare,,,hand
4337185214912,3,skincare,,,hand
8717163684863,3,haircare,,,hand
4003583175727,3,skincare,,,hand
2200031373380,1,skincare,,,hand
2200202659770,1,skincare,,,hand
8004395130207,1,skincare,,,hand
4072600221563,2,haircare,,,hand
4010355857989,3,skincare,,,hand
7319861009330,1,skincare,,,hand
24193641,3,skincare,,,hand
5060176674868,4,haircare,,,hand
0815921016630,1,skincare,,,hand
4058172434082,3,skincare,,,hand
4058172220135,2,haircare,,,hand
4058172456312,1,skincare,,,hand
3178040554894,6,skincare,,,hand
4250947598313,1,makeup,,,hand
5765228838921,2,skincare,,,hand
8934868133391,5,skincare,,,hand
8938510049191,3,haircare,,,hand
0037000393160,1,skincare,,,hand
4005808824830,1,skincare,,,hand
3502794230238,5,skincare,,,hand
3517360018981,1,haircare,,,hand
3337875474900,4,skincare,,,hand
3574661332611,2,skincare,,,hand
8717163640708,3,skincare,,,hand
3257980552471,1,skincare,,,hand
80820130,1,skincare,,,hand
0037000537076,1,haircare,,,hand
4260556671185,3,skincare,,,hand
3337875698696,3,skincare,,,hand
4005900274465,3,skincare,,,hand
5397209496037,4,skincare,,,hand
3140100363982,3,haircare,,,hand
4311501484920,1,skincare,,,hand
7500435118293,5,haircare,,,hand
3282779061063,1,haircare,,,hand
4058172061516,4,skincare,,,hand
3282779357357,2,haircare,,,hand
04663441,1,skincare,,,hand
3660005648712,1,haircare,,,hand
4305615572765,2,skincare,,,hand
8002410000436,1,skincare,,,hand
3549620009064,1,skincare,,,hand
4021457614875,3,skincare,,,hand
3760205284823,3,skincare,,,hand
3337875597838,1,skincare,,,hand
4045612006497,3,skincare,,,hand
3517360011777,1,skincare,,,hand
8717163689868,8,haircare,,,hand
01820334,1,haircare,,,hand
4058172444746,3,skincare,,,hand
2005040432000,2,skincare,,,hand
8710198346157,7,skincare,,,hand
8717333596309,1,skincare,,,hand
4021457635436,4,skincare,,,hand
4021457624874,1,skincare,,,hand
3178041315081,1,haircare,,,hand
7898496310474,4,skincare,,,hand
7899846023693,1,skincare,,,hand
4058172265631,5,skincare,,,hand
7804920002778,4,skincare,,,hand
7791293031132,1,haircare,,,hand
4305615528533,1,makeup,,,hand
4005808897087,1,skincare,,,hand
7500435114912,1,haircare,,,hand
3661434004322,6,skincare,,,hand
7702425804760,3,skincare,,,hand
3086126607702,3,skincare,,,hand
3504750011028,3,skincare,,,hand
8999999025038,2,haircare,,,hand
8999999025007,2,haircare,,,hand
8999999025021,3,haircare,,,hand
8999999025014,2,haircare,,,hand
8999999025052,1,haircare,,,hand
4103040909763,1,skincare,,,hand
4058172509032,1,haircare,,,hand
8906009459998,1,skincare,,,hand
3700172700179,1,skincare,,,hand
8710908778230,1,skincare,,,hand
0072151187909,1,skincare,,,hand
0074170450996,1,makeup,,,hand
0309971370564,1,skincare,,,hand
3600531511630,1,makeup,,,hand
5010724526149,1,skincare,,,hand
7702018024636,1,skincare,,,hand
8711600937727,1,skincare,,,hand
8852086002964,3,skincare,,,hand
5060176676381,4,skincare,,,hand
4015001005455,1,haircare,,,hand
8717163888018,5,skincare,,,hand
30177673,5,haircare,,,hand
3760268542298,1,skincare,,,hand
3760096762141,1,skincare,,,hand
3264680011221,4,skincare,,,hand
3401353688513,1,skincare,,,hand
3760314500043,1,skincare,,,hand
3660005876047,1,skincare,,,hand
3700928800153,2,skincare,,,hand
40623474,1,skincare,,,hand
3600542383370,3,skincare,,,hand
50077786,3,skincare,,,hand
4305615572536,2,skincare,,,hand
4012758910209,2,skincare,,,hand
4260556673691,1,skincare,,,hand
3390150568886,2,skincare,,,hand
8001090047342,2,haircare,,,hand
8851932411400,2,haircare,,,hand
8851932411387,1,haircare,,,hand
8717163639573,1,haircare,,,hand
5900525059710,3,skincare,,,hand
3574661550534,3,skincare,,,hand
4600104033407,3,skincare,,,hand
5903351780629,1,skincare,,,hand
3400938120462,2,skincare,,,hand
7630028605364,1,skincare,,,hand
3600523371105,2,haircare,,,hand
8715342031606,7,skincare,,,hand
3378872116790,1,skincare,,,hand
3600531554255,1,makeup,,,hand
3437090111304,3,skincare,,,hand
3537090016095,1,skincare,,,hand
3568310000457,1,haircare,,,hand
5010525042923,4,haircare,,,hand
3468080081628,1,skincare,,,hand
8008277188638,2,haircare,,,hand
8595641300111,1,haircare,,,hand
3600523583331,1,haircare,,,hand
7630028615509,1,skincare,,,hand
7630028615516,1,skincare,,,hand
7630028615479,1,skincare,,,hand
3600542150415,4,haircare,,,hand
7630028609348,1,skincare,,,hand
4015100201871,5,haircare,,,hand
59013921,1,skincare,,,hand
0792850018143,2,skincare,,,hand
3253581485491,1,skincare,,,hand
4010355236210,1,skincare,,,hand
3574661391083,1,skincare,,,hand
6411000594002,1,skincare,,,hand
4305615459004,1,skincare,,,hand
3760194658131,1,skincare,,,hand
4020829025370,1,skincare,,,hand
3181730185841,1,skincare,,,hand
3282770104752,1,skincare,,,hand
3282779076029,1,haircare,,,hand
8718951076228,1,skincare,,,hand
3760099730055,1,skincare,,,hand
3253581285886,1,skincare,,,hand
3337875567176,4,skincare,,,hand
7775000014939,1,skincare,,,hand
8718114202402,5,skincare,,,hand
4311501677834,1,skincare,,,hand
4005900698803,1,skincare,,,hand
4058172585692,4,skincare,,,hand
3600521848128,1,skincare,,,hand
4015000718530,3,skincare,,,hand
4021457632824,1,skincare,,,hand
4061458175814,1,skincare,,,hand
3489940073010,3,skincare,,,hand
4316268612449,2,skincare,,,hand
4005900691811,1,skincare,,,hand
4305615346168,1,skincare,,,hand
42397724,1,skincare,,,hand
4311596608089,1,skincare,,,hand
4013356251756,1,skincare,,,hand
8022328110966,3,skincare,,,hand
4010355218490,1,skincare,,,hand
7804920005175,1,haircare,,,hand
3282770209495,2,skincare,,,hand
3770013219016,2,skincare,,,hand
4005900457257,1,skincare,,,hand
5000000000002,2,skincare,,,hand
5000000000001,2,skincare,,,hand
8717163640883,2,skincare,,,hand
7899846023723,3,skincare,,,hand
4260037542676,1,skincare,,,hand
4058172061776,1,haircare,,,hand
3560071241865,1,haircare,,,hand
3596202568372,1,skincare,,,hand
4099200255224,1,skincare,,,hand
8712561466264,1,skincare,,,hand
8711700889803,2,skincare,,,hand
8710447284124,2,skincare,,,hand
8710908536380,8,skincare,,,hand
8712561456555,1,skincare,,,hand
8712561456234,3,skincare,,,hand
8712100985935,3,skincare,,,hand
8712561112765,3,skincare,,,hand
8712100987243,2,skincare,,,hand
8712100987021,2,skincare,,,hand
8712100986154,1,skincare,,,hand
8720181015397,8,skincare,,,hand
3181730213650,3,skincare,,,hand
8710908430237,4,skincare,,,hand
8711600477650,3,skincare,,,hand
8712100987342,2,skincare,,,hand
8712561460071,1,skincare,,,hand
8712100922299,1,skincare,,,hand
3600523438075,3,skincare,,,hand
4010355347329,1,haircare,,,hand
4010355306517,3,haircare,,,hand
4058172481864,3,skincare,,,hand
4015100336764,1,haircare,,,hand
4015100336689,3,haircare,,,hand
4009800001008,2,skincare,,,hand
3600531411107,1,makeup,,,hand
8710447477014,8,skincare,,,hand
8710447461358,2,skincare,,,hand
8717163690291,1,skincare,,,hand
8710908839252,1,skincare,,,hand
8710447484517,4,skincare,,,hand
8710447484333,1,skincare,,,hand
8710447438497,9,skincare,,,hand
8710447437940,1,skincare,,,hand
8710447370100,1,skincare,,,hand
8710447280072,1,skincare,,,hand
8717163651735,8,skincare,,,hand
8710847885563,2,skincare,,,hand
8717163640845,4,skincare,,,hand
8710847885549,2,skincare,,,hand
87343601,12,skincare,,,hand
8710447473177,2,skincare,,,hand
3450970117739,2,skincare,,,hand
59005452,7,skincare,,,hand
8720181042591,4,skincare,,,hand
59013631,5,skincare,,,hand
8720181042577,4,skincare,,,hand
8710847972713,6,skincare,,,hand
8720181042638,3,skincare,,,hand
8720181042614,3,skincare,,,hand
3181730213612,3,skincare,,,hand
96098622,1,skincare,,,hand
3760016580671,1,skincare,,,hand
87343533,6,skincare,,,hand
8710522326961,2,skincare,,,hand
8710522355169,1,skincare,,,hand
8710447445976,11,skincare,,,hand
8710447477557,6,skincare,,,hand
8710447446010,10,skincare,,,hand
8710447477458,4,skincare,,,hand
8710447445990,12,skincare,,,hand
8690637879531,1,skincare,,,hand
8720181015380,2,skincare,,,hand
8710447491348,11,skincare,,,hand
8710447435816,1,skincare,,,hand
8710847952869,8,skincare,,,hand
8710522754672,1,skincare,,,hand
8720181001918,2,skincare,,,hand
8720181001895,1,skincare,,,hand
8720181001871,1,skincare,,,hand
59013976,9,skincare,,,hand
59013952,7,skincare,,,hand
3760099730000,1,skincare,,,hand
8717644521120,7,skincare,,,hand
8717163947722,2,skincare,,,hand
3770002153178,1,skincare,,,hand
8711200885749,1,skincare,,,hand
4010355473301,1,haircare,,,hand
8710908437526,5,skincare,,,hand
8712561628846,8,skincare,,,hand
8710447276105,1,skincare,,,hand
4056489226536,1,skincare,,,hand
4059729245861,1,makeup,,,hand
8710447343098,3,skincare,,,hand
87340570,6,skincare,,,hand
3760098409389,1,skincare,,,hand
0817513016769,1,skincare,,,hand
4058172434044,5,skincare,,,hand
4058172469428,1,skincare,,,hand
3574669907897,4,haircare,,,hand
8717163690314,2,skincare,,,hand
8710847901775,5,skincare,,,hand
8710447435809,2,skincare,,,hand
8710447381908,2,skincare,,,hand
8717644256183,3,skincare,,,hand
8710447323335,2,skincare,,,hand
8710447292860,2,skincare,,,hand
3014230001208,1,skincare,,,hand
8710447175743,2,skincare,,,hand
8710447188989,1,skincare,,,hand
7775005010424,1,skincare,,,hand
7702018453030,3,skincare,,,hand
4010355332912,1,skincare,,,hand
6222001558753,2,skincare,,,hand
4010355476807,3,skincare,,,hand
8004395000036,3,skincare,,,hand
3600523591763,1,skincare,,,hand
4010355505347,1,skincare,,,hand
4010355505903,3,skincare,,,hand
4058172242984,1,skincare,,,hand
7322541048673,1,skincare,,,hand
8718951242722,1,skincare,,,hand
4015100198133,1,haircare,,,hand
4058172181252,1,skincare,,,hand
4058172163975,3,haircare,,,hand
4010355340412,1,skincare,,,hand
4001638093668,4,skincare,,,hand
4058172164309,1,haircare,,,hand
4021457614783,3,skincare,,,hand
3662076017053,1,skincare,,,hand
2371091300040,1,skincare,,,hand
3564700518755,4,skincare,,,hand
8719238003012,5,skincare,,,hand
3256226758035,1,skincare,,,hand
3361370618200,1,skincare,,,hand
3350033362291,1,skincare,,,hand
3564700418864,1,skincare,,,hand
3549620005844,1,skincare,,,hand
20796709,3,skincare,,,hand
4260378040107,1,haircare,,,hand
3250391554027,4,skincare,,,hand
3266191023175,1,skincare,,,hand
4020829025332,1,skincare,,,hand
3059940006099,1,skincare,,,hand
7610846669717,1,skincare,,,hand
3273818840558,1,skincare,,,hand
8693495050838,1,skincare,,,hand
4072066843835,1,skincare,,,hand
4897080670461,3,haircare,,,hand
4015100209389,1,haircare,,,hand
7621500110452,1,haircare,,,hand
4005800219795,4,skincare,,,hand
4005900558176,2,haircare,,,hand
4005900471956,1,skincare,,,hand
8435164522563,1,skincare,,,hand
7899846078549,1,skincare,,,hand
3600550219227,1,skincare,,,hand
3600550680089,1,skincare,,,hand
3600550941470,2,skincare,,,hand
7640142778554,1,skincare,,,hand
3660005469287,1,skincare,,,hand
5028197553128,1,haircare,,,hand
4021609652151,1,haircare,,,hand
3574661334929,3,haircare,,,hand
8008277205083,3,haircare,,,hand
3250392620844,2,skincare,,,hand
4007547301870,1,skincare,,,hand
4007547201002,1,skincare,,,hand
3700871305156,1,haircare,,,hand
3283950917766,2,haircare,,,hand
3564706517905,1,skincare,,,hand
35002130,9,skincare,,,hand
4033294004054,2,skincare,,,hand
3760162120691,2,skincare,,,hand
3760100173024,3,skincare,,,hand
4305615610368,1,skincare,,,hand
3760242885120,2,skincare,,,hand
3256226397005,2,skincare,,,hand
8717163699232,1,skincare,,,hand
3453810000017,1,haircare,,,hand
3600541888234,2,skincare,,,hand
7624900123640,1,haircare,,,hand
7613269344544,1,haircare,,,hand
3770006053429,1,makeup,,,hand
3570542511007,2,skincare,,,hand
3337872412431,1,makeup,,,hand
4005900132444,1,skincare,,,hand
20083410,1,haircare,,,hand
3662217001774,3,skincare,,,hand
8717496473806,2,skincare,,,hand
3378872116974,1,skincare,,,hand
3700601100211,1,skincare,,,hand
5285002363291,1,skincare,,,hand
3760001821024,1,skincare,,,hand
3489940860245,1,skincare,,,hand
3700591913037,1,skincare,,,hand
3760162120622,1,skincare,,,hand
3770012700072,1,skincare,,,hand
3401320541704,1,skincare,,,hand
8710522423998,1,skincare,,,hand
8001841098722,1,haircare,,,hand
3700599201099,1,skincare,,,hand
3282770112511,1,skincare,,,hand
3517360016154,1,haircare,,,hand
8001841324227,1,haircare,,,hand
4305615754253,2,haircare,,,hand
3380810006681,1,skincare,,,hand
8413400006688,1,skincare,,,hand
7792640007640,1,haircare,,,hand
3700322007615,3,skincare,,,hand
3700067371927,2,skincare,,,hand
8001090633323,4,haircare,,,hand
8719238000790,1,skincare,,,hand
3517360016925,4,skincare,,,hand
4005808857951,3,skincare,,,hand
9316254017109,1,skincare,,,hand
4251347400107,1,skincare,,,hand
3700143619158,1,skincare,,,hand
4306188064190,2,skincare,,,hand
8717612811116,2,skincare,,,hand
3516170023598,2,skincare,,,hand
3660005551241,1,skincare,,,hand
3245678131541,2,skincare,,,hand
3760126263358,2,skincare,,,hand
3488432010106,1,skincare,,,hand
59082958,1,skincare,,,hand
59081548,1,skincare,,,hand
8710447446041,1,skincare,,,hand
8710447276129,1,skincare,,,hand
8710447276112,1,skincare,,,hand
8710908431098,1,skincare,,,hand
8710522487334,1,skincare,,,hand
8710522433096,1,skincare,,,hand
8710447454077,1,skincare,,,hand
8712566550159,1,skincare,,,hand
8711600458437,1,skincare,,,hand
8711700634342,1,skincare,,,hand
8717644454411,1,skincare,,,hand
8717644454466,1,skincare,,,hand
8711600467248,2,skincare,,,hand
8710522366134,4,skincare,,,hand
87343588,7,skincare,,,hand
8711600467002,4,skincare,,,hand
8710522366158,2,skincare,,,hand
87343595,1,skincare,,,hand
3668076076007,1,haircare,,,hand
59086734,2,skincare,,,hand
96111741,1,skincare,,,hand
8710447292846,1,skincare,,,hand
4015100203547,1,haircare,,,hand
4260378049285,1,haircare,,,hand
3770020070006,1,skincare,,,hand
3770020070013,1,skincare,,,hand
3770020070020,1,skincare,,,hand
8414002070398,2,haircare,,,hand
4010355583864,1,skincare,,,hand
3770013052040,3,skincare,,,hand
4010355558855,1,skincare,,,hand
3770013052118,1,skincare,,,hand
3701311400332,1,skincare,,,hand
3401360312746,1,haircare,,,hand
20918927,1,skincare,,,hand
3245678599235,5,skincare,,,hand
3593290031993,1,skincare,,,hand
3760033480039,2,skincare,,,hand
3489940081084,1,skincare,,,hand
3489941049762,3,haircare,,,hand
8412300836586,1,skincare,,,hand
3600521311479,3,haircare,,,hand
3600523558520,1,haircare,,,hand
8001090047069,1,haircare,,,hand
4008233157221,1,skincare,,,hand
8002110043832,1,haircare,,,hand
8001841407227,3,haircare,,,hand
4015100293135,3,haircare,,,hand
4005900388193,4,skincare,,,hand
4005900328946,2,skincare,,,hand
8710447461365,2,skincare,,,hand
0705604326715,2,skincare,,,hand
4061458051248,3,skincare,,,hand
4061458051293,1,skincare,,,hand
8710447473153,1,skincare,,,hand
4011061007934,1,haircare,,,hand
8710847886089,1,skincare,,,hand
4061458223836,3,skincare,,,hand
8720181092411,1,skincare,,,hand
8710522559390,1,skincare,,,hand
8710522302873,1,skincare,,,hand
8710522302880,1,skincare,,,hand
8710522302903,1,skincare,,,hand
8710522559383,1,skincare,,,hand
8710522435472,1,skincare,,,hand
8710847885525,1,skincare,,,hand
3266191023113,1,skincare,,,hand
8710522302866,1,skincare,,,hand
8718951321762,1,skincare,,,hand
42389316,1,skincare,,,hand
8720181138232,1,skincare,,,hand
7310181591567,1,skincare,,,hand
4015100181036,1,skincare,,,hand
8720181092763,1,skincare,,,hand
8710847962301,2,skincare,,,hand
8710847962325,5,skincare,,,hand
8720181001857,1,skincare,,,hand
8001090637062,3,haircare,,,hand
8720181071898,1,skincare,,,hand
8717163947746,1,skincare,,,hand
8720181141676,4,skincare,,,hand
8710522754696,1,skincare,,,hand
8710522474846,3,skincare,,,hand
8712561967037,1,skincare,,,hand
4009800007154,1,skincare,,,hand
8711600462731,1,skincare,,,hand
8712561786362,1,skincare,,,hand
8720181022708,1,skincare,,,hand
8712561786317,1,skincare,,,hand
8712561786423,1,skincare,,,hand
8711600463103,1,skincare,,,hand
8710522942109,2,skincare,,,hand
8710522942338,1,skincare,,,hand
8710522561430,4,skincare,,,hand
8710522436172,1,skincare,,,hand
8710522432563,1,skincare,,,hand
8714100016978,1,skincare,,,hand
8711600462892,1,skincare,,,hand
96094938,3,skincare,,,hand
8712561342490,1,skincare,,,hand
8711600515499,2,skincare,,,hand
8710908093814,2,skincare,,,hand
8717644452363,2,skincare,,,hand
8710447324516,4,skincare,,,hand
8711600514881,2,skincare,,,hand
8710908093333,2,skincare,,,hand
8712561342049,1,skincare,,,hand
96085752,3,skincare,,,hand
3283950917841,5,haircare,,,hand
8710522863183,1,skincare,,,hand
8710522562635,1,skincare,,,hand
8712561341868,1,skincare,,,hand
8712561409339,1,skincare,,,hand
8710908499395,8,skincare,,,hand
8710908781421,1,skincare,,,hand
4260556671208,1,skincare,,,hand
87342871,1,skincare,,,hand
8711600285309,1,skincare,,,hand
42349358,4,skincare,,,hand
42349860,3,skincare,,,hand
42345084,1,skincare,,,hand
4005808638802,1,haircare,,,hand
8710198187644,1,skincare,,,hand
8720181077654,1,skincare,,,hand
59082781,1,skincare,,,hand
59082804,1,skincare,,,hand
8720181131035,5,skincare,,,hand
59082798,1,skincare,,,hand
59005438,1,skincare,,,hand
8710847922633,12,skincare,,,hand
8710447493892,6,skincare,,,hand
59082934,2,skincare,,,hand
59019138,1,skincare,,,hand
8712561342179,4,skincare,,,hand
8710522956755,7,skincare,,,hand
3760207117341,1,skincare,,,hand
16200777,1,skincare,,,hand
8712100922725,1,skincare,,,hand
8710847920431,17,skincare,,,hand
4021457628537,1,skincare,,,hand
0764302280200,1,haircare,,,hand
8710908830174,1,skincare,,,hand
8710908830204,1,skincare,,,hand
4305615593371,1,skincare,,,hand
4010355022196,1,skincare,,,hand
4010355505361,1,skincare,,,hand
4305615572604,1,skincare,,,hand
4305615573519,1,skincare,,,hand
8710522561416,2,skincare,,,hand
8710847915116,1,skincare,,,hand
7702538111502,1,skincare,,,hand
7790010570633,3,haircare,,,hand
7908132273367,1,skincare,,,hand
5900017068183,3,skincare,,,hand
3256224363316,1,skincare,,,hand
4001638095556,1,haircare,,,hand
4001638095228,1,skincare,,,hand
2200260975652,1,skincare,,,hand
3256224061199,1,haircare,,,hand
3529314019906,1,skincare,,,hand
0637122758894,1,skincare,,,hand
3600540582768,1,haircare,,,hand
3770013052026,2,skincare,,,hand
3770013052125,3,skincare,,,hand
7630028612683,2,skincare,,,hand
4033981742054,1,skincare,,,hand
28256434,1,skincare,,,hand
4001499946493,1,skincare,,,hand
4015100336566,1,haircare,,,hand
4015100449129,1,skincare,,,hand
7630028602523,1,skincare,,,hand
4260491220899,1,skincare,,,hand
0705604326937,1,skincare,,,hand
4260664930594,3,haircare,,,hand
96097328,1,skincare,,,hand
8032947861477,1,haircare,,,hand
7319861018509,3,skincare,,,hand
59081562,1,skincare,,,hand
8710522512579,1,skincare,,,hand
4005808183234,2,skincare,,,hand
4058172432675,3,skincare,,,hand
4016083035309,1,skincare,,,hand
3600542376211,1,haircare,,,hand
3489940063097,1,skincare,,,hand
7610848918516,1,haircare,,,hand
8710522476062,3,skincare,,,hand
3770003778233,1,skincare,,,hand
3568312001278,2,skincare,,,hand
3350033692596,2,skincare,,,hand
8719324977432,1,skincare,,,hand
4005900699008,1,skincare,,,hand
3600551034980,1,skincare,,,hand
3178041344296,1,skincare,,,hand
3600523726707,1,haircare,,,hand
4056489425236,2,skincare,,,hand
8710847973208,1,haircare,,,hand
4260491220257,1,skincare,,,hand
8717163690277,1,skincare,,,hand
4305615692951,2,skincare,,,hand
0381371172405,3,skincare,,,hand
4021457602667,2,haircare,,,hand
4015953437854,1,skincare,,,hand
20237882,1,skincare,,,hand
3760172510796,4,skincare,,,hand
8001280400865,3,haircare,,,hand
0072140110475,1,skincare,,,hand
0302993917465,2,skincare,,,hand
8718951320604,1,skincare,,,hand
8719179132437,1,skincare,,,hand
2200243044818,3,skincare,,,hand
3770022721005,1,skincare,,,hand
4058172452734,1,skincare,,,hand
3517360019995,1,haircare,,,hand
0651986800216,7,makeup,,,hand
4260556673622,1,skincare,,,hand
4260556673639,1,skincare,,,hand
3178047220013,1,skincare,,,hand
7793008001041,1,haircare,,,hand
7793008001850,1,haircare,,,hand
7793008005452,1,haircare,,,hand
3489940063011,1,haircare,,,hand
3058320046120,3,haircare,,,hand
50160150,1,skincare,,,hand
4056489294566,1,skincare,,,hand
4305615776903,1,skincare,,,hand
80844044,3,skincare,,,hand
5028197868918,1,haircare,,,hand
3600541970717,4,haircare,,,hand
4072600255254,1,haircare,,,hand
3770022721043,1,skincare,,,hand
4008233148182,1,skincare,,,hand
15063397,1,skincare,,,hand
0732913229307,1,skincare,,,hand
0840797140479,1,skincare,,,hand
0022400006741,2,haircare,,,hand
8710447216675,5,skincare,,,hand
8718951246645,4,skincare,,,hand
5410076440276,1,haircare,,,hand
3600551036724,1,haircare,,,hand
8717644320426,1,skincare,,,hand
8710847902703,1,skincare,,,hand
4013162027347,4,skincare,,,hand
4058172060113,4,skincare,,,hand
8003350528769,1,skincare,,,hand
3770022721067,1,skincare,,,hand
3770022721081,1,skincare,,,hand
3770022721029,1,skincare,,,hand
3770022721012,4,skincare,,,hand
3770022721036,1,skincare,,,hand
3770022721050,1,skincare,,,hand
3770022721074,1,skincare,,,hand
3770022721098,1,skincare,,,hand
3607343816281,1,skincare,,,hand
3600521705773,1,haircare,,,hand
5900998007171,1,skincare,,,hand
3770013052033,3,skincare,,,hand
3770013052002,1,skincare,,,hand
8480000157164,3,skincare,,,hand
4260556675671,1,skincare,,,hand
48033459,4,skincare,,,hand
8591113042954,1,haircare,,,hand
8710908500169,1,skincare,,,hand
8710447492192,1,skincare,,,hand
1103093601037,1,haircare,,,hand
42389682,1,skincare,,,hand
5708048047029,3,skincare,,,hand
8690506473860,1,skincare,,,hand
6192010056925,3,skincare,,,hand
7290105028617,1,skincare,,,hand
7611916160776,3,skincare,,,hand
0027275400052,1,skincare,,,hand
7290105856517,1,skincare,,,hand
5060762541673,1,skincare,,,hand
3489940073065,1,skincare,,,hand
4305615307640,1,skincare,,,hand
3770013899003,1,skincare,,,hand
7804945001121,1,haircare,,,hand
4005808515592,2,skincare,,,hand
1237654876548,1,skincare,,,hand
7792143501621,2,haircare,,,hand
3660005198576,1,makeup,,,hand
3660005548890,1,skincare,,,hand
05976669,1,skincare,,,hand
3489940063073,1,skincare,,,hand
8901526509386,1,haircare,,,hand
3600542380546,2,haircare,,,hand
3770013899126,1,skincare,,,hand
6001378053814,1,haircare,,,hand
0667550268375,1,skincare,,,hand
91974518,1,haircare,,,hand
42348542,1,skincare,,,hand
4305615307787,3,haircare,,,hand
4305615830834,1,haircare,,,hand
4058172449314,1,haircare,,,hand
2200256756586,5,skincare,,,hand
2200256757026,1,skincare,,,hand
4005808916887,3,skincare,,,hand
5060391843353,1,skincare,,,hand
60028006,1,skincare,,,hand
3567730300277,1,haircare,,,hand
4059729312648,1,skincare,,,hand
8901162032583,1,skincare,,,hand
5047622008439,1,haircare,,,hand
4045612008439,1,haircare,,,hand
4058172452239,1,haircare,,,hand
4084500822856,1,haircare,,,hand
4103040036728,1,skincare,,,hand
20245825,1,skincare,,,hand
5995202475372,1,skincare,,,hand
6974255480525,1,skincare,,,hand
6973665941428,1,skincare,,,hand
6972930340195,1,skincare,,,hand
6970470534227,1,skincare,,,hand
6001374049309,1,skincare,,,hand
6260494210635,1,skincare,,,hand
40066295,1,skincare,,,hand
0667551909260,2,skincare,,,hand
2200042063096,1,skincare,,,hand
3337875766326,1,skincare,,,hand
8718951322875,1,skincare,,,hand
4015100323849,1,skincare,,,hand
3662217011759,1,haircare,,,hand
50076598,1,skincare,,,hand
0718334337098,2,haircare,,,hand
7621500112159,1,haircare,,,hand
4005900785886,1,haircare,,,hand
7624841217477,4,haircare,,,hand
3355312145152,1,skincare,,,hand
3574661577593,1,skincare,,,hand
0802535157156,1,haircare,,,hand
4058172260346,1,skincare,,,hand
7350113020048,1,skincare,,,hand
8717953135704,1,skincare,,,hand
6036000010231,1,skincare,,,hand
4018874082004,6,skincare,,,hand
3474393032769,4,makeup,,,hand
0062400110383,1,skincare,,,hand
3600523951444,2,makeup,,,hand
01208559,1,makeup,,,hand
92017887,1,skincare,,,hand
3600542359610,1,skincare,,,hand
4260351680368,1,skincare,,,hand
4260556674049,1,skincare,,,hand
6922275510043,3,skincare,,,hand
0921175510043,1,skincare,,,hand
0890103020261,3,skincare,,,hand
5948874129036,1,skincare,,,hand
8001090855787,1,haircare,,,hand
0011111017771,1,skincare,,,hand
4015100428407,1,haircare,,,hand
7798130373882,3,skincare,,,hand
5000167286229,1,skincare,,,hand
5059605477521,1,haircare,,,hand
4034905729175,1,skincare,,,hand
7797749000813,2,skincare,,,hand
7790375268954,3,skincare,,,hand
4055482235866,1,haircare,,,hand
3600523881598,1,skincare,,,hand
4059729302809,1,makeup,,,hand
0096619799794,1,haircare,,,hand
87343731,1,skincare,,,hand
4047196040775,1,skincare,,,hand
3574661526065,3,skincare,,,hand
30096585,3,makeup,,,hand
3600521127490,1,haircare,,,hand
3770006357466,1,skincare,,,hand
3770006357459,1,haircare,,,hand
0381370042679,1,skincare,,,hand
7794207000798,3,skincare,,,hand
3282770104592,3,skincare,,,hand
7713042197951,4,skincare,,,hand
0779242092424,3,skincare,,,hand
0627987071887,3,skincare,,,hand
0627987071917,3,skincare,,,hand
8006540126134,2,haircare,,,hand
4021457647859,1,haircare,,,hand
4015100437522,1,haircare,,,hand
2299630305410,1,skincare,,,hand
4015100723885,1,skincare,,,hand
3600542290098,1,haircare,,,hand
3600542417822,1,haircare,,,hand
3600542418577,4,haircare,,,hand
3600551053806,1,skincare,,,hand
3517360019476,1,skincare,,,hand
4088600380711,2,skincare,,,hand
5045098705937,1,skincare,,,hand
4005800137662,1,skincare,,,hand
3600542418836,4,haircare,,,hand
4056489254805,2,haircare,,,hand
4260698970771,2,skincare,,,hand
8025272983693,1,makeup,,,hand
7501026005985,1,skincare,,,hand
3760339320176,1,haircare,,,hand
4088600426884,1,skincare,,,hand
0773602603084,1,skincare,,,hand
4005900572912,2,skincare,,,hand
5025452000601,3,skincare,,,hand
73102373,1,skincare,,,hand
8591113038551,1,skincare,,,hand
3245678622698,2,skincare,,,hand
0018787762165,3,skincare,,,hand
3337875491822,1,skincare,,,hand
3660005165011,1,skincare,,,hand
0626232160352,3,skincare,,,hand
0626232160437,1,skincare,,,hand
0626232171525,8,skincare,,,hand
0626232171334,1,haircare,,,hand
0626232171587,1,skincare,,,hand
4305615407609,1,skincare,,,hand
3182611231725,1,skincare,,,hand
3182611231756,1,skincare,,,hand
3700343900636,1,skincare,,,hand
30164369,1,haircare,,,hand
4059729312563,2,makeup,,,hand
3760100183412,6,skincare,,,hand
3662217004867,1,skincare,,,hand
3178041340519,1,skincare,,,hand
8902979022781,1,haircare,,,hand
8436542932493,3,skincare,,,hand
8436542931908,3,skincare,,,hand
8034076267694,1,haircare,,,hand
7506306222021,1,haircare,,,hand
4021457648016,1,skincare,,,hand
8034076260275,1,haircare,,,hand
8904132911567,1,makeup,,,hand
3010351750780,1,skincare,,,hand
4007547206502,3,skincare,,,hand
4058172703072,1,skincare,,,hand
0608887042481,1,skincare,,,hand
0608887080278,1,skincare,,,hand
7501056326166,1,skincare,,,hand
4005900374653,1,skincare,,,hand
4306188064183,1,skincare,,,hand
0608887087369,1,skincare,,,hand
12685105,1,skincare,,,hand
4008666216168,1,haircare,,,hand
3600542393713,6,skincare,,,hand
4056489617419,4,skincare,,,hand
0037000789314,1,skincare,,,hand
0037000789291,2,skincare,,,hand
0075486085025,1,skincare,,,hand
0075486085018,1,skincare,,,hand
4088500670769,1,skincare,,,hand
4001638500029,1,skincare,,,hand
4005900691996,4,skincare,,,hand
0047400319103,1,skincare,,,hand
0628467002711,1,haircare,,,hand
0056599671978,1,skincare,,,hand
0667544300050,1,skincare,,,hand
0621732600278,1,haircare,,,hand
0055451787109,1,haircare,,,hand
2006050060801,2,skincare,,,hand
4008890012109,2,skincare,,,hand
0628451857037,1,skincare,,,hand
0073010714496,1,skincare,,,hand
0073010711358,1,skincare,,,hand
3600550979367,1,skincare,,,hand
4058172702013,1,skincare,,,hand
3760201135976,3,haircare,,,hand
3610340634185,1,haircare,,,hand
7509552844245,2,makeup,,,hand
7790375269326,3,skincare,,,hand
4005900461551,1,skincare,,,hand
4058172925993,1,skincare,,,hand
7798130375046,4,makeup,,,hand
7798177220088,2,skincare,,,hand
7798178623604,2,skincare,,,hand
7702433290838,2,makeup,,,hand
7798130375404,2,skincare,,,hand
7798178623352,2,skincare,,,hand
7509552838862,2,makeup,,,hand
7509552800968,3,makeup,,,hand
3337875650397,3,skincare,,,hand
3298659747170,1,skincare,,,hand
0772618061000,1,skincare,,,hand
0772618078008,1,skincare,,,hand
3770022721104,1,skincare,,,hand
4058172705243,1,skincare,,,hand
42332824,1,skincare,,,hand
4008890012024,1,skincare,,,hand
8718951385955,1,skincare,,,hand
0075724005129,1,haircare,,,hand
3045204804181,1,skincare,,,hand
3338221000507,1,haircare,,,hand
7791819000024,1,haircare,,,hand
0058000311756,1,skincare,,,hand
7791293037561,2,skincare,,,hand
7861112107208,1,haircare,,,hand
1237654876838,1,skincare,,,hand
02459776,1,skincare,,,hand
3518646026782,1,skincare,,,hand
05886603,1,skincare,,,hand
3204991074799,1,skincare,,,hand
0055451785259,1,haircare,,,hand
0055451785105,1,haircare,,,hand
4008890012086,1,skincare,,,hand
3770006873294,1,haircare,,,hand
8712561521840,2,skincare,,,hand
0787790794998,6,haircare,,,hand
5028197943103,1,skincare,,,hand
0018084927946,1,haircare,,,hand
3770003788324,2,haircare,,,hand
20982423,1,skincare,,,hand
3253581742518,1,skincare,,,hand
3760211482343,4,skincare,,,hand
0022796932204,1,haircare,,,hand
0381519186844,1,haircare,,,hand
0055451555708,1,haircare,,,hand
0055451451093,1,haircare,,,hand
0022796918116,1,haircare,,,hand
5028197960186,1,skincare,,,hand
0381519022876,1,haircare,,,hand
0873778007270,1,skincare,,,hand
7804920350831,3,skincare,,,hand
4103040109897,1,skincare,,,hand
3770008103054,1,skincare,,,hand
70563269,3,skincare,,,hand
0067990500293,1,haircare,,,hand
4011700740277,1,skincare,,,hand
4009800011823,2,skincare,,,hand
0070066040326,1,skincare,,,hand
4260558061601,1,skincare,,,hand
0606345805906,1,skincare,,,hand
0738956804921,1,skincare,,,hand
8004214000162,1,skincare,,,hand
8051739111545,1,skincare,,,hand
17281717,1,skincare,,,hand
8051739112269,1,skincare,,,hand
8051739111903,1,skincare,,,hand
0738956805829,3,skincare,,,hand
0738956805836,1,skincare,,,hand
0095008045269,1,makeup,,,hand
0095008021409,1,makeup,,,hand
0606345805920,1,skincare,,,hand
0606345805944,16,skincare,,,hand
5028197557911,1,skincare,,,hand
0057800985525,1,skincare,,,hand
0823168000114,1,skincare,,,hand
5028197316488,1,skincare,,,hand
0022796936974,1,haircare,,,hand
5028197950781,1,skincare,,,hand
5740500004836,5,haircare,,,hand
6130024167091,3,skincare,,,hand
0057800704249,1,skincare,,,hand
8470001960924,3,skincare,,,hand
0074170459425,2,makeup,,,hand
0810905039742,1,haircare,,,hand
0037000845928,1,haircare,,,hand
0800897198046,1,makeup,,,hand
0056594007208,1,skincare,,,hand
0011111116016,1,skincare,,,hand
15282709,1,haircare,,,hand
0062600385192,1,haircare,,,hand
0684742086937,1,skincare,,,hand
0684742060258,1,skincare,,,hand
4061458210737,1,haircare,,,hand
0772618047103,1,skincare,,,hand
0772618047202,1,skincare,,,hand
0732013301446,1,skincare,,,hand
0022796906717,1,haircare,,,hand
0050428283127,1,makeup,,,hand
4005900666031,2,skincare,,,hand
7891106912273,1,skincare,,,hand
5028197965211,1,skincare,,,hand
0634084471403,2,skincare,,,hand
5028197248871,1,skincare,,,hand
5201279048921,1,skincare,,,hand
7627534169572,4,skincare,,,hand
4059729277107,2,makeup,,,hand
8710908332234,1,haircare,,,hand
4058172925856,1,skincare,,,hand
6952938413190,2,makeup,,,hand
9978135848778,5,makeup,,,hand
8901207025563,1,haircare,,,hand
7790010959803,1,skincare,,,hand
4005900353054,3,skincare,,,hand
7750045390187,1,skincare,,,hand
4005900175816,2,haircare,,,hand
8033564684906,1,haircare,,,hand
5430000322416,1,skincare,,,hand
3600542341493,1,haircare,,,hand
3664262001419,1,skincare,,,hand
5060669896470,1,skincare,,,hand
6260008720117,1,skincare,,,hand
7840010001184,1,skincare,,,hand
7775021521843,1,skincare,,,hand
3760077610775,3,skincare,,,hand
3662217009411,1,skincare,,,hand
7777200034489,1,skincare,,,hand
4058172938740,1,skincare,,,hand
4305615878201,1,haircare,,,hand
5903864749137,1,skincare,,,hand
0075020087126,2,skincare,,,hand
4058172585753,1,skincare,,,hand
4000196031976,1,skincare,,,hand
7908240868509,1,skincare,,,hand
2200275972790,3,skincare,,,hand
7702433291200,4,makeup,,,hand
7649991751039,1,skincare,,,hand
3538396152500,1,haircare,,,hand
5410091697006,3,skincare,,,hand
4260123740726,1,skincare,,,hand
3390150572838,3,skincare,,,hand
3517360020212,2,skincare,,,hand
4066447146547,1,skincare,,,hand
7500435139571,1,haircare,,,hand
0859975002317,1,skincare,,,hand
3600541897694,2,skincare,,,hand
8904355404082,1,skincare,,,hand
7506306223202,1,skincare,,,hand
4260491222244,3,skincare,,,hand
4000196015396,1,skincare,,,hand
7908371608821,2,makeup,,,hand
3770018286150,1,skincare,,,hand
7799054023693,2,makeup,,,hand
7908132260534,3,makeup,,,hand
3770002220115,1,skincare,,,hand
4250035271180,3,makeup,,,hand
4251232284324,3,makeup,,,hand
4894532923502,2,haircare,,,hand
4894532923519,4,haircare,,,hand
4894532923526,2,haircare,,,hand
8886467033056,2,haircare,,,hand
8886467033070,2,haircare,,,hand
6295125035608,2,makeup,,,hand
7798317827108,3,makeup,,,hand
6972858360022,3,skincare,,,hand
5600461407766,1,skincare,,,hand
7702433291903,6,makeup,,,hand
3250390320791,2,skincare,,,hand
7702031293620,1,haircare,,,hand
7702026177119,1,skincare,,,hand
4063367108778,1,skincare,,,hand
3500590021333,2,skincare,,,hand
0616576127128,1,skincare,,,hand
8001117570327,1,skincare,,,hand
3048117570648,1,skincare,,,hand
7909189138517,1,haircare,,,hand
3574661629810,1,skincare,,,hand
3600551069449,3,haircare,,,hand
4058172675379,1,skincare,,,hand
42420125,1,skincare,,,hand
7501056342999,6,haircare,,,hand
5202663170396,1,skincare,,,hand
5943048002788,1,skincare,,,hand
4337256242967,2,skincare,,,hand
4072600282274,1,haircare,,,hand
4743318182933,1,haircare,,,hand
5410091752859,1,skincare,,,hand
5029066007148,1,haircare,,,hand
5060072731214,1,haircare,,,hand
4056489235989,3,skincare,,,hand
3560070923465,1,skincare,,,hand
5045096490552,1,skincare,,,hand
4061462227479,1,skincare,,,hand
4088600263328,1,haircare,,,hand
3600542462914,2,haircare,,,hand
4005808692842,1,skincare,,,hand
8814859080081,1,skincare,,,hand
4902430296021,1,skincare,,,hand
3331849020773,1,skincare,,,hand
4305615911052,2,skincare,,,hand
42117612,1,skincare,,,hand
4064133003150,2,skincare,,,hand
3760148158540,4,haircare,,,hand
8436025308081,1,skincare,,,hand
3401381382353,2,skincare,,,hand
3564700718445,6,haircare,,,hand
0080878197637,1,haircare,,,hand
3660005432212,9,skincare,,,hand
4058172508394,1,skincare,,,hand
4058172508417,1,skincare,,,hand
4005900932990,1,skincare,,,hand
5000101189760,1,skincare,,,hand
5060120166432,2,haircare,,,hand
8718951185807,1,skincare,,,hand
7319866010157,1,skincare,,,hand
7026110003284,1,skincare,,,hand
4084500654860,1,haircare,,,hand
8003520013064,1,skincare,,,hand
3574661516332,1,makeup,,,hand
7391715011423,1,skincare,,,hand
3605540873502,1,skincare,,,hand
7032069728567,1,skincare,,,hand
9000101216035,2,haircare,,,hand
4008890006467,1,haircare,,,hand
7702277569343,1,haircare,,,hand
42353782,1,haircare,,,hand
7340083489198,1,skincare,,,hand
0022400000473,1,haircare,,,hand
0817513019883,2,haircare,,,hand
0098400024825,1,skincare,,,hand
3560071132774,2,skincare,,,hand
0884486462404,1,haircare,,,hand
30074576,2,makeup,,,hand
3474630621084,2,haircare,,,hand
4056489564416,1,skincare,,,hand
7791293028835,1,skincare,,,hand
3600541946613,1,haircare,,,hand
0667556256925,1,skincare,,,hand
8717163640777,3,skincare,,,hand
4305615827858,3,skincare,,,hand
3700479135933,1,skincare,,,hand
4897066837208,1,skincare,,,hand
4005808980239,1,skincare,,,hand
8008277263304,1,haircare,,,hand
4800888221902,2,skincare,,,hand
7775005010257,1,skincare,,,hand
8714319214509,1,skincare,,,hand
3574661544830,4,haircare,,,hand
7774900004507,1,haircare,,,hand
3337875722520,1,skincare,,,hand
4058172716553,1,skincare,,,hand
7501056330347,1,skincare,,,hand
4056489370406,2,skincare,,,hand
4056489370390,2,skincare,,,hand
3616303302993,1,skincare,,,hand
4059729408945,2,makeup,,,hand
8717763021662,5,skincare,,,hand
7791293040127,3,skincare,,,hand
12411870,1,skincare,,,hand
3660005662763,2,skincare,,,hand
8436097092536,1,haircare,,,hand
3600541327900,1,haircare,,,hand
4800135003275,1,skincare,,,hand
8019622128087,1,skincare,,,hand
0810021200262,1,skincare,,,hand
0022796900920,2,haircare,,,hand
8001841923802,1,skincare,,,hand
0851817007641,1,skincare,,,hand
3574661574394,1,haircare,,,hand
5902811786904,1,skincare,,,hand
3282770145175,8,skincare,,,hand
8851929013938,1,skincare,,,hand
8720674126098,1,haircare,,,hand
7640175610081,1,skincare,,,hand
5901761958836,1,skincare,,,hand
8714319235771,1,skincare,,,hand
3350033527089,1,skincare,,,hand
4002448101635,1,skincare,,,hand
8740181023789,1,skincare,,,hand
8009518248913,1,makeup,,,hand
3760354680255,1,skincare,,,hand
3760354680286,1,skincare,,,hand
3760354680293,1,skincare,,,hand
3760354680002,1,skincare,,,hand
3760354680309,1,skincare,,,hand
3760354680316,1,skincare,,,hand
3760354680323,1,skincare,,,hand
3760354680330,1,skincare,,,hand
3760354680347,1,skincare,,,hand
3760354680279,1,skincare,,,hand
3760354680019,1,skincare,,,hand
4058172936029,1,haircare,,,hand
4058172936197,3,haircare,,,hand
3760354680248,1,skincare,,,hand
3760354680095,1,skincare,,,hand
3760354680101,1,skincare,,,hand
3760354680118,1,skincare,,,hand
3760354680163,1,skincare,,,hand
3760354680200,1,skincare,,,hand
3760354680187,1,skincare,,,hand
3760354680132,1,skincare,,,hand
3760354680231,1,skincare,,,hand
4059729231635,1,makeup,,,hand
3616302463916,2,makeup,,,hand
7506306211285,1,skincare,,,hand
5900168902664,2,skincare,,,hand
3574661659732,4,skincare,,,hand
3560071163006,2,skincare,,,hand
8005520611066,1,skincare,,,hand
4066447106251,1,skincare,,,hand
5060322952376,1,skincare,,,hand
7509552843026,1,haircare,,,hand
0628451857860,1,haircare,,,hand
3600540877444,1,skincare,,,hand
3600542418522,1,haircare,,,hand
3760075070724,3,skincare,,,hand
0859139006007,1,skincare,,,hand
8720674130347,1,skincare,,,hand
3574661701868,1,skincare,,,hand
3468080009028,6,skincare,,,hand
5903416006695,1,skincare,,,hand
9327693007071,1,haircare,,,hand
8719324667234,3,skincare,,,hand
7908240506937,1,skincare,,,hand
4066447105650,3,skincare,,,hand
8719238033378,1,haircare,,,hand
0012044045114,1,skincare,,,hand
4021457645350,3,makeup,,,hand
8806173478873,1,skincare,,,hand
8941102316663,1,skincare,,,hand
4066447220438,1,haircare,,,hand
8680512633044,1,haircare,,,hand
4058172739033,5,skincare,,,hand
3660005187273,1,skincare,,,hand
9005800305080,1,skincare,,,hand
4005808467549,1,skincare,,,hand
3600542397902,1,haircare,,,hand
8710847937026,1,skincare,,,hand
4066447108835,1,skincare,,,hand
7627534532666,1,skincare,,,hand
3400932857012,1,skincare,,,hand
4021457647644,1,haircare,,,hand
0608887094732,6,skincare,,,hand
4005900471451,1,skincare,,,hand
4066447302370,1,skincare,,,hand
4005900388674,2,skincare,,,hand
8998103017211,1,skincare,,,hand
4021457647989,1,haircare,,,hand
3614273490559,1,skincare,,,hand
8999908763907,1,skincare,,,hand
4009800001701,1,skincare,,,hand
4061464491267,1,skincare,,,hand
0381371196944,2,skincare,,,hand
0764505190351,1,skincare,,,hand
4066447107074,3,skincare,,,hand
0667555840576,1,skincare,,,hand
0062600380579,1,skincare,,,hand
0303162013148,1,skincare,,,hand
3282770141436,1,haircare,,,hand
0667557015040,1,skincare,,,hand
3574661492018,1,skincare,,,hand
0884486041876,1,haircare,,,hand
8034055288597,1,haircare,,,hand
8470001549990,1,skincare,,,hand
6931149445213,2,skincare,,,hand
0782353223038,1,makeup,,,hand
6933836107527,3,makeup,,,hand
3600542452618,1,skincare,,,hand
4066447106275,2,skincare,,,hand
4066447105957,2,skincare,,,hand
8901296049464,1,skincare,,,hand
8904109498923,1,skincare,,,hand
8904035413168,1,skincare,,,hand
4008233153599,1,haircare,,,hand
8008970004051,2,skincare,,,hand
4305615826103,5,skincare,,,hand
8714789895536,1,haircare,,,hand
7319866009519,1,skincare,,,hand
4005900462060,5,skincare,,,hand
8720182608925,1,haircare,,,hand
4010355917263,1,skincare,,,hand
3468080008670,2,skincare,,,hand
3245678562277,8,skincare,,,hand
3245678562574,1,skincare,,,hand
3245678561881,3,skincare,,,hand
4005900267283,1,skincare,,,hand
4005900363602,4,skincare,,,hand
4005900368560,1,haircare,,,hand
4005900458711,4,skincare,,,hand
4005900531254,2,skincare,,,hand
4005900602077,1,skincare,,,hand
4005900757883,2,skincare,,,hand
4005900804976,1,haircare,,,hand
0810020173413,4,skincare,,,hand
8720181025921,1,skincare,,,hand
3574661685144,2,haircare,,,hand
4056489368212,1,skincare,,,hand
3560071257989,4,skincare,,,hand
3600551054247,1,skincare,,,hand
4005900597243,3,skincare,,,hand
3282770206760,1,skincare,,,hand
3564700718421,1,haircare,,,hand
3245678106525,5,skincare,,,hand
3245677744490,2,skincare,,,hand
3245678704639,1,skincare,,,hand
3245678044452,3,skincare,,,hand
3245678704646,1,skincare,,,hand
3245678042182,2,skincare,,,hand
3245678044421,1,skincare,,,hand
8711700927536,1,skincare,,,hand
8710522467725,1,skincare,,,hand
8432225114392,2,haircare,,,hand
7702018621255,1,skincare,,,hand
3245678691533,2,skincare,,,hand
3245678691540,1,skincare,,,hand
8718951348721,1,skincare,,,hand
3564700840634,6,skincare,,,hand
8718951085442,1,skincare,,,hand
0041840831126,1,skincare,,,hand
3574661365305,7,skincare,,,hand
5057621442356,2,skincare,,,hand
7643022210298,1,haircare,,,hand
3282770113198,1,skincare,,,hand
3264680028878,2,skincare,,,hand
4012400800612,1,skincare,,,hand
8720181292002,1,skincare,,,hand
4894532922994,2,skincare,,,hand
9005800329413,1,skincare,,,hand
0071249317488,2,skincare,,,hand
0066400012937,1,haircare,,,hand
0667557016528,1,skincare,,,hand
0052800482319,1,skincare,,,hand
0667557016559,1,skincare,,,hand
0302994113002,1,skincare,,,hand
0062600953674,2,skincare,,,hand
0842101102197,1,haircare,,,hand
3433422404366,1,skincare,,,hand
0092437325979,1,skincare,,,hand
5028197272456,1,skincare,,,hand
5010724527467,2,haircare,,,hand
5010724529836,2,haircare,,,hand
5397297038850,1,skincare,,,hand
0062600063731,1,skincare,,,hand
9300830048816,1,skincare,,,hand
5200393867890,1,skincare,,,hand
6292625179269,1,skincare,,,hand
8712561231497,1,skincare,,,hand
4011700740338,1,skincare,,,hand
0810006942477,1,haircare,,,hand
0860002624006,1,haircare,,,hand
8006540687505,1,haircare,,,hand
5281019037415,1,haircare,,,hand
8906087775713,1,skincare,,,hand
3348901614900,1,makeup,,,hand
5701058006925,2,skincare,,,hand
51112868,1,skincare,,,hand
8961014250732,1,skincare,,,hand
0605592006845,2,haircare,,,hand
4806518334240,1,skincare,,,hand
9355449000021,1,skincare,,,hand
8056098240349,1,haircare,,,hand
3600524048815,1,skincare,,,hand
6282307208035,2,skincare,,,hand
5060202712618,1,skincare,,,hand
4066447384055,1,skincare,,,hand
0602004127303,1,makeup,,,hand
0074170401295,1,makeup,,,hand
3378872217763,1,skincare,,,hand
0022400011462,1,haircare,,,hand
4105170650829,1,skincare,,,hand
7643022210366,2,haircare,,,hand
0095008028903,1,makeup,,,hand
0074170443172,1,makeup,,,hand
3614228115179,1,makeup,,,hand
0048155920637,1,haircare,,,hand
0608887110258,1,skincare,,,hand
3538398000205,1,haircare,,,hand
0662476140606,1,skincare,,,hand
4005900952387,1,skincare,,,hand
4005900009135,1,skincare,,,hand
4005808157983,1,skincare,,,hand
4005808996964,1,skincare,,,hand
42345503,1,skincare,,,hand
8906105490024,1,skincare,,,hand
19043258,1,makeup,,,hand
8410412029209,1,skincare,,,hand
8712561631662,1,skincare,,,hand
8690529516155,4,skincare,,,hand
9335782003996,1,skincare,,,hand
3560071277000,3,skincare,,,hand
8718951268432,2,skincare,,,hand
0800897129781,1,makeup,,,hand
0800897828370,2,makeup,,,hand
0800897813710,4,makeup,,,hand
4059729277084,3,makeup,,,hand
3616302748822,2,makeup,,,hand
4005900649027,1,skincare,,,hand
0817513015472,2,haircare,,,hand
0817513015465,2,haircare,,,hand
0817513015441,2,haircare,,,hand
0817513019890,2,haircare,,,hand
0817513015434,2,haircare,,,hand
0817513019906,2,haircare,,,hand
3574661537467,2,haircare,,,hand
3600522248996,2,skincare,,,hand
3600524063122,1,haircare,,,hand
3600521893500,1,makeup,,,hand
3600523635610,2,makeup,,,hand
3600523723485,1,makeup,,,hand
3600523503285,1,makeup,,,hand
3600522471141,1,haircare,,,hand
3600541938489,5,skincare,,,hand
3600541744554,3,skincare,,,hand
3600531143459,1,makeup,,,hand
9310088024395,1,skincare,,,hand
9300632026289,1,skincare,,,hand
01128963,2,haircare,,,hand
8594175680720,1,skincare,,,hand
8594165007582,1,skincare,,,hand
8718951487697,2,skincare,,,hand
8594165001214,1,haircare,,,hand
0503666622468,2,skincare,,,hand
0681131248600,1,skincare,,,hand
3178040695153,5,skincare,,,hand
3401397097401,1,skincare,,,hand
6988795213369,1,makeup,,,hand
0745110662211,2,skincare,,,hand
0634084471502,1,skincare,,,hand
10417111,1,skincare,,,hand
3606000537576,2,skincare,,,hand
3606000560239,2,skincare,,,hand
3600542525770,1,haircare,,,hand
0022400621906,1,haircare,,,hand
8606001250523,1,skincare,,,hand
0381371196951,1,skincare,,,hand
5310001229238,1,skincare,,,hand
6952938456685,2,makeup,,,hand
6972858366994,2,makeup,,,hand
6295125036773,1,makeup,,,hand
0667555840590,1,skincare,,,hand
3760121213488,4,skincare,,,hand
8901030937521,1,skincare,,,hand
3245678075869,1,skincare,,,hand
3245678562154,1,skincare,,,hand
3245678044438,1,skincare,,,hand
3245678044476,1,skincare,,,hand
3245678141212,2,skincare,,,hand
0077043608050,4,skincare,,,hand
9327693002670,1,skincare,,,hand
0305210143012,1,skincare,,,hand
5201314114994,1,skincare,,,hand
4088600559582,1,skincare,,,hand
0667548032247,1,skincare,,,hand
0018787930014,1,skincare,,,hand
0056594002791,1,skincare,,,hand
8712561485548,2,skincare,,,hand
3660005588339,2,skincare,,,hand
5012583203261,1,haircare,,,hand
5012583210900,1,makeup,,,hand
5902399889844,1,skincare,,,hand
0057800892434,1,skincare,,,hand
0667554906600,1,skincare,,,hand
0835374001144,1,skincare,,,hand
0839294001116,1,skincare,,,hand
0810005414500,1,haircare,,,hand
4066447377088,1,skincare,,,hand
4005900720092,2,skincare,,,hand
4021457638765,4,skincare,,,hand
0195602083817,1,skincare,,,hand
42438731,1,skincare,,,hand
4066447355949,1,skincare,,,hand
3600531465230,3,makeup,,,hand
6932159604674,1,makeup,,,hand
3178041351348,2,haircare,,,hand
6901294095199,1,skincare,,,hand
4066447240306,2,skincare,,,hand
0850005911395,1,skincare,,,hand
0309978695554,2,haircare,,,hand
8720181204081,2,skincare,,,hand
7310614024525,1,skincare,,,hand
0875010001954,1,skincare,,,hand
8886467010170,1,skincare,,,hand
3660005338682,1,skincare,,,hand
3600542525657,2,haircare,,,hand
0086100013614,1,makeup,,,hand
8410436433624,1,skincare,,,hand
0800897129880,1,makeup,,,hand
8680690707957,1,haircare,,,hand
12412220,1,skincare,,,hand
8710447279793,3,skincare,,,hand
4066447233889,1,haircare,,,hand
0851228005038,1,makeup,,,hand
7649990771588,1,skincare,,,hand
0735745796214,1,skincare,,,hand
5713868005722,2,haircare,,,hand
3596710517367,1,skincare,,,hand
3596710517374,7,skincare,,,hand
3596710517350,7,skincare,,,hand
0764302290063,3,skincare,,,hand
3574661578422,1,skincare,,,hand
4906404793707,1,skincare,,,hand
3517360019100,1,skincare,,,hand
3517360017311,1,skincare,,,hand
0764412204134,3,skincare,,,hand
3660005248738,1,skincare,,,hand
3660005906867,1,haircare,,,hand
42345145,1,skincare,,,hand
0087225221526,1,skincare,,,hand
8718951589575,1,skincare,,,hand
4250338427970,1,makeup,,,hand
0810374027561,1,haircare,,,hand
3600524098476,1,haircare,,,hand
0018084829202,1,haircare,,,hand
4005900701503,4,skincare,,,hand
5391510478072,1,skincare,,,hand
5391510478744,7,skincare,,,hand
20179069,1,skincare,,,hand
4005900879561,1,skincare,,,hand
5015833316070,1,skincare,,,hand
4059729422064,2,makeup,,,hand
8006540838945,1,skincare,,,hand
3760100682403,1,skincare,,,hand
4897097266428,1,haircare,,,hand
8720181297564,3,skincare,,,hand
4005900440891,1,skincare,,,hand
3350033199835,1,skincare,,,hand
5410091755317,1,haircare,,,hand
3564700559581,1,skincare,,,hand
8904256002820,1,skincare,,,hand
3596710516902,5,skincare,,,hand
3596710516933,9,skincare,,,hand
3596710517022,4,skincare,,,hand
3596710517053,1,skincare,,,hand
3596710517329,9,skincare,,,hand
3596710517336,12,skincare,,,hand
8006540768808,2,skincare,,,hand
8720181030222,3,skincare,,,hand
5410091729974,2,skincare,,,hand
4056489643630,1,skincare,,,hand
0815195017388,1,haircare,,,hand
4005900602008,3,skincare,,,hand
3660005787756,1,skincare,,,hand
8411114087276,4,skincare,,,hand
8720181284342,1,skincare,,,hand
3506770032014,1,skincare,,,hand
8711600637139,1,skincare,,,hand
4809010508904,1,skincare,,,hand
5051389044883,1,skincare,,,hand
9555052703658,2,skincare,,,hand
5025452000748,1,skincare,,,hand
07735745,1,skincare,,,hand
3607342727120,1,skincare,,,hand
8436568460093,1,skincare,,,hand
3600522372639,1,skincare,,,hand
3600551074337,2,skincare,,,hand
3600531662219,2,makeup,,,hand
3600551125275,4,skincare,,,hand
3600551054544,1,skincare,,,hand
3600542525794,1,haircare,,,hand
3600542513005,2,skincare,,,hand
4779037560103,1,skincare,,,hand
3600551119816,6,haircare,,,hand
3600542133425,1,skincare,,,hand
8001841739045,1,haircare,,,hand
3574669907903,1,haircare,,,hand
3760209541809,1,skincare,,,hand
0800897250027,2,makeup,,,hand
4059729203250,3,makeup,,,hand
4251232256116,2,makeup,,,hand
3600551072074,3,skincare,,,hand
4056489254744,1,haircare,,,hand
0676280014510,1,skincare,,,hand
5060144647795,1,skincare,,,hand
7290102259489,1,skincare,,,hand
5028197557904,1,skincare,,,hand
0070501027004,1,skincare,,,hand
0681131176569,1,skincare,,,hand
0079656049718,1,skincare,,,hand
0792850909373,1,skincare,,,hand
0681131732147,1,skincare,,,hand
0667553897497,1,skincare,,,hand
0681131039130,1,skincare,,,hand
7500435209663,2,haircare,,,hand
8680690700408,1,skincare,,,hand
4005808745708,10,makeup,,,hand
5391510478775,1,skincare,,,hand
5391510478782,1,skincare,,,hand
8718951562158,1,skincare,,,hand
3600542518352,1,skincare,,,hand
4806535231409,1,skincare,,,hand
3574661680965,1,skincare,,,hand
9300663462872,2,skincare,,,hand
4305615826097,3,skincare,,,hand
4061462663512,1,haircare,,,hand
9316542146504,1,makeup,,,hand
3700147200048,1,skincare,,,hand
0030772039519,1,haircare,,,hand
7393481006757,1,skincare,,,hand
7350068605147,2,skincare,,,hand
8941102319251,2,haircare,,,hand
3574661593951,1,haircare,,,hand
8710847868498,3,skincare,,,hand
08131850,1,skincare,,,hand
7501054504535,1,skincare,,,hand
4305615940762,2,skincare,,,hand
3760349450702,3,skincare,,,hand
5099821001902,1,skincare,,,hand
4005900695826,1,skincare,,,hand
8006320018376,1,skincare,,,hand
8993137703246,1,makeup,,,hand
8001841923765,2,skincare,,,hand
4005808135561,1,skincare,,,hand
0612082776010,1,skincare,,,hand
4099100244809,1,skincare,,,hand
3600542525817,1,haircare,,,hand
8139003005599,1,skincare,,,hand
8002410042818,3,skincare,,,hand
4005900363633,1,skincare,,,hand
3574661309736,1,skincare,,,hand
0859748001134,2,skincare,,,hand
0871760007550,1,skincare,,,hand
4005808189625,1,skincare,,,hand
00840916,1,makeup,,,hand
4305615865072,6,skincare,,,hand
4800310116790,1,makeup,,,hand
11126270,1,skincare,,,hand
3506770001027,1,skincare,,,hand
3600551142142,2,haircare,,,hand
8720181291494,1,skincare,,,hand
0022400002200,1,haircare,,,hand
0034285699123,2,haircare,,,hand
0062600962225,1,skincare,,,hand
0077043608067,1,skincare,,,hand
0079400464538,2,haircare,,,hand
0096619558452,1,haircare,,,hand
0128280061129,1,skincare,,,hand
0603084459384,5,haircare,,,hand
0850013026326,1,haircare,,,hand
0858347005727,1,skincare,,,hand
0865639000353,1,haircare,,,hand
15147620,1,skincare,,,hand
3054080018797,1,haircare,,,hand
3068320012490,2,makeup,,,hand
3468080008359,1,skincare,,,hand
3511018826027,1,haircare,,,hand
3511018826034,1,skincare,,,hand
3522931032051,1,skincare,,,hand
3560071135546,3,skincare,,,hand
3600531609719,1,makeup,,,hand
4005900370525,3,skincare,,,hand
4088600106229,2,haircare,,,hand
4800135003176,1,skincare,,,hand
4894532923496,4,skincare,,,hand
5012254067680,1,haircare,,,hand
5059018012067,1,skincare,,,hand
8008970052847,1,haircare,,,hand
8294732983478,6,haircare,,,hand
8410757102612,1,skincare,,,hand
8710908412691,1,skincare,,,hand
8712561779807,1,skincare,,,hand
8717524072407,2,skincare,,,hand
8718951389861,1,skincare,,,hand
8851932411394,2,skincare,,,hand
8886467033018,2,skincare,,,hand
8886467033032,2,skincare,,,hand
8886467033049,6,haircare,,,hand
8886467033063,2,haircare,,,hand
8470001960917,1,skincare,,,hand
8009518285864,1,makeup,,,hand
8009518110586,1,makeup,,,hand
4056489405177,1,skincare,,,hand
8904406220418,1,haircare,,,hand
70117011,1,skincare,,,hand
4066447429411,1,skincare,,,hand
70118858,1,skincare,,,hand
8718951128279,1,skincare,,,hand
70116922,1,skincare,,,hand
4016369464922,1,skincare,,,hand
8719134154726,1,skincare,,,hand
0800897183714,1,makeup,,,hand
0800897240318,2,makeup,,,hand
0810071910647,1,makeup,,,hand
4056489235620,1,haircare,,,hand
8993137710527,1,skincare,,,hand
3560070884162,3,skincare,,,hand
8700216156097,1,haircare,,,hand
8718951268425,3,skincare,,,hand
8006540765814,3,skincare,,,hand
7627535303630,1,haircare,,,hand
4005800294778,1,skincare,,,hand
3139435551393,1,skincare,,,hand
5902539710427,1,skincare,,,hand
90114724,1,skincare,,,hand
3564700739631,4,haircare,,,hand
59095927,1,skincare,,,hand
4066447591620,1,skincare,,,hand
0012044037560,1,skincare,,,hand
00011209,1,skincare,,,hand
00012114,1,skincare,,,hand
00012282,4,skincare,,,hand
00000942,1,skincare,,,hand
0021457610105,1,makeup,,,hand
00002698,5,skincare,,,hand
00006582,2,skincare,,,hand
0000933257014,1,skincare,,,hand
00118112,1,skincare,,,hand
00016165,1,skincare,,,hand
0018250500003,1,skincare,,,hand
0002000340014,3,skincare,,,hand
00021007,2,skincare,,,hand
00022844,2,skincare,,,hand
00024405,1,skincare,,,hand
0273818502500,1,skincare,,,hand
00028485,2,skincare,,,hand
02852084,1,skincare,,,hand
0291960003515,1,haircare,,,hand
0030500022234,1,skincare,,,hand
0030997864001,2,makeup,,,hand
00034572,1,skincare,,,hand
00036768,2,haircare,,,hand
00052349,2,skincare,,,hand
00060033,2,skincare,,,hand
06010699,3,skincare,,,hand
00060293,2,skincare,,,hand
00061342,2,skincare,,,hand
06148011,2,skincare,,,hand
00061774,1,skincare,,,hand
0006182822298,1,skincare,,,hand
00066656,3,haircare,,,hand
00070794,3,haircare,,,hand
0714847735489,1,skincare,,,hand
07294660,1,skincare,,,hand
07581365,1,skincare,,,hand
0779579000348,1,skincare,,,hand
00082918,3,skincare,,,hand
0886467033025,2,skincare,,,hand
00089434,3,skincare,,,hand
3600542159654,1,haircare,,,hand
3256228914439,1,skincare,,,hand
8681515221429,2,skincare,,,hand
3701154701481,1,skincare,,,hand
5410091728922,1,skincare,,,hand
8006540765371,2,skincare,,,hand
3616303443474,1,skincare,,,hand
8850006900406,1,skincare,,,hand
59095408,1,skincare,,,hand
6009824780055,1,skincare,,,hand
3600551146188,3,skincare,,,hand
0604578373254,1,skincare,,,hand
3253581729083,1,skincare,,,hand
3414202051444,3,skincare,,,hand
0012044038918,5,skincare,,,hand
7046110032329,2,skincare,,,hand
3499320011877,1,skincare,,,hand
0500445038700,1,skincare,,,hand
4260491220875,3,skincare,,,hand
06147198,1,skincare,,,hand
62263436,1,skincare,,,hand
5099821002718,2,skincare,,,hand
4021609028499,1,haircare,,,hand
4021609028956,2,haircare,,,hand
4021609061397,2,haircare,,,hand
3564706634992,1,skincare,,,hand
4056489318460,1,haircare,,,hand
4056489368182,3,skincare,,,hand
4056489345282,1,skincare,,,hand
8901450011993,1,skincare,,,hand
0621732002003,1,haircare,,,hand
6281006423268,1,haircare,,,hand
8710847963469,3,skincare,,,hand
0073010380103,1,skincare,,,hand
4059729371713,1,makeup,,,hand
8414227050151,1,haircare,,,hand
8414227691743,1,haircare,,,hand
3596710520626,1,skincare,,,hand
3596710520619,1,skincare,,,hand
3600542461511,2,haircare,,,hand
3600542463096,1,haircare,,,hand
3600542520263,1,skincare,,,hand
3600542520300,7,skincare,,,hand
3600551132174,1,skincare,,,hand
8720181208096,2,skincare,,,hand
8720181325380,1,skincare,,,hand
8906087770664,1,skincare,,,hand
4061464932685,12,skincare,,,hand
8901030865381,1,skincare,,,hand
8904256020473,1,makeup,,,hand
8936104220575,1,skincare,,,hand
4015100451054,1,skincare,,,hand
0800897233921,1,makeup,,,hand
3564700223406,1,skincare,,,hand
3519590262929,1,skincare,,,hand
4005808196531,2,skincare,,,hand
0072140810849,1,skincare,,,hand
4305615629100,1,skincare,,,hand
5028197249298,1,skincare,,,hand
3282770141351,4,skincare,,,hand
4059729466242,7,makeup,,,hand
30144187,2,makeup,,,hand
4902430638074,1,haircare,,,hand
3504105035631,2,skincare,,,hand
8717931601160,2,haircare,,,hand
3596710516988,1,skincare,,,hand
4067796001563,1,skincare,,,hand
3250392361129,1,skincare,,,hand
8713769505441,1,skincare,,,hand
3596710536702,1,skincare,,,hand
3596710516919,1,skincare,,,hand
3596710516957,4,skincare,,,hand
3760100173130,2,skincare,,,hand
3701420064661,1,skincare,,,hand
3517360025057,2,skincare,,,hand
3337875664233,1,skincare,,,hand
3337875664165,1,skincare,,,hand
5425021090222,1,skincare,,,hand
6111254878667,1,skincare,,,hand
3760100173017,1,skincare,,,hand
3560071187828,2,skincare,,,hand
3253581506158,2,skincare,,,hand
3574661537436,1,haircare,,,hand
0033200197935,3,skincare,,,hand
3574661575209,2,haircare,,,hand
6111056012986,7,haircare,,,hand
3600531324483,3,makeup,,,hand
7340011429265,2,skincare,,,hand
3600522862543,1,makeup,,,hand
0381371174614,1,skincare,,,hand
6291109030737,1,skincare,,,hand
8697713833708,1,skincare,,,hand
4005900109057,1,skincare,,,hand
4005900035745,1,skincare,,,hand
4005900946164,2,skincare,,,hand
4005900833006,1,haircare,,,hand
3600551125305,2,skincare,,,hand
0838623301798,1,skincare,,,hand
3323036015594,1,skincare,,,hand
8719179784872,3,skincare,,,hand
6921201304398,1,makeup,,,hand
4005900963611,1,skincare,,,hand
4005900901514,7,skincare,,,hand
4059729274953,2,makeup,,,hand
8713745786192,1,skincare,,,hand
6976770390204,1,haircare,,,hand
3760095250410,3,haircare,,,hand
0769503569369,1,skincare,,,hand
6110705123042,1,skincare,,,hand
8718951666306,1,skincare,,,hand
0799439301573,1,haircare,,,hand
4005900598721,1,skincare,,,hand
4806524043716,1,skincare,,,hand
0832992012675,1,skincare,,,hand
8719134152777,1,skincare,,,hand
3600524026660,1,makeup,,,hand
3600523503384,1,makeup,,,hand
3600523560837,5,makeup,,,hand
3600523591831,2,makeup,,,hand
3600523611928,1,makeup,,,hand
3600523614523,1,makeup,,,hand
3600523724635,2,makeup,,,hand
3600523796854,2,makeup,,,hand
3600523827763,2,makeup,,,hand
3600523951741,1,makeup,,,hand
3600523951895,1,makeup,,,hand
3600523957408,1,makeup,,,hand
3600523957422,2,makeup,,,hand
3600523957453,2,makeup,,,hand
3600523959860,1,makeup,,,hand
3600523959877,2,makeup,,,hand
3600523989898,1,makeup,,,hand
3600523989911,2,makeup,,,hand
3600523989935,1,makeup,,,hand
8695077013507,1,skincare,,,hand
5201314066491,1,skincare,,,hand
3337875588348,3,skincare,,,hand
4005900691521,2,skincare,,,hand
5021320154353,4,skincare,,,hand
3874960002346,1,skincare,,,hand
4059729277091,4,makeup,,,hand
3401395376706,2,skincare,,,hand
8904256000109,8,skincare,,,hand
7500435193733,1,haircare,,,hand
8904417306521,1,skincare,,,hand
3600542525626,1,haircare,,,hand
8719743402935,1,skincare,,,hand
3253581764688,1,skincare,,,hand
0600554662404,3,skincare,,,hand
8697459726012,2,skincare,,,hand
0708002300363,1,skincare,,,hand
5065010483057,1,skincare,,,hand
3600542469586,1,skincare,,,hand
5060968411565,1,skincare,,,hand
4011523204765,1,skincare,,,hand
4052136005202,8,makeup,,,hand
5060879493285,1,skincare,,,hand
8718114148304,1,skincare,,,hand
3474637069155,2,haircare,,,hand
0813842024963,1,skincare,,,hand
4066447502725,1,skincare,,,hand
3282770393859,1,skincare,,,hand
3600520815725,6,makeup,,,hand
8717591561989,3,skincare,,,hand
3574661672373,1,makeup,,,hand
3600551142197,2,haircare,,,hand
3574661701288,3,skincare,,,hand
8906136090859,2,skincare,,,hand
8697589643623,1,skincare,,,hand
8718906909274,1,skincare,,,hand
6932511228403,2,skincare,,,hand
8591113042947,1,haircare,,,hand
3574661593524,1,haircare,,,hand
4066447365320,1,skincare,,,hand
4550516474568,5,skincare,,,hand
8720181028755,3,skincare,,,hand
0090443156556,1,skincare,,,hand
3606000537743,3,skincare,,,hand
4066447578058,1,skincare,,,hand
4066447239256,2,skincare,,,hand
5000101845208,2,skincare,,,hand
5000101506000,1,skincare,,,hand
5000101134463,1,skincare,,,hand
3499320006972,1,makeup,,,hand
0302993914303,1,skincare,,,hand
4021457645022,1,skincare,,,hand
4059729446671,1,makeup,,,hand
3574661687049,1,skincare,,,hand
8720181471681,1,skincare,,,hand
0628678960152,2,haircare,,,hand
0731788844783,1,skincare,,,hand
8901207044472,2,haircare,,,hand
4260602127925,1,skincare,,,hand
4088600303376,1,skincare,,,hand
0072785083448,1,makeup,,,hand
3600522632641,2,skincare,,,hand
4260007645901,1,skincare,,,hand
4001638099271,1,skincare,,,hand
8720181456855,1,skincare,,,hand
8901526603473,1,haircare,,,hand
0073930568964,1,skincare,,,hand
4005900485120,2,skincare,,,hand
8009740897705,1,skincare,,,hand
4305615934112,1,skincare,,,hand
5028197252533,1,skincare,,,hand
8592297006367,1,skincare,,,hand
4305615304229,1,skincare,,,hand
3600542159647,1,haircare,,,hand
4066447241310,1,skincare,,,hand
4901301210708,3,skincare,,,hand
8053340020377,1,skincare,,,hand
8719668020245,1,makeup,,,hand
4013162025473,1,skincare,,,hand
30096592,1,makeup,,,hand
3600531609726,2,makeup,,,hand
3600531533694,1,makeup,,,hand
30096639,1,makeup,,,hand
3054080055846,2,makeup,,,hand
3600522862499,2,makeup,,,hand
3054080009061,1,makeup,,,hand
3600522862567,1,makeup,,,hand
8901030957048,1,skincare,,,hand
20760403,9,skincare,,,hand
7290011521196,2,haircare,,,hand
3560071162115,2,skincare,,,hand
0817513015311,1,haircare,,,hand
81560202,1,skincare,,,hand
0098400001857,1,skincare,,,hand
3282770145069,1,haircare,,,hand
3600522862598,1,makeup,,,hand
3600531396855,2,makeup,,,hand
3600522860747,1,makeup,,,hand
3600522840114,2,makeup,,,hand
3600531469498,2,makeup,,,hand
3600531384173,3,makeup,,,hand
30179493,1,makeup,,,hand
3600520881799,2,makeup,,,hand
30176218,2,makeup,,,hand
3600531513436,1,makeup,,,hand
3600531579463,2,makeup,,,hand
3600530733842,1,makeup,,,hand
3600531605667,2,makeup,,,hand
3600522862475,1,makeup,,,hand
3600531579067,1,makeup,,,hand
3600531465247,1,makeup,,,hand
3600551058603,1,makeup,,,hand
3596200062513,3,skincare,,,hand
8480000770073,2,skincare,,,hand
7509552841794,2,haircare,,,hand
4305615629223,1,skincare,,,hand
0079400352972,5,skincare,,,hand
0007166100104,1,skincare,,,hand
0010181043352,3,skincare,,,hand
30176201,1,makeup,,,hand
30166974,3,makeup,,,hand
3600521342015,2,makeup,,,hand
3600520772042,1,makeup,,,hand
30101692,2,makeup,,,hand
3600522862413,1,makeup,,,hand
3600522862420,2,makeup,,,hand
30171558,2,makeup,,,hand
3600522862581,1,makeup,,,hand
3600522862406,4,makeup,,,hand
3600522862529,3,makeup,,,hand
3600520932897,2,makeup,,,hand
30079236,2,makeup,,,hand
3600522860822,2,makeup,,,hand
3600520277363,1,makeup,,,hand
5900998006556,4,skincare,,,hand
3600531469467,2,makeup,,,hand
3600521961216,1,makeup,,,hand
3600531531164,1,makeup,,,hand
3600531544652,1,makeup,,,hand
3600522203049,2,skincare,,,hand
3600531609696,1,makeup,,,hand
3600531047795,1,makeup,,,hand
3600530733859,2,makeup,,,hand
3600531513429,2,makeup,,,hand
3600531584696,1,makeup,,,hand
3600531531065,2,makeup,,,hand
3600522862505,1,makeup,,,hand
3600531230906,1,makeup,,,hand
3600520772004,1,makeup,,,hand
3600521377024,2,makeup,,,hand
8718951197060,1,skincare,,,hand
3600531324520,4,makeup,,,hand
3600530730308,1,makeup,,,hand
3600531465193,1,makeup,,,hand
3600531609733,1,makeup,,,hand
3600531609764,2,makeup,,,hand
4005808221929,1,skincare,,,hand
4015100721843,2,haircare,,,hand
3600531579456,2,makeup,,,hand
3600521627402,1,makeup,,,hand
8699367127851,1,haircare,,,hand
0080878192694,1,haircare,,,hand
8710908779145,1,haircare,,,hand
3600531411176,1,makeup,,,hand
7791293046396,8,haircare,,,hand
6297811169055,1,skincare,,,hand
0371661822677,1,skincare,,,hand
0030772012468,1,skincare,,,hand
3574661700755,3,skincare,,,hand
12311774,1,skincare,,,hand
6922655754234,4,makeup,,,hand
0080878193707,1,haircare,,,hand
8690637628856,2,skincare,,,hand
3600542159678,1,haircare,,,hand
3401360215801,1,skincare,,,hand
0381371196654,2,haircare,,,hand
3560071248246,1,skincare,,,hand
0012044045985,1,haircare,,,hand
0065656907714,1,skincare,,,hand
8710919103083,3,skincare,,,hand
6944348529806,1,skincare,,,hand
0381519186646,1,haircare,,,hand
8809925136649,6,skincare,,,hand
8809576261592,1,skincare,,,hand
4550516478429,1,haircare,,,hand
0787790588764,1,haircare,,,hand
0018787772324,2,skincare,,,hand
6221155130921,4,skincare,,,hand
0849607071187,4,haircare,,,hand
8713551710466,3,skincare,,,hand
8718951384415,1,skincare,,,hand
3574661799438,2,haircare,,,hand
6281006506428,6,skincare,,,hand
8906120586184,1,skincare,,,hand
0808124111806,1,skincare,,,hand
8720181368097,1,haircare,,,hand
8720181292071,1,skincare,,,hand
8904091145669,1,skincare,,,hand
8720181205378,3,skincare,,,hand
8720181331244,1,skincare,,,hand
3574661685977,1,skincare,,,hand
8719324667180,3,skincare,,,hand
8850007543336,1,skincare,,,hand
8901088047265,1,haircare,,,hand
8901396387701,1,skincare,,,hand
2000000151894,1,skincare,,,hand
6903072378265,1,skincare,,,hand
8718951481107,2,skincare,,,hand
5060518886928,1,skincare,,,hand
3475620000391,1,skincare,,,hand
3616301295396,9,skincare,,,hand
4987072011447,1,skincare,,,hand
8906165782886,1,haircare,,,hand
5059018197375,1,skincare,,,hand
3574661685960,1,skincare,,,hand
93399739,2,skincare,,,hand
9344021002010,1,skincare,,,hand
4305615908175,1,skincare,,,hand
3760349310594,3,haircare,,,hand
9335955001125,1,skincare,,,hand
3616302463893,1,makeup,,,hand
4902430856492,1,haircare,,,hand
3760349310174,3,haircare,,,hand
4005900782007,1,skincare,,,hand
9767014005810,1,haircare,,,hand
0075707040550,1,skincare,,,hand
9339687390069,1,skincare,,,hand
8004608236580,1,haircare,,,hand
4250338487516,7,makeup,,,hand
4005800049668,4,skincare,,,hand
8718951481251,1,skincare,,,hand
3574661350820,1,skincare,,,hand
3600524069759,1,skincare,,,hand
4250338487769,1,makeup,,,hand
5029053582238,2,skincare,,,hand
8906118410798,1,skincare,,,hand
8034094014485,1,haircare,,,hand
3760209492347,1,skincare,,,hand
4909978204440,1,skincare,,,hand
6132349400563,2,skincare,,,hand
3600542441162,1,haircare,,,hand
8719238042103,1,skincare,,,hand
0800897197148,2,makeup,,,hand
7509552817393,1,haircare,,,hand
6111242926486,6,haircare,,,hand
8904352004469,1,haircare,,,hand
0192333246313,1,skincare,,,hand
7702123003922,2,skincare,,,hand
8008970002859,1,skincare,,,hand
8720604317619,1,skincare,,,hand
8720181313448,1,skincare,,,hand
4901416045325,1,skincare,,,hand
4066447467895,1,haircare,,,hand
9713527011213,1,makeup,,,hand
0030772008362,1,skincare,,,hand
0030772180846,1,skincare,,,hand
8794762026034,1,skincare,,,hand
8710276400412,1,skincare,,,hand
6974191892147,1,makeup,,,hand
3600524029784,1,haircare,,,hand
0062600380357,1,skincare,,,hand
5055810037932,1,haircare,,,hand
3337875684118,3,skincare,,,hand
3337875696838,1,skincare,,,hand
3337875545778,2,skincare,,,hand
3337875799348,1,skincare,,,hand
3337875522786,2,haircare,,,hand
3600542525800,1,haircare,,,hand
5205122000739,1,skincare,,,hand
8901138844097,1,skincare,,,hand
8006540768914,1,skincare,,,hand
3178041344333,2,skincare,,,hand
3760207118553,1,skincare,,,hand
5601059062534,1,haircare,,,hand
59096054,1,skincare,,,hand
0811847034055,1,skincare,,,hand
3600551042053,1,skincare,,,hand
3600542524247,1,skincare,,,hand
3600531609771,1,makeup,,,hand
0009452300132,1,makeup,,,hand
0075486091125,4,skincare,,,hand
0075486087609,1,skincare,,,hand
6111242750692,1,skincare,,,hand
08331687,1,skincare,,,hand
8000036021712,1,skincare,,,hand
0810912033740,1,skincare,,,hand
4005900516893,2,skincare,,,hand
4005900491879,1,skincare,,,hand
4005900755483,3,skincare,,,hand
4005900829320,2,skincare,,,hand
4005900875617,1,skincare,,,hand
8720181219979,1,skincare,,,hand
3401395596319,1,skincare,,,hand
5016155200092,1,skincare,,,hand
8710847868504,1,skincare,,,hand
42348535,1,skincare,,,hand
0750850658998,1,skincare,,,hand
5060944460969,1,skincare,,,hand
0075724473188,2,haircare,,,hand
3253581768648,1,skincare,,,hand
3256228974662,2,haircare,,,hand
0852415001802,1,haircare,,,hand
0735303504312,1,skincare,,,hand
4332541063333,1,haircare,,,hand
8006540786116,1,skincare,,,hand
8809653234433,1,skincare,,,hand
8720674306209,1,haircare,,,hand
3600551125220,4,skincare,,,hand
3600541233072,1,haircare,,,hand
3600542020855,1,haircare,,,hand
0381371018420,1,skincare,,,hand
9421008702269,1,skincare,,,hand
7862101533954,1,haircare,,,hand
0011111018327,1,skincare,,,hand
3760346072747,4,haircare,,,hand
3760346073928,1,skincare,,,hand
4743318148427,1,skincare,,,hand
6916790273613,2,haircare,,,hand
4059729419606,3,makeup,,,hand
0012362010085,1,skincare,,,hand
8901030869112,1,skincare,,,hand
8908002126068,4,haircare,,,hand
3660005054735,1,skincare,,,hand
4061464490499,1,haircare,,,hand
0799439316478,1,haircare,,,hand
3564700890639,1,skincare,,,hand
7862114192728,1,haircare,,,hand
6972049996641,1,haircare,,,hand
4260189522816,1,skincare,,,hand
8001090965721,2,haircare,,,hand
8721073602626,4,makeup,,,hand
0840044707103,1,skincare,,,hand
4602984028450,1,skincare,,,hand
0742699002018,1,skincare,,,hand
4006000048086,1,skincare,,,hand
5060651240168,1,skincare,,,hand
8901030971921,4,skincare,,,hand
0045924615701,1,skincare,,,hand
4823110302859,1,skincare,,,hand
8718951481145,1,skincare,,,hand
4066447710755,1,skincare,,,hand
80808756,1,skincare,,,hand
4779040216684,1,skincare,,,hand
0812154038248,4,skincare,,,hand
8904352003950,1,skincare,,,hand
4751015928006,1,skincare,,,hand
3600523036349,1,haircare,,,hand
8718951592889,6,skincare,,,hand
0626232111286,1,haircare,,,hand
8719325558517,1,skincare,,,hand
5060570314988,3,haircare,,,hand
4045612009474,1,skincare,,,hand
6043000035300,1,skincare,,,hand
5902686254355,1,skincare,,,hand
4103040048363,1,skincare,,,hand
7791293050232,1,haircare,,,hand
0708002100543,1,skincare,,,hand
5013575111182,1,skincare,,,hand
8710908658006,1,skincare,,,hand
3253581779125,1,skincare,,,hand
8004395301072,1,skincare,,,hand
3770000717549,1,skincare,,,hand
3770000717006,1,skincare,,,hand
0194093013082,1,haircare,,,hand
4066447331202,1,haircare,,,hand
8809844997604,1,skincare,,,hand
8720964891941,1,skincare,,,hand
3383482307711,1,skincare,,,hand
4015000914550,2,skincare,,,hand
7509552889550,1,haircare,,,hand
3474630620025,1,haircare,,,hand
3600542310512,1,haircare,,,hand
5060022303393,1,skincare,,,hand
0779242009934,1,skincare,,,hand
3760016580718,1,skincare,,,hand
8697420530877,1,makeup,,,hand
4066447770704,2,skincare,,,hand
8059016854406,1,skincare,,,hand
3760114994493,1,skincare,,,hand
8720181413377,2,haircare,,,hand
0012044038925,2,skincare,,,hand
3468080411296,5,skincare,,,hand
5057566826907,1,makeup,,,hand
5056179306509,1,skincare,,,hand
3574661662411,1,skincare,,,hand
8711252256061,1,skincare,,,hand
0067545072268,1,skincare,,,hand
0065338054767,1,haircare,,,hand
0628467002766,1,haircare,,,hand
0609332820043,2,makeup,,,hand
0628917544150,1,skincare,,,hand
0062428007870,1,haircare,,,hand
0067545074385,2,skincare,,,hand
0066000020578,1,haircare,,,hand
0609332828469,2,makeup,,,hand
0609332838109,4,makeup,,,hand
3331300062656,6,haircare,,,hand
5060725476752,1,skincare,,,hand
8904320722814,2,makeup,,,hand
5025416030675,1,skincare,,,hand
3614810004034,1,skincare,,,hand
4008233166346,1,skincare,,,hand
4058172319976,1,skincare,,,hand
8001090899873,1,haircare,,,hand
3574661499666,2,skincare,,,hand
5028197313982,1,skincare,,,hand
3549620006124,1,skincare,,,hand
8720674353920,1,skincare,,,hand
42438724,1,skincare,,,hand
2173330479902,1,skincare,,,hand
3858892694367,1,haircare,,,hand
8719134039566,1,skincare,,,hand
8006540154151,1,haircare,,,hand
3401378104692,1,skincare,,,hand
0008100100392,1,makeup,,,hand
0053076202649,2,haircare,,,hand
0088551167847,1,skincare,,,hand
3600524150587,5,makeup,,,hand
42431916,1,haircare,,,hand
8054615472631,1,haircare,,,hand
3616303443955,1,skincare,,,hand
3253581754481,1,skincare,,,hand
4260491222220,1,skincare,,,hand
8720181347160,2,skincare,,,hand
8850002026483,1,skincare,,,hand
3838824208985,1,haircare,,,hand
6942349728204,1,skincare,,,hand
5012583203285,1,skincare,,,hand
3574661680651,6,skincare,,,hand
6922655786327,1,skincare,,,hand
4904015314298,1,skincare,,,hand
6111263793784,2,skincare,,,hand
5901761971903,1,makeup,,,hand
8804815514712,1,haircare,,,hand
7065106000050,1,skincare,,,hand
4059729518613,3,makeup,,,hand
3574661711058,5,skincare,,,hand
3600542624343,1,haircare,,,hand
0035000450692,1,skincare,,,hand
0810095592614,4,skincare,,,hand
3760368740464,1,skincare,,,hand
8859588111781,1,makeup,,,hand
5903351780612,2,skincare,,,hand
8480012038666,2,haircare,,,hand
8001841054940,1,haircare,,,hand
3517360022803,1,skincare,,,hand
3256228666741,1,skincare,,,hand
8720604319866,1,skincare,,,hand
5000174463217,5,haircare,,,hand
5011321362406,2,haircare,,,hand
0677047130641,1,haircare,,,hand
0808124111639,1,skincare,,,hand
93565462,1,skincare,,,hand
8901030700743,1,haircare,,,hand
8858696820165,1,skincare,,,hand
3182611402002,1,skincare,,,hand
7798121271777,3,skincare,,,hand
3600551125282,1,skincare,,,hand
8718951432536,2,haircare,,,hand
4066447750652,2,skincare,,,hand
4335619008397,5,haircare,,,hand
3574661701028,2,skincare,,,hand
5060188000808,1,skincare,,,hand
23296046,1,skincare,,,hand
8682536069403,1,makeup,,,hand
4006000060682,1,skincare,,,hand
7630028634500,1,skincare,,,hand
3701129804773,1,haircare,,,hand
8904352002250,1,skincare,,,hand
0810071910616,1,makeup,,,hand
6111103022425,1,haircare,,,hand
3760016581159,2,skincare,,,hand
8912435465144,1,skincare,,,hand
5025416000357,1,skincare,,,hand
8809784601340,1,skincare,,,hand
8001090369109,1,skincare,,,hand
8001090662200,3,haircare,,,hand
5060194391129,1,skincare,,,hand
8906068922136,1,skincare,,,hand
0708002301667,1,skincare,,,hand
3517360025750,1,skincare,,,hand
8470003808996,1,skincare,,,hand
5045098116597,1,makeup,,,hand
6417128150076,1,haircare,,,hand
4005808181377,2,skincare,,,hand
9005800299082,1,skincare,,,hand
0786648012017,1,skincare,,,hand
3666065918604,1,skincare,,,hand
8901399000591,1,skincare,,,hand
0636874220833,1,skincare,,,hand
8809738316146,2,skincare,,,hand
0636874220826,1,skincare,,,hand
0096619057511,1,skincare,,,hand
4066447671889,1,skincare,,,hand
4061461437640,1,skincare,,,hand
8941196246525,3,skincare,,,hand
20827397,1,skincare,,,hand
4059729394521,1,makeup,,,hand
0639277279583,1,makeup,,,hand
0810071910692,1,makeup,,,hand
0639277946355,1,makeup,,,hand
0081555566128,1,makeup,,,hand
3574661799049,1,skincare,,,hand
6222019612218,1,haircare,,,hand
8904035421583,3,haircare,,,hand
0878639002425,1,skincare,,,hand
0187132005827,1,skincare,,,hand
8700216528863,1,haircare,,,hand
8015700165913,1,haircare,,,hand
4059729421937,4,makeup,,,hand
0512900017083,1,skincare,,,hand
5701017418615,1,skincare,,,hand
6001087378888,1,haircare,,,hand
8411047107058,1,skincare,,,hand
2000000152287,1,skincare,,,hand
0606786030325,1,haircare,,,hand
8697420536633,1,skincare,,,hand
0850861005108,1,skincare,,,hand
5907377528067,1,skincare,,,hand
5901887016601,1,haircare,,,hand
0676280018402,4,skincare,,,hand
8002410044782,1,skincare,,,hand
5065018225079,1,skincare,,,hand
8720181336041,1,haircare,,,hand
8707560908747,1,haircare,,,hand
3610340671005,3,haircare,,,hand
8964001374268,1,skincare,,,hand
3600551132525,1,skincare,,,hand
3838980606069,1,haircare,,,hand
8901531700389,1,skincare,,,hand
8901030871030,1,skincare,,,hand
8710902058000,1,skincare,,,hand
3253581735497,1,skincare,,,hand
0041167722374,1,skincare,,,hand
8901088047043,2,haircare,,,hand
5059018402660,2,skincare,,,hand
4056489564300,1,haircare,,,hand
8697432096187,4,haircare,,,hand
0829576020058,3,skincare,,,hand
3600523193462,2,haircare,,,hand
0603084560691,4,haircare,,,hand
8001120596864,3,haircare,,,hand
5056050208267,2,skincare,,,hand
8717496448248,1,haircare,,,hand
8700216208598,1,haircare,,,hand
3600524203450,1,skincare,,,hand
5900717311077,1,skincare,,,hand
3600542524230,1,skincare,,,hand
7501054549857,6,skincare,,,hand
9348918009410,1,skincare,,,hand
3474630621206,1,haircare,,,hand
7611480007798,1,skincare,,,hand
8718951563391,1,skincare,,,hand
3474637103569,1,haircare,,,hand
8906005274342,1,skincare,,,hand
8006540818824,1,skincare,,,hand
3282770149685,2,skincare,,,hand
7707305543203,2,skincare,,,hand
8904256020572,1,skincare,,,hand
0834639001004,1,skincare,,,hand
0012044045381,1,skincare,,,hand
0650240035166,1,haircare,,,hand
3600551152967,1,skincare,,,hand
3960640000167,1,skincare,,,hand
4005808855926,1,skincare,,,hand
0863765000087,1,haircare,,,hand
9335955004805,1,skincare,,,hand
3616303321963,1,skincare,,,hand
4061464932661,1,skincare,,,hand
4061464932647,1,skincare,,,hand
8901030873218,1,skincare,,,hand
0974140028395,1,skincare,,,hand
8901277011497,1,skincare,,,hand
7649992533436,1,skincare,,,hand
2000000152355,1,skincare,,,hand
2000000152356,1,skincare,,,hand
2000000152357,1,skincare,,,hand
7310610029050,1,haircare,,,hand
8901138821234,1,skincare,,,hand
8719324667999,1,skincare,,,hand
0840044704836,2,skincare,,,hand
0057800201489,1,skincare,,,hand
0077043236260,1,skincare,,,hand
0080878195657,1,haircare,,,hand
0858380045124,1,haircare,,,hand
4908474775881,1,skincare,,,hand
4005808134427,4,haircare,,,hand
0080878199853,1,haircare,,,hand
5410091724009,2,skincare,,,hand
4005808315697,1,skincare,,,hand
7898961681177,1,skincare,,,hand
7891033491391,1,skincare,,,hand
4064666594040,1,haircare,,,hand
4311501066409,7,skincare,,,hand
0030772062890,4,haircare,,,hand
5410306882746,1,skincare,,,hand
4650067527819,1,skincare,,,hand
5050136751685,1,skincare,,,hand
5200410664808,1,skincare,,,hand
8600060111870,1,skincare,,,hand
2000000152396,1,skincare,,,hand
3600541938939,1,haircare,,,hand
2000000152404,1,skincare,,,hand
2000000152405,1,skincare,,,hand
0850018802260,1,haircare,,,hand
0896364002947,1,haircare,,,hand
3091230036003,1,skincare,,,hand
4049775587114,1,makeup,,,hand
0667559098652,1,skincare,,,hand
80948919,2,skincare,,,hand
4051424600068,1,skincare,,,hand
3614819997115,1,skincare,,,hand
6192400500250,1,skincare,,,hand
4067796079432,1,haircare,,,hand
5293796944527,1,skincare,,,hand
8904220502684,1,haircare,,,hand
4066447468038,6,haircare,,,hand
4059729222978,1,makeup,,,hand
0033200001799,1,skincare,,,hand
3600523814046,1,haircare,,,hand
3600523799442,1,haircare,,,hand
0843536106477,1,skincare,,,hand
8906157030155,1,skincare,,,hand
7702026178062,1,skincare,,,hand
7311043009695,1,skincare,,,hand
4066447468076,5,haircare,,,hand
3666057332968,2,skincare,,,hand
8901030907449,1,skincare,,,hand
3504105036751,1,skincare,,,hand
4823015942686,1,skincare,,,hand
8904256000659,1,skincare,,,hand
0080878195008,1,haircare,,,hand
0052800482685,1,skincare,,,hand
2200293438988,1,skincare,,,hand
9310692031154,1,haircare,,,hand
7792640000320,1,haircare,,,hand
3378872234500,1,skincare,,,hand
8901030996528,1,haircare,,,hand
8720181436710,1,skincare,,,hand
0606682729903,1,haircare,,,hand
3616303458973,1,skincare,,,hand
3700281702835,1,skincare,,,hand
4066447786460,1,skincare,,,hand
4005900921857,3,haircare,,,hand
3337875852302,1,skincare,,,hand
3600550975352,1,skincare,,,hand
8715342036885,1,skincare,,,hand
0615908431599,1,haircare,,,hand
7026110028119,1,skincare,,,hand
3574661577852,1,skincare,,,hand
7709729122811,1,haircare,,,hand
3660005586168,5,skincare,,,hand
3282770146615,1,skincare,,,hand
3600550975369,1,skincare,,,hand
3661434003424,1,skincare,,,hand
3401353738461,1,skincare,,,hand
4005900036575,1,skincare,,,hand
8006540944660,2,skincare,,,hand
5719806324900,1,skincare,,,hand
3600542512473,2,haircare,,,hand
0745240336044,1,skincare,,,hand
3600541595125,1,skincare,,,hand
8009150104202,1,skincare,,,hand
7322540907582,1,skincare,,,hand
8809689376640,1,skincare,,,hand
3337875895781,1,skincare,,,hand
7313272135275,1,skincare,,,hand
4743318144153,1,skincare,,,hand
8690131104726,1,skincare,,,hand
8710919103090,3,skincare,,,hand
4015100429022,2,skincare,,,hand
2006050132355,1,skincare,,,hand
7313272150834,1,skincare,,,hand
0694419061358,1,makeup,,,hand
80775010,1,skincare,,,hand
7310618429036,1,skincare,,,hand
0852664004029,1,skincare,,,hand
0854049002057,1,skincare,,,hand
6132288000879,1,skincare,,,hand
8807502375955,1,haircare,,,hand
8681217236035,1,makeup,,,hand
4005900644107,1,skincare,,,hand
8719134161298,1,skincare,,,hand
3253581550021,1,skincare,,,hand
0708002400599,1,skincare,,,hand
5397256457500,1,skincare,,,hand
8809301767566,1,skincare,,,hand
3600542520768,1,skincare,,,hand
6111267180016,1,skincare,,,hand
7332531117531,1,haircare,,,hand
0760122785697,1,skincare,,,hand
3661434008511,1,skincare,,,hand
3600524122737,2,skincare,,,hand
4066447577938,1,skincare,,,hand
3612623851692,1,skincare,,,hand
3600523723577,1,makeup,,,hand
3760207117952,1,skincare,,,hand
8700216266772,1,haircare,,,hand
3701056802644,1,skincare,,,hand
8809598454613,4,skincare,,,hand
3499320012348,1,skincare,,,hand
5430002928432,1,skincare,,,hand
3600551103006,1,haircare,,,hand
0077043608029,5,skincare,,,hand
0663204460102,1,skincare,,,hand
0302994111008,1,skincare,,,hand
5038483498347,1,skincare,,,hand
8003170094741,1,haircare,,,hand
7974545929047,1,makeup,,,hand
3564700206676,1,skincare,,,hand
0079400263919,1,haircare,,,hand
6903072443024,1,skincare,,,hand
0312444374365,1,skincare,,,hand
5201109002710,1,haircare,,,hand
6132425800096,1,haircare,,,hand
8714789703046,2,skincare,,,hand
9690504021406,1,skincare,,,hand
8700216307826,1,haircare,,,hand
4068134024947,1,haircare,,,hand
4056489602200,1,skincare,,,hand
3253581763124,1,makeup,,,hand
3250391458943,1,skincare,,,hand
4262391990025,1,haircare,,,hand
3250391432844,1,skincare,,,hand
0011111051249,1,skincare,,,hand
0030772149379,4,skincare,,,hand
42429203,1,skincare,,,hand
2392020022796,1,skincare,,,hand
59096078,1,skincare,,,hand
4066447705027,2,skincare,,,hand
3770002306505,2,skincare,,,hand
42182634,5,skincare,,,hand
6130024168371,1,skincare,,,hand
0628451857143,1,skincare,,,hand
6001087364621,2,skincare,,,hand
0305210158863,4,skincare,,,hand
8009350303375,1,skincare,,,hand
9005800280707,4,skincare,,,hand
4066447105575,1,skincare,,,hand
4066447383737,1,skincare,,,hand
4005900897848,1,skincare,,,hand
3606000560994,1,skincare,,,hand
6414504642125,1,haircare,,,hand
0792850649620,1,skincare,,,hand
3600542520454,1,skincare,,,hand
80593865018516,2,makeup,,,hand
8908016593474,1,skincare,,,hand
0681131169677,1,skincare,,,hand
8719327023860,1,skincare,,,hand
3600524071080,1,skincare,,,hand
8001120704474,1,skincare,,,hand
0022796971111,1,haircare,,,hand
3701129804445,1,skincare,,,hand
0564421514626,1,skincare,,,hand
4806515161511,1,haircare,,,hand
4902430333597,1,haircare,,,hand
3574660415865,1,skincare,,,hand
3760123183505,2,skincare,,,hand
5310001266684,1,skincare,,,hand
8031377036493,2,haircare,,,hand
8424818169520,1,haircare,,,hand
8470003165549,1,haircare,,,hand
8008970060255,2,skincare,,,hand
8006540765050,1,skincare,,,hand
3337875586115,1,skincare,,,hand
8470001748768,2,haircare,,,hand
7480793488460,1,skincare,,,hand
7313272153712,1,skincare,,,hand
7313272135244,1,skincare,,,hand
8720181297700,7,skincare,,,hand
8720181297618,5,skincare,,,hand
8720181418389,6,skincare,,,hand
8015700169317,1,haircare,,,hand
6262719701645,1,haircare,,,hand
8718951566156,1,skincare,,,hand
7350104248277,1,skincare,,,hand
3600551150482,1,skincare,,,hand
59095712,1,skincare,,,hand
3616306343870,1,makeup,,,hand
0858034603328,1,skincare,,,hand
5201178024002,1,skincare,,,hand
8700216208222,1,haircare,,,hand
42429500,2,skincare,,,hand
4335619058491,1,skincare,,,hand
7703378003323,1,skincare,,,hand
5057172307593,1,skincare,,,hand
0303162046450,3,skincare,,,hand
0011111115224,1,skincare,,,hand
0676280027091,2,skincare,,,hand
0819156021278,1,skincare,,,hand
0850008525919,1,haircare,,,hand
0037836021329,1,skincare,,,hand
5031413915167,1,skincare,,,hand
0060383157654,1,haircare,,,hand
5030805003468,1,skincare,,,hand
0030772173756,1,skincare,,,hand
0011111015937,1,skincare,,,hand
0036000504071,1,skincare,,,hand
00644594,2,skincare,,,hand
5060422297346,3,skincare,,,hand
0808829124460,1,haircare,,,hand
77275271,1,skincare,,,hand
0030772073315,1,skincare,,,hand
0646670548888,1,haircare,,,hand
0810106611228,1,skincare,,,hand
0764302905004,1,haircare,,,hand
0850452007696,1,skincare,,,hand
3256225133772,4,skincare,,,hand
0812154033298,1,skincare,,,hand
0886926185836,1,skincare,,,hand
4006000102719,1,skincare,,,hand
0899248002200,1,skincare,,,hand
5353065593655,1,skincare,,,hand
9346627007093,1,haircare,,,hand
0079400998002,1,haircare,,,hand
0764302224044,1,skincare,,,hand
0010181150081,1,skincare,,,hand
0381371196715,1,skincare,,,hand
0764302224051,1,haircare,,,hand
45823251,1,skincare,,,hand
0658141197679,1,skincare,,,hand
0071249689738,1,haircare,,,hand
0817810012174,1,haircare,,,hand
0860001118643,1,haircare,,,hand
0840797176942,1,haircare,,,hand
0303232171266,1,skincare,,,hand
0626232115031,1,haircare,,,hand
0850030360298,1,skincare,,,hand
0860011519577,1,skincare,,,hand
0079400478849,1,skincare,,,hand
0681131176293,3,skincare,,,hand
0358657325503,1,skincare,,,hand
0810082870633,1,skincare,,,hand
0850001131957,1,haircare,,,hand
0381370036456,1,skincare,,,hand
00978217,1,skincare,,,hand
0857249001134,1,skincare,,,hand
0371782002729,1,skincare,,,hand
0381519188824,1,haircare,,,hand
0061354555554,1,haircare,,,hand
0381371187607,1,skincare,,,hand
3245677725451,5,skincare,,,hand
0194346056125,1,skincare,,,hand
0381371164509,1,skincare,,,hand
93575300,2,skincare,,,hand
0764302290025,1,skincare,,,hand
0850000494244,1,haircare,,,hand
0671635726599,1,haircare,,,hand
0638489001852,1,haircare,,,hand
0800897233938,1,makeup,,,hand
0030772018460,1,skincare,,,hand
4072600221754,2,haircare,,,hand
4005900694287,1,skincare,,,hand
4823109700611,2,skincare,,,hand
59099499,1,skincare,,,hand
3282770202120,4,skincare,,,hand
42449300,1,skincare,,,hand
50297627,1,haircare,,,hand
0198715773637,2,haircare,,,hand
59005483,7,skincare,,,hand
8480012006559,2,skincare,,,hand
5704947005665,1,skincare,,,hand
8719134155839,1,skincare,,,hand
4006000011455,3,skincare,,,hand
4005900804310,3,skincare,,,hand
3256228914453,4,skincare,,,hand
4005800268748,3,skincare,,,hand
0047126122797,1,skincare,,,hand
3559482301053,1,skincare,,,hand
8720181183805,3,skincare,,,hand
77942647,3,haircare,,,hand
7640148840866,1,skincare,,,hand
3700343900407,1,skincare,,,hand
5053249278551,2,skincare,,,hand
4305615625584,1,haircare,,,hand
8720181192104,1,skincare,,,hand
8719134193572,1,skincare,,,hand
9339341037507,1,haircare,,,hand
0072140003043,1,skincare,,,hand
4005800119361,3,skincare,,,hand
4006000014395,1,skincare,,,hand
76898525,1,skincare,,,hand
0197644685776,1,skincare,,,hand
0658141207200,1,skincare,,,hand
3574661464978,1,skincare,,,hand
5065015325048,1,skincare,,,hand
3337875917872,1,skincare,,,hand
5035832023489,1,makeup,,,hand
8719134120738,1,haircare,,,hand
0609332820050,1,makeup,,,hand
3282770149289,1,haircare,,,hand
4005900911919,1,skincare,,,hand
42449010,1,skincare,,,hand
4005900998996,2,skincare,,,hand
4005900458773,1,skincare,,,hand
4005808130115,3,skincare,,,hand
4008233088624,1,skincare,,,hand
3600531640378,1,makeup,,,hand
7702018866984,1,skincare,,,hand
4305615838311,4,skincare,,,hand
8003170094772,1,haircare,,,hand
4005900693419,3,skincare,,,hand
8904187004481,1,skincare,,,hand
0073852027457,1,skincare,,,hand
3600542613323,1,haircare,,,hand
80902027,1,skincare,,,hand
5060686200113,1,skincare,,,hand
42397236,2,skincare,,,hand
0381519188831,1,haircare,,,hand
0057800000099,1,skincare,,,hand
8700216233286,1,haircare,,,hand
0672047001175,4,skincare,,,hand
0381519189548,2,haircare,,,hand
8001120595096,1,skincare,,,hand
8054042630277,1,haircare,,,hand
8718951480827,1,skincare,,,hand
8054042630178,1,haircare,,,hand
7771011250151,1,skincare,,,hand
7775000000949,1,skincare,,,hand
3662361002702,1,skincare,,,hand
4061462341588,2,skincare,,,hand
0817891025254,1,haircare,,,hand
4550668265885,1,skincare,,,hand
8710447321720,1,haircare,,,hand
3760293232164,1,skincare,,,hand
3595895323916,1,skincare,,,hand
3600542628563,1,skincare,,,hand
3564700638866,1,skincare,,,hand
5017634293277,1,skincare,,,hand
6111242912427,3,skincare,,,hand
8692624155772,1,skincare,,,hand
6111255615940,3,skincare,,,hand
4011700879236,1,skincare,,,hand
4006000049618,1,skincare,,,hand
3264680037115,1,haircare,,,hand
0381371024230,1,skincare,,,hand
5060865240558,1,skincare,,,hand
4059729245854,2,makeup,,,hand
0764302021490,1,haircare,,,hand
0649674099219,1,makeup,,,hand
0850056671187,1,skincare,,,hand
0079400462237,1,skincare,,,hand
3256228890085,2,haircare,,,hand
0381371196647,1,skincare,,,hand
3574660682335,1,skincare,,,hand
8991748001812,1,skincare,,,hand
0087300700076,1,skincare,,,hand
50052806,1,skincare,,,hand
4809012902038,1,skincare,,,hand
3600542370110,5,haircare,,,hand
4066447467871,1,haircare,,,hand
0022796974211,1,haircare,,,hand
6281006423442,3,haircare,,,hand
8414227050175,1,haircare,,,hand
6192000718307,2,haircare,,,hand
6281006534704,2,haircare,,,hand
6281006602724,2,haircare,,,hand
0817513019920,1,haircare,,,hand
3282779008693,1,haircare,,,hand
5765228836866,5,haircare,,,hand
8710908178399,1,haircare,,,hand
0654749361269,2,haircare,,,hand
5410076514397,1,haircare,,,hand
3474636954766,2,haircare,,,hand
7595335000953,1,haircare,,,hand
6001067089315,1,haircare,,,hand
8901030945427,1,haircare,,,hand
5011321361027,1,haircare,,,hand
8901138002466,1,haircare,,,hand
3600542543439,1,haircare,,,hand
5410076230068,2,haircare,,,hand
4045787426649,1,haircare,,,hand
20208851,1,haircare,,,hand
4008666211224,7,haircare,,,hand
4064666003672,1,haircare,,,hand
8719134027099,1,haircare,,,hand
5011321594296,1,haircare,,,hand
0896364002428,1,haircare,,,hand
4008666218285,1,haircare,,,hand
7643022213336,1,haircare,,,hand
8690131105501,1,haircare,,,hand
8710908181092,1,haircare,,,hand
0735379430133,1,haircare,,,hand
8710908177057,1,haircare,,,hand
0708002200427,1,haircare,,,hand
5016155119806,1,haircare,,,hand
0090174088171,1,haircare,,,hand
0022796170019,1,haircare,,,hand
6291069208221,1,haircare,,,hand
7506306237315,1,haircare,,,hand
0820645006966,1,haircare,,,hand
5028197978853,1,haircare,,,hand
2224565690001,1,haircare,,,hand
5025416030422,1,haircare,,,hand
0799439301795,1,haircare,,,hand
3282779392549,1,haircare,,,hand
6222014510380,1,haircare,,,hand
8429014014841,1,haircare,,,hand
0689784884008,4,haircare,,,hand
5765228838037,1,haircare,,,hand
0810021202129,1,haircare,,,hand
5060593000110,1,haircare,,,hand
4045787725353,1,haircare,,,hand
7702113034127,1,haircare,,,hand
4088600255682,1,haircare,,,hand
8901030899768,1,haircare,,,hand
7791001000276,1,haircare,,,hand
8901030984709,1,haircare,,,hand
3222473374717,1,haircare,,,hand
6001067011019,1,haircare,,,hand
6281006534940,1,haircare,,,hand
8904091128419,1,haircare,,,hand
0099482459598,2,haircare,,,hand
4056489176350,1,haircare,,,hand
8710447246771,1,haircare,,,hand
3770010568247,5,haircare,,,hand
6291107860435,1,haircare,,,hand
0078522000785,2,haircare,,,hand
0096619519828,1,haircare,,,hand
0827755012009,2,haircare,,,hand
8004120903045,1,haircare,,,hand
6192319100411,1,haircare,,,hand
6281031260395,1,haircare,,,hand
0022796631510,1,haircare,,,hand
8033928505267,1,haircare,,,hand
4894532997534,1,haircare,,,hand
0843536101151,2,haircare,,,hand
7500435185691,2,haircare,,,hand
0071249395349,1,haircare,,,hand
6916790262372,1,haircare,,,hand
8901030929663,1,haircare,,,hand
0810888025558,2,haircare,,,hand
9346627000087,1,haircare,,,hand
7332531063739,1,haircare,,,hand
4008666210609,1,haircare,,,hand
0190679005151,1,haircare,,,hand
0008080089823,1,haircare,,,hand
8850006481332,1,haircare,,,hand
0022796640918,1,haircare,,,hand
6221009001452,1,haircare,,,hand
10522768,1,haircare,,,hand
8698898454054,1,haircare,,,hand
10448696,3,haircare,,,hand
8420282047548,1,haircare,,,hand
0080878192854,1,haircare,,,hand
0606110417617,1,haircare,,,hand
8901030702020,2,haircare,,,hand
8850006936092,1,haircare,,,hand
0079400202444,1,haircare,,,hand
8906105613157,1,haircare,,,hand
8596048006354,1,haircare,,,hand
6001067089155,1,haircare,,,hand
8994993012503,1,haircare,,,hand
8908006722419,1,haircare,,,hand
6001067011057,1,haircare,,,hand
9556111981994,1,haircare,,,hand
8684252692019,1,haircare,,,hand
6928001834179,1,haircare,,,hand
7310610022549,1,haircare,,,hand
8961014261073,1,haircare,,,hand
10583707,5,haircare,,,hand
8904378106598,1,haircare,,,hand
7791293050393,1,haircare,,,hand
0080878195671,1,haircare,,,hand
8901088038799,2,haircare,,,hand
6924832228989,1,haircare,,,hand
8908011235706,1,haircare,,,hand
10583706,5,haircare,,,hand
10583709,1,haircare,,,hand
8851932355025,1,haircare,,,hand
8001280013386,1,haircare,,,hand
7310610022570,3,haircare,,,hand
8906087775829,1,haircare,,,hand
0022796913111,1,haircare,,,hand
0000110128867,2,haircare,,,hand
10426955,3,haircare,,,hand
7804920006158,2,haircare,,,hand
8906015000023,1,haircare,,,hand
0022796916112,1,haircare,,,hand
8901030928741,1,haircare,,,hand
0000110184243,3,haircare,,,hand
8901030929656,1,haircare,,,hand
6281031260272,2,haircare,,,hand
8902979053990,1,haircare,,,hand
7443015851596,1,haircare,,,hand
8901030928734,1,haircare,,,hand
6294019000029,1,haircare,,,hand
8904352004520,3,haircare,,,hand
0080878195565,1,haircare,,,hand
0854554006090,1,haircare,,,hand
9327693009020,2,haircare,,,hand
7314571151010,1,haircare,,,hand
3600542234740,1,haircare,,,hand
6294019000050,1,haircare,,,hand
7310610019716,1,haircare,,,hand
8710908694745,1,haircare,,,hand
3600542234764,1,haircare,,,hand
0012044047729,1,haircare,,,hand
0052800673007,1,haircare,,,hand
7310610022655,2,haircare,,,hand
5012254060735,1,haircare,,,hand
7332531080460,1,haircare,,,hand
0041167618035,1,haircare,,,hand
3574661531656,2,haircare,,,hand
4017645031654,1,haircare,,,hand
3574669907057,1,haircare,,,hand
7340011490197,1,haircare,,,hand
7310610022594,2,haircare,,,hand
8058150422243,1,haircare,,,hand
7311041084977,1,haircare,,,hand
0381519188527,1,haircare,,,hand
0630996253700,1,haircare,,,hand
8698898454023,1,haircare,,,hand
7500435019880,1,haircare,,,hand
8714100184943,1,haircare,,,hand
7702031293569,1,haircare,,,hand
6912383648561,1,haircare,,,hand
0080878194414,1,haircare,,,hand
7332531075015,1,haircare,,,hand
0052800676633,1,haircare,,,hand
8436567044379,1,haircare,,,hand
0214914610204,1,haircare,,,hand
0080878180868,1,haircare,,,hand
5012583209065,1,haircare,,,hand
0742797773322,1,haircare,,,hand
0065743321263,1,haircare,,,hand
0071249651001,2,haircare,,,hand
0012044045978,1,haircare,,,hand
0764302271420,1,haircare,,,hand
8901030655081,1,haircare,,,hand
0603084565771,1,haircare,,,hand
0810058743831,1,haircare,,,hand
6281006424302,1,haircare,,,hand
6281006424548,1,haircare,,,hand
3600542234757,1,haircare,,,hand
3600542020534,1,haircare,,,hand
3600542131933,1,haircare,,,hand
7046110073773,1,haircare,,,hand
7072463002160,1,haircare,,,hand
7310610015749,1,haircare,,,hand
3600542020411,1,haircare,,,hand
7322540360486,1,haircare,,,hand
5701058006543,1,haircare,,,hand
7310610022617,1,haircare,,,hand
7332531068109,1,haircare,,,hand
3600542234733,1,haircare,,,hand
6951083600110,1,haircare,,,hand
7090023086771,1,haircare,,,hand
7702031293194,1,haircare,,,hand
8001090896216,1,haircare,,,hand
4015100860344,1,haircare,,,hand
7702006208666,1,haircare,,,hand
7702031293248,1,haircare,,,hand
3596710525706,1,haircare,,,hand
4710022102991,1,haircare,,,hand
8906041744502,2,haircare,,,hand
7509546667225,1,haircare,,,hand
5601182013007,2,haircare,,,hand
0850008525681,2,haircare,,,hand
4064666301945,1,haircare,,,hand
0840191600722,1,haircare,,,hand
0343165985646,1,haircare,,,hand
6111242926455,1,haircare,,,hand
33333366,1,haircare,,,hand
0072140021092,1,haircare,,,hand
8692857014105,1,haircare,,,hand
4084500943827,1,haircare,,,hand
0079400323699,1,skincare,,,hand
3574661699493,2,skincare,,,hand
8719179142139,3,skincare,,,hand
8851932478441,2,haircare,,,hand
3600531589455,1,makeup,,,hand
3600530559749,1,makeup,,,hand
3600531589318,1,makeup,,,hand
3600531589431,1,makeup,,,hand
3661434004421,6,makeup,,,hand
3600531129231,1,makeup,,,hand
0041554496925,1,makeup,,,hand
3600531589424,1,makeup,,,hand
5028197869557,2,skincare,,,hand
3700211141932,1,skincare,,,hand
7315980219926,1,skincare,,,hand
3574661016702,3,skincare,,,hand
5704947002725,2,skincare,,,hand
3574661029276,1,skincare,,,hand
0041388000589,1,skincare,,,hand
8809689370211,1,skincare,,,hand
5028197748418,1,skincare,,,hand
0859975002676,2,skincare,,,hand
0792850648579,1,skincare,,,hand
0667553797360,1,skincare,,,hand
8606018355808,1,skincare,,,hand
0011111030589,1,skincare,,,hand
5203069073670,1,skincare,,,hand
5285001270859,1,skincare,,,hand
8801619048412,1,skincare,,,hand
8594175100723,1,skincare,,,hand
8806182587290,1,skincare,,,hand
17427111,1,skincare,,,hand
4227217777723,1,skincare,,,hand
0626232181722,1,skincare,,,hand
0064323385138,1,skincare,,,hand
0888761000145,1,skincare,,,hand
0898220003099,2,skincare,,,hand
0083078421144,2,skincare,,,hand
0083078001476,1,skincare,,,hand
0792850014503,1,skincare,,,hand
5060087361826,1,skincare,,,hand
0041388221052,2,skincare,,,hand
0898220003280,1,skincare,,,hand
0305730795517,1,skincare,,,hand
8809608309377,1,skincare,,,hand
0889628131798,1,skincare,,,hand
0859623003796,2,skincare,,,hand
0859623000429,1,skincare,,,hand
0815601028960,1,skincare,,,hand
0305730705516,1,skincare,,,hand
1017776666377,2,skincare,,,hand
0079893982380,1,skincare,,,hand
0041388220611,2,skincare,,,hand
0857060006578,2,skincare,,,hand
0858699001088,1,skincare,,,hand
0792850907577,1,skincare,,,hand
6957148425582,1,skincare,,,hand
0077043104736,2,skincare,,,hand
0019100127791,1,skincare,,,hand
4800888223128,2,skincare,,,hand
6291069700435,1,skincare,,,hand
5012251013437,2,skincare,,,hand
3141389959309,3,skincare,,,hand
0381370023401,1,skincare,,,hand
5060565106246,1,skincare,,,hand
0071249339190,1,skincare,,,hand
8906147701010,1,skincare,,,hand
4809012902045,1,skincare,,,hand
0028367840640,1,skincare,,,hand
9341053008539,1,skincare,,,hand
5059018044402,1,skincare,,,hand
0381370035725,1,skincare,,,hand
4800067642696,1,skincare,,,hand
9315937063273,1,skincare,,,hand
8719327312872,1,skincare,,,hand
01133479,2,skincare,,,hand
09753215,1,skincare,,,hand
0722510026003,1,skincare,,,hand
5060022308176,3,skincare,,,hand
0019100109940,1,skincare,,,hand
0761736170060,1,skincare,,,hand
0022796180322,1,skincare,,,hand
6111033006106,3,skincare,,,hand
5704947001162,1,skincare,,,hand
3660005907574,2,skincare,,,hand
3600531324513,3,makeup,,,hand
5025970004761,4,skincare,,,hand
3182614080078,3,skincare,,,hand
3574661563312,2,haircare,,,hand
0067990008980,1,skincare,,,hand
0817513015656,1,haircare,,,hand
3517360003192,7,skincare,,,hand
8718951128118,3,skincare,,,hand
0034285696153,6,haircare,,,hand
4066447078534,2,skincare,,,hand
5410091719760,4,skincare,,,hand
0681131002462,1,skincare,,,hand
8429725600715,1,skincare,,,hand
18571248,1,skincare,,,hand
8901138821791,1,haircare,,,hand
0802535118294,2,haircare,,,hand
7897042005024,3,haircare,,,hand
9005800243603,2,skincare,,,hand
0850018802659,1,haircare,,,hand
3517360022681,1,skincare,,,hand
8699863459265,1,skincare,,,hand
0764302290223,4,haircare,,,hand
3560071298104,1,skincare,,,hand
0810021201535,1,skincare,,,hand
0074140021065,1,skincare,,,hand
8052400934500,1,skincare,,,hand
0019100269958,1,skincare,,,hand
8717931605007,1,haircare,,,hand
0037000424314,1,skincare,,,hand
0850034311166,1,haircare,,,hand
0748378004212,1,haircare,,,hand
4084500807426,4,haircare,,,hand
6948225078012,1,makeup,,,hand
3610340651731,2,haircare,,,hand
0850068005796,1,skincare,,,hand
78627882,1,skincare,,,hand
8429871991538,1,skincare,,,hand
8683420170045,8,skincare,,,hand
8904018302878,2,skincare,,,hand
0810016296256,1,haircare,,,hand
8906143704701,1,makeup,,,hand
0574660085563,2,skincare,,,hand
8993838082756,2,skincare,,,hand
8904417306576,1,skincare,,,hand
8906087770671,1,skincare,,,hand
8999999034030,1,skincare,,,hand
8999999001230,1,skincare,,,hand
3574661430768,2,skincare,,,hand
0018787761168,2,skincare,,,hand
0840274005284,1,skincare,,,hand
0079400152299,1,skincare,,,hand
8710919103175,2,skincare,,,hand
7908132258012,3,skincare,,,hand
5060120167033,1,skincare,,,hand
8681153190606,1,makeup,,,hand
6281001342014,1,skincare,,,hand
0667557965710,1,skincare,,,hand
4058172623950,1,skincare,,,hand
4016208854846,1,skincare,,,hand
7340011470243,2,skincare,,,hand
0312547306713,1,skincare,,,hand
0898220003273,1,skincare,,,hand
0617600011041,1,skincare,,,hand
3574669909303,1,skincare,,,hand
8904250610373,2,skincare,,,hand
5025381000031,2,skincare,,,hand
0724000593484,1,skincare,,,hand
6176000113058,1,skincare,,,hand
0895697002150,1,skincare,,,hand
7501054500193,2,skincare,,,hand
3600522203100,2,makeup,,,hand
0011111638532,5,skincare,,,hand
3600540587206,1,skincare,,,hand
3600522862512,1,makeup,,,hand
7340020112394,1,skincare,,,hand
0849607069023,1,skincare,,,hand
8710447474426,2,skincare,,,hand
4003583190690,1,skincare,,,hand
0020714324667,2,makeup,,,hand
5063089066416,1,skincare,,,hand
8710537042474,1,skincare,,,hand
5025135116599,4,skincare,,,hand
3574661624648,1,skincare,,,hand
4056489834830,1,skincare,,,hand
8850567010033,3,skincare,,,hand
3600542034227,3,skincare,,,hand
8851932399517,1,haircare,,,hand
99941208,1,haircare,,,hand
3760095255224,2,skincare,,,hand
3800162530233,1,skincare,,,hand
8001090595539,1,skincare,,,hand
3014260240226,1,skincare,,,hand
8691297102007,1,skincare,,,hand
5028197252588,5,skincare,,,hand
4305615940311,1,skincare,,,hand
4640145087526,1,skincare,,,hand
4630079562770,1,haircare,,,hand
4823115503282,1,haircare,,,hand
5903794192096,1,haircare,,,hand
3760368740730,1,skincare,,,hand
8033564688928,1,haircare,,,hand
8720181284977,1,skincare,,,hand
4056489409809,1,skincare,,,hand
5709954034202,1,skincare,,,hand
59099604,1,skincare,,,hand
8719134150643,1,skincare,,,hand
0381519183379,1,haircare,,,hand
7700304143955,1,haircare,,,hand
8720181397400,1,haircare,,,hand
3760341007201,1,skincare,,,hand
3282770396874,1,skincare,,,hand
8903105033572,3,skincare,,,hand
8850006492857,1,skincare,,,hand
4987176280558,1,skincare,,,hand
8901030904486,1,skincare,,,hand
4005900294456,1,skincare,,,hand
8720181490057,1,skincare,,,hand
0626232179101,1,skincare,,,hand
8697420539887,1,skincare,,,hand
8720181292064,1,skincare,,,hand
4006000158624,3,skincare,,,hand
6130601012172,1,haircare,,,hand
8008970005188,1,skincare,,,hand
5060447949039,1,skincare,,,hand
0813277019916,1,skincare,,,hand
3700292880584,1,haircare,,,hand
0667659321629,1,skincare,,,hand
0795847161532,1,haircare,,,hand
3600542624688,1,skincare,,,hand
8052862440090,1,skincare,,,hand
7643022209094,2,haircare,,,hand
3616303990893,1,makeup,,,hand
3770005798055,1,skincare,,,hand
8720181068874,1,skincare,,,hand
3256228974723,1,haircare,,,hand
6111262400447,1,haircare,,,hand
0815166025350,1,haircare,,,hand
3701129806623,1,skincare,,,hand
7775005006588,1,skincare,,,hand
3574661700878,1,skincare,,,hand
8850029023076,1,skincare,,,hand
8695077072405,1,skincare,,,hand
5017371148250,1,skincare,,,hand
8719743401181,1,haircare,,,hand
6118166223639,1,skincare,,,hand
8009810007744,1,skincare,,,hand
1468488405721,1,skincare,,,hand
8009810010751,1,skincare,,,hand
8906007670593,1,haircare,,,hand
0990312067108,2,skincare,,,hand
5201410220117,1,haircare,,,hand
3600542453127,1,skincare,,,hand
3178041365819,1,haircare,,,hand
8999777017880,3,skincare,,,hand
8032956791413,1,haircare,,,hand
8718951668805,1,skincare,,,hand
5901887010173,8,skincare,,,hand
8700216449632,2,skincare,,,hand
8710919150261,1,skincare,,,hand
9314839014611,1,skincare,,,hand
8428390075569,2,skincare,,,hand
6922829049081,1,haircare,,,hand
4806509662840,1,haircare,,,hand
8911725073106,1,skincare,,,hand
8908025697071,1,skincare,,,hand
9421008708728,1,skincare,,,hand
7702018913688,4,skincare,,,hand
8906008235456,1,skincare,,,hand
3701063817280,1,skincare,,,hand
8719238054618,2,haircare,,,hand
4056489889182,2,skincare,,,hand
3600524143121,1,skincare,,,hand
7509552849523,1,haircare,,,hand
8800241501777,2,skincare,,,hand
8699512007113,1,skincare,,,hand
8710908317361,3,skincare,,,hand
0810400037267,1,skincare,,,hand
3522930004639,1,skincare,,,hand
8901190206574,1,skincare,,,hand
8901399031571,1,skincare,,,hand
7010708112267,1,skincare,,,hand
42237037,1,skincare,,,hand
3596490004064,1,skincare,,,hand
3760169128768,1,skincare,,,hand
4066447806861,1,haircare,,,hand
6191428601024,1,haircare,,,hand
42417484,1,skincare,,,hand
3564700726709,1,skincare,,,hand
8901023018190,1,skincare,,,hand
42438663,1,skincare,,,hand
4059729518873,1,makeup,,,hand
8000137015627,1,haircare,,,hand
8683130108000,1,haircare,,,hand
0029992001123,1,skincare,,,hand
3660005170244,1,skincare,,,hand
4008233129518,1,haircare,,,hand
0091639401580,1,skincare,,,hand
8809640731440,1,skincare,,,hand
9856063290008,1,haircare,,,hand
0674986034313,2,haircare,,,hand
8901396368205,1,skincare,,,hand
0813424024305,1,haircare,,,hand
0840026684293,1,skincare,,,hand
4067796180824,3,skincare,,,hand
8901030868702,1,haircare,,,hand
9000100798563,2,haircare,,,hand
8720289263386,2,skincare,,,hand
8719134163100,1,haircare,,,hand
8850722201900,1,skincare,,,hand
3118301003358,1,haircare,,,hand
8720181297601,3,skincare,,,hand
6191428603035,1,skincare,,,hand
0005524455466,1,haircare,,,hand
8906117259633,1,skincare,,,hand
59098812,1,skincare,,,hand
8901088719551,1,skincare,,,hand
8682943404521,1,skincare,,,hand
6136908000522,1,skincare,,,hand
0738678002711,1,skincare,,,hand
0080196306155,1,skincare,,,hand
3760346074512,1,skincare,,,hand
5028197274214,1,skincare,,,hand
4630039535622,2,skincare,,,hand
4006000094175,1,skincare,,,hand
0170000540258,1,skincare,,,hand
8000137018086,1,skincare,,,hand
8901207045813,1,haircare,,,hand
9339341017387,1,haircare,,,hand
8999908450906,1,skincare,,,hand
8004283158122,1,skincare,,,hand
8901030977657,1,skincare,,,hand
6118000120582,1,skincare,,,hand
5410103002095,1,haircare,,,hand
8682631441487,1,makeup,,,hand
7500435242615,1,haircare,,,hand
0022700581139,1,makeup,,,hand
0810006942460,4,haircare,,,hand
6150640575575,1,skincare,,,hand
0850026256154,1,skincare,,,hand
8904417317282,1,haircare,,,hand
8697448180771,1,skincare,,,hand
7630028635170,1,skincare,,,hand
8809563102600,1,skincare,,,hand
8700216208543,1,haircare,,,hand
5748996064006,1,skincare,,,hand
8904401112749,1,skincare,,,hand
4056489965435,2,skincare,,,hand
3253581667149,1,skincare,,,hand
4062300253926,1,skincare,,,hand
0056594018013,1,skincare,,,hand
3600524059156,1,haircare,,,hand
0121750476515,1,skincare,,,hand
8801619052037,1,skincare,,,hand
8017331092019,1,haircare,,,hand
8901148260405,1,skincare,,,hand
0371661829478,1,skincare,,,hand
8053732104500,1,haircare,,,hand
8901030868801,1,skincare,,,hand
3600542617741,1,haircare,,,hand
3770010160236,1,skincare,,,hand
3468080009615,1,skincare,,,hand
2900011800034,1,skincare,,,hand
7703819261336,1,makeup,,,hand
5200309852163,1,haircare,,,hand
4305615827469,1,skincare,,,hand
3518646860331,1,skincare,,,hand
7501007533971,1,skincare,,,hand
8906087779292,1,skincare,,,hand
59095552,3,skincare,,,hand
7322541498775,1,skincare,,,hand
8720181458972,1,haircare,,,hand
3600551125268,1,skincare,,,hand
8720964891781,1,skincare,,,hand
3770012998288,1,skincare,,,hand
3610340670978,8,haircare,,,hand
8929991741728,1,skincare,,,hand
8001841425375,1,haircare,,,hand
0018787231203,1,skincare,,,hand
3258561660127,1,skincare,,,hand
0018787243459,1,skincare,,,hand
8902979029025,3,haircare,,,hand
7791293046365,1,haircare,,,hand
4066447231250,1,skincare,,,hand
8436097096688,3,skincare,,,hand
0673914243902,1,haircare,,,hand
5045095246976,1,skincare,,,hand
6111271522055,1,skincare,,,hand
0800897003968,3,makeup,,,hand
9000101290875,2,haircare,,,hand
0044386129764,4,makeup,,,hand
8909106028623,1,skincare,,,hand
8901030861703,3,haircare,,,hand
0816007012645,1,skincare,,,hand
3600551151496,1,skincare,,,hand
8002330123666,1,skincare,,,hand
8721073626417,1,skincare,,,hand
3250392343118,1,skincare,,,hand
7310617311851,1,skincare,,,hand
9300607563283,1,skincare,,,hand
8000137011742,1,skincare,,,hand
0012044049891,1,skincare,,,hand
8690530058644,1,skincare,,,hand
8790175490127,1,skincare,,,hand
3600524153465,1,haircare,,,hand
6223004681868,4,skincare,,,hand
8906121801187,1,skincare,,,hand
8904135205243,1,skincare,,,hand
8906087776604,1,skincare,,,hand
0620530540243,1,skincare,,,hand
0192333164525,1,skincare,,,hand
8888202054654,1,skincare,,,hand
6224010520509,1,haircare,,,hand
4550583926700,2,skincare,,,hand
6111040006922,1,skincare,,,hand
8032568303707,1,skincare,,,hand
8886950035048,1,haircare,,,hand
0837524004357,1,skincare,,,hand
8425850039772,1,haircare,,,hand
3337875734837,1,skincare,,,hand
4335619130685,1,skincare,,,hand
7340191139701,1,skincare,,,hand
3612622659374,1,skincare,,,hand
8909106013087,1,haircare,,,hand
3564706517004,1,haircare,,,hand
0079656024326,1,skincare,,,hand
3337875597364,1,skincare,,,hand
22386939,1,skincare,,,hand
3600551125206,1,skincare,,,hand
3600551143248,1,skincare,,,hand
3600542624909,1,skincare,,,hand
3600551143231,2,skincare,,,hand
8809373570026,2,skincare,,,hand
8007674851015,1,haircare,,,hand
7798121272903,1,skincare,,,hand
3574661608549,1,skincare,,,hand
3760211481414,2,skincare,,,hand
3700343046082,1,skincare,,,hand
3700343046112,1,skincare,,,hand
4056489878117,1,skincare,,,hand
4067796220520,1,skincare,,,hand
3600542512886,1,skincare,,,hand
4005900370655,1,skincare,,,hand
4005900370716,1,skincare,,,hand
4005900370556,1,skincare,,,hand
0764302211068,1,skincare,,,hand
8004120911514,1,skincare,,,hand
3348901737319,1,makeup,,,hand
6928001831741,1,haircare,,,hand
0198168306239,1,skincare,,,hand
8025796000104,1,haircare,,,hand
5201314185314,1,skincare,,,hand
8680690700835,1,haircare,,,hand
4005900702661,1,skincare,,,hand
4005900602114,1,skincare,,,hand
4006000132303,1,skincare,,,hand
8480024540188,1,skincare,,,hand
8719743407763,1,skincare,,,hand
8906005274076,1,skincare,,,hand
4801010560500,1,skincare,,,hand
3616305953612,1,skincare,,,hand
4005900253668,5,skincare,,,hand
8906065544171,1,skincare,,,hand
59096061,3,skincare,,,hand
0669203926731,2,skincare,,,hand
4059729487926,1,makeup,,,hand
4006000132242,1,skincare,,,hand
5709954015256,1,skincare,,,hand
3600542159623,1,haircare,,,hand
6181001997521,1,skincare,,,hand
4987176230829,1,haircare,,,hand
8414716405028,1,skincare,,,hand
4006000136264,1,skincare,,,hand
7340191125582,1,skincare,,,hand
8002185085126,1,skincare,,,hand
8715342052878,1,haircare,,,hand
4005808223039,3,skincare,,,hand
26315744,1,skincare,,,hand
8720181213847,1,skincare,,,hand
9556171000086,1,haircare,,,hand
3517360020793,2,skincare,,,hand
3468080411234,1,skincare,,,hand
8720181608353,2,skincare,,,hand
8718801819234,1,skincare,,,hand
3574661799797,1,skincare,,,hand
5997001733691,1,skincare,,,hand
0384910427332,1,skincare,,,hand
7340191139626,1,skincare,,,hand
0854102006381,1,haircare,,,hand
3662361001699,1,skincare,,,hand
8905640000521,1,skincare,,,hand
5201263007057,1,skincare,,,hand
4005900480392,1,skincare,,,hand
6223004683190,1,skincare,,,hand
4056489602194,1,skincare,,,hand
8710444221597,1,haircare,,,hand
4260380014592,1,haircare,,,hand
0018787830680,1,skincare,,,hand
3574661774152,1,skincare,,,hand
4600702094008,2,skincare,,,hand
5604260325139,1,skincare,,,hand
8904092136956,1,haircare,,,hand
5213007440617,1,skincare,,,hand
8905640011695,1,skincare,,,hand
3600542534260,1,skincare,,,hand
4066447793574,3,skincare,,,hand
8905110001201,1,skincare,,,hand
3600542289818,3,haircare,,,hand
5459313362360,1,skincare,,,hand
8683130082973,2,haircare,,,hand
5709404579932,1,skincare,,,hand
7313272150896,1,skincare,,,hand
42332749,1,skincare,,,hand
7290006788412,1,skincare,,,hand
8904296908885,1,skincare,,,hand
9120064117030,1,skincare,,,hand
3664696003065,1,skincare,,,hand
3600524144449,1,skincare,,,hand
8905110001324,1,skincare,,,hand
3282770396331,1,skincare,,,hand
8002410038828,1,skincare,,,hand
4066447705041,2,skincare,,,hand
4005900457622,5,skincare,,,hand
4006000085036,1,skincare,,,hand
3770018642406,1,skincare,,,hand
8720181612657,1,skincare,,,hand
8029041101233,1,skincare,,,hand
8904417314298,1,skincare,,,hand
01678832,1,makeup,,,hand
6111273490154,1,haircare,,,hand
6224010337053,2,haircare,,,hand
08036759,1,haircare,,,hand
5410091775070,3,haircare,,,hand
0839186088522,1,makeup,,,hand
8907893814061,1,skincare,,,hand
3282770395372,1,skincare,,,hand
8480024553065,4,skincare,,,hand
8904355401937,1,skincare,,,hand
0764302024798,1,skincare,,,hand
6161107222888,1,skincare,,,hand
7350104490225,1,haircare,,,hand
7350104490232,1,haircare,,,hand
7350104490287,1,haircare,,,hand
3574661469928,1,skincare,,,hand
7340191126237,1,skincare,,,hand
6900010142704,1,skincare,,,hand
0037000731566,1,skincare,,,hand
8008843133406,1,skincare,,,hand
4603023067492,1,skincare,,,hand
42467069,1,skincare,,,hand
5709954039719,1,skincare,,,hand
3600542638784,1,haircare,,,hand
8720182608949,1,haircare,,,hand
7702166053434,1,skincare,,,hand
7700304389865,1,skincare,,,hand
0800897266776,1,makeup,,,hand
6942349738203,1,skincare,,,hand
8718951728103,1,skincare,,,hand
8808739000504,1,skincare,,,hand
9335955004713,1,skincare,,,hand
6921183710651,1,skincare,,,hand
4005900605498,1,skincare,,,hand
42361244,1,skincare,,,hand
7032069103432,1,skincare,,,hand
7700304333462,1,skincare,,,hand
0808124121218,2,skincare,,,hand
4005800317330,1,skincare,,,hand
4250587723588,2,makeup,,,hand
5701410419431,1,skincare,,,hand
8886335980437,1,skincare,,,hand
3760424731245,1,skincare,,,hand
5310153028611,1,skincare,,,hand
4600104032264,1,haircare,,,hand
3468080155442,1,haircare,,,hand
4005900354242,1,skincare,,,hand
8901106111220,1,skincare,,,hand
0077043003497,1,skincare,,,hand
0827854007234,1,skincare,,,hand
0628308852024,1,skincare,,,hand
0190679009098,1,haircare,,,hand
3160920509919,3,skincare,,,hand
7340011429319,2,skincare,,,hand
7340011429234,2,skincare,,,hand
7640183491009,1,skincare,,,hand
7640183490101,1,skincare,,,hand
7640183490651,1,skincare,,,hand
7640183490330,1,skincare,,,hand
7640183490637,1,skincare,,,hand
7640183490613,1,skincare,,,hand
7640183490583,1,skincare,,,hand
7640183490118,1,skincare,,,hand
7640183490620,1,skincare,,,hand
7640183490712,1,skincare,,,hand
7640183490859,1,skincare,,,hand
7640183490279,1,skincare,,,hand
7640183490415,1,skincare,,,hand
7640183490309,1,skincare,,,hand
7640183490255,1,skincare,,,hand
7640183490071,1,skincare,,,hand
7640183490422,1,skincare,,,hand
7640183491177,1,haircare,,,hand
7640183490293,1,skincare,,,hand
7640183491191,1,skincare,,,hand
3600541660564,1,haircare,,,hand
5060083165664,1,makeup,,,hand
4000576027230,1,skincare,,,hand
7640183490187,1,skincare,,,hand
7640183490286,1,skincare,,,hand
7640183490699,1,skincare,,,hand
7640183490675,1,skincare,,,hand
7640183490262,1,skincare,,,hand
7640183490798,1,skincare,,,hand
7640183490026,1,skincare,,,hand
7640183490750,1,skincare,,,hand
7640183490057,1,skincare,,,hand
7640183490231,1,skincare,,,hand
7640183490163,1,skincare,,,hand
7640183490156,1,skincare,,,hand
7640245620293,1,skincare,,,hand
9174085108201,2,skincare,,,hand
7319866009694,1,skincare,,,hand
0609332829985,2,makeup,,,hand
42449126,1,skincare,,,hand
42449034,1,skincare,,,hand
4260167188645,1,skincare,,,hand
4031626001122,1,makeup,,,hand
42349655,1,skincare,,,hand
42354840,1,skincare,,,hand
3660005122502,1,skincare,,,hand
5900525062789,1,skincare,,,hand
7032069717455,1,skincare,,,hand
7322542454701,1,skincare,,,hand
7071134126587,1,skincare,,,hand
4250947598306,1,makeup,,,hand
3660005130248,1,skincare,,,hand
6972755025574,1,skincare,,,hand
8001090895158,1,haircare,,,hand
0072140038335,1,skincare,,,hand
7506110684930,1,skincare,,,hand
8901030974380,1,skincare,,,hand
3595890250538,1,skincare,,,hand
3770000717174,1,haircare,,,hand
3760162120899,1,skincare,,,hand
5202568407085,1,skincare,,,hand
3600551164687,1,skincare,,,hand
0810105630213,1,haircare,,,hand
7774904260466,3,haircare,,,hand
7794218106922,3,skincare,,,hand
7791293043814,5,skincare,,,hand
8903380037555,1,skincare,,,hand
8710729015842,3,skincare,,,hand
59092711,1,skincare,,,hand
0011111018723,2,skincare,,,hand
4305615827896,3,skincare,,,hand
3760209542509,1,skincare,,,hand
4066447434040,1,skincare,,,hand
4066447237429,1,haircare,,,hand
3600542512534,1,haircare,,,hand
0724742004002,1,skincare,,,hand
6132494500279,2,skincare,,,hand
4001638580267,1,skincare,,,hand
4001638589611,1,skincare,,,hand
4072600221204,6,haircare,,,hand
4009800001787,3,skincare,,,hand
7612449131059,1,skincare,,,hand
8431876349610,6,skincare,,,hand
7032069717424,1,skincare,,,hand
5901018021122,5,haircare,,,hand
5904858674268,1,haircare,,,hand
7640176425653,1,makeup,,,hand
0708002400612,1,haircare,,,hand
8718951401174,1,skincare,,,hand
76169991,1,skincare,,,hand
5907618131377,1,haircare,,,hand
3574661711485,1,skincare,,,hand
8720181334030,1,skincare,,,hand
4005900253330,1,skincare,,,hand
42345114,1,skincare,,,hand
4005900904881,1,skincare,,,hand
42288541,1,skincare,,,hand
8906146680958,1,skincare,,,hand
3282770396317,1,skincare,,,hand
3145891457667,1,makeup,,,hand
7791293048482,1,skincare,,,hand
40060507,1,skincare,,,hand
4012400800711,1,skincare,,,hand
3760243631252,1,skincare,,,hand
8700216318426,1,haircare,,,hand
3770019886267,1,skincare,,,hand
3468080009288,1,skincare,,,hand
3337875863841,1,skincare,,,hand
8999777014209,1,skincare,,,hand
3606000537606,1,skincare,,,hand
0381372024314,1,skincare,,,hand
0850000494169,1,skincare,,,hand
0817810010071,1,skincare,,,hand
0810084541586,1,skincare,,,hand
8901030937163,2,haircare,,,hand
0787790589761,1,haircare,,,hand
0810094554347,1,haircare,,,hand
0633911811399,1,haircare,,,hand
0381371175710,1,haircare,,,hand
0850012507192,1,haircare,,,hand
0018084959527,1,haircare,,,hand
0079400488947,1,haircare,,,hand
0854771005227,1,haircare,,,hand
0813424022851,1,haircare,,,hand
0810095596261,1,haircare,,,hand
0851615006105,1,haircare,,,hand
0018787781050,1,skincare,,,hand
0810171573148,1,skincare,,,hand
4066447109399,1,haircare,,,hand
4103040117335,3,haircare,,,hand
6932511224511,1,haircare,,,hand
6941205313066,2,haircare,,,hand
1918267836180,1,makeup,,,hand
3760087902532,1,skincare,,,hand
4005900601902,1,skincare,,,hand
4006000132273,1,skincare,,,hand
4006000056784,1,skincare,,,hand
5099821048990,1,skincare,,,hand
5099821049799,1,skincare,,,hand
59097969,1,skincare,,,hand
8809472905712,1,haircare,,,hand
0345334302124,1,skincare,,,hand
0810095595721,1,skincare,,,hand
0810095595738,1,skincare,,,hand
0371782005331,1,skincare,,,hand
0022796924513,1,skincare,,,hand
0817939018651,1,skincare,,,hand
0011111010406,1,skincare,,,hand
0011111172654,1,skincare,,,hand
3519590214737,1,skincare,,,hand
8032680397073,1,skincare,,,hand
5099821048976,1,skincare,,,hand
5099821002213,1,skincare,,,hand
4005900983947,1,skincare,,,hand
5099821002275,2,skincare,,,hand
42467045,1,skincare,,,hand
4005900604965,1,skincare,,,hand
3250392927141,1,skincare,,,hand
9019404800711,1,skincare,,,hand
3583787131558,2,skincare,,,hand
8001300820642,1,skincare,,,hand
4305615827636,1,skincare,,,hand
3600541313057,2,skincare,,,hand
4045787723557,1,haircare,,,hand
0681131247467,1,skincare,,,hand
3600542226295,1,skincare,,,hand
7708162555606,1,haircare,,,hand
3600551145914,1,skincare,,,hand
42348511,1,skincare,,,hand
3538396153200,1,haircare,,,hand
0850030360526,1,skincare,,,hand
4006000137995,1,skincare,,,hand
4005900601971,1,skincare,,,hand
4316268704236,1,skincare,,,hand
4311596019427,1,haircare,,,hand
8809080821503,4,skincare,,,hand
4066447235579,1,skincare,,,hand
0045567218963,1,skincare,,,hand
3600542578585,1,skincare,,,hand
4005900129987,1,skincare,,,hand
8719281075912,1,haircare,,,hand
5099514400074,1,skincare,,,hand
5029053580258,1,skincare,,,hand
4005900694003,1,skincare,,,hand
4005900717191,2,skincare,,,hand
8904109401879,1,haircare,,,hand
7035620061189,1,skincare,,,hand
6221039305018,1,skincare,,,hand
8030582022697,1,haircare,,,hand
6971375186047,2,skincare,,,hand
4059729382665,2,makeup,,,hand
7793008017462,2,haircare,,,hand
8002410022971,1,skincare,,,hand
8720181606786,1,skincare,,,hand
4335619174795,1,skincare,,,hand
2000000153021,2,haircare,,,hand
7509552844221,1,haircare,,,hand
3600524139025,4,haircare,,,hand
3701056802767,1,skincare,,,hand
5601312613091,1,skincare,,,hand
0022796916129,2,haircare,,,hand
4066447591880,1,skincare,,,hand
4600528000337,1,skincare,,,hand
6132360000032,1,skincare,,,hand
3538396527100,1,skincare,,,hand
3600524139599,3,haircare,,,hand
4335619238817,1,skincare,,,hand
0635131118159,1,haircare,,,hand
8680985004686,1,skincare,,,hand
4061464973220,1,skincare,,,hand
3600551068459,1,skincare,,,hand
0817252011681,1,skincare,,,hand
4954835114257,1,haircare,,,hand
8720181192098,4,skincare,,,hand
3600531691936,4,makeup,,,hand
42449430,3,skincare,,,hand
4006000077963,6,skincare,,,hand
8480000441683,4,haircare,,,hand
6004077000066,1,skincare,,,hand
8022328104729,1,skincare,,,hand
4058172623868,5,haircare,,,hand
7702354951757,1,haircare,,,hand
0852664004197,1,skincare,,,hand
8997050801416,1,skincare,,,hand
0222288111111,1,skincare,,,hand
8720181313424,2,skincare,,,hand
6006323598549,1,skincare,,,hand
7690606062194,1,haircare,,,hand
4034348013046,1,haircare,,,hand
4006000080888,2,skincare,,,hand
8719134098808,3,skincare,,,hand
4008233161327,4,skincare,,,hand
3468080798212,2,haircare,,,hand
8961014251975,1,skincare,,,hand
4005900759214,1,skincare,,,hand
0708002400490,1,skincare,,,hand
5400117562654,1,skincare,,,hand
3701129802069,1,skincare,,,hand
4066447710618,4,skincare,,,hand
4067796183887,1,skincare,,,hand
0081555541859,1,makeup,,,hand
8906017461433,1,makeup,,,hand
8906161980286,1,skincare,,,hand
0681619700651,1,makeup,,,hand
5907222404669,1,haircare,,,hand
5902596416997,1,haircare,,,hand
3701052403623,1,skincare,,,hand
8002410040388,3,skincare,,,hand
4311501010914,1,haircare,,,hand
8059015606174,1,haircare,,,hand
6181100536553,1,skincare,,,hand
8008970054520,1,skincare,,,hand
8009518491937,1,skincare,,,hand
40061337,1,skincare,,,hand
40062075,1,skincare,,,hand
8002340008984,1,skincare,,,hand
80851226,1,skincare,,,hand
6154000145088,1,skincare,,,hand
8001120772794,1,skincare,,,hand
9002154733118,1,skincare,,,hand
8004283112438,1,skincare,,,hand
8850006494097,1,skincare,,,hand
4067796130478,4,skincare,,,hand
00446549,1,skincare,,,hand
0035713077704,1,makeup,,,hand
3468080009332,4,skincare,,,hand
8032979003661,1,skincare,,,hand
42429128,1,skincare,,,hand
4008666209016,1,haircare,,,hand
4987176162168,1,haircare,,,hand
4006000063713,1,skincare,,,hand
4005808654024,2,skincare,,,hand
7501054503095,5,skincare,,,hand
4005900973856,1,skincare,,,hand
30149649,1,makeup,,,hand
0071249688601,1,makeup,,,hand
8909106030534,1,skincare,,,hand
0068323002040,1,skincare,,,hand
4006000062891,1,skincare,,,hand
0681131081641,1,skincare,,,hand
8700216157599,1,haircare,,,hand
5202663100416,1,skincare,,,hand
5208046090275,1,skincare,,,hand
3700322000098,1,skincare,,,hand
3600523201501,1,skincare,,,hand
80972952,2,skincare,,,hand
4006000128689,1,skincare,,,hand
8001120704467,1,skincare,,,hand
4006000103488,1,skincare,,,hand
5065003990708,1,skincare,,,hand
4006000138022,1,skincare,,,hand
8001120704788,1,skincare,,,hand
7313272139747,1,skincare,,,hand
7313272150940,1,skincare,,,hand
7313272111552,1,skincare,,,hand
7319861023640,1,skincare,,,hand
4305615761497,1,skincare,,,hand
4028982010387,1,skincare,,,hand
3616303999469,3,makeup,,,hand
4335619112827,1,skincare,,,hand
8720181183775,3,skincare,,,hand
3662361002009,1,skincare,,,hand
3600551146041,1,skincare,,,hand
8006540115886,4,haircare,,,hand
6111096009434,1,skincare,,,hand
6111024008928,2,skincare,,,hand
3600551145983,1,skincare,,,hand
8718951647107,2,skincare,,,hand
3600542625029,2,skincare,,,hand
6111255617913,1,haircare,,,hand
0850018287135,1,haircare,,,hand
0850043891406,1,skincare,,,hand
5060630727758,1,skincare,,,hand
59092681,3,skincare,,,hand
8720181343452,1,skincare,,,hand
0812154035353,1,haircare,,,hand
8004395009824,1,skincare,,,hand
7630028634371,1,skincare,,,hand
7313272135268,1,skincare,,,hand
8809723781249,1,skincare,,,hand
3430750138529,1,skincare,,,hand
3607940032008,1,skincare,,,hand
4015600862640,1,skincare,,,hand
4680040410371,1,haircare,,,hand
4059729207241,2,makeup,,,hand
4066447785715,1,skincare,,,hand
5694230167203,1,skincare,,,hand
5694230167036,1,skincare,,,hand
0700501689116,1,skincare,,,hand
7319861018523,1,skincare,,,hand
7319861018585,1,skincare,,,hand
4005800264887,1,skincare,,,hand
2050001419545,1,skincare,,,hand
4260491222275,3,skincare,,,hand
6973098891185,2,skincare,,,hand
4006000111827,1,skincare,,,hand
8809414192170,1,skincare,,,hand
3574661254463,3,skincare,,,hand
0673914115674,3,skincare,,,hand
4005808919574,1,skincare,,,hand
1600126433073,1,haircare,,,hand
6130072001934,1,skincare,,,hand
3564700890592,1,skincare,,,hand
18785035,1,skincare,,,hand
59095446,1,skincare,,,hand
8901030712999,1,skincare,,,hand
0071409543528,1,haircare,,,hand
11371991,1,skincare,,,hand
8717931607872,1,haircare,,,hand
3600542365833,1,skincare,,,hand
8007300501079,1,skincare,,,hand
8710447174739,1,haircare,,,hand
3564700734353,1,skincare,,,hand
3348901680028,1,makeup,,,hand
4005900804259,4,skincare,,,hand
4067796173673,1,haircare,,,hand
8809663576028,1,skincare,,,hand
8906084795653,1,skincare,,,hand
4084500944138,1,haircare,,,hand
5900516653170,1,skincare,,,hand
0747930175353,1,skincare,,,hand
3701616410104,1,haircare,,,hand
3616828844428,1,skincare,,,hand
4006000102757,3,skincare,,,hand
8997241850766,1,skincare,,,hand
4047196045923,1,skincare,,,hand
4061461592769,1,skincare,,,hand
4061461592806,1,skincare,,,hand
4894819706330,1,skincare,,,hand
8718951573062,3,skincare,,,hand
7501001309060,1,skincare,,,hand
8999338169881,1,haircare,,,hand
4005900388476,1,skincare,,,hand
4008666701510,1,haircare,,,hand
3355312145534,1,skincare,,,hand
4603784469504,1,skincare,,,hand
4062300421677,1,skincare,,,hand
4582469490807,1,haircare,,,hand
5060176671447,1,skincare,,,hand
8809532221707,1,skincare,,,hand
8700216322546,1,haircare,,,hand
20916220,1,skincare,,,hand
3023190006826,2,skincare,,,hand
3662217018864,1,skincare,,,hand
3701436911430,1,haircare,,,hand
4064666847887,1,haircare,,,hand
8006540650318,1,haircare,,,hand
0810006475869,1,skincare,,,hand
0840749000578,1,skincare,,,hand
0850020056392,1,skincare,,,hand
4001638589727,1,skincare,,,hand
3266191066691,1,skincare,,,hand
3760254960419,1,skincare,,,hand
8999999030391,1,skincare,,,hand
3600524103330,1,skincare,,,hand
0549008010104,2,skincare,,,hand
0299040042372,1,skincare,,,hand
3522930003717,1,skincare,,,hand
4806502168790,1,skincare,,,hand
8809925175372,1,skincare,,,hand
3250393380600,1,skincare,,,hand
8058268660728,1,haircare,,,hand
8054615474024,1,skincare,,,hand
8402001021046,1,skincare,,,hand
3253581779101,1,skincare,,,hand
6203910208106,1,makeup,,,hand
8594071258160,1,skincare,,,hand
3600542433266,1,skincare,,,hand
4059729447395,2,makeup,,,hand
5997001738986,1,skincare,,,hand
5060528325622,1,haircare,,,hand
0634084471700,1,skincare,,,hand
8901030948237,5,skincare,,,hand
3574661350806,1,skincare,,,hand
3574661350868,1,skincare,,,hand
5060120176134,6,haircare,,,hand
7467345281618,4,haircare,,,hand
4062300419346,1,skincare,,,hand
4019886190053,1,skincare,,,hand
4005344485243,1,skincare,,,hand
0724742003890,1,skincare,,,hand
0261197123242,1,skincare,,,hand
8436559477642,1,skincare,,,hand
8901138506391,1,makeup,,,hand
4059729445438,3,makeup,,,hand
3489940061574,1,skincare,,,hand
8000793019953,1,skincare,,,hand
3522933034329,1,skincare,,,hand
6130548017704,1,haircare,,,hand
3600551172316,1,haircare,,,hand
3600551172323,1,haircare,,,hand
3600551171579,1,skincare,,,hand
3600551171630,1,skincare,,,hand
5060896573755,1,skincare,,,hand
6957148434126,1,skincare,,,hand
6111040010035,1,skincare,,,hand
6926603228174,1,skincare,,,hand
0764302231530,1,haircare,,,hand
9359130000147,1,skincare,,,hand
7322541164724,1,skincare,,,hand
3600551175188,1,skincare,,,hand
4067796002737,3,haircare,,,hand
5944732011949,1,skincare,,,hand
5943000103812,1,haircare,,,hand
3600551125565,1,skincare,,,hand
4630018367213,1,skincare,,,hand
3560071264727,1,skincare,,,hand
9554100394756,1,skincare,,,hand
7791293049120,1,skincare,,,hand
0850001265492,4,haircare,,,hand
8999999005580,1,skincare,,,hand
8901248104906,1,skincare,,,hand
8902102163930,1,skincare,,,hand
4630262809187,1,skincare,,,hand
6130640016063,1,skincare,,,hand
0381371167258,1,skincare,,,hand
8718452121458,1,skincare,,,hand
0075609202940,1,skincare,,,hand
4066447531770,1,makeup,,,hand
6033000291998,1,skincare,,,hand
0812154035223,1,skincare,,,hand
8720181601934,1,skincare,,,hand
8904422708990,2,haircare,,,hand
8720181601958,1,skincare,,,hand
3760209870169,1,skincare,,,hand
6192017323914,1,haircare,,,hand
6931149446654,5,skincare,,,hand
0884486289438,1,haircare,,,hand
3600551132211,1,skincare,,,hand
4072600282380,1,haircare,,,hand
3600522202967,3,skincare,,,hand
4064666321493,1,haircare,,,hand
4064666043371,1,haircare,,,hand
0850018802796,1,haircare,,,hand
5012008738101,1,skincare,,,hand
0850056933285,2,haircare,,,hand
4901301333384,1,skincare,,,hand
6009660369230,1,skincare,,,hand
6132532740438,1,makeup,,,hand
9330344001670,2,skincare,,,hand
8690506560355,1,skincare,,,hand
8719134155051,4,skincare,,,hand
4006000129792,1,skincare,,,hand
8721073613677,1,skincare,,,hand
0050355558930,1,skincare,,,hand
0012044057773,1,skincare,,,hand
3574661478067,2,skincare,,,hand
8690091125359,1,skincare,,,hand
0685428030305,1,haircare,,,hand
0037000321361,1,skincare,,,hand
0022796910059,2,haircare,,,hand
8717163476789,3,skincare,,,hand
3549620008432,1,haircare,,,hand
3614273962100,1,makeup,,,hand
3614220783352,1,skincare,,,hand
3701129803738,2,skincare,,,hand
7798140256762,8,haircare,,,hand
3468080082533,1,skincare,,,hand
3468080411456,1,skincare,,,hand
3286010096692,1,skincare,,,hand
3286010076038,1,skincare,,,hand
3606000607019,1,haircare,,,hand
8480010192612,1,skincare,,,hand
4560401461436,1,skincare,,,hand
3516170027060,1,makeup,,,hand
3266191021058,4,skincare,,,hand
0887167582873,1,makeup,,,hand
3600542525787,1,haircare,,,hand
6975050660938,1,makeup,,,hand
42485346,1,skincare,,,hand
0190430038893,1,skincare,,,hand
4337256573030,1,skincare,,,hand
0810005414456,1,haircare,,,hand
8017990167752,1,skincare,,,hand
3600541029323,1,skincare,,,hand
0735546530130,1,skincare,,,hand
0383711002502,1,skincare,,,hand
8720181594793,3,skincare,,,hand
3517360025170,1,haircare,,,hand
3564706747753,1,haircare,,,hand
8021983810693,1,skincare,,,hand
3564706754348,1,haircare,,,hand
7791293048031,1,skincare,,,hand
9005800379869,1,skincare,,,hand
0662476147254,1,skincare,,,hand
4059729327024,2,makeup,,,hand
3253581754047,1,skincare,,,hand
8591113042282,2,haircare,,,hand
8700216444101,1,haircare,,,hand
8909106025196,1,skincare,,,hand
0815413023405,1,haircare,,,hand
0815413022781,1,haircare,,,hand
4006000013428,1,skincare,,,hand
3660005422381,1,skincare,,,hand
8908003819778,2,skincare,,,hand
0098132573882,1,makeup,,,hand
0773602544172,1,makeup,,,hand
8809052581497,1,skincare,,,hand
0071164343272,2,haircare,,,hand
0072140017156,1,skincare,,,hand
0381371191949,1,skincare,,,hand
3661434009310,1,haircare,,,hand
4897097266404,1,haircare,,,hand
0878639002517,1,haircare,,,hand
8809625870096,1,skincare,,,hand
8008970055398,1,skincare,,,hand
3770008167988,2,skincare,,,hand
4335619058507,1,skincare,,,hand
3596710514434,7,skincare,,,hand
0330140561636,1,skincare,,,hand
3245678667897,22,skincare,,,hand
8057018245581,3,makeup,,,hand
8056210001070,1,skincare,,,hand
7032069104507,1,skincare,,,hand
7032069100936,1,skincare,,,hand
0650240013881,1,skincare,,,hand
22387608,1,skincare,,,hand
3600551177861,1,haircare,,,hand
8681701001675,1,haircare,,,hand
8030243035202,1,skincare,,,hand
4600528340549,1,skincare,,,hand
4806518334578,1,skincare,,,hand
0079656603248,1,skincare,,,hand
8000783001722,1,skincare,,,hand
8414227057686,1,skincare,,,hand
5949087402466,1,skincare,,,hand
6111271180866,1,skincare,,,hand
3600542617727,1,haircare,,,hand
8054042630291,1,haircare,,,hand
5906395837137,1,skincare,,,hand
0810135730082,2,haircare,,,hand
4059729441973,2,makeup,,,hand
7791274009532,1,skincare,,,hand
9333441008450,1,skincare,,,hand
8680540173840,2,skincare,,,hand
4006000131801,2,skincare,,,hand
6260374101558,1,skincare,,,hand
4005900458681,1,skincare,,,hand
4005900460240,1,skincare,,,hand
4006000063362,1,skincare,,,hand
4015100865219,1,haircare,,,hand
5601312611394,1,haircare,,,hand
4002448047889,1,skincare,,,hand
0055086011921,1,skincare,,,hand
8700216023092,4,skincare,,,hand
4004704104305,2,skincare,,,hand
6970779600777,1,makeup,,,hand
4064666316208,1,haircare,,,hand
4103040051653,1,haircare,,,hand
8028997977251,2,makeup,,,hand
3600542561389,1,skincare,,,hand
6132349400389,2,skincare,,,hand
3263854126617,1,skincare,,,hand
7315982038631,1,skincare,,,hand
8901088150729,1,haircare,,,hand
8904006307151,1,skincare,,,hand
6281031267158,1,haircare,,,hand
4908405700982,1,skincare,,,hand
4059729515070,1,makeup,,,hand
0057800990451,1,skincare,,,hand
4059729518521,1,makeup,,,hand
30146754,2,makeup,,,hand
4059729384232,2,makeup,,,hand
8712561444439,1,skincare,,,hand
3574159658124,1,skincare,,,hand
8809093097100,1,haircare,,,hand
8054615472600,1,skincare,,,hand
8700216185356,1,haircare,,,hand
4742616000659,1,haircare,,,hand
03318643,1,skincare,,,hand
6111263795771,1,skincare,,,hand
8720289261542,1,skincare,,,hand
6974370521264,1,haircare,,,hand
0816218026110,2,skincare,,,hand
8436097095339,1,haircare,,,hand
4006000037660,1,skincare,,,hand
8904352004650,1,skincare,,,hand
8904352004414,1,haircare,,,hand
8904352004681,1,skincare,,,hand
8904352004100,1,skincare,,,hand
8904355401944,1,skincare,,,hand
4987176177674,1,skincare,,,hand
8901450001246,1,skincare,,,hand
8720181537868,1,haircare,,,hand
8901030653926,1,skincare,,,hand
8901399111013,1,skincare,,,hand
8720908031129,3,skincare,,,hand
0077043003527,2,skincare,,,hand
0072140813062,1,skincare,,,hand
5030834000926,1,haircare,,,hand
8001090596017,1,skincare,,,hand
4015100860986,1,haircare,,,hand
0011111018808,1,skincare,,,hand
4021457655137,1,haircare,,,hand
4058172258732,1,skincare,,,hand
4067796166293,1,skincare,,,hand
4066447331295,1,haircare,,,hand
3253581769119,1,skincare,,,hand
4059729034359,4,makeup,,,hand
0800897233976,2,makeup,,,hand
0813606028916,1,skincare,,,hand
3596710525720,1,skincare,,,hand
7621500114153,1,haircare,,,hand
7791293049793,6,haircare,,,hand
0633911651216,2,haircare,,,hand
0870929002900,1,haircare,,,hand
4305615765082,1,skincare,,,hand
7765353100694,2,haircare,,,hand
3337875588621,1,skincare,,,hand
0810095597954,1,skincare,,,hand
0868221000410,1,haircare,,,hand
8480010184396,2,skincare,,,hand
0812154030112,1,skincare,,,hand
00608732,1,skincare,,,hand
0843536107924,1,skincare,,,hand
9836763040011,1,haircare,,,hand
0859220010357,1,skincare,,,hand
0854049002170,1,skincare,,,hand
0850042058282,1,skincare,,,hand
0840044712404,1,skincare,,,hand
5014516001210,1,haircare,,,hand
8006540810538,2,haircare,,,hand
8700216351546,1,haircare,,,hand
4061459319019,1,skincare,,,hand
5902539722536,2,skincare,,,hand
5902046370039,1,skincare,,,hand
3574661714929,1,skincare,,,hand
8720865369112,1,skincare,,,hand
7322540344226,1,skincare,,,hand
8402001026072,1,skincare,,,hand
4031934010373,1,skincare,,,hand
4004942211094,1,skincare,,,hand
4660120111428,1,haircare,,,hand
8410412490351,1,skincare,,,hand
8906157900076,1,haircare,,,hand
8606014244601,1,skincare,,,hand
3760368742550,1,skincare,,,hand
6253506426049,1,haircare,,,hand
5901887035442,1,haircare,,,hand
0030772174180,1,skincare,,,hand
20844882,1,skincare,,,hand
0636874120324,1,skincare,,,hand
4005900457394,3,skincare,,,hand
8904281900368,1,haircare,,,hand
5201143725606,1,haircare,,,hand
0045611001701,1,skincare,,,hand
6223012631145,1,skincare,,,hand
8680512634362,1,haircare,,,hand
8904281900863,1,haircare,,,hand
8904281900467,1,haircare,,,hand
8901030868689,1,haircare,,,hand
7709522594839,1,skincare,,,hand
7775005001729,1,skincare,,,hand
3140100394368,1,haircare,,,hand
3282770396881,1,skincare,,,hand
2200281300792,1,skincare,,,hand
9556163101197,1,skincare,,,hand
0670729301100,1,haircare,,,hand
4068134100061,1,haircare,,,hand
7702018620180,1,skincare,,,hand
0144142787761,1,skincare,,,hand
3662217010691,1,makeup,,,hand
7791274199516,1,skincare,,,hand
4066447097795,1,makeup,,,hand
0667556130249,1,skincare,,,hand
07173608,1,haircare,,,hand
0041507070080,1,skincare,,,hand
8901030868719,1,haircare,,,hand
8906157900762,1,haircare,,,hand
2200289788936,1,skincare,,,hand
8906129572201,1,skincare,,,hand
9556589003303,1,skincare,,,hand
8906129573888,1,skincare,,,hand
8906129572317,1,skincare,,,hand
4005900619389,2,skincare,,,hand
9300641001246,1,skincare,,,hand
5903919039190,1,skincare,,,hand
7501054526490,4,skincare,,,hand
5200125250846,2,skincare,,,hand
8906014521406,1,skincare,,,hand
4067796082838,1,skincare,,,hand
0030346032878,1,skincare,,,hand
4006000155913,4,skincare,,,hand
7708547315283,1,skincare,,,hand
7441014607916,1,haircare,,,hand
6113755710927,1,skincare,,,hand
3282770144161,1,skincare,,,hand
8054042630208,4,haircare,,,hand
3600542500333,1,haircare,,,hand
0810112515848,1,skincare,,,hand
5034511005419,1,makeup,,,hand
5060879493414,1,skincare,,,hand
5060879493353,1,skincare,,,hand
8901030912771,1,skincare,,,hand
8906171510039,1,skincare,,,hand
6973152332845,1,makeup,,,hand
4056489988854,1,skincare,,,hand
8059602240613,1,skincare,,,hand
8500033101160,2,skincare,,,hand
8500033101139,1,skincare,,,hand
8500033101108,1,skincare,,,hand
8500033101122,1,skincare,,,hand
8500033101115,1,skincare,,,hand
8500033101092,1,skincare,,,hand
8901708032299,1,haircare,,,hand
93569507,1,skincare,,,hand
3600551164458,1,skincare,,,hand
5060144641984,2,skincare,,,hand
4902430184298,1,skincare,,,hand
4902430327428,1,skincare,,,hand
4902430951357,1,skincare,,,hand
4806515160842,1,skincare,,,hand
8850006593363,2,skincare,,,hand
5000468000609,1,skincare,,,hand
4305615569253,1,skincare,,,hand
8904117401632,1,skincare,,,hand
8904117400307,2,skincare,,,hand
8901138834081,1,skincare,,,hand
3574661599281,1,skincare,,,hand
6281017218907,1,skincare,,,hand
7640140383316,1,skincare,,,hand
4025089080718,1,skincare,,,hand
4800888283122,1,skincare,,,hand
3600524138851,1,haircare,,,hand
8480000468161,2,skincare,,,hand
8906057533336,1,skincare,,,hand
4088700042038,1,skincare,,,hand
9310263000701,1,skincare,,,hand
8437021848823,1,skincare,,,hand
3574661608358,1,skincare,,,hand
0773602657070,1,makeup,,,hand
0773602690183,1,makeup,,,hand
0773602736850,1,makeup,,,hand
3337872413575,7,skincare,,,hand
0817939018590,1,haircare,,,hand
4056489254775,1,haircare,,,hand
5060761720253,1,skincare,,,hand
8008970061306,1,skincare,,,hand
5281018089125,1,makeup,,,hand
3616303440558,1,skincare,,,hand
3760094992502,1,skincare,,,hand
8809563705931,1,skincare,,,hand
9417864160435,1,skincare,,,hand
0810019610868,1,skincare,,,hand
3253581735411,1,skincare,,,hand
5740500004898,1,haircare,,,hand
3760209870121,1,skincare,,,hand
0860002106816,1,skincare,,,hand
6972550801151,1,skincare,,,hand
6192013103398,1,skincare,,,hand
4006000065182,1,skincare,,,hand
4710032518485,2,skincare,,,hand
8904256023283,1,skincare,,,hand
8713745786383,3,skincare,,,hand
3564700746530,1,skincare,,,hand
3660005926018,1,skincare,,,hand
6414505197129,1,haircare,,,hand
6009709824348,1,makeup,,,hand
3600551053844,1,skincare,,,hand
3600524173579,1,haircare,,,hand
59092629,1,skincare,,,hand
4072600221631,4,haircare,,,hand
8710198421410,1,skincare,,,hand
42345305,1,skincare,,,hand
0769915152685,1,skincare,,,hand
0769915150100,1,skincare,,,hand
0769915152203,1,skincare,,,hand
8888202027283,1,skincare,,,hand
3250391120932,1,skincare,,,hand
8719134163469,1,haircare,,,hand
8901207051418,1,skincare,,,hand
5060144643193,1,skincare,,,hand
42438755,1,skincare,,,hand
3760270361634,1,skincare,,,hand
6902395830542,2,makeup,,,hand
7709844639478,1,haircare,,,hand
4305615624945,1,haircare,,,hand
0628942555572,2,skincare,,,hand
3600542159661,3,haircare,,,hand
3700392166410,1,skincare,,,hand
8901247571921,1,haircare,,,hand
0875010002708,1,haircare,,,hand
6972430491410,1,makeup,,,hand
3600542571951,1,haircare,,,hand
0628942555718,1,skincare,,,hand
3282770396515,1,haircare,,,hand
0628942555787,1,skincare,,,hand
0628942555732,1,skincare,,,hand
0628942555800,1,skincare,,,hand
0628942555619,1,skincare,,,hand
0628942555640,1,skincare,,,hand
0628942555541,1,skincare,,,hand
0628942555558,1,skincare,,,hand
30189010,1,makeup,,,hand
0800897250072,2,makeup,,,hand
3600551053721,1,skincare,,,hand
3600551145976,1,skincare,,,hand
8055348241945,1,skincare,,,hand
8901030840821,1,skincare,,,hand
4084200772901,2,skincare,,,hand
3600542617734,1,haircare,,,hand
8414807544650,1,skincare,,,hand
4335619134515,1,skincare,,,hand
4005900378170,1,skincare,,,hand
3600523764259,1,haircare,,,hand
5056379590548,1,haircare,,,hand
8054615475946,1,haircare,,,hand
6161102025026,1,skincare,,,hand
8697926026645,1,haircare,,,hand
0616762026112,1,skincare,,,hand
3061375781052,1,haircare,,,hand
6201100033095,1,skincare,,,hand
0011111262850,1,skincare,,,hand
8906015580402,1,makeup,,,hand
6955470951472,1,skincare,,,hand
3600542573771,1,skincare,,,hand
3616826020527,2,skincare,,,hand
8809109680913,1,skincare,,,hand
4056489458333,2,skincare,,,hand
6422068000596,1,skincare,,,hand
6111259734418,1,skincare,,,hand
3600542143585,1,haircare,,,hand
3616303459048,1,haircare,,,hand
4103040051639,1,skincare,,,hand
76169700,1,skincare,,,hand
8684577400498,1,skincare,,,hand
8710919023428,1,haircare,,,hand
6003311000398,1,haircare,,,hand
0022796936707,1,haircare,,,hand
0796554567549,1,haircare,,,hand
6972038416341,2,skincare,,,hand
8053630590016,1,skincare,,,hand
8053630590009,1,skincare,,,hand
93576628,1,skincare,,,hand
80483649,1,skincare,,,hand
8004608274865,1,haircare,,,hand
4068134039743,1,haircare,,,hand
4066447746693,1,skincare,,,hand
3800233684094,1,skincare,,,hand
7595335001646,1,haircare,,,hand
4021457637584,1,skincare,,,hand
4902430396028,1,haircare,,,hand
8719238044145,1,makeup,,,hand
3600542159883,2,haircare,,,hand
3660005563152,4,skincare,,,hand
4003086005309,1,skincare,,,hand
8422823653140,1,haircare,,,hand
3838824421551,1,haircare,,,hand
3600524137380,1,haircare,,,hand
3760378510415,1,haircare,,,hand
3760378510453,1,haircare,,,hand
3760378510408,1,haircare,,,hand
6130024170886,1,skincare,,,hand
3045206502146,1,skincare,,,hand
8435438600706,1,skincare,,,hand
8901030702761,1,skincare,,,hand
8001841326153,1,haircare,,,hand
9761050402831,1,skincare,,,hand
6941697463188,1,skincare,,,hand
0889628223844,1,haircare,,,hand
42397717,1,skincare,,,hand
3600542576291,1,skincare,,,hand
8682773091298,1,skincare,,,hand
4800888180124,3,skincare,,,hand
8720181340550,1,skincare,,,hand
4068134094438,1,skincare,,,hand
3574661765976,1,skincare,,,hand
8684252211500,7,skincare,,,hand
4047196053836,1,skincare,,,hand
8690586016995,1,skincare,,,hand
0510720025158,1,skincare,,,hand
7680676139841,2,skincare,,,hand
02157915,1,skincare,,,hand
4066447492804,1,skincare,,,hand
0086800005964,1,makeup,,,hand
3760123181648,1,skincare,,,hand
8710464114312,1,skincare,,,hand
8000836311082,1,haircare,,,hand
3145891410709,1,skincare,,,hand
4015100682977,1,haircare,,,hand
8850006944288,1,skincare,,,hand
81017188,1,skincare,,,hand
8901248428248,3,skincare,,,hand
5060968412944,3,skincare,,,hand
5017634256739,4,skincare,,,hand
6423602005121,1,skincare,,,hand
0035000993601,1,skincare,,,hand
7750243083140,2,haircare,,,hand
7750243083171,2,haircare,,,hand
0667659370450,1,skincare,,,hand
80895268,1,skincare,,,hand
8410436495189,1,haircare,,,hand
8700216307253,1,haircare,,,hand
3600542543446,1,haircare,,,hand
3600542513876,1,skincare,,,hand
4005900986139,4,skincare,,,hand
8053340026089,1,skincare,,,hand
0856294008174,1,skincare,,,hand
4066447441987,1,skincare,,,hand
3660005148861,1,skincare,,,hand
8904352003905,1,skincare,,,hand
3537090020337,1,skincare,,,hand
6654600027130,1,haircare,,,hand
3600551155012,1,skincare,,,hand
9300631893615,1,skincare,,,hand
4005800363009,1,skincare,,,hand
0674810174666,1,skincare,,,hand
8904245716875,1,skincare,,,hand
3610340673887,1,haircare,,,hand
7509552849714,1,haircare,,,hand
4066447467796,2,skincare,,,hand
0863765000001,1,skincare,,,hand
8004608256632,1,haircare,,,hand
26405834,1,skincare,,,hand
0774498601543,1,skincare,,,hand
3770028605408,1,skincare,,,hand
3770028605385,1,skincare,,,hand
3770028605378,1,skincare,,,hand
3770028605392,1,skincare,,,hand
4067796071221,1,skincare,,,hand
7791293021270,1,haircare,,,hand
3600524223335,1,haircare,,,hand
8436027342830,2,skincare,,,hand
3760359080593,1,haircare,,,hand
5014697017109,2,skincare,,,hand
3346130419013,2,skincare,,,hand
42449249,1,skincare,,,hand
8700216442558,3,haircare,,,hand
0381519188787,4,haircare,,,hand
0381519188794,2,haircare,,,hand
0381519186707,1,haircare,,,hand
8414807544629,2,skincare,,,hand
8690529515707,1,skincare,,,hand
4806525540832,1,skincare,,,hand
0667558513170,1,skincare,,,hand
8697420539214,1,skincare,,,hand
8436559713238,4,skincare,,,hand
5202663198376,1,skincare,,,hand
8437017754862,1,skincare,,,hand
0764302312437,1,haircare,,,hand
6111254074137,1,skincare,,,hand
8697420530143,9,skincare,,,hand
30090085,1,makeup,,,hand
8001090999153,1,skincare,,,hand
0078522040163,1,skincare,,,hand
8720181313417,1,skincare,,,hand
4001499967429,1,skincare,,,hand
0553532406074,1,skincare,,,hand
8720181601569,1,skincare,,,hand
4053700260256,2,skincare,,,hand
4066447376920,1,skincare,,,hand
2200302343456,3,skincare,,,hand
0035000141170,1,skincare,,,hand
3564706633292,1,haircare,,,hand
6122286410572,1,skincare,,,hand
0908403115362,4,skincare,,,hand
8710447292068,1,skincare,,,hand
0353935000004,2,skincare,,,hand
5901887032199,1,skincare,,,hand
4005900363848,1,skincare,,,hand
7627535579080,2,haircare,,,hand
3600551132150,1,skincare,,,hand
0022400011813,1,haircare,,,hand
0022400011776,1,haircare,,,hand
9005800375519,1,skincare,,,hand
3574661813622,1,skincare,,,hand
0859581006860,1,skincare,,,hand
0754590015844,1,skincare,,,hand
3760349311140,3,skincare,,,hand
3700454987571,1,skincare,,,hand
8904132913455,1,skincare,,,hand
8901023023460,1,skincare,,,hand
3760359081620,3,skincare,,,hand
5060955140935,1,skincare,,,hand
3574661783178,1,skincare,,,hand
3760349311133,1,skincare,,,hand
8606001252763,3,skincare,,,hand
9335006005218,1,haircare,,,hand
8058253239861,1,makeup,,,hand
3574661823515,2,skincare,,,hand
4305615860954,1,skincare,,,hand
4988190016017,1,skincare,,,hand
4045612010579,1,skincare,,,hand
8025916111574,1,skincare,,,hand
0190766002114,1,skincare,,,hand
8700216557689,1,haircare,,,hand
8029241114927,1,skincare,,,hand
8025916111581,1,skincare,,,hand
8025916127933,1,haircare,,,hand
3770032551111,1,skincare,,,hand
8025916128077,1,skincare,,,hand
16005413,3,haircare,,,hand
8700216319614,2,haircare,,,hand
3250392361068,1,skincare,,,hand
0041507050365,1,skincare,,,hand
8006540733134,1,haircare,,,hand
0818570002542,1,skincare,,,hand
3564700181508,1,skincare,,,hand
0800897003777,3,makeup,,,hand
0019045001743,1,skincare,,,hand
8025916128084,1,skincare,,,hand
0055966913925,1,skincare,,,hand
3337875930239,1,skincare,,,hand
4008233131054,5,haircare,,,hand
9300830032204,1,haircare,,,hand
23123342,1,skincare,,,hand
4061463455260,2,skincare,,,hand
3760162126662,1,skincare,,,hand
3600542653749,1,haircare,,,hand
3760346074628,1,skincare,,,hand
3600551171661,1,skincare,,,hand
7896111998205,1,makeup,,,hand
9300830055371,1,skincare,,,hand
4607099642928,1,skincare,,,hand
0600002561419,1,skincare,,,hand
3430750401104,1,skincare,,,hand
9421008707592,1,haircare,,,hand
3662263220037,1,makeup,,,hand
5000204227253,1,skincare,,,hand
5060955141178,1,skincare,,,hand
42449751,1,skincare,,,hand
5060955140805,1,skincare,,,hand
8904417312294,1,haircare,,,hand
3571940004245,1,skincare,,,hand
9359702000797,1,skincare,,,hand
0615037000338,1,skincare,,,hand
7391681038301,1,haircare,,,hand
3600542416177,1,skincare,,,hand
5060565108424,1,skincare,,,hand
3178041365772,1,haircare,,,hand
4987176230751,1,haircare,,,hand
7840010202772,6,skincare,,,hand
0198168299166,3,haircare,,,hand
8717163573792,1,skincare,,,hand
5307372069389,1,skincare,,,hand
0057800199199,1,skincare,,,hand
8720181477560,1,haircare,,,hand
8436097095018,1,skincare,,,hand
4059729518644,3,makeup,,,hand
4059729490667,3,makeup,,,hand
3350031944222,2,skincare,,,hand
8683608064227,8,skincare,,,hand
0737052993546,1,skincare,,,hand
3574661818023,6,skincare,,,hand
3770009015103,1,haircare,,,hand
5901018021566,1,haircare,,,hand
8712561752268,1,skincare,,,hand
0812223030746,1,skincare,,,hand
4049775000859,2,makeup,,,hand
4059729446978,1,makeup,,,hand
9556285012661,1,skincare,,,hand
4059729421401,2,makeup,,,hand
4059729419248,2,makeup,,,hand
0059709302908,1,makeup,,,hand
4251232221619,2,makeup,,,hand
4250338494392,2,makeup,,,hand
4250338494415,1,makeup,,,hand
0041167066232,1,skincare,,,hand
3574661715926,1,haircare,,,hand
8718951730328,4,skincare,,,hand
7322542472767,1,skincare,,,hand
3760343010407,1,haircare,,,hand
0309574121068,1,skincare,,,hand
4250587739084,1,makeup,,,hand
4250947528426,3,makeup,,,hand
4059729302908,3,makeup,,,hand
5900779385351,1,skincare,,,hand
5900536349251,1,skincare,,,hand
4047196059494,1,skincare,,,hand
8998898337440,1,skincare,,,hand
4250947598283,1,makeup,,,hand
4250587768367,2,makeup,,,hand
3337875943918,3,skincare,,,hand
8909106072534,1,haircare,,,hand
7702277140764,1,skincare,,,hand
8052400936702,1,skincare,,,hand
0964448610620,1,skincare,,,hand
0800897255145,1,makeup,,,hand
25051151,1,skincare,,,hand
4660120523054,2,haircare,,,hand
3352361002009,1,skincare,,,hand
4305615851891,1,skincare,,,hand
8718951730854,3,skincare,,,hand
4001638589598,1,skincare,,,hand
4605370015997,1,haircare,,,hand
8006540987667,1,skincare,,,hand
0667659325153,1,skincare,,,hand
8059591191316,1,skincare,,,hand
8711868013874,4,skincare,,,hand
0723934376460,3,skincare,,,hand
7290019105732,1,skincare,,,hand
3522930004394,2,skincare,,,hand
8719324667470,3,skincare,,,hand
8803348045373,1,skincare,,,hand
2327541499963,1,skincare,,,hand
0850031459014,1,skincare,,,hand
3415900031769,1,skincare,,,hand
5901887047520,1,skincare,,,hand
3600551119809,1,haircare,,,hand
0810006943900,3,haircare,,,hand
8009518383492,1,makeup,,,hand
3303210028114,1,skincare,,,hand
4006000201900,3,skincare,,,hand
8901088726009,1,skincare,,,hand
8720181380006,2,skincare,,,hand
8719179621856,5,skincare,,,hand
3537090018853,1,skincare,,,hand
8906090575645,1,haircare,,,hand
8719238042738,1,skincare,,,hand
3760359082337,1,haircare,,,hand
4311596697700,1,skincare,,,hand
2140024000322,1,skincare,,,hand
3574661578521,3,skincare,,,hand
6009802260111,1,skincare,,,hand
3600551146096,1,skincare,,,hand
8710198315245,1,skincare,,,hand
3760075071165,1,skincare,,,hand
8004395009114,4,skincare,,,hand
5999565231149,2,haircare,,,hand
4006000048796,1,skincare,,,hand
9333927005430,1,skincare,,,hand
0850034669007,1,skincare,,,hand
4099200869711,1,skincare,,,hand
6130072000661,1,haircare,,,hand
3253581770399,3,skincare,,,hand
0945177033713,2,skincare,,,hand
3380810392081,1,skincare,,,hand
4005900701473,1,skincare,,,hand
8032947861460,1,haircare,,,hand
5060955140997,1,skincare,,,hand
5028141034789,1,skincare,,,hand
0049022412897,2,skincare,,,hand
45454545,1,skincare,,,hand
8690506554019,1,skincare,,,hand
3760320410725,3,haircare,,,hand
0073711000355,4,skincare,,,hand
3031443128034,1,skincare,,,hand
8437030101001,1,skincare,,,hand
6972148235610,1,makeup,,,hand
6130024166896,1,haircare,,,hand
9327693008979,1,haircare,,,hand
8904391103970,1,skincare,,,hand
0746747247222,1,skincare,,,hand
4103040138149,1,skincare,,,hand
8712053051169,1,skincare,,,hand
8682214730984,1,skincare,,,hand
8720181270185,1,skincare,,,hand
5902838924082,1,makeup,,,hand
5901887041795,1,haircare,,,hand
3760020736118,1,skincare,,,hand
3605972333667,1,skincare,,,hand
7322540809213,2,skincare,,,hand
0815402021337,1,haircare,,,hand
9300633755454,3,skincare,,,hand
8699863459418,3,skincare,,,hand
4262399430073,1,skincare,,,hand
5903031259841,1,skincare,,,hand
0817513016202,1,haircare,,,hand
0062400254469,1,skincare,,,hand
8904430201070,1,skincare,,,hand
5011321857018,1,haircare,,,hand
5003960389111,1,skincare,,,hand
4987176208637,1,haircare,,,hand
08433862,1,skincare,,,hand
08204462,1,makeup,,,hand
8905110008309,1,skincare,,,hand
6264707016205,1,skincare,,,hand
8809576261134,1,skincare,,,hand
8906014765121,1,haircare,,,hand
2399900859565,1,haircare,,,hand
4260420168896,1,skincare,,,hand
3268240051696,1,skincare,,,hand
4006000038858,1,skincare,,,hand
4901417722454,1,haircare,,,hand
8025916127902,2,haircare,,,hand
8025916127896,1,haircare,,,hand
4066447523621,1,haircare,,,hand
3760215878241,1,skincare,,,hand
4084500610699,1,haircare,,,hand
8718906830783,2,skincare,,,hand
8719238063375,2,skincare,,,hand
3264680015854,2,skincare,,,hand
8901526102334,1,haircare,,,hand
7891150025967,1,skincare,,,hand
4068134111142,1,skincare,,,hand
4005808789382,1,skincare,,,hand
8695077172211,1,skincare,,,hand
7775022070234,1,skincare,,,hand
9001398161527,1,makeup,,,hand
11207887,1,haircare,,,hand
0404583267346,1,skincare,,,hand
8699931333008,1,skincare,,,hand
8690178025107,1,skincare,,,hand
4005900308832,1,skincare,,,hand
3574661686509,1,skincare,,,hand
4897097266329,3,haircare,,,hand
0085382684918,1,skincare,,,hand
0085382684901,1,skincare,,,hand
8059016840195,1,skincare,,,hand
8684190135395,1,skincare,,,hand
3253581767559,1,skincare,,,hand
8680690706714,1,haircare,,,hand
4894819704015,1,haircare,,,hand
3574661450933,1,skincare,,,hand
3660005540832,1,skincare,,,hand
00611903,1,skincare,,,hand
4068134020475,1,skincare,,,hand
9321299104530,1,skincare,,,hand
8699885908437,1,skincare,,,hand
8680145081557,1,skincare,,,hand
0895545724487,1,skincare,,,hand
8683517124067,1,skincare,,,hand
8809674690720,1,skincare,,,hand
3266191002415,1,skincare,,,hand
4305615625010,1,haircare,,,hand
5057566072137,2,makeup,,,hand
3474636800377,1,haircare,,,hand
4005900289056,1,skincare,,,hand
3838824421599,1,haircare,,,hand
5900525078698,4,skincare,,,hand
8681925609596,1,skincare,,,hand
8681701008643,1,haircare,,,hand
8684252207343,1,skincare,,,hand
8690937011648,1,skincare,,,hand
0445000015980,1,haircare,,,hand
3337875702478,1,skincare,,,hand
0574441087369,1,skincare,,,hand
8699956514185,1,skincare,,,hand
3600524103934,1,skincare,,,hand
0882381112592,1,skincare,,,hand
8681925601262,1,skincare,,,hand
8683130052129,1,skincare,,,hand
8682773091250,1,skincare,,,hand
8684576001023,1,skincare,,,hand
3600523473977,6,skincare,,,hand
8809655950898,1,skincare,,,hand
8681582006288,1,skincare,,,hand
8684225266063,1,skincare,,,hand
88095338180747114355,1,skincare,,,hand
5285002322076,1,skincare,,,hand
3346470618459,1,skincare,,,hand
3600542541633,2,skincare,,,hand
0604454914892,1,haircare,,,hand
4006000180847,1,skincare,,,hand
8699449100246,1,skincare,,,hand
4006000170466,1,skincare,,,hand
8690637981265,1,haircare,,,hand
8682397031960,1,skincare,,,hand
3574661687032,1,skincare,,,hand
2050000095115,1,skincare,,,hand
8690131774097,1,skincare,,,hand
8695077122766,1,haircare,,,hand
8680760510098,4,haircare,,,hand
0194346051236,1,skincare,,,hand
8683130120088,1,skincare,,,hand
8002410041866,1,skincare,,,hand
3274872446120,1,makeup,,,hand
8682241220649,1,skincare,,,hand
5903794199934,1,skincare,,,hand
8680512633532,1,skincare,,,hand
3760359082849,1,skincare,,,hand
8691988009431,1,haircare,,,hand
8681717006800,2,skincare,,,hand
42429258,1,skincare,,,hand
8003510017829,1,skincare,,,hand
8682257407072,1,skincare,,,hand
8682276607170,2,skincare,,,hand
8681511095970,1,skincare,,,hand
3517360020304,1,skincare,,,hand
7453078535074,1,skincare,,,hand
0764302022985,1,skincare,,,hand
8692780000190,1,skincare,,,hand
8720181313431,2,skincare,,,hand
8720181433597,1,skincare,,,hand
8720181284397,2,skincare,,,hand
3600542461887,3,haircare,,,hand
8681925607240,3,skincare,,,hand
8682009368958,1,haircare,,,hand
7350104248536,1,skincare,,,hand
8696814061843,1,makeup,,,hand
8683476332015,2,skincare,,,hand
8698703022447,1,skincare,,,hand
8683649153164,1,skincare,,,hand
8685119260006,1,skincare,,,hand
0802535596382,1,haircare,,,hand
4058172420641,1,skincare,,,hand
8809328326098,1,skincare,,,hand
42438809,1,skincare,,,hand
8684117000164,1,skincare,,,hand
3600523741540,4,skincare,,,hand
0769915233179,1,skincare,,,hand
4006000169019,1,skincare,,,hand
8699118074625,1,skincare,,,hand
3400930199848,1,skincare,,,hand
8699300250066,1,haircare,,,hand
20270425,1,skincare,,,hand
8684149131485,1,skincare,,,hand
8699956513676,1,skincare,,,hand
8700216181457,1,haircare,,,hand
8690131112844,1,skincare,,,hand
8684180515114,1,skincare,,,hand
8684438670008,1,skincare,,,hand
8683675682201,1,skincare,,,hand
4065331004673,1,haircare,,,hand
3701129802052,1,skincare,,,hand
5712873215577,1,skincare,,,hand
8684149131676,1,skincare,,,hand
3298651721215,1,skincare,,,hand
4009800003330,1,skincare,,,hand
8680512632801,1,haircare,,,hand
8680018048038,1,haircare,,,hand
3600523319862,1,haircare,,,hand
4006000076638,1,skincare,,,hand
6130548015731,1,skincare,,,hand
5055796597703,1,skincare,,,hand
4062300467378,1,skincare,,,hand
4006000083391,2,skincare,,,hand
8695077122704,2,skincare,,,hand
8681410000358,1,skincare,,,hand
8700216200769,1,haircare,,,hand
8700216200868,1,haircare,,,hand
9005800341866,1,skincare,,,hand
3760215879576,1,skincare,,,hand
4260167189161,1,skincare,,,hand
4311501630808,1,skincare,,,hand
4067796217735,2,skincare,,,hand
0040056520640,1,haircare,,,hand
8720354016107,1,makeup,,,hand
8720354016190,1,makeup,,,hand
8720354887301,1,makeup,,,hand
8720354887370,1,makeup,,,hand
8721245124703,1,makeup,,,hand
8721245014820,1,makeup,,,hand
8718537564217,1,makeup,,,hand
8721245014806,1,makeup,,,hand
8718537564088,1,makeup,,,hand
4059729585790,1,makeup,,,hand
8690506520083,1,skincare,,,hand
0860009297029,1,skincare,,,hand
4031678000036,1,skincare,,,hand
4008956381187,1,skincare,,,hand
59002192,1,skincare,,,hand
3600531712792,5,makeup,,,hand
5710226717334,1,skincare,,,hand
7610848471684,1,skincare,,,hand
8690506520052,1,skincare,,,hand
3800232739757,1,haircare,,,hand
8684990400242,1,makeup,,,hand
8719325558524,1,skincare,,,hand
3660005210186,1,haircare,,,hand
3770001142081,1,skincare,,,hand
8323175016570,1,makeup,,,hand
4640033120526,1,skincare,,,hand
8685094595049,1,skincare,,,hand
6111271380938,1,skincare,,,hand
8690595214177,1,skincare,,,hand
5905359800668,1,skincare,,,hand
5902719419027,1,haircare,,,hand
5900956901343,1,skincare,,,hand
5900116106908,1,skincare,,,hand
8700216501798,1,skincare,,,hand
9501100930231,1,skincare,,,hand
8002340017634,1,skincare,,,hand
0708002400391,1,skincare,,,hand
4061458051309,1,skincare,,,hand
8683130111116,1,haircare,,,hand
5701058011608,1,haircare,,,hand
8004608227830,1,haircare,,,hand
3770022150003,1,haircare,,,hand
8681925608742,1,skincare,,,hand
4792081032686,1,skincare,,,hand
4792081039425,1,skincare,,,hand
4792081039418,1,skincare,,,hand
4796020150776,1,haircare,,,hand
4305615616124,1,skincare,,,hand
4027800095834,5,skincare,,,hand
8906129576063,2,skincare,,,hand
3600542129268,1,haircare,,,hand
8700216219372,1,haircare,,,hand
8684441801161,1,skincare,,,hand
3401360167872,3,skincare,,,hand
3574661648316,2,skincare,,,hand
4897056133303,1,haircare,,,hand
00497401,2,haircare,,,hand
8718951730298,4,skincare,,,hand
4059729445414,2,makeup,,,hand
8480010207149,1,skincare,,,hand
8690637921643,1,skincare,,,hand
8901030870699,1,skincare,,,hand
8680690706851,1,haircare,,,hand
0013456703616,1,haircare,,,hand
8411135010604,1,skincare,,,hand
4311596007738,1,skincare,,,hand
5010959979055,3,haircare,,,hand
4066447876031,1,skincare,,,hand
4006000064123,1,skincare,,,hand
4823071656435,1,skincare,,,hand
5609221310278,1,skincare,,,hand
4305615627427,1,haircare,,,hand
0667659394074,2,skincare,,,hand
3574661655055,1,skincare,,,hand
8682397030659,2,skincare,,,hand
4260167187396,1,skincare,,,hand
4005900734099,1,skincare,,,hand
4015100893700,1,haircare,,,hand
8681769002003,2,haircare,,,hand
7798333840662,1,haircare,,,hand
8683561170232,2,skincare,,,hand
4056489703020,2,skincare,,,hand
33253581729083,1,skincare,,,hand
0810171576132,1,skincare,,,hand
3323034898366,1,skincare,,,hand
4088700147344,1,haircare,,,hand
9316542149048,1,skincare,,,hand
4009903011119,3,skincare,,,hand
5060814912178,1,skincare,,,hand
42429234,1,skincare,,,hand
8721073622013,1,skincare,,,hand
93549882,1,skincare,,,hand
0811913011683,1,haircare,,,hand
4056489688075,1,skincare,,,hand
3661434004575,1,skincare,,,hand
6111024008935,1,skincare,,,hand
8690506517809,1,skincare,,,hand
8697420531188,1,skincare,,,hand
5901887042211,1,skincare,,,hand
5902357004890,1,skincare,,,hand
8681925607820,1,skincare,,,hand
0697013011828,1,skincare,,,hand
8901396389101,1,skincare,,,hand
7290017599472,3,skincare,,,hand
3770019640012,1,skincare,,,hand
8682276602496,2,skincare,,,hand
0601001034768,1,skincare,,,hand
6221155140838,1,skincare,,,hand
5031413953237,1,skincare,,,hand
6430559713221,1,skincare,,,hand
5020535008666,1,skincare,,,hand
0667008073254,1,haircare,,,hand
8906147702383,1,skincare,,,hand
00646567,1,haircare,,,hand
3600542221061,1,haircare,,,hand
8690605061050,1,haircare,,,hand
8859082306485,2,skincare,,,hand
5060453450826,1,skincare,,,hand
4056489323099,1,skincare,,,hand
0810021208336,1,skincare,,,hand
4987176038388,1,haircare,,,hand
5060176674684,1,haircare,,,hand
9005800398815,1,skincare,,,hand
0682223040027,1,skincare,,,hand
6974619575386,1,makeup,,,hand
4015100865097,1,haircare,,,hand
8700216557245,1,haircare,,,hand
5713600211411,1,makeup,,,hand
3522931005055,1,skincare,,,hand
8906005275189,1,skincare,,,hand
4068134078254,1,skincare,,,hand
8699303460622,1,skincare,,,hand
8906189773341,2,skincare,,,hand
8906101654116,1,skincare,,,hand
4902430345927,1,haircare,,,hand
30147485,1,makeup,,,hand
8718951741232,2,skincare,,,hand
4012758347111,1,skincare,,,hand
4012400532872,1,skincare,,,hand
5601312612872,1,skincare,,,hand
4987176278586,1,skincare,,,hand
3574661373577,1,skincare,,,hand
4008666145031,1,haircare,,,hand
4015100429268,2,skincare,,,hand
7350087734637,1,skincare,,,hand
4262391990018,1,haircare,,,hand
8699546485277,1,skincare,,,hand
8901030768934,1,skincare,,,hand
7702018417759,2,skincare,,,hand
0872639003413,1,skincare,,,hand
8697901987039,1,skincare,,,hand
4006000152363,1,skincare,,,hand
8683829431365,5,skincare,,,hand
8806133615317,1,skincare,,,hand
6001374064548,1,haircare,,,hand
8680540171259,1,skincare,,,hand
8699118061205,1,skincare,,,hand
4056489878087,1,skincare,,,hand
3253581764657,1,skincare,,,hand
4335619111776,1,skincare,,,hand
4059729543011,2,makeup,,,hand
4059729585417,2,makeup,,,hand
0735546024257,1,skincare,,,hand
3600524197322,1,haircare,,,hand
8684306079575,1,skincare,,,hand
4680607210253,1,haircare,,,hand
8000137007257,2,haircare,,,hand
3600551172293,1,haircare,,,hand
4006000233826,1,skincare,,,hand
8906118416370,1,skincare,,,hand
3574661805429,1,skincare,,,hand
3600524250140,1,haircare,,,hand
4067796081978,1,skincare,,,hand
0781005857225,2,skincare,,,hand
4059729518712,1,makeup,,,hand
0000500008297,1,skincare,,,hand
0002010001476,1,haircare,,,hand
00118120,2,skincare,,,hand
0820056776045,1,skincare,,,hand
3256226757953,1,skincare,,,hand
8000137016884,1,skincare,,,hand
8480017323668,1,skincare,,,hand
9300830021376,1,skincare,,,hand
4260132267108,1,skincare,,,hand
4337185856129,1,haircare,,,hand
7290015284189,1,haircare,,,hand
8003510034505,1,skincare,,,hand
6001374033766,1,skincare,,,hand
8901138010812,1,skincare,,,hand
0660957015610,1,skincare,,,hand
46269133,1,skincare,,,hand
8681511098711,1,skincare,,,hand
8700216677660,1,haircare,,,hand
0056594020467,1,skincare,,,hand
8719238065621,1,skincare,,,hand
8690937010993,5,haircare,,,hand
6181100631418,1,skincare,,,hand
3468080401693,1,skincare,,,hand
0850023403506,1,makeup,,,hand
8714319245275,2,skincare,,,hand
4987176073440,1,haircare,,,hand
4066447875584,1,skincare,,,hand
8431876294699,1,skincare,,,hand
5060593000431,1,haircare,,,hand
3662217014637,1,skincare,,,hand
8700216557139,1,haircare,,,hand
8414227097569,1,haircare,,,hand
6192017323105,1,haircare,,,hand
7891150095588,1,haircare,,,hand
3499320018357,2,skincare,,,hand
7624900114907,1,skincare,,,hand
0840045312825,1,skincare,,,hand
42344759,1,skincare,,,hand
8809136715466,1,skincare,,,hand
8717524074760,1,skincare,,,hand
42449263,4,skincare,,,hand
3800013521892,2,haircare,,,hand
0850056288279,1,haircare,,,hand
0022600600046,1,skincare,,,hand
0810095592041,1,skincare,,,hand
3600542525893,1,haircare,,,hand
4005900705037,1,skincare,,,hand
3600541232877,1,haircare,,,hand
4005900257062,1,skincare,,,hand
3522930004349,1,skincare,,,hand
3614274315448,1,makeup,,,hand
9310714225134,1,haircare,,,hand
5949067524812,2,skincare,,,hand
4059729348548,1,makeup,,,hand
3266191021041,3,skincare,,,hand
3800144806301,1,skincare,,,hand
8025916112656,1,skincare,,,hand
0052800483477,1,skincare,,,hand
3600523741427,1,skincare,,,hand
5213006609206,1,skincare,,,hand
5000101844997,1,haircare,,,hand
0750007290910,1,haircare,,,hand
8710447290910,1,haircare,,,hand
8718951340985,1,skincare,,,hand
0841058005292,1,skincare,,,hand
4103040051479,1,skincare,,,hand
5010724533628,1,haircare,,,hand
00755085,1,skincare,,,hand
8690937016124,1,haircare,,,hand
4894532991501,1,skincare,,,hand
4894819702707,1,skincare,,,hand
8718951544031,1,skincare,,,hand
9335955000012,1,skincare,,,hand
0718207522514,1,skincare,,,hand
8480017242679,1,skincare,,,hand
3600551182711,1,skincare,,,hand
3466762519544,1,skincare,,,hand
5063334011864,1,skincare,,,hand
3517360025569,1,skincare,,,hand
8699561350123,1,skincare,,,hand
0827854026518,1,skincare,,,hand
0827854026549,1,skincare,,,hand
0819156021285,4,skincare,,,hand
3564700667941,1,skincare,,,hand
3045204802859,4,skincare,,,hand
8906190533279,1,haircare,,,hand
0020714922689,1,makeup,,,hand
0049696122863,1,skincare,,,hand
7640105474684,1,skincare,,,hand
4056489121381,1,haircare,,,hand
3600531658106,2,makeup,,,hand
8690529009855,1,skincare,,,hand
0785364134355,1,skincare,,,hand
8683143845435,1,haircare,,,hand
8684000493318,1,haircare,,,hand
3538396116106,2,haircare,,,hand
3700216023400,1,haircare,,,hand
4311501679944,1,skincare,,,hand
0346209304236,1,skincare,,,hand
8402001018084,3,skincare,,,hand
4008233088594,1,skincare,,,hand
0810208300143,1,skincare,,,hand
80886099,1,skincare,,,hand
4316268671668,1,skincare,,,hand
7592701112364,1,skincare,,,hand
4810151021948,1,skincare,,,hand
4005900325846,1,skincare,,,hand
8682022663450,2,skincare,,,hand
8718951544413,1,skincare,,,hand
8053732093729,1,skincare,,,hand
4021457649976,1,skincare,,,hand
0638827779504,1,skincare,,,hand
8901088026864,2,haircare,,,hand
6001087370554,1,skincare,,,hand
0194249405235,1,skincare,,,hand
8479350755618,1,makeup,,,hand
8001090825681,1,haircare,,,hand
8719134164183,1,skincare,,,hand
3224055037744,1,skincare,,,hand
80000000376591,1,skincare,,,hand
8901030978630,1,skincare,,,hand
0860013773571,1,skincare,,,hand
5285009295045,1,skincare,,,hand
3700036902947,1,skincare,,,hand
7899572810000,1,haircare,,,hand
8683655809055,1,skincare,,,hand
6941553022245,1,skincare,,,hand
8901012118405,1,skincare,,,hand
8720181564765,1,skincare,,,hand
4008666272232,1,haircare,,,hand
84461032,1,haircare,,,hand
0077315009103,1,haircare,,,hand
0761373009198,1,skincare,,,hand
3605970720858,1,skincare,,,hand
3770013219344,1,skincare,,,hand
8711600375383,2,skincare,,,hand
4059729521088,5,makeup,,,hand
4066447965414,1,skincare,,,hand
0061398401534,1,skincare,,,hand
7068600017968,1,skincare,,,hand
5410091775421,1,haircare,,,hand
8001280068119,1,skincare,,,hand
3665467006865,2,skincare,,,hand
6006340001152,1,skincare,,,hand
8008970052564,1,skincare,,,hand
0685706025047,1,skincare,,,hand
3522930005377,1,skincare,,,hand
7500435162913,1,haircare,,,hand
3378872234487,1,skincare,,,hand
4066447785845,1,skincare,,,hand
8720674479798,3,haircare,,,hand
8720674232768,1,skincare,,,hand
6186000460519,1,skincare,,,hand
6130548016745,1,skincare,,,hand
4039401751002,1,skincare,,,hand
4005900963499,2,skincare,,,hand
0818821000747,1,skincare,,,hand
3600523614431,1,makeup,,,hand
3600521796221,2,makeup,,,hand
3662361005499,1,skincare,,,hand
4059729541857,1,makeup,,,hand
30148093,1,makeup,,,hand
4059729419545,2,makeup,,,hand
0800897818586,1,makeup,,,hand
0800897267049,1,makeup,,,hand
3474636968701,1,haircare,,,hand
4059729518262,2,makeup,,,hand
4305615700496,1,makeup,,,hand
8719134143348,1,skincare,,,hand
3178041314282,1,haircare,,,hand
8017331072325,2,skincare,,,hand
3610340651410,1,haircare,,,hand
3516170025660,2,skincare,,,hand
7702277777991,1,skincare,,,hand
4009175963048,1,skincare,,,hand
5600829361082,1,skincare,,,hand
3574661818054,1,skincare,,,hand
8006530140171,1,skincare,,,hand
5060453453452,1,skincare,,,hand
6260344941207,1,skincare,,,hand
3350033527027,1,skincare,,,hand
3264680038334,1,skincare,,,hand
8902979026840,1,haircare,,,hand
3350033527065,1,skincare,,,hand
3350034013659,1,skincare,,,hand
8906163410163,1,skincare,,,hand
8901023030765,1,skincare,,,hand
80000000274744,1,skincare,,,hand
8904355407076,1,skincare,,,hand
8683130089743,1,haircare,,,hand
4902430985932,1,skincare,,,hand
0736140999149,1,haircare,,,hand
8901725928377,1,skincare,,,hand
8720181031595,2,skincare,,,hand
0628467002803,1,haircare,,,hand
0834639000267,1,skincare,,,hand
8006540836224,2,skincare,,,hand
8437015476889,1,skincare,,,hand
3560071310769,2,skincare,,,hand
5907653810725,1,haircare,,,hand
5060968410247,1,skincare,,,hand
8682397030741,1,skincare,,,hand
5902539716054,1,skincare,,,hand
08315939,1,haircare,,,hand
3145891812404,1,makeup,,,hand
3760104916573,1,haircare,,,hand
3348901607339,1,makeup,,,hand
5904917482346,1,skincare,,,hand
3600524163808,1,haircare,,,hand
4066447332322,1,haircare,,,hand
3145891870169,1,makeup,,,hand
4019674029107,1,makeup,,,hand
8710624258078,2,skincare,,,hand
0044600008899,1,skincare,,,hand
0070481010300,1,skincare,,,hand
0681131099356,1,skincare,,,hand
3600530462797,1,makeup,,,hand
4058172935862,1,haircare,,,hand
8699943340001,2,skincare,,,hand
4066447016741,2,skincare,,,hand
99000226,1,skincare,,,hand
4066447814958,1,skincare,,,hand
0690864505263,2,skincare,,,hand
0812154033243,1,haircare,,,hand
8600272010121,1,skincare,,,hand
3468080411319,1,skincare,,,hand
3600542652933,1,haircare,,,hand
8029352460043,1,haircare,,,hand
3760162125221,1,haircare,,,hand
3282770140972,1,haircare,,,hand
5430004121527,1,skincare,,,hand
3701129805008,1,skincare,,,hand
5200136145483,1,skincare,,,hand
5900095033530,1,skincare,,,hand
5900095035107,1,skincare,,,hand
5099514200209,1,skincare,,,hand
53574660291162,1,skincare,,,hand
3600542503136,1,haircare,,,hand
3574669907866,1,haircare,,,hand
4062300422513,1,haircare,,,hand
4062300422544,1,skincare,,,hand
7310618544104,1,skincare,,,hand
0080878195077,1,haircare,,,hand
0743877051460,1,haircare,,,hand
0381370030119,1,skincare,,,hand
10037000792519,1,skincare,,,hand
3282770390179,1,skincare,,,hand
9300607397925,1,skincare,,,hand
8904352003974,1,skincare,,,hand
9327693008481,1,skincare,,,hand
59092582,3,skincare,,,hand
8901277015327,1,skincare,,,hand
4005808828869,1,skincare,,,hand
4006000011400,2,skincare,,,hand
0590017090467,3,skincare,,,hand
5900017090283,1,skincare,,,hand
0590017090542,1,skincare,,,hand
5900017071787,1,haircare,,,hand
5900017071756,1,haircare,,,hand
5900017101989,4,haircare,,,hand
5900017097961,1,skincare,,,hand
3474637303365,1,haircare,,,hand
8480017310675,1,skincare,,,hand
0056594811058,1,skincare,,,hand
3499320015431,1,skincare,,,hand
3760162121056,1,skincare,,,hand
3560071277093,1,haircare,,,hand
8711868013850,1,skincare,,,hand
8001841062624,1,skincare,,,hand
5900057010166,1,haircare,,,hand
5744004980238,2,skincare,,,hand
5045731103908,1,skincare,,,hand
5907489072397,1,skincare,,,hand
4262351040319,1,skincare,,,hand
5060447948674,1,skincare,,,hand
4262351040364,1,skincare,,,hand
4262351040340,1,skincare,,,hand
4262351040302,1,skincare,,,hand
4262351040296,1,skincare,,,hand
2200267164042,1,skincare,,,hand
3760319342822,1,skincare,,,hand
3760319342839,1,skincare,,,hand
3286010097057,1,haircare,,,hand
9005800369549,1,skincare,,,hand
3574669907200,1,haircare,,,hand
3574660587524,1,skincare,,,hand
00000311,1,skincare,,,hand
00000563,1,skincare,,,hand
00000587,1,skincare,,,hand
00000859,1,skincare,,,hand
00002979,1,haircare,,,hand
00002980,1,haircare,,,hand
00027606,1,skincare,,,hand
00673037,1,skincare,,,hand
12111152,1,skincare,,,hand
20011208,4,skincare,,,hand
20057060,13,skincare,,,hand
20060909,1,skincare,,,hand
20060923,1,skincare,,,hand
20174026,2,skincare,,,hand
20208844,2,haircare,,,hand
20231460,1,skincare,,,hand
20251970,2,skincare,,,hand
20277246,1,skincare,,,hand
20283131,2,skincare,,,hand
20297190,2,skincare,,,hand
20382933,4,skincare,,,hand
20434182,4,skincare,,,hand
20490379,1,haircare,,,hand
20546526,1,skincare,,,hand
20553531,4,skincare,,,hand
20654825,9,skincare,,,hand
20864774,11,skincare,,,hand
20864781,1,skincare,,,hand
20982850,1,skincare,,,hand
22130518,4,skincare,,,hand
23135123,1,skincare,,,hand
26023281,9,skincare,,,hand
26023458,2,skincare,,,hand
26023595,2,skincare,,,hand
26028071,4,skincare,,,hand
29023004,1,haircare,,,hand
30070349,3,skincare,,,hand
40133195,4,skincare,,,hand
40883007,3,skincare,,,hand
42345183,1,skincare,,,hand
42345275,4,skincare,,,hand
42419334,1,skincare,,,hand
50064861,6,skincare,,,hand
50096206,1,skincare,,,hand
50096701,1,skincare,,,hand
50096725,2,skincare,,,hand
50099962,5,skincare,,,hand
50220021,11,skincare,,,hand
50287062,3,skincare,,,hand
59013648,5,skincare,,,hand
59084051,2,skincare,,,hand
59095842,12,skincare,,,hand
80453000,5,skincare,,,hand
80466468,20,skincare,,,hand
96097335,4,skincare,,,hand
0010181033056,2,haircare,,,hand
0010181040313,2,skincare,,,hand
0022200941525,4,skincare,,,hand
0022796916167,1,haircare,,,hand
0022796970060,4,haircare,,,hand
0022796976017,1,haircare,,,hand
0022796976024,2,haircare,,,hand
0022796976116,4,haircare,,,hand
0022796977519,5,haircare,,,hand
0037000267904,1,skincare,,,hand
0041167066218,1,skincare,,,hand
0041840001062,1,skincare,,,hand
0047400664685,1,skincare,,,hand
0055451789400,1,haircare,,,hand
0057990062532,1,skincare,,,hand
0070501017128,6,skincare,,,hand
0070501113424,1,skincare,,,hand
0072140006334,2,skincare,,,hand
0072151421119,2,skincare,,,hand
0098400012181,1,skincare,,,hand
0190679000187,1,haircare,,,hand
0302993917564,1,skincare,,,hand
0305212750003,4,skincare,,,hand
0381371018451,1,skincare,,,hand
0656272845162,1,skincare,,,hand
0697896828292,1,skincare,,,hand
0708002100741,1,skincare,,,hand
0708002400322,2,haircare,,,hand
0748378001112,4,haircare,,,hand
0748378003154,2,haircare,,,hand
0764302021506,3,haircare,,,hand
0764302280019,6,skincare,,,hand
0764302290629,4,haircare,,,hand
0769915190588,1,skincare,,,hand
0773602103515,3,makeup,,,hand
0792850259997,2,skincare,,,hand
0792850897687,1,skincare,,,hand
0812154030013,6,skincare,,,hand
0817513010002,1,haircare,,,hand
0817513015328,3,haircare,,,hand
0856017000126,8,haircare,,,hand
0858380002141,1,haircare,,,hand
0859220000266,2,skincare,,,hand
2000000002057,1,haircare,,,hand
2000000004891,2,makeup,,,hand
2000000151466,1,makeup,,,hand
8006540765135,1,skincare,,,hand
3014230000201,8,skincare,,,hand
3014230021237,15,skincare,,,hand
3014230021404,48,skincare,,,hand
3015810608817,2,skincare,,,hand
3050070004047,2,skincare,,,hand
3054080004028,2,haircare,,,hand
3054080011569,2,haircare,,,hand
3054080053293,2,haircare,,,hand
3054080074335,2,skincare,,,hand
3058320045260,2,skincare,,,hand
3058320048117,2,skincare,,,hand
3058325050054,1,skincare,,,hand
3058325066246,2,skincare,,,hand
3059944117142,3,skincare,,,hand
3140100047820,2,haircare,,,hand
3140100047875,2,haircare,,,hand
3140100143065,1,haircare,,,hand
3140100323047,2,haircare,,,hand
3140100366419,1,haircare,,,hand
3141380054911,2,skincare,,,hand
3160920402005,4,skincare,,,hand
3160920508097,6,skincare,,,hand
3178040429628,1,haircare,,,hand
3178040643802,4,haircare,,,hand
3178040650282,3,skincare,,,hand
3178040666283,4,skincare,,,hand
3178040683181,3,haircare,,,hand
3178040687042,2,haircare,,,hand
3178040696433,2,haircare,,,hand
3178041301138,2,haircare,,,hand
3178041301183,1,haircare,,,hand
3178041321792,1,skincare,,,hand
3178041339810,10,skincare,,,hand
3178041344319,1,haircare,,,hand
3179630012107,3,skincare,,,hand
3181730076262,1,skincare,,,hand
3181730104194,1,skincare,,,hand
3181730117965,4,skincare,,,hand
3181734189357,2,skincare,,,hand
3215662980011,2,skincare,,,hand
3215666800162,2,haircare,,,hand
3222472706625,3,skincare,,,hand
3222474495305,2,skincare,,,hand
3250390448730,2,skincare,,,hand
3250391831982,2,skincare,,,hand
3250392149611,1,skincare,,,hand
3250392496791,1,skincare,,,hand
3250393212635,1,skincare,,,hand
3251241003016,1,haircare,,,hand
3251241025599,2,skincare,,,hand
3251241034690,2,skincare,,,hand
3251241041629,2,skincare,,,hand
3253581479995,1,skincare,,,hand
3253581595213,1,haircare,,,hand
3256223379653,2,skincare,,,hand
3256223379752,1,skincare,,,hand
3256226531607,3,skincare,,,hand
3256226760403,1,skincare,,,hand
3264680004117,10,skincare,,,hand
3264680004964,1,skincare,,,hand
3282770072815,10,skincare,,,hand
3282770100747,9,skincare,,,hand
3282770100778,2,skincare,,,hand
3282779002738,2,skincare,,,hand
3282779069519,1,skincare,,,hand
3282779348850,1,skincare,,,hand
3282779402927,1,skincare,,,hand
3282779405485,1,skincare,,,hand
3282779416139,4,skincare,,,hand
3283950911184,3,skincare,,,hand
3286010022042,1,haircare,,,hand
3286010022059,2,haircare,,,hand
3323037218635,1,skincare,,,hand
3326100000557,1,skincare,,,hand
3329310012495,3,skincare,,,hand
3331849020391,4,skincare,,,hand
3337871323820,1,skincare,,,hand
3337872412134,9,skincare,,,hand
3337872412684,7,skincare,,,hand
3337872414015,2,skincare,,,hand
3337872418570,2,skincare,,,hand
3337872420696,1,skincare,,,hand
3337875201360,2,skincare,,,hand
3337875545822,2,skincare,,,hand
3337875549530,2,skincare,,,hand
3337875552127,1,skincare,,,hand
3337875560382,1,skincare,,,hand
3337875597333,14,skincare,,,hand
3337875696548,1,skincare,,,hand
3337875722827,2,skincare,,,hand
3337875743563,4,skincare,,,hand
3337875763790,1,skincare,,,hand
3348070010589,2,haircare,,,hand
3350031756825,1,skincare,,,hand
3350031756931,3,skincare,,,hand
3350031992612,2,skincare,,,hand
3355312146401,4,haircare,,,hand
3367729021028,1,skincare,,,hand
3378872067566,1,makeup,,,hand
3380380058561,3,haircare,,,hand
3401353688742,2,skincare,,,hand
3401360114890,6,skincare,,,hand
3401360167841,1,skincare,,,hand
3401363855738,4,skincare,,,hand
3401542172809,1,skincare,,,hand
3401572288297,1,skincare,,,hand
3401573670053,1,skincare,,,hand
3401575645851,1,skincare,,,hand
3401578653709,1,skincare,,,hand
3410280029177,1,skincare,,,hand
3415900030427,3,skincare,,,hand
3415900031486,6,skincare,,,hand
3426354085000,3,haircare,,,hand
3433422401907,1,skincare,,,hand
3450601026270,3,skincare,,,hand
3450601028878,1,haircare,,,hand
3450601032417,12,skincare,,,hand
3450970142731,1,haircare,,,hand
3464660001918,5,skincare,,,hand
3464660002007,2,skincare,,,hand
3468080405240,2,skincare,,,hand
3474636612666,1,haircare,,,hand
3474636974221,1,haircare,,,hand
3478821111026,2,skincare,,,hand
3499320003766,2,skincare,,,hand
3504105036768,1,skincare,,,hand
3504108010574,2,skincare,,,hand
3506770001010,1,skincare,,,hand
3516170021655,2,skincare,,,hand
3517360001419,2,skincare,,,hand
3517360002430,2,skincare,,,hand
3517360008661,2,skincare,,,hand
3517360008685,2,skincare,,,hand
3517360012774,4,skincare,,,hand
3517360014181,4,haircare,,,hand
3517360016970,4,skincare,,,hand
3518646023132,2,skincare,,,hand
3522930002536,1,skincare,,,hand
3522931003761,1,skincare,,,hand
3532281624806,1,skincare,,,hand
3535032553608,2,skincare,,,hand
3549620005028,2,skincare,,,hand
3549620005035,2,skincare,,,hand
3549620005080,1,skincare,,,hand
3549620020328,3,skincare,,,hand
3549620033052,2,skincare,,,hand
3549621020426,2,skincare,,,hand
3549621033174,1,skincare,,,hand
3549629000024,2,skincare,,,hand
3560070883417,4,skincare,,,hand
3560070902767,5,skincare,,,hand
3560070911349,2,haircare,,,hand
3560070917488,3,skincare,,,hand
3560070947485,9,haircare,,,hand
3560070965977,2,haircare,,,hand
3560070968893,3,haircare,,,hand
3560071164867,2,haircare,,,hand
3560071481513,3,skincare,,,hand
3564700325681,1,skincare,,,hand
3564700506554,1,skincare,,,hand
3564700701058,1,skincare,,,hand
3564700750223,1,skincare,,,hand
3574660085563,4,skincare,,,hand
3574660149807,9,skincare,,,hand
3574660154344,2,skincare,,,hand
3574660183818,8,skincare,,,hand
3574660258288,3,skincare,,,hand
3574660260052,20,skincare,,,hand
3574660325492,2,skincare,,,hand
3574660504293,1,skincare,,,hand
3574660600124,5,skincare,,,hand
3574660724370,2,skincare,,,hand
3574661034805,3,skincare,,,hand
3574661042237,2,skincare,,,hand
3574661056630,1,skincare,,,hand
3574661065427,3,skincare,,,hand
3574661137292,1,skincare,,,hand
3574661151250,1,skincare,,,hand
3574661153803,2,skincare,,,hand
3574661173856,1,skincare,,,hand
3574661181882,2,skincare,,,hand
3574661183343,2,skincare,,,hand
3574661183473,2,skincare,,,hand
3574661186269,2,haircare,,,hand
3574661254067,2,skincare,,,hand
3574661287201,4,skincare,,,hand
3574661288802,4,haircare,,,hand
3574661319308,1,skincare,,,hand
3574661334912,1,haircare,,,hand
3574661347417,2,skincare,,,hand
3574661347424,1,skincare,,,hand
3574661349770,1,skincare,,,hand
3574661349817,1,skincare,,,hand
3574661527055,2,skincare,,,hand
3574661537429,1,haircare,,,hand
3574661549668,2,skincare,,,hand
3574661574554,1,haircare,,,hand
3574661574561,1,haircare,,,hand
3574661578453,4,skincare,,,hand
3574661578491,2,skincare,,,hand
3574661687018,2,skincare,,,hand
3574669907842,3,haircare,,,hand
3583788767138,1,skincare,,,hand
3595890243547,2,skincare,,,hand
3595897688518,3,skincare,,,hand
3596202092938,2,skincare,,,hand
3596205108063,1,skincare,,,hand
3596206332825,2,skincare,,,hand
3596490002794,1,skincare,,,hand
3596710166404,2,haircare,,,hand
3596710517381,7,skincare,,,hand
3600520297118,2,skincare,,,hand
3600522215370,5,haircare,,,hand
3600522372554,5,skincare,,,hand
3600522410874,7,haircare,,,hand
3600523128174,1,haircare,,,hand
3600523160853,2,haircare,,,hand
3600523232482,4,skincare,,,hand
3600523434534,2,skincare,,,hand
3600523614455,1,makeup,,,hand
3600531324506,2,makeup,,,hand
3600531411121,1,makeup,,,hand
3600540556448,3,skincare,,,hand
3600541128484,1,haircare,,,hand
3600541173620,1,haircare,,,hand
3600541187825,3,haircare,,,hand
3600541204638,2,haircare,,,hand
3600541358485,1,skincare,,,hand
3600541594968,1,skincare,,,hand
3600541599017,2,haircare,,,hand
3600541672710,1,haircare,,,hand
3600541735958,2,skincare,,,hand
3600541738508,1,skincare,,,hand
3600541883635,2,haircare,,,hand
3600542015172,2,haircare,,,hand
3600542074704,2,haircare,,,hand
3600542074858,2,haircare,,,hand
3600542097024,1,skincare,,,hand
3600542120487,3,haircare,,,hand
3600542133531,1,haircare,,,hand
3600542221054,1,haircare,,,hand
3600542227322,5,skincare,,,hand
3600542289856,1,haircare,,,hand
3600542359696,1,skincare,,,hand
3600542359764,1,skincare,,,hand
3600542461481,1,haircare,,,hand
3600542525831,4,haircare,,,hand
3600550038071,2,skincare,,,hand
3600550153453,2,haircare,,,hand
3600550159189,1,skincare,,,hand
3600550185003,4,skincare,,,hand
3600550199291,1,skincare,,,hand
3600550199338,2,skincare,,,hand
3600550216592,3,skincare,,,hand
3600550240276,3,skincare,,,hand
3600550258301,1,skincare,,,hand
3600550258691,3,skincare,,,hand
3600550258776,2,skincare,,,hand
3600550261400,2,skincare,,,hand
3600550274783,1,haircare,,,hand
3600550362404,2,skincare,,,hand
3600550456035,3,haircare,,,hand
3600550564044,2,skincare,,,hand
3600550564051,1,skincare,,,hand
3600550752212,4,skincare,,,hand
3600550752373,2,skincare,,,hand
3600550805321,1,skincare,,,hand
3600550805369,3,haircare,,,hand
3600550806700,3,haircare,,,hand
3600550808773,2,skincare,,,hand
3600550809466,2,skincare,,,hand
3600550817584,6,haircare,,,hand
3600550845570,1,haircare,,,hand
3600550935431,2,skincare,,,hand
3600550937374,1,haircare,,,hand
3600550937381,1,haircare,,,hand
3600550972153,3,skincare,,,hand
3600550995077,2,skincare,,,hand
3600551017921,1,skincare,,,hand
3600551020419,4,skincare,,,hand
3600551032078,6,haircare,,,hand
3605540873717,1,skincare,,,hand
3606000537439,5,skincare,,,hand
3606000537750,1,skincare,,,hand
3606000551954,2,skincare,,,hand
3607340722127,1,skincare,,,hand
3607345064505,1,makeup,,,hand
3614223736003,2,skincare,,,hand
3614271701510,6,skincare,,,hand
3614819990680,1,skincare,,,hand
3660005099620,2,skincare,,,hand
3660005217468,1,haircare,,,hand
3660005240718,1,skincare,,,hand
3660005364001,4,skincare,,,hand
3660005542904,1,skincare,,,hand
3660005545325,1,skincare,,,hand
3660005735887,1,skincare,,,hand
3660005760711,3,skincare,,,hand
3660005795300,1,skincare,,,hand
3660005984537,1,skincare,,,hand
3661295615019,2,skincare,,,hand
3661434000522,1,skincare,,,hand
3662217002252,6,skincare,,,hand
3662361001927,1,skincare,,,hand
3662361002146,1,skincare,,,hand
3700538600044,1,skincare,,,hand
3700593600188,2,skincare,,,hand
3700763501581,2,skincare,,,hand
3701154700439,1,skincare,,,hand
3760061220461,1,skincare,,,hand
3760099592066,1,skincare,,,hand
3760179070262,3,skincare,,,hand
3770000717044,1,skincare,,,hand
3770000717587,1,skincare,,,hand
3770004051007,1,skincare,,,hand
3770013052101,4,skincare,,,hand
3770013899034,1,skincare,,,hand
4000196012098,2,skincare,,,hand
4000196020956,1,skincare,,,hand
4000388563209,2,skincare,,,hand
4001638093989,5,skincare,,,hand
4002448145257,1,skincare,,,hand
4005800001192,4,skincare,,,hand
4005800019876,7,skincare,,,hand
4005800027932,1,skincare,,,hand
4005800137556,1,skincare,,,hand
4005800137655,1,skincare,,,hand
4005808183043,3,skincare,,,hand
4005808236923,1,skincare,,,hand
4005808237746,2,skincare,,,hand
4005808257669,4,skincare,,,hand
4005808302659,2,skincare,,,hand
4005808315680,2,skincare,,,hand
4005808319695,2,skincare,,,hand
4005808319725,3,skincare,,,hand
4005808425365,4,skincare,,,hand
4005808532452,8,skincare,,,hand
4005808538560,1,skincare,,,hand
4005808668212,2,skincare,,,hand
4005808801046,1,skincare,,,hand
4005808801053,13,skincare,,,hand
4005808829958,1,skincare,,,hand
4005808837311,1,skincare,,,hand
4005808837359,6,skincare,,,hand
4005808846610,1,skincare,,,hand
4005808920679,1,skincare,,,hand
4005808925124,11,skincare,,,hand
4005900053596,1,skincare,,,hand
4005900105080,1,skincare,,,hand
4005900127167,2,skincare,,,hand
4005900172112,2,skincare,,,hand
4005900243522,2,skincare,,,hand
4005900243553,6,skincare,,,hand
4005900246905,1,skincare,,,hand
4005900249401,6,skincare,,,hand
4005900268068,2,skincare,,,hand
4005900285034,2,skincare,,,hand
4005900363756,6,skincare,,,hand
4005900363879,3,skincare,,,hand
4005900388636,2,skincare,,,hand
4005900399427,1,haircare,,,hand
4005900485243,1,skincare,,,hand
4005900597489,1,skincare,,,hand
4005900597519,1,skincare,,,hand
4005900656230,1,skincare,,,hand
4005900756152,1,skincare,,,hand
4005900773845,2,skincare,,,hand
4009800010871,3,skincare,,,hand
4010355255709,1,skincare,,,hand
4010355336040,1,skincare,,,hand
4010355340115,1,skincare,,,hand
4010355341372,1,haircare,,,hand
4010355348401,3,skincare,,,hand
4010355409270,1,skincare,,,hand
4010355484208,3,skincare,,,hand
4010355558879,1,skincare,,,hand
4012273123009,1,skincare,,,hand
4015000718547,1,skincare,,,hand
4015100292022,3,haircare,,,hand
4015100292374,1,haircare,,,hand
4015100292411,1,haircare,,,hand
4015100404548,1,haircare,,,hand
4015400621966,2,skincare,,,hand
4017645036949,3,haircare,,,hand
4017645046290,2,haircare,,,hand
4021457614202,2,skincare,,,hand
4021457632855,1,skincare,,,hand
4021457638932,3,skincare,,,hand
4021609012733,2,haircare,,,hand
4025089081319,3,skincare,,,hand
4049639412507,1,makeup,,,hand
4056489234081,1,skincare,,,hand
4056489356677,1,skincare,,,hand
4056489366485,1,skincare,,,hand
4056489431084,1,skincare,,,hand
4056489525875,3,skincare,,,hand
4056489643616,1,skincare,,,hand
4058172002144,1,skincare,,,hand
4058172009013,4,haircare,,,hand
4058172051128,1,skincare,,,hand
4058172192449,5,skincare,,,hand
4058172446535,1,haircare,,,hand
4058172586552,1,skincare,,,hand
4058172618994,3,skincare,,,hand
4058172774942,5,skincare,,,hand
4058172778896,1,skincare,,,hand
4058172880292,1,haircare,,,hand
4058172934988,1,skincare,,,hand
4059729395177,1,makeup,,,hand
4061458121651,1,skincare,,,hand
4061458199667,1,skincare,,,hand
4061458223829,1,skincare,,,hand
4063528031594,1,skincare,,,hand
4063528064967,1,skincare,,,hand
4066447008135,1,skincare,,,hand
4066447054651,2,skincare,,,hand
4066447079272,3,skincare,,,hand
4066447106404,2,skincare,,,hand
4084500526792,2,haircare,,,hand
4099200141060,5,skincare,,,hand
4103040341013,1,skincare,,,hand
4250587735543,2,makeup,,,hand
4250947516027,2,makeup,,,hand
4255582800104,1,skincare,,,hand
4260556676012,1,skincare,,,hand
4305615307763,3,haircare,,,hand
4305615537153,2,skincare,,,hand
4305615566115,2,haircare,,,hand
4305615566184,1,haircare,,,hand
4305615609997,5,skincare,,,hand
4305615610054,1,skincare,,,hand
4305615610344,1,skincare,,,hand
4305615613956,4,skincare,,,hand
4305615754635,1,skincare,,,hand
4311501436103,5,skincare,,,hand
0990312338444,3,haircare,,,hand
0990312212805,1,haircare,,,hand
4806528110087,1,skincare,,,hand
8002330033439,1,skincare,,,hand
5000101032905,1,skincare,,,hand
5000119810236,1,skincare,,,hand
5000207007159,1,skincare,,,hand
5000262137006,2,skincare,,,hand
5010724526798,3,haircare,,,hand
5010724527443,4,haircare,,,hand
5010724527474,4,haircare,,,hand
5012583201885,3,haircare,,,hand
5014697017086,1,skincare,,,hand
5017634238483,2,skincare,,,hand
5022496103534,7,haircare,,,hand
5025970022574,3,skincare,,,hand
5029053550039,7,skincare,,,hand
5029053550152,7,skincare,,,hand
5029354000271,1,skincare,,,hand
5057753324841,2,haircare,,,hand
5060177240581,1,skincare,,,hand
5099802150117,4,skincare,,,hand
5099821001421,1,skincare,,,hand
5410076390830,8,haircare,,,hand
5410091701857,6,skincare,,,hand
5410091729981,1,skincare,,,hand
5900017304007,4,skincare,,,hand
7501056346195,1,skincare,,,hand
7506306241152,2,skincare,,,hand
7509552828962,3,haircare,,,hand
7509552874952,1,haircare,,,hand
7509552904819,1,haircare,,,hand
7613379546005,1,skincare,,,hand
7702018094455,1,skincare,,,hand
7702018404551,1,skincare,,,hand
7702538121501,1,skincare,,,hand
7790010570626,1,haircare,,,hand
7891010009250,2,skincare,,,hand
8000700000005,6,skincare,,,hand
8001090582133,4,haircare,,,hand
8001090661999,2,skincare,,,hand
8001090662231,3,skincare,,,hand
8001841054988,1,haircare,,,hand
8001841923840,3,skincare,,,hand
8006540476307,1,haircare,,,hand
8410436208611,1,skincare,,,hand
8410751030942,1,skincare,,,hand
8410757001090,6,skincare,,,hand
8414227692351,1,skincare,,,hand
8436024790016,4,skincare,,,hand
8480000420947,4,skincare,,,hand
8480000465702,1,haircare,,,hand
8480000467003,3,skincare,,,hand
8480000467713,4,skincare,,,hand
8480000468154,1,skincare,,,hand
8480000748911,5,skincare,,,hand
8480000794277,3,skincare,,,hand
5310001244040,2,skincare,,,hand
8710444217408,5,skincare,,,hand
8710444220828,1,skincare,,,hand
8710447169186,1,skincare,,,hand
8710447276600,3,skincare,,,hand
8710447284100,1,skincare,,,hand
8710447445945,19,skincare,,,hand
8710447484265,4,skincare,,,hand
8710847929038,1,skincare,,,hand
8710847972720,8,skincare,,,hand
8710908238505,7,haircare,,,hand
8710908395352,1,skincare,,,hand
8711600504141,6,skincare,,,hand
8711600804357,2,skincare,,,hand
8711600831063,6,skincare,,,hand
8711700822985,7,skincare,,,hand
8711700922340,4,haircare,,,hand
8711700956796,4,haircare,,,hand
8711868004575,3,skincare,,,hand
8711868004773,5,skincare,,,hand
8712561254595,1,skincare,,,hand
8712561534918,1,skincare,,,hand
8712561593335,11,skincare,,,hand
8712561594424,30,skincare,,,hand
8712561628716,2,skincare,,,hand
8712561629089,10,skincare,,,hand
8714100597347,3,skincare,,,hand
8714789700045,2,skincare,,,hand
8714789764580,3,skincare,,,hand
8714789828558,3,skincare,,,hand
8714789880488,2,haircare,,,hand
8714789880501,1,haircare,,,hand
8714789913919,29,skincare,,,hand
8714789973920,2,skincare,,,hand
8715342030678,1,skincare,,,hand
8717163525555,4,haircare,,,hand
8717163607268,7,skincare,,,hand
8717163607305,1,skincare,,,hand
8717163961988,12,skincare,,,hand
8717644308998,2,skincare,,,hand
8717931601832,4,haircare,,,hand
8718114621371,2,haircare,,,hand
8718114650708,1,skincare,,,hand
8718836393037,1,skincare,,,hand
8718951087569,3,skincare,,,hand
8719134064643,2,skincare,,,hand
8719134096279,1,skincare,,,hand
8719497834686,1,skincare,,,hand
8720181029240,1,skincare,,,hand
8720181334153,4,skincare,,,hand
8720182264664,2,skincare,,,hand
8806334369514,1,skincare,,,hand
8809416470511,4,skincare,,,hand
8901138500061,5,skincare,,,hand
8901138511784,5,skincare,,,hand
8901287100013,3,skincare,,,hand
8906087778462,2,skincare,,,hand
9314807018504,1,skincare,,,hand
3282770204780,3,skincare,,,hand
8720665000192,1,skincare,,,hand
3600524030315,1,skincare,,,hand
4024009008696,1,skincare,,,hand
8690644035722,1,makeup,,,hand
8000036024294,1,skincare,,,hand
5029053585543,1,skincare,,,hand
8700216250641,1,skincare,,,hand
5010934005021,1,haircare,,,hand
5203069054587,1,haircare,,,hand
3600542563888,1,haircare,,,hand
4047247997744,1,skincare,,,hand
0811847037421,1,haircare,,,hand
3701129812112,1,skincare,,,hand
7509552979558,2,haircare,,,hand
8030243021144,1,haircare,,,hand
4061458023726,1,haircare,,,hand
3600542534314,1,makeup,,,hand
8411135010055,1,skincare,,,hand
7750075057920,1,haircare,,,hand
00320590,1,skincare,,,hand
3700390871071,1,skincare,,,hand
8720181077678,1,skincare,,,hand
4047247402965,1,skincare,,,hand
8718951576919,1,haircare,,,hand
3700795202920,1,skincare,,,hand
3605973079571,1,skincare,,,hand
5059605622624,1,skincare,,,hand
3662217015108,1,makeup,,,hand
3760100683004,1,skincare,,,hand
3574669907385,4,haircare,,,hand
44562300422544,1,skincare,,,hand
4064273150059,3,skincare,,,hand
3178041338387,1,haircare,,,hand
3600550367188,1,skincare,,,hand
8006530135269,1,skincare,,,hand
4305615745022,1,skincare,,,hand
9004432185947,1,skincare,,,hand
5099514001486,1,skincare,,,hand
5099514005026,1,skincare,,,hand
8436616357702,1,skincare,,,hand
59095316,1,skincare,,,hand
3600531648725,1,skincare,,,hand
4971710378498,1,makeup,,,hand
8720964894164,1,skincare,,,hand
8809389032150,1,skincare,,,hand
5060565104761,1,haircare,,,hand
6924372665459,1,skincare,,,hand
8901399031397,1,skincare,,,hand
8006530116305,1,skincare,,,hand
53900095034940,1,skincare,,,hand
4068134128843,1,skincare,,,hand
5900017095332,1,skincare,,,hand
5900931033083,1,skincare,,,hand
5907502687423,1,skincare,,,hand
4337185909641,1,skincare,,,hand
3574661428093,1,skincare,,,hand
4011609011904,1,skincare,,,hand
5900017102061,2,skincare,,,hand
5709954024333,1,skincare,,,hand
5709954024371,1,skincare,,,hand
4002857031264,1,skincare,,,hand
5900095034674,1,skincare,,,hand
0071249153789,1,haircare,,,hand
5280270017488,1,haircare,,,hand
4335619058163,1,skincare,,,hand
3331300000832,1,skincare,,,hand
8886467071997,1,skincare,,,hand
8002410067279,1,skincare,,,hand
3160920964701,1,haircare,,,hand
8711700934497,26,skincare,,,hand
6974998720971,1,skincare,,,hand
8909106059160,1,skincare,,,hand
8909106088771,1,skincare,,,hand
8909106065932,1,haircare,,,hand
5102108900017,1,haircare,,,hand
5901912623613,1,skincare,,,hand
5901912623477,1,skincare,,,hand
5903116756579,4,skincare,,,hand
5906649498242,1,haircare,,,hand
5600551154459,1,haircare,,,hand
55900017361000,1,skincare,,,hand
5902853066996,1,haircare,,,hand
8480010207170,3,skincare,,,hand
4061461877149,4,skincare,,,hand
3600524231286,1,haircare,,,hand
3700563203005,1,skincare,,,hand
4305615904733,1,skincare,,,hand
3574661728018,1,skincare,,,hand
8429420264106,1,skincare,,,hand
4056489601746,3,skincare,,,hand
8859362515620,1,skincare,,,hand
8051811451538,1,haircare,,,hand
3574661748368,2,skincare,,,hand
8056386602200,1,skincare,,,hand
8700216212786,1,haircare,,,hand
6414505192254,1,haircare,,,hand
0672153411516,1,skincare,,,hand
3800156019690,1,skincare,,,hand
8696961800395,1,haircare,,,hand
4047247998093,1,haircare,,,hand
3506770001041,1,skincare,,,hand
8721148000531,1,skincare,,,hand
3660005990897,1,skincare,,,hand
3600522107781,4,skincare,,,hand
4006000177281,1,skincare,,,hand
6003911081964,2,skincare,,,hand
8715342041261,1,skincare,,,hand
3140100366440,5,haircare,,,hand
5900017040035,1,skincare,,,hand
4047196066232,1,skincare,,,hand
4047196052631,1,haircare,,,hand
4047196052648,1,skincare,,,hand
8682241212880,1,skincare,,,hand
2000000157861,1,haircare,,,hand
2000000157862,1,haircare,,,hand
2000000157866,1,skincare,,,hand
2000000157869,1,skincare,,,hand
8436617752667,1,skincare,,,hand
3856007900976,2,skincare,,,hand
3564700890714,1,skincare,,,hand
2200291116956,1,skincare,,,hand
3600551054476,7,skincare,,,hand
0729238169807,1,skincare,,,hand
3564700992937,1,skincare,,,hand
4068134201027,1,skincare,,,hand
3665717000100,1,skincare,,,hand
8901030716065,1,skincare,,,hand
4335619112025,1,skincare,,,hand
3616307110631,1,skincare,,,hand
3564700877203,1,haircare,,,hand
0062600400055,1,skincare,,,hand
8720865876221,1,skincare,,,hand
0857724008979,3,skincare,,,hand
3700607907029,1,skincare,,,hand
1937013660657,1,haircare,,,hand
3701436913199,1,haircare,,,hand
8901088728904,1,haircare,,,hand
8909106076419,1,haircare,,,hand
5061087560738,1,skincare,,,hand
5060879821989,1,skincare,,,hand
9999960010024,2,skincare,,,hand
5017634247843,1,skincare,,,hand
0841227057723,1,skincare,,,hand
5407005691625,1,haircare,,,hand
3010351750629,1,skincare,,,hand
4061459883626,1,skincare,,,hand
0020714389109,1,skincare,,,hand
7611480010361,1,skincare,,,hand
3600551142135,1,haircare,,,hand
8908001158022,1,skincare,,,hand
8904409719926,1,makeup,,,hand
0075609199202,1,skincare,,,hand
3537090019119,1,haircare,,,hand
3701129812426,1,skincare,,,hand
4061461233051,1,skincare,,,hand
3253581491393,1,haircare,,,hand
5065010483019,1,skincare,,,hand
3700390875079,1,skincare,,,hand
3700390873051,1,skincare,,,hand
8006530034722,1,haircare,,,hand
8901030515521,1,skincare,,,hand
8690506527426,1,skincare,,,hand
3600551055008,1,haircare,,,hand
3701129805060,1,haircare,,,hand
0830372000465,1,haircare,,,hand
8809526842772,1,makeup,,,hand
3770016038577,1,skincare,,,hand
5202888400193,1,skincare,,,hand
5060120170750,1,skincare,,,hand
0071249283714,1,makeup,,,hand
59001799,1,skincare,,,hand
8718951764026,1,skincare,,,hand
7340074775385,1,haircare,,,hand
4068706887949,1,skincare,,,hand
8690595028064,1,haircare,,,hand
5060896575513,1,skincare,,,hand
4066447909319,1,haircare,,,hand
8017331065051,1,skincare,,,hand
8017331051610,1,skincare,,,hand
8006530139403,1,haircare,,,hand
0024843639883,1,skincare,,,hand
3282770149777,1,skincare,,,hand
8017596114570,1,haircare,,,hand
8901526603442,1,haircare,,,hand
8009518492545,1,skincare,,,hand
8007827094856,1,skincare,,,hand
9378313963994,1,skincare,,,hand
4066447107371,1,haircare,,,hand
5045091051628,1,skincare,,,hand
0075371003936,1,skincare,,,hand
4901301405340,1,skincare,,,hand
8809526842758,1,makeup,,,hand
8809611863118,1,makeup,,,hand
7627536820365,1,skincare,,,hand
8718951763937,1,skincare,,,hand
4260007645642,1,skincare,,,hand
4335619130456,1,skincare,,,hand
7791905004219,1,skincare,,,hand
4015100864977,1,haircare,,,hand
7896235354185,1,skincare,,,hand
5701943102619,1,skincare,,,hand
3337875852333,1,skincare,,,hand
8906117254850,1,skincare,,,hand
3760349312772,1,skincare,,,hand
42269663,8,skincare,,,hand
0850046839153,1,skincare,,,hand
0850046839351,1,skincare,,,hand
5032767000400,1,skincare,,,hand
5709557949248,1,skincare,,,hand
8435534412616,1,haircare,,,hand
0682940000359,1,skincare,,,hand
5901887030355,1,skincare,,,hand
5060686200076,1,skincare,,,hand
5201314066699,1,skincare,,,hand
8699708260216,2,haircare,,,hand
3253581679890,1,skincare,,,hand
3517360020267,3,haircare,,,hand
3574661817958,2,skincare,,,hand
8718951509085,2,skincare,,,hand
3663062010805,4,skincare,,,hand
3256228415646,2,skincare,,,hand
3256228942289,2,skincare,,,hand
3059944026734,4,skincare,,,hand
3059944151443,4,skincare,,,hand
3250391547500,4,skincare,,,hand
3250391547395,5,skincare,,,hand
0840191613623,1,skincare,,,hand
8015700166897,1,skincare,,,hand
3264680042003,1,skincare,,,hand
8720181436765,3,skincare,,,hand
6132321304810,1,skincare,,,hand
6214000451111,1,haircare,,,hand
4061461046552,1,skincare,,,hand
8719497835201,1,skincare,,,hand
4335619356313,1,skincare,,,hand
4067796069402,1,haircare,,,hand
0091639012120,1,skincare,,,hand
3700214611258,1,skincare,,,hand
6009711830191,1,skincare,,,hand
3760162125122,1,haircare,,,hand
8720181455315,1,skincare,,,hand
3337875810890,1,skincare,,,hand
0641628611492,1,skincare,,,hand
4005900601544,1,skincare,,,hand
5059018012753,1,skincare,,,hand
8680057427023,1,haircare,,,hand
3660005880495,1,haircare,,,hand
8690572800799,1,skincare,,,hand
8690937011372,1,haircare,,,hand
8690506544089,1,haircare,,,hand
3600523699148,1,haircare,,,hand
8690506492076,1,skincare,,,hand
3522930004417,1,skincare,,,hand
5900017092492,1,skincare,,,hand
5037156297546,1,haircare,,,hand
0010181053351,1,skincare,,,hand
4987176038630,1,haircare,,,hand
4987176162700,1,haircare,,,hand
4005900098207,2,skincare,,,hand
0810025927752,1,skincare,,,hand
3574661700892,1,skincare,,,hand
5204625200806,1,skincare,,,hand
8002340017467,1,skincare,,,hand
3337875923859,1,haircare,,,hand
7630028643823,1,haircare,,,hand
3600541729476,1,skincare,,,hand
8906058337612,1,skincare,,,hand
8480017249852,2,skincare,,,hand
8600197458190,1,skincare,,,hand
8901030653667,1,skincare,,,hand
3334961005079,1,skincare,,,hand
4316268622912,1,haircare,,,hand
7331162013915,1,skincare,,,hand
59082378,1,skincare,,,hand
9309000532056,1,skincare,,,hand
9309000532087,1,skincare,,,hand
9309000532001,1,skincare,,,hand
9309000532018,1,skincare,,,hand
9309000532025,1,skincare,,,hand
9309000532032,1,skincare,,,hand
0030772166192,1,haircare,,,hand
3596710561667,1,skincare,,,hand
3474636994007,1,haircare,,,hand
3563210031976,1,skincare,,,hand
8719827009586,1,skincare,,,hand
3596710540716,1,skincare,,,hand
3474637195809,1,haircare,,,hand
0609332836761,1,makeup,,,hand
6132521980357,1,skincare,,,hand
8908027247007,2,skincare,,,hand
7629999091795,1,skincare,,,hand
3574669908283,1,skincare,,,hand
96206645,2,skincare,,,hand
3537090019287,1,haircare,,,hand
3504105035808,1,skincare,,,hand
2010000042625,1,skincare,,,hand
6291100760442,1,skincare,,,hand
6295120043387,1,skincare,,,hand
3760195125281,1,skincare,,,hand
6111259376878,1,skincare,,,hand
3770008149069,1,haircare,,,hand
3701063800763,1,skincare,,,hand
3500680035301,1,skincare,,,hand
6931265602552,1,skincare,,,hand
8432729040197,1,skincare,,,hand
6192346000012,1,haircare,,,hand
7290015284431,2,skincare,,,hand
6223014650984,1,skincare,,,hand
0041167043660,1,skincare,,,hand
4025087494029,1,makeup,,,hand
8800289474972,1,skincare,,,hand
8800256119066,1,skincare,,,hand
8809640738456,1,skincare,,,hand
4260199892268,1,skincare,,,hand
4260199892572,1,skincare,,,hand
4260199895917,1,skincare,,,hand
4260199892473,1,skincare,,,hand
4260199896983,2,skincare,,,hand
4260199894279,1,skincare,,,hand
8800256108374,1,skincare,,,hand
6130548016981,1,haircare,,,hand
7709183563502,3,skincare,,,hand
30096608,2,makeup,,,hand
0087300560076,1,skincare,,,hand
0300009368874,1,skincare,,,hand
0038276005108,1,haircare,,,hand
8681049382955,1,skincare,,,hand
0858511001135,1,haircare,,,hand
0681131199995,1,skincare,,,hand
4987176335166,1,skincare,,,hand
4987176102041,1,skincare,,,hand
8904091190256,1,skincare,,,hand
8684438670091,1,skincare,,,hand
5045098427808,1,skincare,,,hand
5397206966960,1,skincare,,,hand
0815517028641,1,skincare,,,hand
3567730300130,1,haircare,,,hand
7322541343372,1,skincare,,,hand
4010355048127,1,skincare,,,hand
8436576506103,1,skincare,,,hand
3610340675430,1,haircare,,,hand
3760026151861,2,makeup,,,hand
5601312615842,1,skincare,,,hand
8001090592958,2,skincare,,,hand
3256220205825,1,skincare,,,hand
4066447756500,2,skincare,,,hand
4820207591417,1,skincare,,,hand
0037000974666,2,haircare,,,hand
8029041109147,1,skincare,,,hand
8021983810631,1,skincare,,,hand
8720865369105,1,skincare,,,hand
8595572900961,1,skincare,,,hand
8901030753428,1,skincare,,,hand
5201314180678,1,skincare,,,hand
3600524140076,1,haircare,,,hand
8712561218108,7,skincare,,,hand
7611600996438,1,skincare,,,hand
8700216421102,1,haircare,,,hand
0197644432486,2,skincare,,,hand
9400571000125,1,skincare,,,hand
8720256109044,1,skincare,,,hand
4066447948219,2,skincare,,,hand
3662361003204,2,skincare,,,hand
0054402720028,1,skincare,,,hand
8852660636875,1,skincare,,,hand
8684252212439,2,skincare,,,hand
0050051122084,2,skincare,,,hand
8684252210770,1,skincare,,,hand
8904006307267,1,skincare,,,hand
8901277013095,1,skincare,,,hand
8680586080522,2,skincare,,,hand
4005900541253,2,skincare,,,hand
5905359800576,1,skincare,,,hand
2050002945692,1,makeup,,,hand
8683071843077,1,haircare,,,hand
8684252214433,1,skincare,,,hand
8683130036105,2,skincare,,,hand
8683130093436,2,skincare,,,hand
8690637983665,1,skincare,,,hand
8680586080553,2,skincare,,,hand
8680586080539,2,skincare,,,hand
8684252202928,1,skincare,,,hand
4005900951007,1,skincare,,,hand
8690521050671,2,skincare,,,hand
8680731425918,2,skincare,,,hand
8683130093481,2,skincare,,,hand
8698753382034,2,haircare,,,hand
8680586080515,2,skincare,,,hand
8683130036099,2,skincare,,,hand
8683130093429,1,skincare,,,hand
8680586080546,2,skincare,,,hand
8684252209637,2,haircare,,,hand
8683130110089,2,skincare,,,hand
8684252211777,1,skincare,,,hand
8690506536558,2,skincare,,,hand
2050002945234,2,makeup,,,hand
0681619820885,1,makeup,,,hand
0681619820915,1,makeup,,,hand
0681619820922,1,makeup,,,hand
0681619820939,1,makeup,,,hand
8684252201846,1,haircare,,,hand
0857866007045,1,skincare,,,hand
6943533200018,1,skincare,,,hand
8682536093842,2,makeup,,,hand
4005900525352,2,skincare,,,hand
8682536069441,1,makeup,,,hand
8682536093880,2,makeup,,,hand
0077802168580,1,makeup,,,hand
8682536069502,1,makeup,,,hand
8809668022940,1,makeup,,,hand
2050000078439,1,makeup,,,hand
4015100891874,1,haircare,,,hand
3700971335572,1,makeup,,,hand
8051070227103,1,makeup,,,hand
2050002972629,1,makeup,,,hand
8809625248826,1,skincare,,,hand
2050002980273,2,makeup,,,hand
3700971335589,1,makeup,,,hand
8683873581207,1,skincare,,,hand
8682536043670,1,makeup,,,hand
2050002941045,1,skincare,,,hand
2050002958036,1,makeup,,,hand
0077802001405,2,makeup,,,hand
8809625242732,1,makeup,,,hand
2050002941304,1,makeup,,,hand
8682536093903,1,makeup,,,hand
8682536043717,1,makeup,,,hand
8682536043687,1,makeup,,,hand
8682536043724,1,makeup,,,hand
8682536093804,2,makeup,,,hand
4602006378761,1,skincare,,,hand
4602006348115,1,skincare,,,hand
4602006352969,1,skincare,,,hand
8057018243594,2,makeup,,,hand
3760420014069,2,makeup,,,hand
4602006378815,1,skincare,,,hand
8682536068093,1,makeup,,,hand
4602006348450,1,skincare,,,hand
4005900525017,2,skincare,,,hand
4602006352945,1,skincare,,,hand
8684252200429,1,skincare,,,hand
8699375052091,1,skincare,,,hand
8683130036068,2,skincare,,,hand
2050002057722,1,skincare,,,hand
3666670818283,1,makeup,,,hand
2050002932906,1,skincare,,,hand
2050001671967,2,makeup,,,hand
4602006348429,1,skincare,,,hand
2050000097508,2,makeup,,,hand
8684252211814,1,skincare,,,hand
8684252209125,1,skincare,,,hand
7640473386664,2,makeup,,,hand
8683130127032,1,haircare,,,hand
3666670818856,1,makeup,,,hand
8809820705384,1,makeup,,,hand
8809625243135,1,makeup,,,hand
0681619821813,1,makeup,,,hand
3600531701895,1,makeup,,,hand
8684252215522,1,makeup,,,hand
8055510082093,1,makeup,,,hand
8055510082116,1,makeup,,,hand
8683071840816,1,makeup,,,hand
8682536022804,1,makeup,,,hand
8683873581016,1,makeup,,,hand
8682536040402,1,makeup,,,hand
2050002959439,1,makeup,,,hand
8055510082109,1,makeup,,,hand
8690644387005,1,makeup,,,hand
3600531701888,1,makeup,,,hand
4602006378266,1,makeup,,,hand
4602006311058,1,makeup,,,hand
8684149130051,1,skincare,,,hand
0044386128620,2,makeup,,,hand
8697916022107,1,skincare,,,hand
8682887942349,1,haircare,,,hand
8684149130983,1,haircare,,,hand
3666670818832,1,makeup,,,hand
8680742429981,1,skincare,,,hand
0077802167293,1,makeup,,,hand
2050002958722,1,makeup,,,hand
8809669504728,1,haircare,,,hand
8682276603004,1,skincare,,,hand
8682276603035,1,skincare,,,hand
8684917200894,1,makeup,,,hand
8697888205614,1,makeup,,,hand
2050002954113,1,makeup,,,hand
8691400510019,1,skincare,,,hand
8691400510033,1,skincare,,,hand
8699067176272,1,makeup,,,hand
8680742427529,1,skincare,,,hand
2050002931596,1,makeup,,,hand
4027800718108,1,skincare,,,hand
8682190064028,1,skincare,,,hand
8682974924074,1,skincare,,,hand
8809729430707,1,skincare,,,hand
4895175201248,1,skincare,,,hand
2050002933248,1,makeup,,,hand
8680742438945,1,makeup,,,hand
0041388210216,1,skincare,,,hand
0079625100112,1,makeup,,,hand
8699067176159,1,makeup,,,hand
6291107225661,1,skincare,,,hand
8699067176173,1,makeup,,,hand
8809536452343,1,makeup,,,hand
8680742409136,1,skincare,,,hand
8680742409204,1,skincare,,,hand
8680742409150,1,skincare,,,hand
8680742409112,1,skincare,,,hand
8684255820754,1,skincare,,,hand
8680742424726,1,skincare,,,hand
8697415300638,1,makeup,,,hand
0792850892309,1,skincare,,,hand
0071603032613,1,makeup,,,hand
8682538400648,1,skincare,,,hand
8697903239297,1,skincare,,,hand
8697916015963,1,skincare,,,hand
8680742443444,1,makeup,,,hand
4040943006680,1,skincare,,,hand
8412122222451,1,makeup,,,hand
8682276602649,1,skincare,,,hand
8682276602618,1,skincare,,,hand
0810102034595,2,makeup,,,hand
0810102035745,1,makeup,,,hand
0810102030139,1,makeup,,,hand
3600531638887,1,makeup,,,hand
3600531701802,1,makeup,,,hand
30144224,1,makeup,,,hand
3600524229092,1,makeup,,,hand
8680742403066,1,makeup,,,hand
8683071843497,1,makeup,,,hand
2050000162473,1,skincare,,,hand
8699067171093,1,skincare,,,hand
8697415102676,1,skincare,,,hand
8684378716378,1,skincare,,,hand
8697888028060,1,makeup,,,hand
8680742465491,1,skincare,,,hand
8684378716392,1,skincare,,,hand
8684378716149,1,skincare,,,hand
8684378716170,1,skincare,,,hand
8680742465460,1,skincare,,,hand
8412122222383,1,makeup,,,hand
8697888025038,1,skincare,,,hand
8697888005320,1,skincare,,,hand
8697449649000,1,makeup,,,hand
8697449645040,1,makeup,,,hand
8690586015981,1,skincare,,,hand
8684849303007,1,skincare,,,hand
8850956393945,1,skincare,,,hand
8680742432530,1,makeup,,,hand
2050002933255,1,makeup,,,hand
8684378716422,2,skincare,,,hand
8680742434688,1,makeup,,,hand
7350104244811,1,skincare,,,hand
8697449644326,1,skincare,,,hand
8697415301321,1,skincare,,,hand
8684378716071,1,skincare,,,hand
8684378716156,1,skincare,,,hand
8684378716231,1,skincare,,,hand
8684378716262,1,skincare,,,hand
8683071843459,1,makeup,,,hand
8684378716323,1,skincare,,,hand
8684378716279,2,skincare,,,hand
8684378716408,1,skincare,,,hand
8809440686490,1,skincare,,,hand
8684252212101,1,skincare,,,hand
8684378716415,1,skincare,,,hand
8697853217864,1,skincare,,,hand
8684221587117,1,skincare,,,hand
8683873581184,1,skincare,,,hand
8684849303311,1,skincare,,,hand
8684849303328,1,skincare,,,hand
8680052520200,1,skincare,,,hand
8697916017424,1,skincare,,,hand
8697916024613,1,skincare,,,hand
4005808357369,2,skincare,,,hand
2050002947306,1,skincare,,,hand
8681529835056,1,skincare,,,hand
8699067176197,1,makeup,,,hand
3600542385329,1,skincare,,,hand
3600531716974,1,makeup,,,hand
8690506090029,1,skincare,,,hand
3600531686277,1,makeup,,,hand
3600531717230,2,makeup,,,hand
3574661467153,1,skincare,,,hand
7627535313660,1,haircare,,,hand
8422410468058,1,skincare,,,hand
8690131121495,1,haircare,,,hand
0371661821595,1,skincare,,,hand
8901138002428,1,haircare,,,hand
8904256023375,1,skincare,,,hand
0748252469151,1,skincare,,,hand
4066447578393,1,skincare,,,hand
8901088711203,1,haircare,,,hand
8033447587744,1,haircare,,,hand
5060194390269,1,skincare,,,hand
9300633587772,1,skincare,,,hand
5060194392782,2,skincare,,,hand
8004120040245,1,skincare,,,hand
8697888004231,1,skincare,,,hand
5060194392799,1,skincare,,,hand
8906147700242,1,skincare,,,hand
3600522263685,3,haircare,,,hand
8710447276570,4,skincare,,,hand
0302990530162,1,skincare,,,hand
0808124700499,1,skincare,,,hand
8901138509231,7,skincare,,,hand
6422876000603,1,skincare,,,hand
3600522862390,2,makeup,,,hand
8690644242427,1,makeup,,,hand
4005900836151,1,skincare,,,hand
8809302966760,1,makeup,,,hand
4005900546272,2,skincare,,,hand
8690937010924,1,skincare,,,hand
0637740949414,1,skincare,,,hand
4049775537133,1,makeup,,,hand
2050001490049,1,skincare,,,hand
4049775575111,1,makeup,,,hand
8690644909887,1,makeup,,,hand
8697853217857,1,skincare,,,hand
8809302966791,1,makeup,,,hand
8809302966784,1,makeup,,,hand
8690644077630,1,makeup,,,hand
7640157451527,1,makeup,,,hand
8690570554731,1,skincare,,,hand
8682536428118,1,makeup,,,hand
2050000121401,1,makeup,,,hand
7640166611981,1,makeup,,,hand
8690604497874,1,makeup,,,hand
8682536428231,1,makeup,,,hand
8690644017148,1,makeup,,,hand
8681127023633,1,haircare,,,hand
42332602,1,skincare,,,hand
8690644003226,1,makeup,,,hand
8690604497911,1,makeup,,,hand
8690604380138,1,makeup,,,hand
8699863453935,1,haircare,,,hand
8690937010931,1,skincare,,,hand
2050002970830,1,makeup,,,hand
8692255001790,1,skincare,,,hand
8690605073015,1,skincare,,,hand
8684252208388,1,haircare,,,hand
8691190903275,1,makeup,,,hand
5900525095183,1,skincare,,,hand
3600542385336,1,skincare,,,hand
8690644008146,1,makeup,,,hand
2050002940918,1,makeup,,,hand
8690644353642,1,makeup,,,hand
8682773091960,1,skincare,,,hand
8682276606074,1,skincare,,,hand
8690506531058,2,skincare,,,hand
8697916020158,1,skincare,,,hand
8682536036344,1,makeup,,,hand
7350104249656,1,skincare,,,hand
8694965544895,1,haircare,,,hand
3574661753614,1,skincare,,,hand
2050002424173,1,makeup,,,hand
2050000078224,1,makeup,,,hand
8690604567577,1,makeup,,,hand
8684252206520,1,makeup,,,hand
8718951384743,1,skincare,,,hand
8718951384378,1,skincare,,,hand
2050000077562,1,makeup,,,hand
2050000526275,1,makeup,,,hand
8699512011899,1,skincare,,,hand
8682536051477,1,makeup,,,hand
8691685014776,1,skincare,,,hand
3701365760352,1,makeup,,,hand
8681701002108,1,haircare,,,hand
8690644002243,1,makeup,,,hand
8698655389971,1,haircare,,,hand
0044386120174,1,makeup,,,hand
2050000155697,1,makeup,,,hand
2050002916500,1,makeup,,,hand
8691190387143,1,makeup,,,hand
8690506494605,1,skincare,,,hand
8691190386535,1,makeup,,,hand
8681701002030,1,haircare,,,hand
2050002916609,1,makeup,,,hand
8699067179501,1,makeup,,,hand
8809647110538,1,skincare,,,hand
8690644377587,1,makeup,,,hand
3600524205935,1,haircare,,,hand
6060201601110,1,skincare,,,hand
4006000063027,1,skincare,,,hand
4064666339924,1,haircare,,,hand
3600523243143,1,skincare,,,hand
3701761501207,1,skincare,,,hand
8683130040676,1,haircare,,,hand
7350087738338,1,skincare,,,hand
3086123644939,1,skincare,,,hand
4064666576879,1,haircare,,,hand
8690587201901,1,skincare,,,hand
4602006362050,1,makeup,,,hand
8691190522087,1,makeup,,,hand
6978931642016,1,makeup,,,hand
6978931642030,1,makeup,,,hand
3700971333721,1,makeup,,,hand
8682397031656,1,skincare,,,hand
5900525062819,1,skincare,,,hand
8809670682033,1,skincare,,,hand
8681925608797,1,skincare,,,hand
8683130019269,1,skincare,,,hand
3574661875262,1,skincare,,,hand
8690506565190,1,haircare,,,hand
3574661875132,1,skincare,,,hand
8809686383559,1,skincare,,,hand
6132633200039,2,skincare,,,hand
8700216207966,1,haircare,,,hand
8809964171243,1,haircare,,,hand
5709954020564,1,skincare,,,hand
6924372667378,1,skincare,,,hand
0043834103943,1,skincare,,,hand
42246640,2,skincare,,,hand
4006000239514,1,skincare,,,hand
3600542024259,2,haircare,,,hand
4066447945072,1,skincare,,,hand
8480012043066,3,haircare,,,hand
0603084459490,1,haircare,,,hand
8718114202372,14,skincare,,,hand
8718951247024,1,skincare,,,hand
8718951254183,16,skincare,,,hand
3600542520287,1,skincare,,,hand
8718951735163,1,skincare,,,hand
5905699596016,1,skincare,,,hand
3600524216955,1,haircare,,,hand
5901887022787,1,skincare,,,hand
8720674130637,1,skincare,,,hand
4335619175860,1,skincare,,,hand
4069365247143,1,skincare,,,hand
3600542573689,1,skincare,,,hand
6940074918181,1,skincare,,,hand
5905699596009,1,skincare,,,hand
8720674342443,1,skincare,,,hand
8720674342450,1,skincare,,,hand
8809505032101,1,skincare,,,hand
8809375145598,1,skincare,,,hand
0852157008138,1,skincare,,,hand
5011451104907,1,skincare,,,hand
0839977006438,1,skincare,,,hand
7072463113231,1,skincare,,,hand
8718537367290,1,skincare,,,hand
0087300272221,1,skincare,,,hand
3574661619576,1,haircare,,,hand
8004395009817,1,skincare,,,hand
4750832006874,1,skincare,,,hand
4066447524062,1,skincare,,,hand
4335619106338,1,skincare,,,hand
3600524187644,1,makeup,,,hand
5901501088250,1,haircare,,,hand
8033908099786,1,skincare,,,hand
0670456971232,1,haircare,,,hand
3256228666697,1,skincare,,,hand
3600542624961,1,skincare,,,hand
5201279073183,1,skincare,,,hand
5201279073190,1,skincare,,,hand
3282771001432,3,skincare,,,hand
7500435260374,1,haircare,,,hand
4006000246864,1,skincare,,,hand
8681701017003,2,haircare,,,hand
8681701016983,1,haircare,,,hand
1210000801173,1,skincare,,,hand
8681529837524,1,skincare,,,hand
8718951799141,1,skincare,,,hand
5901887040453,1,skincare,,,hand
3574661874890,1,skincare,,,hand
8682276606203,1,skincare,,,hand
8682276608696,1,skincare,,,hand
8682276609341,1,skincare,,,hand
8682276608702,1,skincare,,,hand
8681701016990,1,haircare,,,hand
8684252202300,1,skincare,,,hand
5901887037231,1,skincare,,,hand
4006000174686,2,skincare,,,hand
8682276609334,1,skincare,,,hand
0764302190349,1,haircare,,,hand
4250947598290,3,makeup,,,hand
4266088502485,1,haircare,,,hand
4262391992234,2,skincare,,,hand
8906058357535,1,skincare,,,hand
4066447948134,1,skincare,,,hand
3560070605347,2,skincare,,,hand
8017596135988,1,skincare,,,hand
8414135023742,1,skincare,,,hand
7290112197122,1,skincare,,,hand
7640473386671,2,makeup,,,hand
8682536043731,1,makeup,,,hand
4045787726633,1,haircare,,,hand
8690644904592,1,makeup,,,hand
8690644904585,1,makeup,,,hand
8690644904615,1,makeup,,,hand
8690644904639,1,makeup,,,hand
8690644904516,1,makeup,,,hand
8684225890602,1,skincare,,,hand
8684225893337,2,skincare,,,hand
8699490315910,1,skincare,,,hand
8684225893320,1,skincare,,,hand
8682276605350,1,skincare,,,hand
7702018016808,1,skincare,,,hand
3600523193356,2,haircare,,,hand
5901887946243,1,skincare,,,hand
8720182256836,2,skincare,,,hand
3600542385312,1,skincare,,,hand
6973795915214,1,makeup,,,hand
5901887946212,1,skincare,,,hand
3574661797632,1,skincare,,,hand
3700646200099,1,skincare,,,hand
8684252209859,1,haircare,,,hand
0077802168597,1,makeup,,,hand
0077802168542,1,makeup,,,hand
5904365746700,2,haircare,,,hand
0077802140708,1,makeup,,,hand
8690506561703,1,skincare,,,hand
8681701016440,1,haircare,,,hand
8683130069042,1,haircare,,,hand
8809625247997,1,makeup,,,hand
8680690707995,1,haircare,,,hand
8683130125984,1,haircare,,,hand
8683130111840,1,haircare,,,hand
4602006352907,1,skincare,,,hand
4602006352884,1,skincare,,,hand
4602006352914,1,skincare,,,hand
4602006352921,1,skincare,,,hand
4602006352952,1,skincare,,,hand
0077802140678,1,makeup,,,hand
4006000252650,1,skincare,,,hand
8682536068017,1,makeup,,,hand
8682536069380,1,makeup,,,hand
8683548273314,1,skincare,,,hand
8691190121440,2,makeup,,,hand
8700216657235,1,haircare,,,hand
4602006363477,1,makeup,,,hand
3600531717209,2,makeup,,,hand
3600531717254,2,makeup,,,hand
3666670818825,1,makeup,,,hand
7640473382857,1,makeup,,,hand
8682397031427,1,skincare,,,hand
8684252202379,1,haircare,,,hand
8697916013631,1,skincare,,,hand
2050000487774,1,skincare,,,hand
8699367129749,1,haircare,,,hand
4040943009131,1,skincare,,,hand
8809440684434,1,skincare,,,hand
8691190516154,1,makeup,,,hand
8690644242939,1,makeup,,,hand
8690937990295,1,skincare,,,hand
8809440684403,1,skincare,,,hand
8690506541231,1,skincare,,,hand
2050002634855,1,makeup,,,hand
8682983380427,1,skincare,,,hand
8684252202652,1,haircare,,,hand
8809440684410,1,skincare,,,hand
4040943006512,1,skincare,,,hand
4602006314103,1,makeup,,,hand
7290016070170,1,makeup,,,hand
8809782555508,7,skincare,,,hand
20668013,1,skincare,,,hand
6111259374447,1,skincare,,,hand
0800897246020,1,makeup,,,hand
4065331005298,1,skincare,,,hand
0851817007672,1,skincare,,,hand
3282770398021,1,skincare,,,hand
4820091147523,1,skincare,,,hand
0079400530066,1,skincare,,,hand
0739988268088,1,haircare,,,hand
3337875849326,1,skincare,,,hand
0630456856328,1,skincare,,,hand
3600542625067,1,skincare,,,hand
3701129807255,1,skincare,,,hand
96214329,1,skincare,,,hand
0810171576255,1,skincare,,,hand
1011111049086,2,skincare,,,hand
0383711004452,1,skincare,,,hand
9005800222950,1,skincare,,,hand
3760349311409,1,skincare,,,hand
4005808751990,2,skincare,,,hand
0716237130082,1,haircare,,,hand
0409869084310,1,skincare,,,hand
8470003451833,1,skincare,,,hand
0790910291321,1,haircare,,,hand
7501080953994,2,skincare,,,hand
20806453,1,skincare,,,hand
7506078928565,1,skincare,,,hand
4006000133829,1,skincare,,,hand
4743318143293,1,skincare,,,hand
4066447946031,1,skincare,,,hand
3600550195132,1,haircare,,,hand
3282770141214,10,skincare,,,hand
9062835153826,1,skincare,,,hand
4067796256239,1,skincare,,,hand
4068449071766,1,skincare,,,hand
8906065541378,2,skincare,,,hand
5060486266265,1,skincare,,,hand
5060486266388,1,skincare,,,hand
0716237030085,1,skincare,,,hand
4770001006306,1,haircare,,,hand
4036221702696,1,skincare,,,hand
4066447909746,1,haircare,,,hand
8021983812475,2,skincare,,,hand
4894819704541,1,skincare,,,hand
0850065425122,1,skincare,,,hand
7350160451512,2,haircare,,,hand
3518646126611,1,skincare,,,hand
3600542452465,2,skincare,,,hand
3600523289332,1,haircare,,,hand
3560070527328,7,skincare,,,hand
8717163647226,1,skincare,,,hand
3770038450500,1,skincare,,,hand
59099642,5,skincare,,,hand
8411047108475,1,skincare,,,hand
0030772112533,1,skincare,,,hand
5430005138012,1,skincare,,,hand
5430005138029,2,skincare,,,hand
3760075074227,1,skincare,,,hand
7896026800709,1,skincare,,,hand
8002410011449,1,skincare,,,hand
8904430201957,1,skincare,,,hand
0018787767160,2,skincare,,,hand
8017331065013,1,skincare,,,hand
3612623960103,1,skincare,,,hand
5407009742118,1,skincare,,,hand
3337875932349,1,skincare,,,hand
8908020836123,1,skincare,,,hand
3045204802354,1,skincare,,,hand
3701761501245,3,skincare,,,hand
1210000801166,1,skincare,,,hand
8697817873631,1,skincare,,,hand
0667556681697,1,skincare,,,hand
0816218023393,1,skincare,,,hand
8001090603296,1,skincare,,,hand
8412300817028,1,skincare,,,hand
3337872411083,5,skincare,,,hand
20858186,1,skincare,,,hand
7501361113000,1,skincare,,,hand
0756080813467,1,haircare,,,hand
0756058813467,1,haircare,,,hand
0628719070369,1,skincare,,,hand
13045812,1,skincare,,,hand
0052014339744,1,skincare,,,hand
3770010028529,1,haircare,,,hand
9508628292285,1,skincare,,,hand
3600542471077,1,skincare,,,hand
34410257,1,skincare,,,hand
8680923354026,1,skincare,,,hand
4067796256444,1,skincare,,,hand
80451907,2,skincare,,,hand
7506267921452,1,haircare,,,hand
7506267921445,1,haircare,,,hand
5063089996263,1,skincare,,,hand
5055956025398,1,makeup,,,hand
42299929,1,skincare,,,hand
0360051195377,1,skincare,,,hand
3600551195377,1,skincare,,,hand
7702031244516,1,skincare,,,hand
7506306214972,1,skincare,,,hand
3800210081168,1,skincare,,,hand
5059018405012,1,skincare,,,hand
3760359080821,1,skincare,,,hand
8699211771018,1,skincare,,,hand
4067796279399,1,skincare,,,hand
3564700552308,1,skincare,,,hand
8905110008347,1,skincare,,,hand
7613312508435,3,skincare,,,hand
4047196056301,1,skincare,,,hand
7630028601021,3,skincare,,,hand
7630028600918,3,skincare,,,hand
0850039793707,1,skincare,,,hand
7630028634173,3,skincare,,,hand
0190679000118,1,haircare,,,hand
9000101749670,1,haircare,,,hand
5900116089256,1,haircare,,,hand
8011483033012,4,haircare,,,hand
3525801703006,1,skincare,,,hand
4066447965421,1,skincare,,,hand
0060480253235,1,skincare,,,hand
4823071651256,1,skincare,,,hand
4820185227315,1,skincare,,,hand
5902811786966,1,skincare,,,hand
8001090941848,1,haircare,,,hand
0667559284673,1,skincare,,,hand
3596490004590,1,skincare,,,hand
4820023361157,1,skincare,,,hand
3616307173186,1,makeup,,,hand
3600542159784,1,haircare,,,hand
8001280068195,1,skincare,,,hand
5201314129707,1,skincare,,,hand
5900017040998,2,skincare,,,hand
8901030837418,1,skincare,,,hand
5901179807917,1,makeup,,,hand
8901526980598,2,skincare,,,hand
3600542590617,1,haircare,,,hand
4006000099231,1,skincare,,,hand
5902751456226,1,makeup,,,hand
5901350488775,1,makeup,,,hand
8008970060200,1,skincare,,,hand
4023621686084,2,skincare,,,hand
8906045945066,1,skincare,,,hand
3701076221111,1,skincare,,,hand
7460392800436,1,haircare,,,hand
3600524128487,1,haircare,,,hand
0769915233551,1,skincare,,,hand
0020001010068,1,makeup,,,hand
7291067021449,1,skincare,,,hand
8904206211913,1,skincare,,,hand
5900525098009,1,skincare,,,hand
8809990960200,1,skincare,,,hand
8017331052204,2,skincare,,,hand
4061459425840,1,skincare,,,hand
4006000239149,1,skincare,,,hand
8050999571212,1,skincare,,,hand
3606000612655,1,skincare,,,hand
4326470628947,1,haircare,,,hand
7066307866797,1,skincare,,,hand
4045787726671,1,haircare,,,hand
3256229526617,1,skincare,,,hand
0764960000707,1,skincare,,,hand
48416001411000000100,1,skincare,,,hand
3600542617703,1,haircare,,,hand
3760368740617,1,skincare,,,hand
8002410045949,1,skincare,,,hand
8684252209408,1,makeup,,,hand
4066447965438,1,skincare,,,hand
6132262400725,1,skincare,,,hand
3701129807330,1,skincare,,,hand
4088600024950,4,skincare,,,hand
7350127612512,1,skincare,,,hand
3607940034224,1,skincare,,,hand
8999777010782,1,skincare,,,hand
4047196057803,3,skincare,,,hand
4744183011670,1,skincare,,,hand
5201314167969,1,skincare,,,hand
5063089996287,1,skincare,,,hand
5011309728811,1,skincare,,,hand
8718989021191,1,skincare,,,hand
3059948007678,1,skincare,,,hand
3059948008866,1,skincare,,,hand
8025272977784,3,makeup,,,hand
5060144647702,1,skincare,,,hand
9421907016351,2,skincare,,,hand
8051772485757,1,skincare,,,hand
6156000043708,10,skincare,,,hand
80252729911566,1,makeup,,,hand
8059385036168,1,makeup,,,hand
3466763055935,1,skincare,,,hand
30189089,1,makeup,,,hand
5011321336049,1,haircare,,,hand
8710919131239,1,skincare,,,hand
5902560512861,1,makeup,,,hand
4059729585776,1,makeup,,,hand
5904879006819,1,skincare,,,hand
6931583605884,3,skincare,,,hand
0792850897748,1,skincare,,,hand
3600551175102,1,skincare,,,hand
0086800078487,1,skincare,,,hand
3899775702359,1,haircare,,,hand
8000903823005,1,skincare,,,hand
7896115702679,6,haircare,,,hand
5902683873474,1,makeup,,,hand
5906750813196,1,makeup,,,hand
0360055117488,3,skincare,,,hand
8720181548151,1,skincare,,,hand
5099821001810,1,skincare,,,hand
4059729518958,1,makeup,,,hand
5900525077240,3,makeup,,,hand
5906750804606,1,makeup,,,hand
4059729518941,1,makeup,,,hand
5906750806143,1,makeup,,,hand
8059385036014,1,makeup,,,hand
3760121213501,1,skincare,,,hand
8718951598188,1,haircare,,,hand
5906942560075,1,makeup,,,hand
5901350453735,1,makeup,,,hand
11631479211002000100,1,makeup,,,hand
8006530221917,1,haircare,,,hand
4070765004236,1,skincare,,,hand
8006530253567,4,haircare,,,hand
4066447954012,1,skincare,,,hand
7791293051208,1,skincare,,,hand
4820207591882,1,skincare,,,hand
8720181607875,1,skincare,,,hand
3800228160749,2,skincare,,,hand
4305615716237,1,skincare,,,hand
5900168907775,1,skincare,,,hand
1636088559001999,1,skincare,,,hand
8008970052014,2,skincare,,,hand
5903216405216,1,makeup,,,hand
5907549272170,1,makeup,,,hand
8809970758940,1,skincare,,,hand
0079400506009,1,haircare,,,hand
8809248456660,1,skincare,,,hand
4820266501891,1,haircare,,,hand
8902618000453,1,skincare,,,hand
5901887052975,1,skincare,,,hand
4061461141264,1,skincare,,,hand
8904153397371,2,haircare,,,hand
8718951399419,1,skincare,,,hand
9000101749298,1,haircare,,,hand
6111260265291,1,skincare,,,hand
6111255614868,2,skincare,,,hand
3760209542356,1,skincare,,,hand
3600551156699,3,skincare,,,hand
9300830056491,1,skincare,,,hand
4305615827452,1,skincare,,,hand
4068134179791,1,skincare,,,hand
5900116064499,1,skincare,,,hand
4005900173997,1,haircare,,,hand
75076399,1,skincare,,,hand
3504105039899,1,skincare,,,hand
3504105035761,1,haircare,,,hand
3401395376935,3,skincare,,,hand
3600551153117,2,skincare,,,hand
5900717082557,1,skincare,,,hand
4066447979862,1,skincare,,,hand
7612076396470,2,skincare,,,hand
8700216301879,1,haircare,,,hand
4987176105929,1,skincare,,,hand
4987176135865,1,skincare,,,hand
0047400097872,1,skincare,,,hand
0047400098190,1,skincare,,,hand
5061078390948,3,skincare,,,hand
4006000084466,1,skincare,,,hand
8999999581947,1,skincare,,,hand
0012044038697,4,skincare,,,hand
0012044041086,1,skincare,,,hand
3760359083426,1,skincare,,,hand
2514010044087,1,haircare,,,hand
0626232111071,1,haircare,,,hand
0810022915011,1,haircare,,,hand
0792692000085,1,haircare,,,hand
0817810027048,1,haircare,,,hand
0843585110821,1,haircare,,,hand
8032274143888,1,haircare,,,hand
0817023025978,1,haircare,,,hand
0812154033250,1,haircare,,,hand
0187132005438,1,haircare,,,hand
4005808669233,3,skincare,,,hand
3337875632683,1,makeup,,,hand
5901018011369,1,skincare,,,hand
5904413100591,1,skincare,,,hand
0037000944799,1,skincare,,,hand
6977140238744,1,skincare,,,hand
4006000137551,1,skincare,,,hand
0070501154205,1,skincare,,,hand
0011111638082,1,skincare,,,hand
8425190174508,1,haircare,,,hand
7506306255364,1,skincare,,,hand
0810022915004,1,skincare,,,hand
0860121000408,2,skincare,,,hand
0010181042645,1,skincare,,,hand
0381372021382,1,skincare,,,hand
0609332575202,1,skincare,,,hand
0609332575219,1,skincare,,,hand
2200262609906,1,skincare,,,hand
3760189193289,1,haircare,,,hand
3350033639409,1,haircare,,,hand
7090004600002,1,haircare,,,hand
59004646,2,skincare,,,hand
3253581781838,1,skincare,,,hand
3253581782088,1,skincare,,,hand
5904209841400,1,haircare,,,hand
3337875945738,1,skincare,,,hand
3760100173055,3,haircare,,,hand
0858511001036,1,haircare,,,hand
8410407002002,1,skincare,,,hand
3256228666727,1,skincare,,,hand
7506267916045,1,skincare,,,hand
0790910291307,1,haircare,,,hand
7501943454811,1,skincare,,,hand
78944800,1,skincare,,,hand
0884486453402,1,haircare,,,hand
4550584935404,1,skincare,,,hand
0080196557137,1,skincare,,,hand
0810095598623,1,skincare,,,hand
0712828258968,1,skincare,,,hand
0810171570994,1,skincare,,,hand
9347774002412,1,skincare,,,hand
0012005005737,1,skincare,,,hand
8908018414005,1,skincare,,,hand
0810095593444,1,skincare,,,hand
0808124120730,1,skincare,,,hand
0017000326924,1,skincare,,,hand
8720674517568,1,skincare,,,hand
0381372024277,2,skincare,,,hand
8720181827877,2,skincare,,,hand
4311596000524,1,skincare,,,hand
0381372024529,1,skincare,,,hand
0871760000445,1,skincare,,,hand
0813277012078,1,skincare,,,hand
0840155604704,1,skincare,,,hand
0859871004453,1,skincare,,,hand
0681131002493,1,skincare,,,hand
0871760001978,1,skincare,,,hand
0810035921351,1,skincare,,,hand
0850062527065,1,skincare,,,hand
0813277012108,2,skincare,,,hand
0840155604698,1,skincare,,,hand
3337875952866,1,skincare,,,hand
7702018013326,1,skincare,,,hand
8003520012944,2,skincare,,,hand
4260524941487,1,skincare,,,hand
4059729338792,1,skincare,,,hand
0192828706636,1,skincare,,,hand
0813277012085,1,skincare,,,hand
0303162074354,1,skincare,,,hand
2353665354635,1,skincare,,,hand
3606000620865,1,skincare,,,hand
3606000512153,1,skincare,,,hand
0022400622309,1,haircare,,,hand
96169650,1,skincare,,,hand
3600542461030,2,haircare,,,hand
4005900633309,1,skincare,,,hand
6975213677841,1,skincare,,,hand
5000204152043,1,skincare,,,hand
6290360593722,1,skincare,,,hand
9414661081130,1,skincare,,,hand
0810095597756,1,skincare,,,hand
3245678589823,8,haircare,,,hand
0667659410040,1,skincare,,,hand
0667659335695,1,skincare,,,hand
5201314206682,1,skincare,,,hand
8436619341760,2,skincare,,,hand
3616301234463,1,makeup,,,hand
0082482800330,1,skincare,,,hand
4005800383519,2,skincare,,,hand
3760100682755,5,haircare,,,hand
3600542613316,1,haircare,,,hand
3614272400467,4,skincare,,,hand
8410262902004,1,haircare,,,hand
0675468000116,1,skincare,,,hand
3355312105033,1,haircare,,,hand
3800002311039,1,skincare,,,hand
3600542462228,1,haircare,,,hand
3574661875255,1,skincare,,,hand
0041554097993,1,makeup,,,hand
7032069101247,1,skincare,,,hand
6921732934712,1,skincare,,,hand
3141389959873,2,skincare,,,hand
5203411048851,2,skincare,,,hand
3337875932417,1,skincare,,,hand
4070765029703,1,skincare,,,hand
2000000161104,2,makeup,,,hand
0667559287339,1,skincare,,,hand
4305615333588,1,skincare,,,hand
8008970055381,1,skincare,,,hand
0772618075007,2,skincare,,,hand
0302990532364,1,skincare,,,hand
3600523741380,1,skincare,,,hand
5906721183488,1,skincare,,,hand
0840804001656,1,haircare,,,hand
4064666589947,1,haircare,,,hand
5903760203146,1,skincare,,,hand
1011410101019,1,skincare,,,hand
9341106912899,1,skincare,,,hand
4670130793347,1,haircare,,,hand
0681062044630,1,skincare,,,hand
4005800036712,2,haircare,,,hand
4047196051375,1,skincare,,,hand
0800897271053,1,makeup,,,hand
8683649890922,1,skincare,,,hand
8718907898911,1,skincare,,,hand
3574661818115,1,skincare,,,hand
4103040117250,1,haircare,,,hand
3600542453752,1,skincare,,,hand
8906117254881,1,skincare,,,hand
3614226675903,1,makeup,,,hand
3614227600058,1,makeup,,,hand
3614227600072,1,makeup,,,hand
3614227631168,1,makeup,,,hand
3614227631199,1,makeup,,,hand
4084500396159,1,makeup,,,hand
4250035228290,1,makeup,,,hand
3614227631335,1,makeup,,,hand
8005610669908,1,makeup,,,hand
4250587742053,1,makeup,,,hand
4250947562277,1,makeup,,,hand
0609332216631,1,makeup,,,hand
0086100016264,1,makeup,,,hand
4250035246942,1,makeup,,,hand
4250035246959,1,makeup,,,hand
8005610624327,1,makeup,,,hand
8005610625645,1,makeup,,,hand
3614226675897,1,makeup,,,hand
3614227630024,1,makeup,,,hand
0717639101076,1,skincare,,,hand
3600524144470,1,skincare,,,hand
5906660352907,1,skincare,,,hand
5900116091990,2,skincare,,,hand
3800164702478,1,skincare,,,hand
5099514001431,1,skincare,,,hand
7707369171626,1,haircare,,,hand
8001841923727,1,skincare,,,hand
3831070653769,1,skincare,,,hand
8809990942121,1,skincare,,,hand
3059944117951,4,skincare,,,hand
8720181166617,5,haircare,,,hand
4068134095800,1,skincare,,,hand
7501082740165,1,skincare,,,hand
8803348051084,1,skincare,,,hand
3560071467883,2,skincare,,,hand
5907775548421,1,haircare,,,hand
3522930003304,1,skincare,,,hand
3700756608716,7,makeup,,,hand
5200309851760,1,skincare,,,hand
4743318143309,1,skincare,,,hand
4065002001796,1,skincare,,,hand
8436592660025,1,skincare,,,hand
0100494608925,1,haircare,,,hand
5900998003579,1,skincare,,,hand
8720181839078,1,skincare,,,hand
3661434010095,1,skincare,,,hand
42467670,1,skincare,,,hand
3661467000629,1,skincare,,,hand
8718951548732,1,skincare,,,hand
3474637327217,1,haircare,,,hand
0898571000211,1,haircare,,,hand
0646630019045,1,haircare,,,hand
0011509041388,1,haircare,,,hand
5712873709144,1,skincare,,,hand
0794712143598,1,makeup,,,hand
5901761968569,1,skincare,,,hand
8001090375230,1,skincare,,,hand
8017596115461,1,skincare,,,hand
5000167394818,1,skincare,,,hand
4015100329667,4,haircare,,,hand
8414002871728,1,skincare,,,hand
8414807533111,1,skincare,,,hand
3517360023060,1,skincare,,,hand
5900117008393,1,skincare,,,hand
8017596140210,1,skincare,,,hand
8017596135278,1,skincare,,,hand
8697916023661,1,skincare,,,hand
8691400510279,1,skincare,,,hand
8691400510262,1,skincare,,,hand
8691400510255,1,skincare,,,hand
8684378716354,1,skincare,,,hand
8684255820006,1,skincare,,,hand
4005900297099,1,skincare,,,hand
8683130076620,1,skincare,,,hand
8683130076637,1,skincare,,,hand
8851932473446,1,skincare,,,hand
8684225890251,1,skincare,,,hand
8684225893382,1,skincare,,,hand
8684225893368,1,skincare,,,hand
8684225893375,1,skincare,,,hand
8684225890596,1,skincare,,,hand
8697711741920,1,skincare,,,hand
8684225890572,1,skincare,,,hand
8809840602038,1,haircare,,,hand
8681701017041,1,haircare,,,hand
8681701017027,1,haircare,,,hand
8681701017034,1,haircare,,,hand
8683835110414,1,haircare,,,hand
4064666339368,1,haircare,,,hand
4064666339139,1,haircare,,,hand
8699512012117,1,haircare,,,hand
8683130086285,1,haircare,,,hand
8699512012087,1,haircare,,,hand
4064666585567,1,haircare,,,hand
8684252204953,1,haircare,,,hand
8694965553057,1,haircare,,,hand
8683130111956,1,haircare,,,hand
8680690712265,1,haircare,,,hand
8684252210503,1,haircare,,,hand
8680690712272,1,haircare,,,hand
8683583823321,1,haircare,,,hand
8690506495947,1,skincare,,,hand
8690586004572,1,skincare,,,hand
4005900620231,1,skincare,,,hand
8684252200566,1,skincare,,,hand
8684252200528,1,skincare,,,hand
8684252200535,1,skincare,,,hand
8684252201488,1,skincare,,,hand
8684252201464,1,skincare,,,hand
8684252201471,1,skincare,,,hand
8683130019290,1,skincare,,,hand
8683130020265,1,skincare,,,hand
8684252200498,1,skincare,,,hand
4049639412903,1,skincare,,,hand
4040943003528,1,skincare,,,hand
4040943023243,1,skincare,,,hand
4049639411609,1,skincare,,,hand
3600524165161,1,skincare,,,hand
5901887056225,1,skincare,,,hand
8699490318553,1,skincare,,,hand
8684225891951,1,skincare,,,hand
8684225891937,1,skincare,,,hand
4040943005324,1,skincare,,,hand
8684438670046,1,skincare,,,hand
8684438670206,1,skincare,,,hand
8684252215560,1,skincare,,,hand
4049639449503,1,skincare,,,hand
6291107227818,1,skincare,,,hand
8684149134127,1,skincare,,,hand
5900525078759,1,skincare,,,hand
8901138834777,1,skincare,,,hand
8684225893306,1,skincare,,,hand
8684225893252,1,skincare,,,hand
8683561170126,1,skincare,,,hand
8683561170119,1,skincare,,,hand
8683561170133,1,skincare,,,hand
4040943005270,1,skincare,,,hand
3600522365044,1,skincare,,,hand
4040943006161,1,skincare,,,hand
3600523473960,1,skincare,,,hand
3600523996933,1,skincare,,,hand
4049639419728,1,skincare,,,hand
8809783322635,1,skincare,,,hand
4049639451803,1,skincare,,,hand
3838824439853,1,haircare,,,hand
0309978695448,1,haircare,,,hand
4015100891973,1,haircare,,,hand
0309978695738,1,haircare,,,hand
3838824439730,1,haircare,,,hand
3838824439792,1,haircare,,,hand
4015100891850,1,haircare,,,hand
3838824414775,1,haircare,,,hand
3614229714166,1,haircare,,,hand
3838824409139,1,haircare,,,hand
3838824415130,1,haircare,,,hand
3838824414652,1,haircare,,,hand
8683105628632,1,haircare,,,hand
4015100850123,1,haircare,,,hand
8684252211524,1,skincare,,,hand
8682276607156,1,skincare,,,hand
7350104248147,1,skincare,,,hand
7350104248130,1,skincare,,,hand
8697916012962,1,skincare,,,hand
8681511096892,1,skincare,,,hand
5901887048190,1,skincare,,,hand
8684225891883,1,skincare,,,hand
8699490317655,1,skincare,,,hand
8699490317662,1,skincare,,,hand
8699490317648,1,skincare,,,hand
8690937015608,1,skincare,,,hand
42417712,1,skincare,,,hand
0637740948370,1,skincare,,,hand
0637740948394,1,skincare,,,hand
4006000002033,1,skincare,,,hand
0610696515797,1,skincare,,,hand
7350104249618,1,skincare,,,hand
7350104244835,1,skincare,,,hand
8682276606760,1,skincare,,,hand
8683130085158,1,skincare,,,hand
8683130085080,1,skincare,,,hand
8683130085066,1,skincare,,,hand
0850022820656,1,skincare,,,hand
8683130085127,1,skincare,,,hand
0637740948387,1,skincare,,,hand
6291107225654,1,skincare,,,hand
0637740949421,1,skincare,,,hand
0637740949155,1,skincare,,,hand
0637740949148,1,skincare,,,hand
0041388003092,1,skincare,,,hand
0050051119114,1,skincare,,,hand
8700216939546,1,haircare,,,hand
8682287373767,1,haircare,,,hand
8684093480363,1,haircare,,,hand
8684252212262,1,haircare,,,hand
8680690720895,1,haircare,,,hand
8699512012094,1,haircare,,,hand
8053288576134,1,haircare,,,hand
8680512635826,1,haircare,,,hand
8683835110209,1,haircare,,,hand
8683835110179,1,haircare,,,hand
8680512635581,1,haircare,,,hand
8680512628118,1,haircare,,,hand
8697623902143,1,haircare,,,hand
8680690720642,1,haircare,,,hand
8700216555319,1,haircare,,,hand
8700216260152,1,haircare,,,hand
8684252210466,1,haircare,,,hand
4603014037534,1,skincare,,,hand
5901887010678,1,skincare,,,hand
8718951782228,1,skincare,,,hand
8684252207374,1,skincare,,,hand
8684252207404,1,skincare,,,hand
8684252217687,1,skincare,,,hand
8690529012497,1,skincare,,,hand
8690529012428,1,skincare,,,hand
8690529012435,1,skincare,,,hand
8690937011532,1,skincare,,,hand
8690529011049,1,skincare,,,hand
8690529012480,1,skincare,,,hand
8684252217656,1,skincare,,,hand
8699885907751,1,skincare,,,hand
8691226656762,1,skincare,,,hand
8691226656687,1,skincare,,,hand
8690937011556,1,skincare,,,hand
8683130036686,1,skincare,,,hand
8718951384293,1,skincare,,,hand
0882502226276,1,skincare,,,hand
0882502226252,1,skincare,,,hand
8690506531065,1,skincare,,,hand
8690506541729,1,skincare,,,hand
8691685014837,1,skincare,,,hand
8691685001905,1,skincare,,,hand
8690529509461,1,skincare,,,hand
8684252204021,1,skincare,,,hand
7350104250003,1,skincare,,,hand
8690841010751,1,skincare,,,hand
8682397031649,1,skincare,,,hand
8683548273369,1,skincare,,,hand
8681529837159,1,skincare,,,hand
8809625244002,1,skincare,,,hand
42360698,1,skincare,,,hand
8690841010478,1,skincare,,,hand
8684438670176,1,skincare,,,hand
8684232440340,1,skincare,,,hand
2050002929265,1,skincare,,,hand
2050002929258,1,skincare,,,hand
2050001626424,1,skincare,,,hand
2050002929272,1,skincare,,,hand
3600524069728,1,skincare,,,hand
8697711740046,1,skincare,,,hand
2050000222511,1,skincare,,,hand
4005900704795,1,skincare,,,hand
8683036297181,1,skincare,,,hand
3574661754277,1,haircare,,,hand
8885018202071,1,haircare,,,hand
5903416066224,1,skincare,,,hand
0684742647138,1,skincare,,,hand
0684742612488,1,skincare,,,hand
0684742627246,1,skincare,,,hand
0850010792163,1,skincare,,,hand
5010724527351,1,haircare,,,hand
0850020056545,3,skincare,,,hand
0667659377381,1,skincare,,,hand
5906750813219,1,makeup,,,hand
0009531140377,1,haircare,,,hand
3574661563350,1,haircare,,,hand
4305615710013,1,skincare,,,hand
4305615614076,1,skincare,,,hand
4305615587172,1,skincare,,,hand
8699569340089,5,skincare,,,hand
20804022,1,skincare,,,hand
4038288103690,1,skincare,,,hand
8721073611567,1,skincare,,,hand
4084500183087,1,skincare,,,hand
3665467003710,1,skincare,,,hand
3282770141382,1,skincare,,,hand
8027483820712,1,haircare,,,hand
4311596019397,1,haircare,,,hand
8904355405232,1,skincare,,,hand
0604504035416,1,haircare,,,hand
0713708793920,1,haircare,,,hand
6111260733011,1,haircare,,,hand
7290118204190,1,skincare,,,hand
0769915236743,1,skincare,,,hand
5000158100657,1,skincare,,,hand
0033200197928,1,skincare,,,hand
7503024957808,1,skincare,,,hand
8809353531184,1,skincare,,,hand
0037000733591,1,skincare,,,hand
0012044045947,4,haircare,,,hand
5207212002241,1,skincare,,,hand
8001090592897,1,skincare,,,hand
5201143734776,2,skincare,,,hand
4005900365675,1,skincare,,,hand
3058326097935,2,haircare,,,hand
3760209548013,1,haircare,,,hand
0360551186719,2,skincare,,,hand
3600551186726,1,haircare,,,hand
7290102251704,1,skincare,,,hand
0018787931356,1,skincare,savon,True,auto_labeled
0018787943304,1,skincare,savon,True,auto_labeled
0018787943359,2,skincare,savon,True,auto_labeled
0020714001100,1,makeup,bronzer,True,auto_labeled
0062400195984,1,skincare,nettoyant,True,auto_labeled
0079245851715,1,makeup,lip gloss,True,auto_labeled
0086800100393,1,skincare,sunscreen,True,auto_labeled
0180551000411,1,skincare,sunscreen,True,auto_labeled
0615908424874,1,haircare,hair oil,True,auto_labeled
0626232140972,1,skincare,hand soap,True,auto_labeled
0635494310207,1,skincare,serum,True,auto_labeled
0651986101207,1,makeup,lipstick,True,auto_labeled
0651986502882,1,makeup,gloss,True,auto_labeled
0667534781098,1,skincare,hand cream,True,auto_labeled
0688047130265,1,haircare,conditioner,True,auto_labeled
0697045150755,1,skincare,hand cream,True,auto_labeled
0718334337074,1,skincare,essence,True,auto_labeled
0724742010133,2,haircare,shampoo,True,auto_labeled
0735303381050,4,skincare,deodorant,True,auto_labeled
0738678240755,3,skincare,body wash,True,auto_labeled
0751672010520,1,skincare,cleanser,True,auto_labeled
0764302231042,1,haircare,shampoo,True,auto_labeled
0764560540023,1,skincare,sheet mask,True,auto_labeled
0809280134869,1,skincare,nettoyant,True,auto_labeled
0815151024573,1,haircare,conditioner,True,auto_labeled
0815921017101,1,haircare,shampoo,True,auto_labeled
0815921017118,1,haircare,conditioner,True,auto_labeled
0816657022872,3,makeup,fond de teint,True,auto_labeled
0817574015831,1,haircare,shampoo,True,auto_labeled
0817574018801,2,haircare,conditioner,True,auto_labeled
0817574019808,1,skincare,serum,True,auto_labeled
0817939012475,1,skincare,nettoyant,True,auto_labeled
08227973,2,makeup,bb cream,True,auto_labeled
0834893002328,1,makeup,foundation,True,auto_labeled
0840749002213,4,makeup,nail polish,True,auto_labeled
0884486282453,2,haircare,shampoo,True,auto_labeled
0890397002684,1,skincare,sunscreen,True,auto_labeled
0890397002790,1,skincare,sunscreen,True,auto_labeled
09597761,1,makeup,mascara,True,auto_labeled
15681132,2,skincare,deodorant,True,auto_labeled
2023730999992,1,skincare,body cream,True,auto_labeled
20477127,1,skincare,shower gel,True,auto_labeled
20696443,1,makeup,primer,True,auto_labeled
20978464,1,haircare,shampoo,True,auto_labeled
22136473,1,haircare,shampoo,True,auto_labeled
24047357,1,haircare,shampoo,True,auto_labeled
2601010701505,1,haircare,shampoo,True,auto_labeled
26015682,1,makeup,primer,True,auto_labeled
27041499,3,skincare,savon,True,auto_labeled
27044759,1,skincare,deodorant,True,auto_labeled
30095298,1,makeup,vernis à ongles,True,auto_labeled
3010354000011,1,skincare,savon,True,auto_labeled
30136304,1,makeup,vernis à ongles,True,auto_labeled
3052503602318,1,makeup,anticernes,True,auto_labeled
3052503702124,1,makeup,mascara,True,auto_labeled
3052503757438,1,makeup,blush,True,auto_labeled
3052505240211,1,makeup,eye shadow,True,auto_labeled
3058320047042,1,skincare,lait corps,True,auto_labeled
3058320060010,1,haircare,gel coiffant,True,auto_labeled
3140100149241,3,makeup,blush,True,auto_labeled
3140100366525,1,haircare,shampoo,True,auto_labeled
3141380352642,1,skincare,lait corps,True,auto_labeled
3165830003304,1,skincare,savon,True,auto_labeled
3178041308793,2,skincare,essence,True,auto_labeled
3181730201459,1,skincare,savon,True,auto_labeled
3182611231466,1,skincare,savon,True,auto_labeled
3182611234504,1,skincare,savon,True,auto_labeled
3182611235112,1,skincare,savon,True,auto_labeled
3182611351010,1,skincare,savon,True,auto_labeled
3183943607073,1,skincare,savon,True,auto_labeled
3221774788773,1,makeup,primer,True,auto_labeled
3224056064596,3,haircare,gel coiffant,True,auto_labeled
3245678612590,1,haircare,gel coiffant,True,auto_labeled
3245678622766,4,skincare,mousse à raser,True,auto_labeled
3250391438136,6,skincare,deodorant,True,auto_labeled
3250391813186,1,skincare,savon,True,auto_labeled
3253581264096,1,skincare,lait corps,True,auto_labeled
3253581321645,2,skincare,lip balm,True,auto_labeled
3253581535325,1,haircare,shampoo,True,auto_labeled
3254560527225,2,skincare,essence,True,auto_labeled
3256220516341,1,haircare,gel coiffant,True,auto_labeled
3256221674293,1,skincare,nettoyant,True,auto_labeled
3256224353898,1,haircare,shampoo,True,auto_labeled
3256224359395,1,skincare,nettoyant,True,auto_labeled
3258561640532,1,haircare,laque,True,auto_labeled
3263855673332,1,skincare,savon,True,auto_labeled
3263855820514,1,skincare,mousse à raser,True,auto_labeled
3264680009488,1,skincare,lait corps,True,auto_labeled
3264680014871,1,skincare,essence,True,auto_labeled
3273818841623,1,skincare,savon,True,auto_labeled
3273818841814,1,skincare,savon,True,auto_labeled
3282770030143,2,skincare,gel douche,True,auto_labeled
3282770038194,1,skincare,lait corps,True,auto_labeled
3282770073812,1,skincare,gel douche,True,auto_labeled
3282770074161,1,haircare,shampoo,True,auto_labeled
3282779024549,1,skincare,mousse à raser,True,auto_labeled
3282779051514,1,skincare,cleanser,True,auto_labeled
3282779061216,1,skincare,gel douche,True,auto_labeled
3282779077118,4,skincare,gel douche,True,auto_labeled
3282779286800,1,skincare,gel douche,True,auto_labeled
3282779326889,1,skincare,cleanser,True,auto_labeled
3282779330091,1,haircare,shampoo,True,auto_labeled
3283950911153,1,skincare,lait corps,True,auto_labeled
3283950917704,1,skincare,lait corps,True,auto_labeled
3283950920766,1,skincare,nettoyant,True,auto_labeled
3284410027902,1,skincare,nettoyant,True,auto_labeled
3286010008985,1,haircare,shampoo,True,auto_labeled
3286010021243,1,skincare,cleanser,True,auto_labeled
3286010031075,1,skincare,gel douche,True,auto_labeled
3286010035387,1,haircare,gel coiffant,True,auto_labeled
3286011059702,4,skincare,cleanser,True,auto_labeled
3287570401025,1,skincare,savon,True,auto_labeled
3326240023812,2,skincare,lait corps,True,auto_labeled
3337871325220,1,skincare,serum,True,auto_labeled
3337875542654,1,skincare,essence,True,auto_labeled
3337875543248,3,skincare,booster,True,auto_labeled
3350033025554,2,haircare,laque,True,auto_labeled
3350033025561,1,haircare,laque,True,auto_labeled
3350033156678,1,haircare,laque,True,auto_labeled
3350033188396,1,skincare,gel douche,True,auto_labeled
3350033362123,1,skincare,nettoyant,True,auto_labeled
3355999000652,1,skincare,mousse à raser,True,auto_labeled
3361370640492,1,skincare,gel douche,True,auto_labeled
3365000012659,1,skincare,savon,True,auto_labeled
3373365002222,1,skincare,savon,True,auto_labeled
3378872090748,1,makeup,vernis à ongles,True,auto_labeled
3378872099994,1,skincare,face mask,True,auto_labeled
3378872112600,1,makeup,maquillage,True,auto_labeled
3380810185249,5,makeup,primer,True,auto_labeled
3380810232424,1,haircare,shampoo,True,auto_labeled
3387101121207,2,haircare,shampoo,True,auto_labeled
3401320353857,2,skincare,nettoyant,True,auto_labeled
3401397176274,1,haircare,shampoo,True,auto_labeled
3401520717831,1,skincare,savon,True,auto_labeled
3401599487697,4,skincare,nettoyant,True,auto_labeled
3474393013201,1,skincare,gel douche,True,auto_labeled
3474630219991,3,haircare,shampoo,True,auto_labeled
3474633002156,1,makeup,gloss,True,auto_labeled
3478820044035,2,skincare,savon,True,auto_labeled
3489940035223,3,skincare,savon,True,auto_labeled
3489940035315,1,skincare,savon,True,auto_labeled
3489940061598,1,haircare,shampoo,True,auto_labeled
3489940070590,1,haircare,shampoo,True,auto_labeled
3504105028596,3,haircare,shampoo,True,auto_labeled
3511018800744,1,skincare,savon,True,auto_labeled
3515450013601,2,skincare,deodorant,True,auto_labeled
3517360003673,2,skincare,nettoyant,True,auto_labeled
3517360009767,2,skincare,gel douche,True,auto_labeled
3517360010978,1,skincare,nettoyant,True,auto_labeled
3517360011425,2,skincare,gel douche,True,auto_labeled
3517360012859,1,skincare,gel douche,True,auto_labeled
3517360016161,1,haircare,shampoo,True,auto_labeled
3519590252289,1,skincare,savon,True,auto_labeled
3522930000693,5,skincare,gel douche,True,auto_labeled
3522930000785,1,skincare,body lotion,True,auto_labeled
3532662030004,1,makeup,mascara,True,auto_labeled
3537090011304,1,skincare,savon,True,auto_labeled
3538394920026,2,skincare,gel douche,True,auto_labeled
3538396121100,2,haircare,gel coiffant,True,auto_labeled
3545230141347,1,makeup,maquillage,True,auto_labeled
3548752085328,1,makeup,fond de teint,True,auto_labeled
3551780120053,1,skincare,gel douche,True,auto_labeled
3551780820168,2,skincare,savon,True,auto_labeled
3558421015006,1,skincare,savon,True,auto_labeled
3560070743209,1,skincare,nettoyant,True,auto_labeled
3560070881406,3,skincare,creme mains,True,auto_labeled
3560070885251,3,haircare,laque,True,auto_labeled
3560071010430,1,skincare,gel douche,True,auto_labeled
3564700091432,1,haircare,shampoo,True,auto_labeled
3564700389232,1,skincare,nettoyant,True,auto_labeled
3564700667781,1,skincare,mousse à raser,True,auto_labeled
3564700716717,1,skincare,gel douche,True,auto_labeled
3567730300376,1,haircare,shampoo,True,auto_labeled
3574660156324,1,skincare,nettoyant,True,auto_labeled
3574660618440,1,skincare,nettoyant,True,auto_labeled
3574661012582,1,skincare,gel douche,True,auto_labeled
3574661039732,1,skincare,nettoyant,True,auto_labeled
3574661184128,1,skincare,lait corps,True,auto_labeled
3574661185699,1,skincare,nettoyant,True,auto_labeled
3574661193137,2,skincare,gel douche,True,auto_labeled
3583262404719,4,skincare,nettoyant,True,auto_labeled
3593290027217,1,skincare,lait corps,True,auto_labeled
3596209936310,5,skincare,lait corps,True,auto_labeled
3596710177479,1,skincare,mousse à raser,True,auto_labeled
3596710190980,1,skincare,mousse à raser,True,auto_labeled
3596710191116,1,skincare,mousse a raser,True,auto_labeled
3600520461427,1,makeup,fond de teint,True,auto_labeled
3600521625262,2,haircare,shampoo,True,auto_labeled
3600522081906,1,makeup,bb cream,True,auto_labeled
3600522727941,2,haircare,shampoo,True,auto_labeled
3600522838906,1,makeup,fond de teint,True,auto_labeled
3600523161522,1,makeup,fond de teint,True,auto_labeled
3600523176168,1,makeup,blush,True,auto_labeled
3600523232499,1,skincare,gel douche,True,auto_labeled
3600523426492,1,haircare,shampoo,True,auto_labeled
3600530768424,1,makeup,fond de teint,True,auto_labeled
3600540569035,1,makeup,bronzer,True,auto_labeled
3600540809902,1,haircare,shampoo,True,auto_labeled
3600541660489,1,haircare,shampoo,True,auto_labeled
3600541933927,1,skincare,gel douche,True,auto_labeled
3600542023870,1,haircare,shampoo,True,auto_labeled
3600550518054,1,haircare,gel coiffant,True,auto_labeled
3600550944341,1,haircare,laque,True,auto_labeled
3600550945010,1,haircare,shampoo,True,auto_labeled
3605970754099,1,skincare,sunscreen,True,auto_labeled
3605971345746,1,skincare,cleanser,True,auto_labeled
3605971764141,1,skincare,micellar,True,auto_labeled
3610340008672,1,haircare,hair mask,True,auto_labeled
3614271567765,3,makeup,mascara,True,auto_labeled
3660005129419,1,skincare,hand cream,True,auto_labeled
3660005152486,1,skincare,hand cream,True,auto_labeled
3660005386164,1,skincare,gel douche,True,auto_labeled
3660005423081,1,skincare,gel douche,True,auto_labeled
3660005438542,1,skincare,serum,True,auto_labeled
3660005562117,1,skincare,nettoyant,True,auto_labeled
3660005570075,1,skincare,nettoyant,True,auto_labeled
3660005770826,1,skincare,serum,True,auto_labeled
3660005780313,1,skincare,savon,True,auto_labeled
3660005788616,1,skincare,nettoyant,True,auto_labeled
3660005843711,1,skincare,gel douche,True,auto_labeled
3661434000423,2,skincare,cleanser,True,auto_labeled
3661434002335,1,skincare,nettoyant,True,auto_labeled
3661467002227,3,skincare,booster,True,auto_labeled
3661467002234,1,skincare,booster,True,auto_labeled
3661467002326,2,skincare,nettoyant,True,auto_labeled
3661596986405,1,haircare,shampoo,True,auto_labeled
3662076019002,1,skincare,mousse à raser,True,auto_labeled
36623846,1,makeup,fond de teint,True,auto_labeled
3700281702040,1,skincare,nettoyant,True,auto_labeled
3700479107244,2,skincare,savon,True,auto_labeled
3700479110138,1,haircare,shampoo,True,auto_labeled
3700599200917,1,skincare,savon,True,auto_labeled
3700599201037,1,skincare,savon,True,auto_labeled
3700599201105,1,haircare,shampoo,True,auto_labeled
3700599201266,1,skincare,savon,True,auto_labeled
3700599201389,2,skincare,savon,True,auto_labeled
3700601503319,1,skincare,savon,True,auto_labeled
3700601504378,1,skincare,savon,True,auto_labeled
3700668700225,2,skincare,nettoyant,True,auto_labeled
3700743357801,1,makeup,primer,True,auto_labeled
3701120000266,1,skincare,serum,True,auto_labeled
3760013822477,2,skincare,lait corps,True,auto_labeled
3760062882255,1,skincare,savon,True,auto_labeled
3760075070045,1,skincare,nettoyant,True,auto_labeled
3760087903539,1,skincare,savon,True,auto_labeled
3760089422823,3,skincare,lait corps,True,auto_labeled
3760099594367,1,skincare,nettoyant,True,auto_labeled
3760100173079,1,haircare,shampoo,True,auto_labeled
3760100682717,2,haircare,shampoo,True,auto_labeled
3760117511444,1,haircare,shampoo,True,auto_labeled
3760135010035,1,skincare,cleanser,True,auto_labeled
3760141877462,1,haircare,shampoo,True,auto_labeled
3760162120424,1,skincare,savon,True,auto_labeled
3760163291338,1,skincare,savon,True,auto_labeled
3760172446583,1,skincare,gel douche,True,auto_labeled
3760172620242,1,haircare,shampoo,True,auto_labeled
3760182264511,1,haircare,shampoo,True,auto_labeled
3760189190066,2,skincare,savon,True,auto_labeled
3760230250022,1,skincare,savon,True,auto_labeled
3760230251265,1,skincare,savon,True,auto_labeled
3770000175271,1,haircare,shampoo,True,auto_labeled
3770005171100,1,skincare,savon,True,auto_labeled
3770005798062,1,skincare,savon,True,auto_labeled
3770006098116,1,skincare,savon,True,auto_labeled
4001638075107,2,haircare,shampoo,True,auto_labeled
4005800636516,1,skincare,mousse à raser,True,auto_labeled
4005808825462,1,skincare,lait corps,True,auto_labeled
4005808891641,6,skincare,deodorant,True,auto_labeled
4005900273994,1,skincare,nettoyant,True,auto_labeled
4010355141859,1,haircare,shampoo,True,auto_labeled
4015000995030,1,skincare,gel douche,True,auto_labeled
4017645011243,3,makeup,nail polish,True,auto_labeled
4021457607914,1,haircare,shampoo,True,auto_labeled
4021457614233,1,skincare,savon,True,auto_labeled
4021457620005,2,haircare,shampoo,True,auto_labeled
4021457621538,1,skincare,nettoyant,True,auto_labeled
4040218130065,2,haircare,shampoo,True,auto_labeled
4045787387773,1,haircare,shampoo,True,auto_labeled
4051089883110,1,haircare,shampoo,True,auto_labeled
4084500128880,2,haircare,shampoo,True,auto_labeled
4084500272088,1,haircare,shampoo,True,auto_labeled
4103040019448,1,haircare,shampoo,True,auto_labeled
4260198091754,1,skincare,body lotion,True,auto_labeled
4260198091907,3,skincare,hand cream,True,auto_labeled
4305615481593,1,skincare,serum,True,auto_labeled
4335896491806,1,haircare,shampoo,True,auto_labeled
4389554945958,1,haircare,shampoo,True,auto_labeled
4511413501511,4,skincare,cleansing oil,True,auto_labeled
4710094102998,1,skincare,body wash,True,auto_labeled
4901872895830,1,haircare,shampoo,True,auto_labeled
4902430574051,2,skincare,cleanser,True,auto_labeled
5022545078448,2,haircare,conditioner,True,auto_labeled
5028197121990,1,makeup,bb cream,True,auto_labeled
5028197479534,1,skincare,shower gel,True,auto_labeled
5028197527204,3,skincare,gel douche,True,auto_labeled
5028197751418,3,makeup,foundation,True,auto_labeled
5045498902158,1,makeup,blush,True,auto_labeled
5055586604970,1,haircare,conditioner,True,auto_labeled
5060110223718,1,makeup,primer,True,auto_labeled
5060120165794,1,haircare,conditioner,True,auto_labeled
5060176673458,3,skincare,face mask,True,auto_labeled
5099821001261,2,skincare,body butter,True,auto_labeled
5163913807403,1,haircare,shampoo,True,auto_labeled
5201109623632,1,haircare,shampoo,True,auto_labeled
5203069043260,2,skincare,gel douche,True,auto_labeled
5203069066139,1,skincare,nettoyant,True,auto_labeled
5283157084559,2,haircare,shampoo,True,auto_labeled
5410091718329,3,haircare,shampoo,True,auto_labeled
5410443814501,1,makeup,primer,True,auto_labeled
5413525201107,1,haircare,shampoo,True,auto_labeled
5413525211106,1,skincare,gel douche,True,auto_labeled
6291100410088,2,haircare,shampoo,True,auto_labeled
6903148213469,1,haircare,shampoo,True,auto_labeled
6907376501299,1,haircare,shampoo,True,auto_labeled
6920177917489,1,haircare,conditioner,True,auto_labeled
6928820029572,5,skincare,micellar,True,auto_labeled
6942074216533,1,skincare,hand cream,True,auto_labeled
72789254,1,haircare,shampoo,True,auto_labeled
7630028604947,1,skincare,body lotion,True,auto_labeled
7790010915199,1,haircare,shampoo,True,auto_labeled
7891150033580,1,haircare,shampoo,True,auto_labeled
7899572806164,1,makeup,mascara,True,auto_labeled
8001090328809,1,skincare,essence,True,auto_labeled
8011502006713,1,skincare,nettoyant,True,auto_labeled
8420649140073,1,skincare,lotion corporelle,True,auto_labeled
8431876069952,1,skincare,nettoyant,True,auto_labeled
8710447250686,5,skincare,gel douche,True,auto_labeled
8710447274651,3,skincare,gel douche,True,auto_labeled
8710908238482,1,haircare,laque,True,auto_labeled
8710908445699,1,skincare,gel douche,True,auto_labeled
8711231103485,2,haircare,shampoo,True,auto_labeled
8711231150229,1,haircare,shampoo,True,auto_labeled
8711341465022,2,haircare,laque,True,auto_labeled
8711600954595,1,skincare,mousse à raser,True,auto_labeled
8711700917759,1,haircare,shampoo,True,auto_labeled
8712561013215,1,haircare,shampoo,True,auto_labeled
8712561631112,1,skincare,body wash,True,auto_labeled
8712561772075,2,skincare,gel douche,True,auto_labeled
8714100011379,1,skincare,micellar,True,auto_labeled
8714319174605,1,skincare,shower gel,True,auto_labeled
8714789999203,1,skincare,lait corps,True,auto_labeled
8715342021744,1,skincare,hand cream,True,auto_labeled
8716716054856,1,skincare,body cream,True,auto_labeled
8718951153547,1,skincare,gel douche,True,auto_labeled
8718951156838,1,skincare,gel douche,True,auto_labeled
8719238000554,1,skincare,micellar,True,auto_labeled
8733311216304,1,makeup,eyeshadow,True,auto_labeled
8850006493151,1,haircare,shampoo,True,auto_labeled
8858971800035,2,skincare,body lotion,True,auto_labeled
8888300281082,1,skincare,hand soap,True,auto_labeled
8901138836153,1,haircare,hair cream,True,auto_labeled
8906015080605,2,skincare,savon,True,auto_labeled
8908007288730,1,haircare,hair wax,True,auto_labeled
9192292141316,1,skincare,body cream,True,auto_labeled
9327693004438,3,skincare,serum,True,auto_labeled
9341571002552,1,haircare,shampoo,True,auto_labeled
9427182008708,1,skincare,nettoyant,True,auto_labeled
9557327003845,1,haircare,shampoo,True,auto_labeled
96148402,17,skincare,savon,True,auto_labeled
96169322,3,skincare,lip balm,True,auto_labeled
3600550928013,1,haircare,shampoo,True,auto_labeled
3596490001827,8,skincare,savon,True,auto_labeled
3600550809619,1,skincare,savon,True,auto_labeled
3256220691321,6,skincare,mousse à raser,True,auto_labeled
3574661368528,1,skincare,nettoyant,True,auto_labeled
3600550135732,3,haircare,shampoo,True,auto_labeled
4025089071112,1,makeup,mascara,True,auto_labeled
3596490000288,1,skincare,savon,True,auto_labeled
3579481412611,2,makeup,lipstick,True,auto_labeled
8806173507207,3,skincare,hand cream,True,auto_labeled
4250947564257,1,makeup,blush,True,auto_labeled
3245678612682,1,skincare,deodorant,True,auto_labeled
4021457613793,1,skincare,savon,True,auto_labeled
8901030640575,1,makeup,foundation,True,auto_labeled
3380390900690,1,skincare,savon,True,auto_labeled
8710908627323,1,skincare,essence,True,auto_labeled
9321299200065,1,skincare,sunscreen,True,auto_labeled
3273818841616,2,skincare,savon,True,auto_labeled
0769915190762,1,makeup,primer,True,auto_labeled
4305615543772,4,haircare,shampoo,True,auto_labeled
30156487,1,skincare,creme mains,True,auto_labeled
5028197449285,1,skincare,body butter,True,auto_labeled
3365000210642,1,skincare,savon,True,auto_labeled
3298651710516,1,skincare,savon,True,auto_labeled
2010055300299,1,skincare,gel douche,True,auto_labeled
8718951156593,1,skincare,gel douche,True,auto_labeled
3522930001966,1,skincare,gel douche,True,auto_labeled
8436097093571,1,skincare,gel douche,True,auto_labeled
3284410017279,2,skincare,savon,True,auto_labeled
8719238009465,1,skincare,shower gel,True,auto_labeled
8410761000188,1,skincare,savon,True,auto_labeled
3760238410190,1,skincare,savon,True,auto_labeled
3383482299030,1,skincare,savon,True,auto_labeled
3489940035308,1,skincare,savon,True,auto_labeled
3401360094505,1,skincare,savon,True,auto_labeled
3256630010033,1,skincare,savon,True,auto_labeled
3453810001021,1,skincare,savon,True,auto_labeled
3282770112436,1,skincare,gel douche,True,auto_labeled
3282770074710,1,skincare,nettoyant,True,auto_labeled
27050323,2,skincare,nettoyant,True,auto_labeled
3145891595253,1,makeup,vernis à ongles,True,auto_labeled
3545230142054,1,makeup,primer,True,auto_labeled
4005808583775,1,skincare,micellar,True,auto_labeled
3401351277979,1,makeup,bb cream,True,auto_labeled
3760100173086,2,haircare,shampoo,True,auto_labeled
3660005297347,1,makeup,fard à paupières,True,auto_labeled
3700756606514,1,makeup,vernis à ongles,True,auto_labeled
8712561397551,2,skincare,gel douche,True,auto_labeled
3600550945072,1,haircare,shampoo,True,auto_labeled
11920588,2,skincare,deodorant,True,auto_labeled
15653857,1,skincare,savon,True,auto_labeled
3760020732448,1,skincare,savon,True,auto_labeled
3182612703016,1,skincare,savon,True,auto_labeled
3245678613023,3,skincare,deodorant,True,auto_labeled
4250947592281,3,makeup,concealer,True,auto_labeled
5028197769079,1,skincare,body wash,True,auto_labeled
3567730700046,3,skincare,lait corps,True,auto_labeled
3660005823348,1,skincare,gel douche,True,auto_labeled
3770004599486,1,skincare,nettoyant,True,auto_labeled
5028197948276,1,skincare,nettoyant,True,auto_labeled
5413525201909,2,haircare,shampoo,True,auto_labeled
3474630130418,1,haircare,shampoo,True,auto_labeled
3140100199925,1,haircare,shampoo,True,auto_labeled
3256224359289,1,skincare,lait corps,True,auto_labeled
2021121299997,1,skincare,deodorant,True,auto_labeled
5400113583257,3,skincare,micellar,True,auto_labeled
3178040681163,1,skincare,booster,True,auto_labeled
00941709,1,skincare,shower gel,True,auto_labeled
3178047210007,1,skincare,savon,True,auto_labeled
5410091712310,1,haircare,conditioner,True,auto_labeled
5765228835852,1,skincare,shower gel,True,auto_labeled
5765228837979,1,skincare,shower gel,True,auto_labeled
8710908472336,2,skincare,savon,True,auto_labeled
0020714932077,2,makeup,mascara,True,auto_labeled
7613035058248,1,haircare,shampoo,True,auto_labeled
5028197414634,2,skincare,gel douche,True,auto_labeled
3661596985408,1,haircare,shampoo,True,auto_labeled
07492969,4,haircare,shampoo,True,auto_labeled
3600523381203,2,haircare,hairspray,True,auto_labeled
20168810,1,skincare,savon,True,auto_labeled
07668104,1,skincare,shower gel,True,auto_labeled
7391223911130,1,skincare,liquid soap,True,auto_labeled
1748567444460,1,skincare,bar soap,True,auto_labeled
3515450020708,1,haircare,shampoo,True,auto_labeled
3273816531786,3,skincare,gel douche,True,auto_labeled
0857423001301,3,haircare,hair treatment,True,auto_labeled
4005808130146,1,skincare,shower gel,True,auto_labeled
3257983156218,3,skincare,savon,True,auto_labeled
4015100196108,2,haircare,shampoo,True,auto_labeled
3600550928037,3,haircare,shampoo,True,auto_labeled
5037156251241,3,makeup,correcteur,True,auto_labeled
8411126039638,1,skincare,gel douche,True,auto_labeled
3517360010145,1,haircare,shampoo,True,auto_labeled
02118305,1,skincare,savon,True,auto_labeled
8901153010187,1,skincare,body wash,True,auto_labeled
80058045,1,haircare,shampoo,True,auto_labeled
0817939001653,2,skincare,savon,True,auto_labeled
5011321003606,1,makeup,loose powder,True,auto_labeled
4010355558381,3,skincare,serum,True,auto_labeled
3052350893860,1,skincare,savon,True,auto_labeled
7898583350444,1,haircare,shampoo,True,auto_labeled
5012008641500,9,haircare,conditioner,True,auto_labeled
3683080013893,3,skincare,savon,True,auto_labeled
5037156228144,1,makeup,concealer,True,auto_labeled
4039175007398,4,makeup,nail polish,True,auto_labeled
4250947512173,1,makeup,nail polish,True,auto_labeled
8710908226465,1,skincare,body lotion,True,auto_labeled
3607340779039,1,makeup,eyeshadow,True,auto_labeled
4250587785906,1,makeup,nail polish,True,auto_labeled
4260198093680,1,skincare,lip balm,True,auto_labeled
0773602403936,3,makeup,mascara,True,auto_labeled
8001090392114,1,skincare,micellar,True,auto_labeled
4251232220445,1,makeup,gloss,True,auto_labeled
9000101220780,1,haircare,shampoo,True,auto_labeled
3600542061315,2,haircare,conditioner,True,auto_labeled
4250947512135,1,makeup,nail polish,True,auto_labeled
4250947512197,1,makeup,nail polish,True,auto_labeled
4250947512142,1,makeup,nail polish,True,auto_labeled
4068400004390,1,makeup,nail polish,True,auto_labeled
4250947512265,1,makeup,nail polish,True,auto_labeled
0764302271314,1,skincare,toner,True,auto_labeled
42288923,1,skincare,deodorant,True,auto_labeled
3564700850688,1,haircare,gel coiffant,True,auto_labeled
3466762103422,1,skincare,lait corps,True,auto_labeled
3383482294134,1,skincare,savon,True,auto_labeled
0666151061811,1,skincare,serum,True,auto_labeled
8719827000576,1,makeup,eyeshadow,True,auto_labeled
4058172024382,1,haircare,shampoo,True,auto_labeled
0809280117954,3,skincare,hand cream,True,auto_labeled
9005800223452,1,haircare,styling mousse,True,auto_labeled
5765228838990,1,haircare,conditioner,True,auto_labeled
9005800273464,3,skincare,micellar,True,auto_labeled
6947790799704,2,skincare,essence,True,auto_labeled
3770002381168,1,skincare,savon,True,auto_labeled
7291067014922,1,skincare,hand cream,True,auto_labeled
0309971113062,11,makeup,eye shadow,True,auto_labeled
1212182227123,2,skincare,savon,True,auto_labeled
9421008702610,1,skincare,toner,True,auto_labeled
8016225940689,2,skincare,essence,True,auto_labeled
3760121213518,1,haircare,shampoo,True,auto_labeled
3522931002344,1,skincare,nettoyant,True,auto_labeled
3770007655011,1,skincare,nettoyant,True,auto_labeled
8710447495643,2,skincare,body lotion,True,auto_labeled
0037000918776,2,skincare,deodorant,True,auto_labeled
4005808247127,1,skincare,body lotion,True,auto_labeled
4010355364241,1,makeup,lipstick,True,auto_labeled
3700599204564,3,skincare,savon,True,auto_labeled
0603084563401,2,skincare,micellar,True,auto_labeled
4017645038554,1,haircare,shampoo,True,auto_labeled
0720260691779,3,haircare,shampoo,True,auto_labeled
0720260691786,1,haircare,conditioner,True,auto_labeled
3256224359616,1,haircare,shampoo,True,auto_labeled
3253581491379,5,haircare,shampoo,True,auto_labeled
0018084813362,2,haircare,shampoo,True,auto_labeled
0018084807132,1,haircare,shampoo,True,auto_labeled
3361370705863,1,skincare,savon,True,auto_labeled
3256220991384,2,haircare,creme décolorante,True,auto_labeled
4017645014282,1,skincare,nettoyant,True,auto_labeled
7610079004101,1,haircare,shampoo,True,auto_labeled
8716716059622,1,skincare,gel douche,True,auto_labeled
3700763535982,2,skincare,nettoyant,True,auto_labeled
3600523614493,2,makeup,fond de teint,True,auto_labeled
0823168002088,2,skincare,body butter,True,auto_labeled
0834639000601,2,skincare,nettoyant,True,auto_labeled
3519590111302,2,skincare,savon,True,auto_labeled
3337875489867,3,skincare,serum,True,auto_labeled
4010355436436,1,makeup,nail polish,True,auto_labeled
3760100682410,1,skincare,creme mains,True,auto_labeled
3700194711719,3,skincare,toner,True,auto_labeled
3596710337422,1,skincare,savon,True,auto_labeled
5705873773079,1,haircare,shampoo,True,auto_labeled
1116452767336,1,makeup,bronzer,True,auto_labeled
4021457619320,1,skincare,gel douche,True,auto_labeled
4021457615513,1,skincare,lait corps,True,auto_labeled
3282770037050,1,skincare,nettoyant,True,auto_labeled
3468080149311,1,skincare,gel douche,True,auto_labeled
20157753,1,skincare,savon,True,auto_labeled
4010355426116,3,makeup,gloss,True,auto_labeled
67776597,1,skincare,savon,True,auto_labeled
8809576260120,2,skincare,toner,True,auto_labeled
8710624257507,1,haircare,shampoo,True,auto_labeled
7891150014121,1,haircare,shampoo,True,auto_labeled
3760230251487,1,skincare,savon,True,auto_labeled
3660005538174,3,skincare,serum,True,auto_labeled
0062600700599,2,skincare,nettoyant,True,auto_labeled
8718951189287,5,skincare,lait corps,True,auto_labeled
4010355744098,4,haircare,shampoo,True,auto_labeled
3600542010733,1,skincare,micellar,True,auto_labeled
8717591561880,3,haircare,conditioner,True,auto_labeled
8719134027167,1,haircare,shampoo,True,auto_labeled
8719134034509,1,skincare,gel douche,True,auto_labeled
21445804,4,skincare,lip balm,True,auto_labeled
3760172446620,1,skincare,gel douche,True,auto_labeled
3660005443591,3,skincare,savon,True,auto_labeled
01518614,1,makeup,bb cream,True,auto_labeled
3600541875296,3,skincare,toner,True,auto_labeled
3701154720093,1,skincare,nettoyant,True,auto_labeled
3600550102291,1,skincare,lait corps,True,auto_labeled
6950865402140,3,makeup,eyeshadow,True,auto_labeled
5712870865935,2,skincare,shaving,True,auto_labeled
3614223576562,2,makeup,fond de teint,True,auto_labeled
3282770108682,6,skincare,gel douche,True,auto_labeled
3518646027772,1,skincare,savon,True,auto_labeled
3760194652177,2,skincare,savon,True,auto_labeled
3700227707009,1,makeup,correcteur,True,auto_labeled
3665113019140,1,skincare,nettoyant,True,auto_labeled
3178041315432,1,haircare,shampoo,True,auto_labeled
3660005908724,1,makeup,correcteur,True,auto_labeled
4059729209511,1,makeup,eyebrow,True,auto_labeled
0696770010242,1,skincare,shaving,True,auto_labeled
7290015284097,4,haircare,conditioner,True,auto_labeled
3665032000083,2,makeup,lipstick,True,auto_labeled
3347430012959,1,skincare,savon,True,auto_labeled
4015100209266,1,skincare,body lotion,True,auto_labeled
0713708421038,1,skincare,body butter,True,auto_labeled
3140100349818,2,haircare,shampoo,True,auto_labeled
0062400207793,1,skincare,nettoyant,True,auto_labeled
4021457620104,1,haircare,shampoo,True,auto_labeled
4010355348746,4,haircare,shampoo,True,auto_labeled
8718951273719,3,skincare,deodorant,True,auto_labeled
3701063805799,1,skincare,savon,True,auto_labeled
3450870020399,2,haircare,shampoo,True,auto_labeled
8436534962071,2,haircare,shampoo,True,auto_labeled
3770002220276,5,skincare,savon,True,auto_labeled
5050136854737,1,skincare,hand cream,True,auto_labeled
0750958279620,3,skincare,savon,True,auto_labeled
8572590252357,1,skincare,savon,True,auto_labeled
4305615438672,3,haircare,shampoo,True,auto_labeled
0768614138129,1,skincare,nettoyant,True,auto_labeled
3282770201147,1,haircare,shampoo,True,auto_labeled
5907506515807,1,haircare,shampoo,True,auto_labeled
8712561423717,1,skincare,gel douche,True,auto_labeled
5037156225457,1,haircare,conditioner,True,auto_labeled
5037156225181,1,haircare,conditioner,True,auto_labeled
8001090047236,1,haircare,shampoo,True,auto_labeled
3178041329033,1,skincare,booster,True,auto_labeled
3517360012835,2,skincare,savon,True,auto_labeled
4088700074435,1,haircare,shampoo,True,auto_labeled
4015100292312,2,haircare,shampoo,True,auto_labeled
4058172320705,2,makeup,gloss,True,auto_labeled
0077043236383,1,skincare,lotion corporelle,True,auto_labeled
3662217001101,2,makeup,vernis à ongles,True,auto_labeled
5057566163798,1,makeup,eyeshadow,True,auto_labeled
3466762240707,1,makeup,vernis à ongles,True,auto_labeled
3564700435748,4,haircare,shampoo,True,auto_labeled
8717163752395,9,haircare,shampoo,True,auto_labeled
4051089815166,1,skincare,body lotion,True,auto_labeled
3600530733248,2,makeup,correcteur,True,auto_labeled
8717163673072,3,skincare,body lotion,True,auto_labeled
4005900389039,1,skincare,deodorant,True,auto_labeled
3770010811282,1,skincare,savon,True,auto_labeled
9002070002107,2,haircare,shampoo,True,auto_labeled
3700479109248,3,skincare,savon,True,auto_labeled
7506195160435,3,haircare,shampoo,True,auto_labeled
02472429,1,haircare,shampoo,True,auto_labeled
4260198093833,4,skincare,lip balm,True,auto_labeled
8009518198317,1,makeup,primer,True,auto_labeled
42389354,2,skincare,deodorant,True,auto_labeled
3373360060029,1,skincare,savon,True,auto_labeled
4260365851228,3,skincare,body lotion,True,auto_labeled
9300830026159,1,skincare,body wash,True,auto_labeled
3595894213829,3,makeup,fond de teint,True,auto_labeled
3253581513026,2,skincare,savon,True,auto_labeled
3700462160539,2,skincare,savon,True,auto_labeled
0663963233443,1,skincare,cleanser,True,auto_labeled
4744183015876,2,skincare,shower gel,True,auto_labeled
3760125130248,10,skincare,nettoyant,True,auto_labeled
3770014568007,2,haircare,shampoo,True,auto_labeled
3380380023743,6,skincare,savon,True,auto_labeled
20516475,1,skincare,body lotion,True,auto_labeled
0192040514613,1,skincare,face mask,True,auto_labeled
5060144641243,3,skincare,deodorant,True,auto_labeled
5060144644077,3,skincare,body lotion,True,auto_labeled
0381370033615,1,skincare,cleanser,True,auto_labeled
3570564900001,7,skincare,gel douche,True,auto_labeled
1760475677860,1,skincare,gel douche,True,auto_labeled
25417708,1,haircare,shampoo,True,auto_labeled
0737052471051,3,skincare,body lotion,True,auto_labeled
3286010050649,3,skincare,gel douche,True,auto_labeled
59081456,1,skincare,savon,True,auto_labeled
4052136001327,1,makeup,rouge à lèvres,True,auto_labeled
3401396545071,1,haircare,shampoo,True,auto_labeled
3178041344272,1,haircare,shampoo,True,auto_labeled
3600523606801,1,haircare,shampoo,True,auto_labeled
4059729024060,1,makeup,highlighter,True,auto_labeled
8606019175511,1,makeup,foundation,True,auto_labeled
5201641704653,1,makeup,concealer,True,auto_labeled
3607345452142,1,makeup,eye shadow,True,auto_labeled
4011700821143,1,skincare,deodorant,True,auto_labeled
4058172181313,4,skincare,deodorant,True,auto_labeled
3760106470233,1,skincare,nettoyant,True,auto_labeled
6180412012700,1,skincare,savon,True,auto_labeled
3401320655418,1,skincare,toner,True,auto_labeled
8717163683651,2,skincare,savon,True,auto_labeled
3760201130728,4,haircare,shampoo,True,auto_labeled
5900116052939,3,skincare,essence,True,auto_labeled
3760248680330,3,skincare,serum,True,auto_labeled
3760248680347,1,haircare,shampoo,True,auto_labeled
4017645016248,2,haircare,shampoo,True,auto_labeled
3600542289740,1,haircare,shampoo,True,auto_labeled
8712561342612,7,skincare,savon,True,auto_labeled
8711700965040,3,skincare,savon,True,auto_labeled
4017645020115,1,haircare,shampoo,True,auto_labeled
0745114958297,2,skincare,body lotion,True,auto_labeled
0745114958181,3,skincare,body lotion,True,auto_labeled
3574661308388,1,haircare,shampoo,True,auto_labeled
4680038352904,2,haircare,hair mask,True,auto_labeled
8851932355315,2,haircare,conditioner,True,auto_labeled
5907506515906,2,haircare,shampoo,True,auto_labeled
8003670896715,1,skincare,deodorant,True,auto_labeled
4010355235671,1,haircare,shampoo,True,auto_labeled
3401360094581,3,skincare,savon,True,auto_labeled
4025089085034,1,haircare,shampoo,True,auto_labeled
3600550184921,5,haircare,gel coiffant,True,auto_labeled
7624841027762,5,skincare,savon,True,auto_labeled
4015100328622,6,haircare,shampoo,True,auto_labeled
4003583200863,1,skincare,body lotion,True,auto_labeled
3700479100092,5,skincare,lait corps,True,auto_labeled
3661985300805,8,skincare,savon,True,auto_labeled
8719238019846,2,skincare,hand cream,True,auto_labeled
3760099180065,3,skincare,savon,True,auto_labeled
4058172508851,5,skincare,body lotion,True,auto_labeled
3574669907736,3,haircare,shampoo,True,auto_labeled
5010525042954,1,haircare,shampoo,True,auto_labeled
8717496478511,2,skincare,savon,True,auto_labeled
03113271,2,skincare,serum,True,auto_labeled
3355313145724,1,skincare,savon,True,auto_labeled
5712873216338,1,skincare,hand soap,True,auto_labeled
6928064920123,1,skincare,savon,True,auto_labeled
3600521571385,1,haircare,laque,True,auto_labeled
5430000153485,1,haircare,shampoo,True,auto_labeled
3596490002817,1,skincare,gel douche,True,auto_labeled
6025614922894,1,skincare,savon,True,auto_labeled
3600523900787,2,skincare,gel douche,True,auto_labeled
0669316401699,2,skincare,serum,True,auto_labeled
8859527700175,1,skincare,serum,True,auto_labeled
9556126667739,1,skincare,serum,True,auto_labeled
8711700963503,3,skincare,body lotion,True,auto_labeled
4058172184765,1,haircare,shampoo,True,auto_labeled
4008666203700,4,haircare,shampoo,True,auto_labeled
3323036492821,4,haircare,shampoo,True,auto_labeled
5028197946937,3,skincare,serum,True,auto_labeled
50440542,3,skincare,face wash,True,auto_labeled
4104260070929,2,haircare,shampoo,True,auto_labeled
3378872135012,1,skincare,cleanser,True,auto_labeled
3378872143468,1,skincare,toner,True,auto_labeled
8022328111116,3,skincare,micellar,True,auto_labeled
3549620006094,1,skincare,savon,True,auto_labeled
8431876282207,1,skincare,booster,True,auto_labeled
8431876282191,1,skincare,booster,True,auto_labeled
8431876282184,1,skincare,booster,True,auto_labeled
8431876282177,1,skincare,booster,True,auto_labeled
8431876282160,1,skincare,booster,True,auto_labeled
8431876282153,1,skincare,booster,True,auto_labeled
8431876282146,1,skincare,booster,True,auto_labeled
8431876282139,1,skincare,booster,True,auto_labeled
8431876282122,1,skincare,booster,True,auto_labeled
8431876282115,1,skincare,booster,True,auto_labeled
8431876282108,1,skincare,booster,True,auto_labeled
8431876282092,1,skincare,serum,True,auto_labeled
8431876282085,1,skincare,booster,True,auto_labeled
8431876282078,1,skincare,booster,True,auto_labeled
8431876282061,1,skincare,booster,True,auto_labeled
8431876282054,1,skincare,booster,True,auto_labeled
8431876282047,1,skincare,booster,True,auto_labeled
8431876282030,1,skincare,booster,True,auto_labeled
3560071257293,5,haircare,shampoo,True,auto_labeled
4025089060260,1,makeup,gloss,True,auto_labeled
4021457640829,2,haircare,shampoo,True,auto_labeled
8714100138649,7,skincare,savon,True,auto_labeled
59081531,4,skincare,savon,True,auto_labeled
8710522481691,2,skincare,savon,True,auto_labeled
8710447332917,2,skincare,gel douche,True,auto_labeled
8711600536661,2,skincare,savon,True,auto_labeled
3181730272565,10,skincare,bar soap,True,auto_labeled
8712561715508,3,skincare,gel douche,True,auto_labeled
8710522784983,5,haircare,shampoo,True,auto_labeled
8717163752401,5,haircare,shampoo,True,auto_labeled
8711700891219,1,skincare,gel douche,True,auto_labeled
8711700889902,1,skincare,gel douche,True,auto_labeled
8711600477438,3,skincare,gel douche,True,auto_labeled
8710447307540,2,haircare,shampoo,True,auto_labeled
3181730117804,5,skincare,mousse à raser,True,auto_labeled
8710447329191,1,skincare,gel douche,True,auto_labeled
8710447491300,1,skincare,gel douche,True,auto_labeled
8710447332979,1,skincare,gel douche,True,auto_labeled
8710447332948,1,skincare,gel douche,True,auto_labeled
8710447394656,1,haircare,shampoo,True,auto_labeled
59079682,6,skincare,savon,True,auto_labeled
8710522758120,2,skincare,savon,True,auto_labeled
59019114,6,skincare,savon,True,auto_labeled
8710522754634,2,skincare,savon,True,auto_labeled
8710522754610,1,skincare,savon,True,auto_labeled
8710522754597,1,skincare,savon,True,auto_labeled
8710447329214,1,skincare,gel douche,True,auto_labeled
8710447280065,1,skincare,gel douche,True,auto_labeled
3181730272510,1,skincare,savon,True,auto_labeled
8717163947739,1,skincare,gel douche,True,auto_labeled
8717163747216,1,skincare,gel douche,True,auto_labeled
8710908858567,2,skincare,savon,True,auto_labeled
8710847972706,5,skincare,gel douche,True,auto_labeled
8710522754658,2,skincare,savon,True,auto_labeled
8710522403907,1,skincare,gel douche,True,auto_labeled
59019107,4,skincare,savon,True,auto_labeled
3400930087787,3,haircare,shampoo,True,auto_labeled
8717163752418,6,haircare,shampoo,True,auto_labeled
8717163661574,2,skincare,gel douche,True,auto_labeled
8710847963988,3,haircare,shampoo,True,auto_labeled
8710847963971,5,haircare,shampoo,True,auto_labeled
8710847998584,2,skincare,gel douche,True,auto_labeled
8710522707616,1,skincare,gel douche,True,auto_labeled
8710847998577,7,skincare,gel douche,True,auto_labeled
8710522707593,1,skincare,gel douche,True,auto_labeled
8710847998591,10,skincare,gel douche,True,auto_labeled
8710522707579,1,skincare,gel douche,True,auto_labeled
8710908735523,1,skincare,gel douche,True,auto_labeled
3348901408745,1,makeup,rouge à lèvres,True,auto_labeled
8717163748374,6,skincare,savon,True,auto_labeled
8710908437137,5,skincare,gel douche,True,auto_labeled
8717163648643,4,skincare,gel douche,True,auto_labeled
8710522682319,1,haircare,shampoo,True,auto_labeled
8710522682289,1,haircare,shampoo,True,auto_labeled
8710522682296,3,haircare,shampoo,True,auto_labeled
8710522682272,1,haircare,shampoo,True,auto_labeled
8710522464922,1,haircare,shampoo,True,auto_labeled
8717163947715,10,skincare,gel douche,True,auto_labeled
8710908650062,1,skincare,gel douche,True,auto_labeled
8710847953040,10,skincare,gel douche,True,auto_labeled
8710447284117,5,skincare,gel douche,True,auto_labeled
8710522643938,4,haircare,shampoo,True,auto_labeled
3770004868131,1,skincare,savon,True,auto_labeled
4045612004554,1,haircare,shampoo,True,auto_labeled
4015001005608,1,haircare,shampoo,True,auto_labeled
3450601036538,1,skincare,lait corps,True,auto_labeled
8710522644065,9,haircare,shampoo,True,auto_labeled
8710522644003,1,haircare,shampoo,True,auto_labeled
20982744,1,skincare,shower gel,True,auto_labeled
4011700436002,1,skincare,shaving,True,auto_labeled
0817513016783,1,haircare,pomade,True,auto_labeled
8710447437322,1,skincare,lait corps,True,auto_labeled
8717163668863,1,skincare,gel douche,True,auto_labeled
8717163668856,3,skincare,gel douche,True,auto_labeled
8717163648636,3,skincare,gel douche,True,auto_labeled
8712561715300,1,skincare,gel douche,True,auto_labeled
8710447396520,1,skincare,lait corps,True,auto_labeled
8710447329207,1,skincare,gel douche,True,auto_labeled
8710447297667,1,skincare,gel douche,True,auto_labeled
8710447253779,2,skincare,gel douche,True,auto_labeled
40133218,12,skincare,essence,True,auto_labeled
8710522668757,1,haircare,shampoo,True,auto_labeled
8004395001231,3,skincare,shaving,True,auto_labeled
3770016038027,2,skincare,savon,True,auto_labeled
8710447381472,1,skincare,savon,True,auto_labeled
8710447245484,1,skincare,nettoyant,True,auto_labeled
09600033,1,makeup,lipstick,True,auto_labeled
4260285396311,1,haircare,shampoo,True,auto_labeled
8714100146262,2,skincare,savon,True,auto_labeled
8710447342497,3,skincare,gel douche,True,auto_labeled
3181730213452,1,skincare,savon,True,auto_labeled
59086703,2,skincare,gel douche,True,auto_labeled
4010355475244,3,skincare,serum,True,auto_labeled
9120082226103,1,haircare,shampoo,True,auto_labeled
3660005616995,1,skincare,serum,True,auto_labeled
3605970879570,1,skincare,serum,True,auto_labeled
9339341004868,1,haircare,leave-in,True,auto_labeled
7340011437383,1,skincare,hand soap,True,auto_labeled
3450601026591,1,skincare,savon,True,auto_labeled
3564700718384,1,haircare,shampoo,True,auto_labeled
7630028610931,1,skincare,shower gel,True,auto_labeled
3298651700913,1,skincare,savon,True,auto_labeled
8719238003944,1,skincare,savon,True,auto_labeled
3612060007485,1,skincare,savon,True,auto_labeled
3770002220139,1,skincare,savon,True,auto_labeled
8719238009403,1,skincare,shower gel,True,auto_labeled
6130793000643,1,skincare,savon,True,auto_labeled
7640136290062,1,haircare,shampoo,True,auto_labeled
6111254878827,2,skincare,savon,True,auto_labeled
3401381349646,1,skincare,nettoyant,True,auto_labeled
8801051342536,1,skincare,essence,True,auto_labeled
8715342026442,1,skincare,hand cream,True,auto_labeled
5028197521097,1,skincare,cleanser,True,auto_labeled
5028197200503,1,makeup,bb cream,True,auto_labeled
3253581548523,1,skincare,hand cream,True,auto_labeled
3700210040274,1,skincare,savon,True,auto_labeled
3182611234511,2,skincare,savon,True,auto_labeled
3564700734759,1,skincare,savon,True,auto_labeled
3700593600164,1,skincare,savon,True,auto_labeled
3496344214147,1,skincare,savon,True,auto_labeled
4744183014831,1,haircare,shampoo,True,auto_labeled
3701120016007,1,haircare,shampoo,True,auto_labeled
3614227552999,1,skincare,body lotion,True,auto_labeled
3700969801225,1,haircare,masque cheveux,True,auto_labeled
3251241034935,1,makeup,primer,True,auto_labeled
3596490004866,1,skincare,gel douche,True,auto_labeled
3511720118250,1,skincare,lait corps,True,auto_labeled
8713551703413,2,skincare,hand cream,True,auto_labeled
3273819232048,1,makeup,correcteur,True,auto_labeled
3700388986565,1,makeup,fard à paupières,True,auto_labeled
3350033137264,1,skincare,lait corps,True,auto_labeled
3583788429043,1,skincare,gel douche,True,auto_labeled
3489940035230,1,skincare,savon,True,auto_labeled
8901138507558,2,haircare,hair cream,True,auto_labeled
3663395031355,1,skincare,savon,True,auto_labeled
8715342027883,1,skincare,eye cream,True,auto_labeled
4010355307231,4,haircare,shampoo,True,auto_labeled
8710444211277,1,skincare,savon,True,auto_labeled
4021457619986,1,haircare,shampoo,True,auto_labeled
4973167286890,1,makeup,eyebrow,True,auto_labeled
4550002845537,1,skincare,essence,True,auto_labeled
4936968663673,1,makeup,eyeliner,True,auto_labeled
4005900488404,1,skincare,nettoyant,True,auto_labeled
3178040671867,1,skincare,gel douche,True,auto_labeled
3245678622865,3,haircare,laque,True,auto_labeled
3614225545016,1,skincare,gel douche,True,auto_labeled
3563210011701,1,skincare,savon,True,auto_labeled
3600550972412,1,skincare,savon,True,auto_labeled
3760162120417,1,skincare,savon,True,auto_labeled
3596490000981,1,skincare,savon,True,auto_labeled
3600523670079,1,makeup,mascara,True,auto_labeled
6679077756819,1,skincare,savon,True,auto_labeled
7350070870502,1,skincare,cleanser,True,auto_labeled
5037156227499,1,haircare,shampoo,True,auto_labeled
5028197521080,1,skincare,nettoyant,True,auto_labeled
4902430401012,3,haircare,shampoo,True,auto_labeled
5901845500487,1,haircare,shampoo,True,auto_labeled
5060528313124,1,haircare,shampoo,True,auto_labeled
5425015920368,1,haircare,shampoo,True,auto_labeled
7506267908897,1,haircare,shampoo,True,auto_labeled
42355533,1,skincare,hand cream,True,auto_labeled
4005808956555,1,skincare,deodorant,True,auto_labeled
3560070986101,3,skincare,lait corps,True,auto_labeled
3182611232029,1,skincare,savon,True,auto_labeled
3253581491461,1,skincare,nettoyant,True,auto_labeled
3700187411046,1,makeup,fond de teint,True,auto_labeled
3660005635330,1,skincare,lait corps,True,auto_labeled
20778347,1,haircare,shampoo,True,auto_labeled
8716716098669,1,skincare,gel douche,True,auto_labeled
4464230388837,1,skincare,ampoule,True,auto_labeled
8710447285336,1,skincare,deodorant,True,auto_labeled
3401320523373,1,skincare,gel douche,True,auto_labeled
7500435128698,1,skincare,booster,True,auto_labeled
3700998202093,2,skincare,savon,True,auto_labeled
8001090488893,1,skincare,essence,True,auto_labeled
3245678689509,1,skincare,nettoyant,True,auto_labeled
3045206392976,1,skincare,nettoyant,True,auto_labeled
3286010050359,1,skincare,lait corps,True,auto_labeled
3760232870259,1,skincare,savon,True,auto_labeled
3593290025206,1,skincare,savon,True,auto_labeled
3393190016980,3,skincare,savon,True,auto_labeled
3770010560555,2,skincare,savon,True,auto_labeled
3770010560548,2,skincare,savon,True,auto_labeled
3770010560326,2,skincare,savon,True,auto_labeled
3596490001711,1,skincare,gel douche,True,auto_labeled
8717163699263,2,skincare,gel douche,True,auto_labeled
3263855952598,1,skincare,gel douche,True,auto_labeled
8025272610780,3,makeup,mascara,True,auto_labeled
4059729226921,1,skincare,essence,True,auto_labeled
4059729198648,1,skincare,essence,True,auto_labeled
7502212293889,1,haircare,shampoo,True,auto_labeled
18172768,1,haircare,shampoo,True,auto_labeled
8051414384356,1,haircare,shampoo,True,auto_labeled
7805000161491,1,haircare,shampoo,True,auto_labeled
8901030703607,2,haircare,shampoo,True,auto_labeled
8719874198240,4,haircare,hair mask,True,auto_labeled
6173611771196,6,skincare,serum,True,auto_labeled
42316640,1,skincare,deodorant,True,auto_labeled
3178041326391,1,skincare,body lotion,True,auto_labeled
7506267910401,1,skincare,body wash,True,auto_labeled
5397205078657,1,skincare,face wash,True,auto_labeled
71196466,1,haircare,hair oil,True,auto_labeled
7630028603117,2,skincare,body lotion,True,auto_labeled
3760026150512,1,skincare,savon,True,auto_labeled
3662217007202,1,skincare,nettoyant,True,auto_labeled
3661596986481,1,haircare,shampoo,True,auto_labeled
6135262002463,1,makeup,nail polish,True,auto_labeled
3222477068568,1,skincare,lait corps,True,auto_labeled
4058172483394,1,skincare,savon,True,auto_labeled
3511720128303,1,skincare,savon,True,auto_labeled
8027881803805,1,skincare,lait corps,True,auto_labeled
8719827001535,1,makeup,primer,True,auto_labeled
8710908180460,1,haircare,shampoo,True,auto_labeled
8001090911704,1,haircare,shampoo,True,auto_labeled
17264745,1,skincare,lip balm,True,auto_labeled
8001090590145,1,skincare,essence,True,auto_labeled
7509552908527,3,haircare,shampoo,True,auto_labeled
8436551471235,1,haircare,hair mask,True,auto_labeled
4744183010505,1,skincare,body butter,True,auto_labeled
5397182401080,1,makeup,nail polish,True,auto_labeled
8435327628101,1,makeup,maquillage,True,auto_labeled
3380810060447,1,makeup,mascara,True,auto_labeled
6952938337366,1,makeup,eyeliner,True,auto_labeled
8420212331181,1,haircare,shampoo,True,auto_labeled
7774904281799,1,haircare,shampoo,True,auto_labeled
5524105031714,1,skincare,essence,True,auto_labeled
18194412,1,haircare,shampoo,True,auto_labeled
8411047143186,1,skincare,body cream,True,auto_labeled
8719238020958,1,skincare,hand soap,True,auto_labeled
3600521997574,1,haircare,shampoo,True,auto_labeled
25241112,2,skincare,body lotion,True,auto_labeled
8719179197115,1,makeup,primer,True,auto_labeled
3760170660097,1,makeup,maquillage,True,auto_labeled
5033102907453,1,haircare,conditioner,True,auto_labeled
3489940063004,1,haircare,shampoo,True,auto_labeled
3770002220832,2,haircare,shampoo,True,auto_labeled
6192442100746,1,skincare,gel douche,True,auto_labeled
3563210022462,3,haircare,shampoo,True,auto_labeled
3181730117880,6,skincare,mousse à raser,True,auto_labeled
8710447445983,1,skincare,gel douche,True,auto_labeled
8710447445938,1,skincare,gel douche,True,auto_labeled
8710522355237,1,skincare,gel douche,True,auto_labeled
8710522355183,1,skincare,gel douche,True,auto_labeled
3181730272589,10,skincare,savon,True,auto_labeled
3181730272572,13,skincare,savon,True,auto_labeled
8710447204313,1,skincare,gel douche,True,auto_labeled
8710447342503,1,skincare,gel douche,True,auto_labeled
8710447307557,1,haircare,shampoo,True,auto_labeled
8717163710876,1,haircare,shampoo,True,auto_labeled
8710522643914,1,haircare,shampoo,True,auto_labeled
8710522646212,4,haircare,shampoo,True,auto_labeled
8717163710869,1,haircare,shampoo,True,auto_labeled
8710908663185,1,skincare,gel douche,True,auto_labeled
8710447319369,1,skincare,savon,True,auto_labeled
8710447250679,1,skincare,gel douche,True,auto_labeled
8710447326817,1,skincare,savon,True,auto_labeled
8710447326824,1,skincare,savon,True,auto_labeled
8710447381045,1,skincare,gel douche,True,auto_labeled
7630028603162,1,skincare,body lotion,True,auto_labeled
4043662190159,1,skincare,serum,True,auto_labeled
8809393401713,1,skincare,clay mask,True,auto_labeled
5943000102846,2,haircare,shampoo,True,auto_labeled
7621500110353,1,haircare,shampoo,True,auto_labeled
3273818840152,5,skincare,savon,True,auto_labeled
3182611239202,1,skincare,savon,True,auto_labeled
8720143125393,1,skincare,sheet mask,True,auto_labeled
3551780003462,1,skincare,savon,True,auto_labeled
0811748030613,1,skincare,deodorant,True,auto_labeled
4008233156132,6,skincare,sheet mask,True,auto_labeled
8410436354622,1,haircare,shampoo,True,auto_labeled
3700100712021,1,skincare,nettoyant,True,auto_labeled
3574660412277,2,skincare,hand cream,True,auto_labeled
8710447425015,1,skincare,gel douche,True,auto_labeled
8809323737486,1,skincare,toner,True,auto_labeled
7506295302322,1,skincare,essence,True,auto_labeled
8410751036074,2,skincare,body lotion,True,auto_labeled
7804945062412,1,haircare,shampoo,True,auto_labeled
3770018167008,2,skincare,savon,True,auto_labeled
8717163680155,1,haircare,shampoo,True,auto_labeled
6180412012717,1,skincare,savon,True,auto_labeled
8710447448007,1,skincare,gel douche,True,auto_labeled
4021457614363,2,skincare,lait corps,True,auto_labeled
4021457617517,4,skincare,eye cream,True,auto_labeled
4250587733808,1,makeup,eyeshadow,True,auto_labeled
8710847971365,2,skincare,gel douche,True,auto_labeled
8720181136399,2,skincare,gel douche,True,auto_labeled
8720181140372,1,skincare,gel douche,True,auto_labeled
8720181140365,4,skincare,gel douche,True,auto_labeled
3606000552593,3,skincare,nettoyant,True,auto_labeled
8710847972607,1,skincare,gel douche,True,auto_labeled
8717163730645,1,skincare,gel douche,True,auto_labeled
8720181133022,2,skincare,gel douche,True,auto_labeled
8720181133015,3,skincare,gel douche,True,auto_labeled
3700601501261,1,skincare,savon,True,auto_labeled
8710847954979,1,skincare,gel douche,True,auto_labeled
8710847977954,1,skincare,gel douche,True,auto_labeled
8710447442364,5,skincare,lait corps,True,auto_labeled
8710447442296,5,skincare,lait corps,True,auto_labeled
8710847977930,1,skincare,gel douche,True,auto_labeled
8720181141690,4,skincare,gel douche,True,auto_labeled
8710522754726,1,skincare,gel douche,True,auto_labeled
8717163714348,1,skincare,gel douche,True,auto_labeled
8710847955730,1,skincare,gel douche,True,auto_labeled
8720181089985,3,skincare,gel douche,True,auto_labeled
8710908706332,1,skincare,savon,True,auto_labeled
8720181109409,1,skincare,savon,True,auto_labeled
8720181109393,1,skincare,savon,True,auto_labeled
8710522942628,1,skincare,gel douche,True,auto_labeled
8710522436127,2,skincare,gel douche,True,auto_labeled
8710522431160,1,skincare,gel douche,True,auto_labeled
8717163689837,9,haircare,shampoo,True,auto_labeled
8710847935930,7,haircare,shampoo,True,auto_labeled
8717163689844,10,haircare,shampoo,True,auto_labeled
8717163689851,11,haircare,shampoo,True,auto_labeled
8720181108884,1,skincare,gel douche,True,auto_labeled
8720181136405,1,skincare,gel douche,True,auto_labeled
8710447365656,1,haircare,masque cheveux,True,auto_labeled
8714100016794,1,skincare,gel douche,True,auto_labeled
8710847977916,1,skincare,gel douche,True,auto_labeled
8710447365342,10,haircare,shampoo,True,auto_labeled
8710447365304,9,haircare,shampoo,True,auto_labeled
8717644937129,1,haircare,shampoo,True,auto_labeled
0764302016946,1,haircare,shampoo,True,auto_labeled
3760100682748,2,haircare,masque cheveux,True,auto_labeled
4260167185729,7,haircare,shampoo,True,auto_labeled
5037200081701,2,haircare,hair mask,True,auto_labeled
8710444219044,2,skincare,hand soap,True,auto_labeled
5055443637745,1,skincare,lip balm,True,auto_labeled
8697419548715,1,haircare,hair mousse,True,auto_labeled
0070942508247,1,haircare,laque,True,auto_labeled
5901887032120,1,skincare,body lotion,True,auto_labeled
6130024166087,3,skincare,gel douche,True,auto_labeled
3564700756935,1,skincare,nettoyant,True,auto_labeled
3577056023576,4,haircare,laque,True,auto_labeled
5765228836545,1,skincare,body lotion,True,auto_labeled
02337876,2,skincare,savon,True,auto_labeled
8718537747511,2,skincare,sheet mask,True,auto_labeled
3760169790255,3,skincare,savon,True,auto_labeled
3760217370583,1,haircare,shampoo,True,auto_labeled
8002295084132,1,haircare,shampoo,True,auto_labeled
3660005573304,1,haircare,shampoo,True,auto_labeled
8710604799638,6,skincare,gel douche,True,auto_labeled
4690302431754,2,skincare,serum,True,auto_labeled
4045787132199,1,haircare,shampoo,True,auto_labeled
5948874121818,2,skincare,gel douche,True,auto_labeled
6291107220994,1,haircare,shampoo,True,auto_labeled
0768563309212,2,haircare,conditioner,True,auto_labeled
4260376297398,2,haircare,shampoo,True,auto_labeled
8720181083037,1,skincare,nettoyant,True,auto_labeled
8710847929083,10,skincare,gel douche,True,auto_labeled
0856556004111,1,skincare,serum,True,auto_labeled
8718951430921,3,skincare,gel douche,True,auto_labeled
8718951430167,3,skincare,gel douche,True,auto_labeled
8718951426207,3,skincare,gel douche,True,auto_labeled
0871760007895,2,makeup,primer,True,auto_labeled
0056599677550,2,makeup,mascara,True,auto_labeled
0855586004375,2,makeup,lipstick,True,auto_labeled
1625325468220,2,skincare,face mask,True,auto_labeled
0808124174252,1,skincare,hand soap,True,auto_labeled
0764302231059,1,haircare,conditioner,True,auto_labeled
0052800673779,1,haircare,conditioner,True,auto_labeled
0086800211549,2,skincare,sunscreen,True,auto_labeled
4058172738197,2,haircare,shampoo,True,auto_labeled
4027800020553,2,skincare,savon,True,auto_labeled
0885492857437,1,skincare,cleanser,True,auto_labeled
6909122263956,1,skincare,cleanser,True,auto_labeled
0850003310312,1,skincare,cleanser,True,auto_labeled
0787734793087,1,skincare,cleanser,True,auto_labeled
0688098772469,1,skincare,cleanser,True,auto_labeled
0707129221810,1,skincare,cleanser,True,auto_labeled
0767332100531,1,skincare,cleanser,True,auto_labeled
5765228837900,1,skincare,deodorant,True,auto_labeled
0840797140622,1,skincare,body lotion,True,auto_labeled
0207146744762,1,skincare,face wash,True,auto_labeled
0736032631508,1,skincare,face wash,True,auto_labeled
0767332108902,1,skincare,cleanser,True,auto_labeled
0815517026746,1,skincare,cleanser,True,auto_labeled
0687735305046,1,skincare,face wash,True,auto_labeled
0880917938852,1,skincare,cleanser,True,auto_labeled
0809280149078,1,skincare,cleanser,True,auto_labeled
3380810427325,1,skincare,cleanser,True,auto_labeled
0687735302366,1,skincare,face wash,True,auto_labeled
0603084512843,1,skincare,face wash,True,auto_labeled
0850016280015,1,skincare,cleanser,True,auto_labeled
0687735302793,1,skincare,face wash,True,auto_labeled
3380810427318,1,skincare,cleanser,True,auto_labeled
0687735301727,1,skincare,face wash,True,auto_labeled
3605971634321,1,skincare,cleanser,True,auto_labeled
0687735303905,1,skincare,face wash,True,auto_labeled
0578303697260,1,skincare,cleanser,True,auto_labeled
0702685964737,1,skincare,face wash,True,auto_labeled
0651473710028,1,skincare,cleanser,True,auto_labeled
0717334136052,1,skincare,cleanser,True,auto_labeled
0816645029012,1,skincare,cleanser,True,auto_labeled
5045096475795,1,skincare,cleanser,True,auto_labeled
0676280041783,1,skincare,cleanser,True,auto_labeled
0182289000046,1,skincare,face wash,True,auto_labeled
0846733031467,1,skincare,face wash,True,auto_labeled
0651473705673,1,skincare,cleanser,True,auto_labeled
0701853046145,1,skincare,face wash,True,auto_labeled
0794628317960,1,skincare,face wash,True,auto_labeled
7602005480745,1,skincare,cleanser,True,auto_labeled
0651473707714,1,skincare,cleanser,True,auto_labeled
3605971482144,1,skincare,cleanser,True,auto_labeled
0609332599901,1,skincare,cleanser,True,auto_labeled
8809370696286,1,skincare,cleanser,True,auto_labeled
0182289000985,1,skincare,face wash,True,auto_labeled
0813424023070,1,skincare,cleanser,True,auto_labeled
0846733034703,1,skincare,face wash,True,auto_labeled
0809280138300,1,skincare,face wash,True,auto_labeled
8809598451926,1,skincare,cleanser,True,auto_labeled
0810022912010,1,skincare,cleanser,True,auto_labeled
0609332822177,1,skincare,cleanser,True,auto_labeled
0808144295005,1,skincare,cleanser,True,auto_labeled
0689551340072,1,skincare,cleanser,True,auto_labeled
0651986704897,1,skincare,cleanser,True,auto_labeled
0687735304469,1,skincare,cleanser,True,auto_labeled
0289841361833,1,skincare,face wash,True,auto_labeled
0814627025007,1,skincare,cleanser,True,auto_labeled
0869519000020,2,haircare,pomade,True,auto_labeled
7502245181474,2,skincare,serum,True,auto_labeled
8809080823408,2,skincare,ampoule,True,auto_labeled
3760175170041,1,skincare,savon,True,auto_labeled
3380810427332,1,skincare,cleanser,True,auto_labeled
3614229376777,1,skincare,cleanser,True,auto_labeled
0180510400122,1,skincare,micellar,True,auto_labeled
3605975080865,1,skincare,cleanser,True,auto_labeled
5203069091056,1,skincare,cleanser,True,auto_labeled
0666151010734,1,skincare,cleanser,True,auto_labeled
0815921016876,1,skincare,cleanser,True,auto_labeled
0651043300482,1,skincare,cleanser,True,auto_labeled
0813920019126,1,skincare,cleanser,True,auto_labeled
4511413519479,1,skincare,face wash,True,auto_labeled
0735379340012,1,skincare,face wash,True,auto_labeled
0302990220506,1,skincare,cleanser,True,auto_labeled
0682223020463,1,skincare,cleanser,True,auto_labeled
0717897060771,1,skincare,cleanser,True,auto_labeled
0722301639207,1,skincare,cleanser,True,auto_labeled
0813920016217,1,skincare,cleanser,True,auto_labeled
0852569003561,1,skincare,micellar,True,auto_labeled
0651473710691,1,skincare,cleanser,True,auto_labeled
0874316000630,1,skincare,cleanser,True,auto_labeled
0785364010352,1,skincare,cleanser,True,auto_labeled
0810016292548,1,skincare,cleanser,True,auto_labeled
0689574962282,1,skincare,cleanser,True,auto_labeled
0885302032887,1,skincare,cleanser,True,auto_labeled
0810425035873,1,skincare,cleanser,True,auto_labeled
0855275007106,1,skincare,micellar,True,auto_labeled
8806190718730,1,skincare,cleanser,True,auto_labeled
3337875674942,1,skincare,micellar,True,auto_labeled
0688941763491,1,skincare,face wash,True,auto_labeled
0811748035014,1,skincare,cleanser,True,auto_labeled
0302993921288,1,skincare,cleanser,True,auto_labeled
3614229839456,1,skincare,cleanser,True,auto_labeled
5051167917576,1,skincare,cleansing balm,True,auto_labeled
3605971307928,1,skincare,cleansing oil,True,auto_labeled
0641628501731,1,skincare,cleansing balm,True,auto_labeled
8809653230879,1,skincare,cleansing oil,True,auto_labeled
5045098699724,1,skincare,cleansing balm,True,auto_labeled
0602573665466,1,skincare,cleansing oil,True,auto_labeled
0641628001736,1,skincare,cleansing balm,True,auto_labeled
0887167222243,1,skincare,cleansing balm,True,auto_labeled
0729238119895,1,skincare,cleansing oil,True,auto_labeled
0716170225418,1,skincare,cleanser,True,auto_labeled
8809115025937,1,skincare,cleansing oil,True,auto_labeled
0857334005788,1,skincare,cleanser,True,auto_labeled
0785364010178,1,skincare,cleansing oil,True,auto_labeled
3605972076168,1,skincare,cleanser,True,auto_labeled
8809653230930,1,skincare,cleansing balm,True,auto_labeled
8809448637357,2,skincare,cleansing oil,True,auto_labeled
3760239240987,1,skincare,cleansing oil,True,auto_labeled
0834893006067,1,skincare,cleansing oil,True,auto_labeled
0814627025137,1,skincare,cleansing oil,True,auto_labeled
0792850894099,1,skincare,cleansing oil,True,auto_labeled
0850003721378,1,skincare,cleanser,True,auto_labeled
8809427864293,1,skincare,cleansing oil,True,auto_labeled
8809653230947,1,skincare,cleansing balm,True,auto_labeled
0819793010253,1,skincare,cleansing oil,True,auto_labeled
0670367935507,1,skincare,cleansing oil,True,auto_labeled
0717334221499,1,skincare,cleansing oil,True,auto_labeled
8809532446759,1,skincare,cleansing oil,True,auto_labeled
0819793010291,1,skincare,cleansing oil,True,auto_labeled
8809255783865,1,skincare,cleansing oil,True,auto_labeled
0888265602036,1,skincare,cleansing oil,True,auto_labeled
0794866353386,1,skincare,cleansing oil,True,auto_labeled
3605972264602,1,makeup,foundation,True,auto_labeled
3605972298522,1,skincare,serum,True,auto_labeled
8719189416398,1,skincare,shower gel,True,auto_labeled
3574661601618,3,skincare,gel douche,True,auto_labeled
3538396120509,1,skincare,gel douche,True,auto_labeled
0816218026530,1,skincare,sunscreen,True,auto_labeled
3760189190042,2,skincare,savon,True,auto_labeled
6923700934472,1,skincare,essence,True,auto_labeled
8002410009613,2,haircare,shampoo,True,auto_labeled
4036221432302,1,skincare,toning,True,auto_labeled
8710847935961,1,haircare,conditioner,True,auto_labeled
5414635102292,2,makeup,maquillage,True,auto_labeled
4710363803960,2,makeup,makeup remover,True,auto_labeled
3600522356868,2,skincare,serum,True,auto_labeled
8682232500248,1,skincare,savon,True,auto_labeled
3770022269019,2,skincare,savon,True,auto_labeled
3770022038011,2,skincare,gel douche,True,auto_labeled
0071249263907,2,skincare,cleanser,True,auto_labeled
3253581373422,1,skincare,deodorant,True,auto_labeled
8710847949470,1,haircare,shampoo,True,auto_labeled
3605972154842,1,makeup,primer,True,auto_labeled
0098132562954,1,makeup,foundation,True,auto_labeled
4010355473028,2,skincare,serum,True,auto_labeled
7611916001420,3,skincare,deodorant,True,auto_labeled
0187132005209,1,haircare,shampoo,True,auto_labeled
0022400006758,2,haircare,conditioner,True,auto_labeled
3350033678453,1,skincare,gel douche,True,auto_labeled
8717163714355,1,skincare,gel douche,True,auto_labeled
10881105,2,skincare,sheet mask,True,auto_labeled
4809010740038,1,skincare,toner,True,auto_labeled
8717163699249,1,skincare,gel douche,True,auto_labeled
8717163699270,1,skincare,gel douche,True,auto_labeled
59081463,1,skincare,savon,True,auto_labeled
8717163889947,11,skincare,gel douche,True,auto_labeled
6111103001161,1,skincare,savon,True,auto_labeled
8710847951237,1,skincare,gel douche,True,auto_labeled
4897099080930,1,skincare,eye cream,True,auto_labeled
3600541599048,1,haircare,shampoo,True,auto_labeled
3770005872427,1,skincare,gel douche,True,auto_labeled
8717163924167,1,haircare,shampoo,True,auto_labeled
8710447365649,1,haircare,masque cheveux,True,auto_labeled
59081487,1,skincare,savon,True,auto_labeled
12162314055800013,1,skincare,hand cream,True,auto_labeled
3660005761855,2,skincare,gel douche,True,auto_labeled
3700155352920,2,makeup,maquillage,True,auto_labeled
5346474760138,1,makeup,lipstick,True,auto_labeled
15812278,1,skincare,serum,True,auto_labeled
4005900855848,1,skincare,deodorant,True,auto_labeled
0764302204183,1,haircare,conditioner,True,auto_labeled
42419488,1,skincare,deodorant,True,auto_labeled
4800888209603,1,skincare,deodorant,True,auto_labeled
5726512173111,2,haircare,shampoo,True,auto_labeled
8935006101630,1,skincare,face wash,True,auto_labeled
91911298,1,haircare,conditioner,True,auto_labeled
5710404603114,1,haircare,shampoo,True,auto_labeled
0071164304112,2,haircare,shampoo,True,auto_labeled
3660005533902,1,skincare,body lotion,True,auto_labeled
8809386880266,1,skincare,hand cream,True,auto_labeled
3760100183443,2,skincare,gel douche,True,auto_labeled
4007547203037,1,skincare,savon,True,auto_labeled
3263855988399,1,skincare,savon,True,auto_labeled
4058172784989,1,haircare,shampoo,True,auto_labeled
4680012390113,1,skincare,shaving,True,auto_labeled
3700281702774,1,skincare,face wash,True,auto_labeled
8809568743938,1,haircare,shampoo,True,auto_labeled
9000100663410,1,haircare,shampoo,True,auto_labeled
5901887036388,1,skincare,hand cream,True,auto_labeled
6932874125364,2,skincare,essence,True,auto_labeled
3760100682694,3,skincare,lait corps,True,auto_labeled
4001638526708,1,skincare,body butter,True,auto_labeled
8809598453661,1,skincare,cleanser,True,auto_labeled
5060120167620,6,haircare,shampoo,True,auto_labeled
0764302204213,5,haircare,leave-in,True,auto_labeled
7290011521806,1,haircare,shampoo,True,auto_labeled
3600540044921,2,skincare,serum,True,auto_labeled
3600531411152,1,makeup,lipstick,True,auto_labeled
4010355507280,3,skincare,serum,True,auto_labeled
0820645226050,2,haircare,hair oil,True,auto_labeled
8904256002479,2,skincare,body lotion,True,auto_labeled
0602989879747,3,makeup,eyeshadow,True,auto_labeled
0852200005008,1,skincare,face wash,True,auto_labeled
3264680023323,1,skincare,serum,True,auto_labeled
0682353010211,1,makeup,lip liner,True,auto_labeled
4032061211831,1,skincare,body butter,True,auto_labeled
6971710950746,2,skincare,body lotion,True,auto_labeled
3567730300161,1,haircare,shampoo,True,auto_labeled
4792081019762,1,skincare,body lotion,True,auto_labeled
3600523330034,1,skincare,micellar,True,auto_labeled
91158985,2,haircare,shampoo,True,auto_labeled
3596200062117,4,skincare,lait corps,True,auto_labeled
4260365850566,1,skincare,body lotion,True,auto_labeled
6151013000205,5,haircare,hair cream,True,auto_labeled
6412600835083,1,skincare,serum,True,auto_labeled
3474636857845,1,haircare,shampoo,True,auto_labeled
6412600834659,5,makeup,foundation,True,auto_labeled
3661163405865,1,skincare,deodorant,True,auto_labeled
5059605477538,3,haircare,conditioner,True,auto_labeled
7791001009668,2,haircare,shampoo,True,auto_labeled
8714100917541,1,haircare,shampoo,True,auto_labeled
3700593603936,1,skincare,savon,True,auto_labeled
8720354199138,1,skincare,shower gel,True,auto_labeled
4056489424147,2,haircare,shampoo,True,auto_labeled
3612622861333,3,haircare,shampoo,True,auto_labeled
5701058006048,1,skincare,body lotion,True,auto_labeled
8712561036276,2,haircare,shampoo,True,auto_labeled
0877917005295,2,skincare,serum,True,auto_labeled
3355313146530,1,haircare,shampoo,True,auto_labeled
3596200062063,2,skincare,lait corps,True,auto_labeled
4015000718479,1,skincare,deodorant,True,auto_labeled
8710447365724,1,haircare,shampoo,True,auto_labeled
6221155062345,2,haircare,shampoo,True,auto_labeled
7640163065473,1,skincare,liquid soap,True,auto_labeled
5037378010220,2,skincare,cleanser,True,auto_labeled
3614226150356,1,makeup,concealer,True,auto_labeled
3600523902026,2,skincare,serum,True,auto_labeled
8904035417487,2,skincare,lip balm,True,auto_labeled
8906028061196,1,makeup,eyeliner,True,auto_labeled
3010351753064,1,skincare,savon,True,auto_labeled
6264707004578,1,skincare,booster,True,auto_labeled
8718537746453,1,skincare,hand cream,True,auto_labeled
6903072375486,1,makeup,lipstick,True,auto_labeled
6955545460854,2,makeup,blush,True,auto_labeled
4005900098313,2,skincare,body lotion,True,auto_labeled
5998889508432,2,haircare,shampoo,True,auto_labeled
3282770148282,1,haircare,shampoo,True,auto_labeled
8021983812680,2,haircare,shampoo,True,auto_labeled
8710447334621,1,skincare,micellar,True,auto_labeled
5060176675148,2,haircare,shampoo,True,auto_labeled
8057968992214,2,haircare,shampoo,True,auto_labeled
90014128,1,haircare,shampoo,True,auto_labeled
05886409,1,skincare,antiperspirant,True,auto_labeled
0012044389812,1,skincare,deodorant,True,auto_labeled
0037000789307,1,skincare,deodorant,True,auto_labeled
0792850157002,1,skincare,lip balm,True,auto_labeled
6928001839969,1,skincare,essence,True,auto_labeled
0056599671961,1,makeup,makeup remover,True,auto_labeled
3700256376665,1,skincare,booster,True,auto_labeled
0057800814214,1,makeup,nail polish,True,auto_labeled
0884486453358,1,haircare,shampoo,True,auto_labeled
8809547410196,2,skincare,sunscreen,True,auto_labeled
4800888223104,1,skincare,cleanser,True,auto_labeled
4059729192189,3,makeup,loose powder,True,auto_labeled
3600542418775,1,haircare,shampoo,True,auto_labeled
3563210022523,2,haircare,shampoo,True,auto_labeled
8006540498576,3,haircare,conditioner,True,auto_labeled
8006540497067,8,haircare,shampoo,True,auto_labeled
0750007492185,1,skincare,deodorant,True,auto_labeled
8713745109960,2,makeup,eyebrow,True,auto_labeled
3660005919485,1,makeup,fond de teint,True,auto_labeled
0810029313957,3,haircare,conditioner,True,auto_labeled
01217285,2,skincare,deodorant,True,auto_labeled
8809470122043,2,skincare,ampoule,True,auto_labeled
7891033926329,2,makeup,mascara,True,auto_labeled
0022796672001,1,haircare,shampoo,True,auto_labeled
0022796972217,3,haircare,conditioner,True,auto_labeled
3760099591496,1,skincare,savon,True,auto_labeled
8809035140956,1,haircare,hair wax,True,auto_labeled
8717644384329,1,haircare,shampoo,True,auto_labeled
4005900418135,4,skincare,body lotion,True,auto_labeled
0079400017437,1,skincare,deodorant,True,auto_labeled
3468080082007,7,skincare,savon,True,auto_labeled
7613312377468,2,skincare,mousse à raser,True,auto_labeled
4028841133240,2,haircare,shampoo,True,auto_labeled
4041700398406,2,makeup,mascara,True,auto_labeled
3600523329847,3,skincare,micellar,True,auto_labeled
7798177225557,2,skincare,serum,True,auto_labeled
0071164371282,1,haircare,shampoo,True,auto_labeled
0309970107925,4,makeup,foundation,True,auto_labeled
0079400122681,3,skincare,deodorant,True,auto_labeled
5060176671560,1,skincare,deodorant,True,auto_labeled
0065743085417,1,haircare,shampoo,True,auto_labeled
13958830,1,haircare,shampoo,True,auto_labeled
8050046480061,1,haircare,shampoo,True,auto_labeled
0065743085080,4,haircare,shampoo,True,auto_labeled
3600542389204,4,haircare,shampoo,True,auto_labeled
03622612,1,haircare,shampoo,True,auto_labeled
0814655020388,1,skincare,face mask,True,auto_labeled
8432583831382,1,skincare,savon,True,auto_labeled
6052415002012,1,haircare,pomade,True,auto_labeled
4066447110548,1,skincare,body lotion,True,auto_labeled
7702277869658,1,haircare,shampoo,True,auto_labeled
3245678671139,11,skincare,savon,True,auto_labeled
4058172921087,1,haircare,shampoo,True,auto_labeled
4025089075202,1,haircare,shampoo,True,auto_labeled
3605054557707,2,makeup,gloss,True,auto_labeled
3522930003823,2,skincare,gel douche,True,auto_labeled
7501026006609,2,skincare,savon,True,auto_labeled
7506267923791,1,skincare,savon,True,auto_labeled
6001087012768,2,skincare,toner,True,auto_labeled
6971764151083,1,haircare,hair wax,True,auto_labeled
8809738316511,1,skincare,body lotion,True,auto_labeled
4103040392015,1,haircare,shampoo,True,auto_labeled
3600522230953,1,haircare,conditioner,True,auto_labeled
3600520433424,1,haircare,shampoo,True,auto_labeled
8717163924174,1,haircare,shampoo,True,auto_labeled
0061972002362,1,makeup,blush,True,auto_labeled
0052800674875,2,haircare,shampoo,True,auto_labeled
6001087003537,1,haircare,shampoo,True,auto_labeled
60023834,2,skincare,deodorant,True,auto_labeled
4021457619771,1,haircare,shampoo,True,auto_labeled
8720604312447,1,skincare,sheet mask,True,auto_labeled
8022297064253,1,haircare,shampoo,True,auto_labeled
8961014003284,1,haircare,shampoo,True,auto_labeled
3494800017363,1,skincare,body lotion,True,auto_labeled
8690239035168,1,makeup,nail polish,True,auto_labeled
5901887023111,2,skincare,body lotion,True,auto_labeled
3549620008388,1,haircare,shampoo,True,auto_labeled
8717163648667,3,skincare,shower gel,True,auto_labeled
8710908657092,1,skincare,bar soap,True,auto_labeled
11046240,1,skincare,body lotion,True,auto_labeled
4806520632099,1,skincare,cleanser,True,auto_labeled
8690131100490,1,skincare,hand cream,True,auto_labeled
3859892751197,1,skincare,hand cream,True,auto_labeled
3574660527452,1,skincare,body lotion,True,auto_labeled
7898582394128,3,haircare,shampoo,True,auto_labeled
3286010064615,2,haircare,shampoo,True,auto_labeled
3264680023279,2,skincare,nettoyant,True,auto_labeled
5017634005979,1,haircare,conditioner,True,auto_labeled
0058738999394,1,skincare,nettoyant,True,auto_labeled
4010355306494,1,haircare,shampoo,True,auto_labeled
3600522713203,1,haircare,shampoo,True,auto_labeled
4084500910119,1,haircare,shampoo,True,auto_labeled
0022796170514,1,haircare,shampoo,True,auto_labeled
8003510028191,1,haircare,shampoo,True,auto_labeled
20250904,2,haircare,shampoo,True,auto_labeled
5601182015001,2,haircare,shampoo,True,auto_labeled
5011321595200,1,haircare,shampoo,True,auto_labeled
7891150062788,1,haircare,shampoo,True,auto_labeled
0056100020561,1,haircare,shampoo,True,auto_labeled
0883484002476,3,haircare,shampoo,True,auto_labeled
0022400525761,5,haircare,shampoo,True,auto_labeled
7804920018779,1,haircare,shampoo,True,auto_labeled
7501022103173,1,haircare,shampoo,True,auto_labeled
7610067472073,1,haircare,shampoo,True,auto_labeled
3600523597468,1,haircare,shampoo,True,auto_labeled
0079400313416,1,haircare,shampoo,True,auto_labeled
0065743085684,1,haircare,shampoo,True,auto_labeled
8436533671004,1,haircare,shampoo,True,auto_labeled
4902430267724,1,haircare,shampoo,True,auto_labeled
3600542040037,3,haircare,shampoo,True,auto_labeled
0079400470799,1,haircare,shampoo,True,auto_labeled
8719281041313,1,haircare,shampoo,True,auto_labeled
4045612007630,1,haircare,shampoo,True,auto_labeled
0022796940919,1,haircare,shampoo,True,auto_labeled
400246592473000799,1,haircare,shampoo,True,auto_labeled
7709990584561,1,haircare,shampoo,True,auto_labeled
6937854918035,1,haircare,shampoo,True,auto_labeled
7899572810826,1,haircare,shampoo,True,auto_labeled
4800888169693,1,haircare,shampoo,True,auto_labeled
8033331430019,1,haircare,shampoo,True,auto_labeled
0079400478863,2,skincare,body wash,True,auto_labeled
6171575941020,1,haircare,shampoo,True,auto_labeled
9348159000276,1,haircare,shampoo,True,auto_labeled
0671570001645,1,haircare,shampoo,True,auto_labeled
0713708451042,2,haircare,shampoo,True,auto_labeled
4056489586852,1,skincare,shower gel,True,auto_labeled
4056489586845,3,skincare,shower gel,True,auto_labeled
8720143126109,1,skincare,lip balm,True,auto_labeled
0017000046211,2,skincare,face wash,True,auto_labeled
6133630000530,1,skincare,savon,True,auto_labeled
0071249214817,1,makeup,fond de teint,True,auto_labeled
0035000996312,1,skincare,deodorant,True,auto_labeled
4610082710894,1,skincare,hand cream,True,auto_labeled
3245678090480,4,skincare,lait corps,True,auto_labeled
8480000226327,5,skincare,serum,True,auto_labeled
0810020173697,1,skincare,body lotion,True,auto_labeled
8006540438794,1,skincare,micellar,True,auto_labeled
7441115001408,1,haircare,shampoo,True,auto_labeled
22307101,1,skincare,antiperspirant,True,auto_labeled
0829576999873,2,makeup,nail polish,True,auto_labeled
5057566076609,1,makeup,primer,True,auto_labeled
8714100016961,1,skincare,gel douche,True,auto_labeled
3700538600501,1,skincare,savon,True,auto_labeled
7331162255100,1,haircare,shampoo,True,auto_labeled
4005900910226,1,haircare,shampoo,True,auto_labeled
7502260490544,1,haircare,shampoo,True,auto_labeled
5765228835807,5,haircare,shampoo,True,auto_labeled
4008890006429,1,haircare,shampoo,True,auto_labeled
0041220963522,1,skincare,body lotion,True,auto_labeled
5000174149944,1,haircare,shampoo,True,auto_labeled
4250947564226,2,makeup,blush,True,auto_labeled
4005900709394,1,haircare,shampoo,True,auto_labeled
4015100213324,1,haircare,shampoo,True,auto_labeled
5000174244823,1,skincare,antiperspirant,True,auto_labeled
3701154700941,2,skincare,deodorant,True,auto_labeled
4305615808901,1,haircare,shampoo,True,auto_labeled
3770015082007,1,haircare,shampoo,True,auto_labeled
7640163065589,1,haircare,shampoo,True,auto_labeled
8001841590943,1,haircare,shampoo,True,auto_labeled
3600523540730,3,haircare,shampoo,True,auto_labeled
8711661000576,1,makeup,nail polish,True,auto_labeled
0079400716019,1,haircare,shampoo,True,auto_labeled
0079400866608,1,haircare,shampoo,True,auto_labeled
6221155058522,4,haircare,shampoo,True,auto_labeled
0079400649492,1,haircare,shampoo,True,auto_labeled
0022796916792,2,haircare,shampoo,True,auto_labeled
5765228837474,1,haircare,shampoo,True,auto_labeled
2200269415098,1,haircare,shampoo,True,auto_labeled
0022400528434,1,haircare,shampoo,True,auto_labeled
0071164303160,1,haircare,shampoo,True,auto_labeled
0022796180711,1,haircare,shampoo,True,auto_labeled
5201279049669,3,haircare,shampoo,True,auto_labeled
4021457605033,1,haircare,shampoo,True,auto_labeled
7501199418360,1,haircare,shampoo,True,auto_labeled
37510001,1,skincare,body lotion,True,auto_labeled
60203345,1,skincare,cleanser,True,auto_labeled
8720289261115,1,skincare,hand cream,True,auto_labeled
8058664129386,1,skincare,shower gel,True,auto_labeled
8009518324983,1,makeup,lipstick,True,auto_labeled
4305615700984,3,makeup,nail polish,True,auto_labeled
4260602120223,1,haircare,conditioner,True,auto_labeled
8999999549305,1,skincare,serum,True,auto_labeled
8710522495858,1,skincare,gel douche,True,auto_labeled
4015100719130,1,haircare,shampoo,True,auto_labeled
3574661680996,5,skincare,savon,True,auto_labeled
8809738310960,1,skincare,essence,True,auto_labeled
6414505158083,5,skincare,body cream,True,auto_labeled
8058664129126,3,skincare,body lotion,True,auto_labeled
3600542462143,2,haircare,shampoo,True,auto_labeled
4060390602983,1,skincare,hand cream,True,auto_labeled
8002340013230,1,skincare,shaving,True,auto_labeled
0037000680994,5,skincare,deodorant,True,auto_labeled
8436097095537,1,haircare,shampoo,True,auto_labeled
8058647641584,1,haircare,shampoo,True,auto_labeled
8411126066429,1,haircare,shampoo,True,auto_labeled
8906105611962,1,skincare,body lotion,True,auto_labeled
4058172951244,1,makeup,nail polish,True,auto_labeled
3600551100760,1,skincare,lait corps,True,auto_labeled
3298651716945,2,skincare,savon,True,auto_labeled
7898430170423,2,makeup,mascara,True,auto_labeled
4005808232529,1,skincare,body lotion,True,auto_labeled
4005808237487,2,skincare,body lotion,True,auto_labeled
0045929696507,1,skincare,deodorant,True,auto_labeled
8904035417111,1,skincare,sunblock,True,auto_labeled
8006540739136,1,haircare,shampoo,True,auto_labeled
8693495033497,1,skincare,savon,True,auto_labeled
4800888210470,1,skincare,serum,True,auto_labeled
9556126668248,1,skincare,serum,True,auto_labeled
4800888210401,1,skincare,serum,True,auto_labeled
4800888210395,1,skincare,serum,True,auto_labeled
4005808867202,1,skincare,toner,True,auto_labeled
4005800314520,1,skincare,serum,True,auto_labeled
4005900196156,1,skincare,body lotion,True,auto_labeled
9316542120412,1,makeup,primer,True,auto_labeled
3245678159989,3,skincare,nettoyant,True,auto_labeled
3701159001852,1,skincare,savon,True,auto_labeled
3380810205190,1,skincare,cleanser,True,auto_labeled
3245678562215,3,skincare,gel douche,True,auto_labeled
3245678562246,3,skincare,gel douche,True,auto_labeled
3245678562307,2,skincare,gel douche,True,auto_labeled
3245678562338,1,skincare,shower gel,True,auto_labeled
3245678562512,3,skincare,gel douche,True,auto_labeled
4005900209726,1,skincare,lait corps,True,auto_labeled
4005900444554,2,skincare,body lotion,True,auto_labeled
4005900499257,1,skincare,micellar,True,auto_labeled
3061376202983,1,haircare,shampoo,True,auto_labeled
8022297064932,2,haircare,shampoo,True,auto_labeled
4056489234708,2,skincare,body lotion,True,auto_labeled
3245678068014,6,skincare,gel douche,True,auto_labeled
8714100512043,1,haircare,shampoo,True,auto_labeled
3245678033098,2,skincare,gel douche,True,auto_labeled
3245678106518,7,skincare,gel douche,True,auto_labeled
3245678044490,2,skincare,gel douche,True,auto_labeled
3245678075890,3,skincare,gel douche,True,auto_labeled
3245678075883,3,skincare,gel douche,True,auto_labeled
3245678044384,1,skincare,gel douche,True,auto_labeled
3245678044360,2,skincare,gel douche,True,auto_labeled
3245678044469,2,skincare,gel douche,True,auto_labeled
3245678044445,1,skincare,gel douche,True,auto_labeled
3245678044414,2,skincare,gel douche,True,auto_labeled
3245678044377,1,skincare,gel douche,True,auto_labeled
3245678042175,7,skincare,gel douche,True,auto_labeled
3245677725345,5,skincare,gel douche,True,auto_labeled
3245678069202,2,skincare,gel douche,True,auto_labeled
8710522467749,1,skincare,gel douche,True,auto_labeled
3564700743461,7,haircare,shampoo,True,auto_labeled
3140100394344,1,haircare,shampoo,True,auto_labeled
3760162121667,1,haircare,shampoo,True,auto_labeled
3178041351164,2,haircare,shampoo,True,auto_labeled
41508282,1,haircare,shampoo,True,auto_labeled
3178041351188,1,haircare,shampoo,True,auto_labeled
3245677725352,6,skincare,deodorant,True,auto_labeled
3245678622841,2,haircare,laque,True,auto_labeled
3298656600799,1,skincare,savon,True,auto_labeled
3245678671245,1,skincare,savon,True,auto_labeled
3596710514458,2,skincare,savon,True,auto_labeled
3596710520114,1,skincare,savon,True,auto_labeled
3245678042151,1,skincare,savon,True,auto_labeled
3701436910037,1,skincare,savon,True,auto_labeled
3245678671214,2,skincare,savon,True,auto_labeled
6132154700193,1,skincare,savon,True,auto_labeled
3245678671184,2,skincare,savon,True,auto_labeled
3245678671207,10,skincare,savon,True,auto_labeled
3245678075876,1,skincare,shower gel,True,auto_labeled
3245678691496,4,skincare,nettoyant,True,auto_labeled
3245678691489,1,skincare,nettoyant,True,auto_labeled
8436097094134,1,skincare,nettoyant,True,auto_labeled
3245678709085,2,skincare,nettoyant,True,auto_labeled
3222472863427,1,skincare,savon,True,auto_labeled
0712221734328,1,skincare,savon,True,auto_labeled
3010351760123,1,skincare,savon,True,auto_labeled
3564706621169,2,skincare,savon,True,auto_labeled
3660050015408,1,skincare,savon,True,auto_labeled
3489940081169,2,skincare,savon,True,auto_labeled
3010351750421,1,skincare,savon,True,auto_labeled
3770010742067,1,skincare,savon,True,auto_labeled
3700599202744,1,skincare,savon,True,auto_labeled
8710908719615,1,skincare,savon,True,auto_labeled
20168797,4,skincare,savon,True,auto_labeled
5712873282302,1,skincare,shaving,True,auto_labeled
0711381309339,1,skincare,hand soap,True,auto_labeled
3614224874407,1,makeup,vernis à ongles,True,auto_labeled
2100003054517,1,makeup,vernis à ongles,True,auto_labeled
3245678671283,3,skincare,savon,True,auto_labeled
3245678704394,1,skincare,nettoyant,True,auto_labeled
3660005104607,2,skincare,lait corps,True,auto_labeled
7110534393127,1,skincare,savon,True,auto_labeled
8004608242666,1,skincare,serum,True,auto_labeled
8006540097144,1,haircare,conditioner,True,auto_labeled
4058172926204,2,haircare,shampoo,True,auto_labeled
0072151452991,1,skincare,clay mask,True,auto_labeled
5010724526774,2,haircare,shampoo,True,auto_labeled
5010724527375,2,makeup,blush,True,auto_labeled
5010724527498,1,haircare,shampoo,True,auto_labeled
5010724528105,1,haircare,shampoo,True,auto_labeled
5010724532973,1,haircare,shampoo,True,auto_labeled
5010724535950,1,haircare,shampoo,True,auto_labeled
8025272627276,1,makeup,mascara,True,auto_labeled
8901012116913,1,haircare,shampoo,True,auto_labeled
5050456522460,1,skincare,shower gel,True,auto_labeled
4059729287359,1,makeup,foundation,True,auto_labeled
8809851670620,1,skincare,serum,True,auto_labeled
10727946,1,skincare,lip balm,True,auto_labeled
01897166,1,makeup,nail polish,True,auto_labeled
5045091726632,3,skincare,eye cream,True,auto_labeled
93035184,4,skincare,sunscreen,True,auto_labeled
0017000068152,1,skincare,deodorant,True,auto_labeled
5000169618813,1,haircare,shampoo,True,auto_labeled
4063528009708,2,haircare,shampoo,True,auto_labeled
5060453457139,1,skincare,sunscreen,True,auto_labeled
5060144647726,1,skincare,deodorant,True,auto_labeled
5060528326964,1,haircare,shampoo,True,auto_labeled
4005900917829,1,haircare,shampoo,True,auto_labeled
96190807,2,haircare,pomade,True,auto_labeled
6928820029558,1,skincare,micellar,True,auto_labeled
8710198369453,1,skincare,face wash,True,auto_labeled
4260602120872,1,skincare,body wash,True,auto_labeled
4011700435074,1,haircare,shampoo,True,auto_labeled
0877917000214,1,skincare,savon,True,auto_labeled
4025089084914,1,haircare,shampoo,True,auto_labeled
4063528001412,1,haircare,shampoo,True,auto_labeled
8001120704504,1,haircare,shampoo,True,auto_labeled
0859475006075,2,skincare,deodorant,True,auto_labeled
0859475006051,2,skincare,deodorant,True,auto_labeled
5050456522293,1,skincare,shower gel,True,auto_labeled
3327520005054,1,makeup,gloss,True,auto_labeled
2006050164141,1,haircare,shampoo,True,auto_labeled
8901012116944,1,haircare,shampoo,True,auto_labeled
4005900909428,1,haircare,shampoo,True,auto_labeled
7331121404150,1,skincare,hand soap,True,auto_labeled
8008970048703,2,haircare,shampoo,True,auto_labeled
8720181336188,1,skincare,shower gel,True,auto_labeled
3504105028183,1,skincare,nettoyant,True,auto_labeled
4005808369867,1,skincare,lip balm,True,auto_labeled
4005808182589,2,skincare,toner,True,auto_labeled
4005808236879,1,skincare,body lotion,True,auto_labeled
3560071235963,1,skincare,nettoyant,True,auto_labeled
3760254813166,1,skincare,savon,True,auto_labeled
6111224000661,1,skincare,savon,True,auto_labeled
6132123400208,1,skincare,savon,True,auto_labeled
3461640094014,1,skincare,savon,True,auto_labeled
0630500663360,1,skincare,savon,True,auto_labeled
5400141411256,1,skincare,savon,True,auto_labeled
3560071073725,1,skincare,savon,True,auto_labeled
3560071423025,8,haircare,shampoo,True,auto_labeled
3468080081444,3,haircare,shampoo,True,auto_labeled
5012008733007,1,haircare,shampoo,True,auto_labeled
3337875598774,1,skincare,cleanser,True,auto_labeled
8901030943355,1,haircare,conditioner,True,auto_labeled
2004060025063,5,skincare,serum,True,auto_labeled
0033200005469,2,skincare,deodorant,True,auto_labeled
6001067089827,1,haircare,shampoo,True,auto_labeled
4063367263378,1,skincare,body lotion,True,auto_labeled
8901247573277,1,haircare,hair oil,True,auto_labeled
8901247573956,1,skincare,serum,True,auto_labeled
6902395482369,1,makeup,lipstick,True,auto_labeled
8901526592326,1,skincare,face mask,True,auto_labeled
8906118412495,1,skincare,toner,True,auto_labeled
07005800,1,haircare,shampoo,True,auto_labeled
0793596799440,1,skincare,micellar,True,auto_labeled
0079400448002,1,skincare,deodorant,True,auto_labeled
0079400462770,1,haircare,shampoo,True,auto_labeled
0080878189229,1,haircare,shampoo,True,auto_labeled
7319861016888,1,haircare,shampoo,True,auto_labeled
3600541126046,2,skincare,hand cream,True,auto_labeled
0665138000386,1,skincare,savon,True,auto_labeled
6130601006447,1,haircare,shampoo,True,auto_labeled
8961014238150,1,haircare,shampoo,True,auto_labeled
0081555774806,2,makeup,lipstick,True,auto_labeled
8993137685429,1,makeup,foundation,True,auto_labeled
0812154031720,4,skincare,deodorant,True,auto_labeled
0078522090656,4,skincare,deodorant,True,auto_labeled
3600523434596,1,skincare,body wash,True,auto_labeled
3222475427664,2,skincare,lait corps,True,auto_labeled
8710447474419,1,skincare,face wash,True,auto_labeled
4056489329770,2,haircare,shampoo,True,auto_labeled
0381371177301,1,haircare,shampoo,True,auto_labeled
5060144643964,1,haircare,shampoo,True,auto_labeled
0667535863816,1,skincare,body cream,True,auto_labeled
7630028603216,1,skincare,body lotion,True,auto_labeled
03920038,1,skincare,body lotion,True,auto_labeled
0062600062925,1,skincare,body wash,True,auto_labeled
0072140026165,2,skincare,body wash,True,auto_labeled
0022796170811,1,haircare,shampoo,True,auto_labeled
4058172626159,1,haircare,shampoo,True,auto_labeled
0708002400414,1,haircare,shampoo,True,auto_labeled
4015100336825,1,haircare,shampoo,True,auto_labeled
8710908352188,1,haircare,shampoo,True,auto_labeled
50398997,1,haircare,shampoo,True,auto_labeled
4084500019195,6,skincare,deodorant,True,auto_labeled
4084500124165,1,haircare,conditioner,True,auto_labeled
5711914175764,1,makeup,eyeshadow,True,auto_labeled
3614228413442,2,makeup,foundation,True,auto_labeled
5902082552833,1,makeup,bb cream,True,auto_labeled
5902082553267,1,makeup,pressed powder,True,auto_labeled
3616303397173,1,makeup,foundation,True,auto_labeled
4059729308177,1,makeup,foundation,True,auto_labeled
5057566656931,1,makeup,pressed powder,True,auto_labeled
4059729282026,1,makeup,foundation,True,auto_labeled
5056369117175,1,makeup,concealer,True,auto_labeled
3616302990146,1,makeup,foundation,True,auto_labeled
0800897123277,1,makeup,concealer,True,auto_labeled
0800897157210,1,makeup,foundation,True,auto_labeled
0800897157395,1,makeup,foundation,True,auto_labeled
4059729382863,3,skincare,essence,True,auto_labeled
4059729340900,1,skincare,booster,True,auto_labeled
4059729340917,1,skincare,booster,True,auto_labeled
4059729277404,1,makeup,nail polish,True,auto_labeled
4059729195715,1,makeup,nail polish,True,auto_labeled
4059729271808,1,makeup,primer,True,auto_labeled
4059729208675,1,makeup,eyeshadow,True,auto_labeled
4059729233301,1,makeup,lipstick,True,auto_labeled
3616302735617,2,skincare,cleanser,True,auto_labeled
5057566295468,1,skincare,toner,True,auto_labeled
5057566229593,1,makeup,nail polish,True,auto_labeled
5057566509688,1,skincare,eye cream,True,auto_labeled
5057566328814,1,skincare,cleanser,True,auto_labeled
5057566654487,1,makeup,lip gloss,True,auto_labeled
4056489498896,2,skincare,serum,True,auto_labeled
5028197957780,1,skincare,cleanser,True,auto_labeled
5055586605298,2,haircare,shampoo,True,auto_labeled
8901030841439,3,skincare,body lotion,True,auto_labeled
8904330602199,2,haircare,hair wax,True,auto_labeled
0856017000010,1,haircare,shampoo,True,auto_labeled
0302993921820,1,skincare,cleanser,True,auto_labeled
5055402978780,1,makeup,primer,True,auto_labeled
5060242152290,2,skincare,face mask,True,auto_labeled
6914371210576,1,makeup,bronzer,True,auto_labeled
4056489458340,2,skincare,body lotion,True,auto_labeled
0887167616844,2,makeup,lip liner,True,auto_labeled
8699296625923,1,haircare,shampoo,True,auto_labeled
8998866108492,2,makeup,loose powder,True,auto_labeled
8410935055631,1,skincare,cleanser,True,auto_labeled
5045098694521,1,skincare,face mask,True,auto_labeled
5098928123319,1,haircare,shampoo,True,auto_labeled
8717953245434,2,skincare,sunscreen,True,auto_labeled
3600523733088,2,haircare,hair oil,True,auto_labeled
3600523881611,1,skincare,body wash,True,auto_labeled
3600523967834,1,skincare,ampoule,True,auto_labeled
3600522230557,1,haircare,conditioner,True,auto_labeled
3600524025502,1,skincare,serum,True,auto_labeled
3600523582259,1,skincare,deodorant,True,auto_labeled
3600523074228,1,makeup,primer,True,auto_labeled
3600523232529,1,skincare,shower gel,True,auto_labeled
3600520984001,2,makeup,gloss,True,auto_labeled
3600522634133,1,skincare,antiperspirant,True,auto_labeled
3600523557325,3,skincare,serum,True,auto_labeled
3600541970533,1,haircare,shampoo,True,auto_labeled
3600541744516,2,skincare,micellar,True,auto_labeled
3600541887602,1,haircare,shampoo,True,auto_labeled
3600542462150,1,haircare,conditioner,True,auto_labeled
0309977809013,2,makeup,eyeliner,True,auto_labeled
0752830779389,2,skincare,cleanser,True,auto_labeled
3596200062094,3,skincare,lait corps,True,auto_labeled
8718951433083,1,skincare,shower gel,True,auto_labeled
07802782,1,skincare,body cream,True,auto_labeled
8480000790590,1,makeup,bb cream,True,auto_labeled
3433422406834,1,skincare,toner,True,auto_labeled
3538394920217,1,haircare,shampoo,True,auto_labeled
8414227057679,2,skincare,savon,True,auto_labeled
8904035426649,1,skincare,face wash,True,auto_labeled
9310692415145,1,haircare,dandruff,True,auto_labeled
4008233131573,1,skincare,body lotion,True,auto_labeled
8718951389120,1,skincare,body wash,True,auto_labeled
8718951388468,1,skincare,shower gel,True,auto_labeled
8906105615045,1,skincare,body lotion,True,auto_labeled
0717489950015,1,makeup,blush,True,auto_labeled
7896044954989,1,haircare,shampoo,True,auto_labeled
7500435154222,1,haircare,shampoo,True,auto_labeled
7891150050129,1,haircare,shampoo,True,auto_labeled
2200251559212,1,haircare,shampoo,True,auto_labeled
7640127416808,1,haircare,shampoo,True,auto_labeled
8698898444802,1,skincare,shower gel,True,auto_labeled
6001374079306,1,skincare,body cream,True,auto_labeled
6001374079368,2,skincare,body cream,True,auto_labeled
6001374067105,1,skincare,body lotion,True,auto_labeled
6001374079429,1,skincare,body cream,True,auto_labeled
3048841618272,1,skincare,face wash,True,auto_labeled
0192598994271,3,skincare,body lotion,True,auto_labeled
8992304073458,1,skincare,shaving,True,auto_labeled
0022796172204,1,skincare,body wash,True,auto_labeled
4059729371874,1,makeup,primer,True,auto_labeled
3614221187418,1,makeup,rouge à lèvres,True,auto_labeled
3607349610258,1,makeup,rouge à lèvres,True,auto_labeled
8936035203289,1,skincare,clay mask,True,auto_labeled
8017596115485,2,haircare,shampoo,True,auto_labeled
8710908710773,3,skincare,micellar,True,auto_labeled
3606000537194,1,skincare,cleanser,True,auto_labeled
3606000534957,1,skincare,cleanser,True,auto_labeled
3606000554832,2,skincare,sunscreen,True,auto_labeled
3606000577138,1,skincare,cleanser,True,auto_labeled
3606000471146,1,skincare,cleanser,True,auto_labeled
8809301766170,1,skincare,essence,True,auto_labeled
0718334221137,5,skincare,deodorant,True,auto_labeled
6001087362757,1,skincare,body wash,True,auto_labeled
6001087362764,1,skincare,body wash,True,auto_labeled
6001087373784,2,skincare,body lotion,True,auto_labeled
8017596122803,1,skincare,deodorant,True,auto_labeled
4025089079774,2,haircare,shampoo,True,auto_labeled
8710908506321,1,haircare,shampoo,True,auto_labeled
8710447310601,1,skincare,body lotion,True,auto_labeled
3596710510979,3,skincare,nettoyant,True,auto_labeled
5060406143843,1,makeup,foundation,True,auto_labeled
3256228934239,3,haircare,gel coiffant,True,auto_labeled
7896307304780,1,haircare,shampoo,True,auto_labeled
8059602240767,1,haircare,shampoo,True,auto_labeled
8000036024300,2,skincare,deodorant,True,auto_labeled
3251248047655,2,skincare,liquid soap,True,auto_labeled
4005808113460,1,skincare,body lotion,True,auto_labeled
4005808274666,1,skincare,hand cream,True,auto_labeled
4005808369928,1,skincare,lip balm,True,auto_labeled
0094000459166,1,skincare,deodorant,True,auto_labeled
0381371175680,1,haircare,shampoo,True,auto_labeled
7290015714549,1,haircare,shampoo,True,auto_labeled
9551345259789,1,haircare,shampoo,True,auto_labeled
5050136235840,1,skincare,cleanser,True,auto_labeled
0034285250126,1,haircare,shampoo,True,auto_labeled
4058172958816,1,skincare,serum,True,auto_labeled
10299887,1,skincare,deodorant,True,auto_labeled
8480000442918,1,haircare,shampoo,True,auto_labeled
3574661587721,1,skincare,body wash,True,auto_labeled
3245678589694,3,haircare,shampoo,True,auto_labeled
8961014007183,1,haircare,shampoo,True,auto_labeled
3245678612613,1,haircare,gel coiffant,True,auto_labeled
3245678069189,1,skincare,gel douche,True,auto_labeled
3245678044407,1,skincare,gel douche,True,auto_labeled
3245678561799,1,skincare,gel douche,True,auto_labeled
3245678671153,7,skincare,savon,True,auto_labeled
3245678612620,1,haircare,gel coiffant,True,auto_labeled
3245678590287,3,skincare,serum,True,auto_labeled
3245678671276,4,skincare,savon,True,auto_labeled
3245678622834,1,haircare,laque,True,auto_labeled
3245678590294,3,skincare,serum,True,auto_labeled
3245678671146,7,skincare,savon,True,auto_labeled
3245678671221,9,skincare,savon,True,auto_labeled
0850001265515,1,haircare,conditioner,True,auto_labeled
5283022011437,1,makeup,makeup remover,True,auto_labeled
3600523959600,1,skincare,micellar,True,auto_labeled
8906007676984,1,skincare,face wash,True,auto_labeled
3700206705842,1,skincare,savon,True,auto_labeled
0022796976710,5,haircare,conditioner,True,auto_labeled
3600523379545,1,haircare,hairspray,True,auto_labeled
3574660123425,1,skincare,body lotion,True,auto_labeled
8720181022548,1,skincare,body lotion,True,auto_labeled
0072140019433,2,skincare,body lotion,True,auto_labeled
3050000022097,1,skincare,body lotion,True,auto_labeled
0667552223587,2,skincare,body lotion,True,auto_labeled
0724742003708,2,skincare,body lotion,True,auto_labeled
0667557939551,1,skincare,body lotion,True,auto_labeled
4001638096829,1,skincare,body lotion,True,auto_labeled
0072785138131,1,skincare,body lotion,True,auto_labeled
0667553789341,2,skincare,body lotion,True,auto_labeled
4025089085201,1,skincare,body lotion,True,auto_labeled
0654749352007,1,skincare,body lotion,True,auto_labeled
0718334337449,1,skincare,essence,True,auto_labeled
5021320126589,1,skincare,body lotion,True,auto_labeled
5017402018521,1,skincare,body lotion,True,auto_labeled
0010181046803,1,skincare,body lotion,True,auto_labeled
0811068019336,1,skincare,body lotion,True,auto_labeled
8857123700568,1,skincare,body lotion,True,auto_labeled
8714572936866,1,skincare,body lotion,True,auto_labeled
5201720030420,1,skincare,body lotion,True,auto_labeled
6001224249484,1,skincare,body lotion,True,auto_labeled
7290113146600,1,skincare,body lotion,True,auto_labeled
7332531084055,1,skincare,body lotion,True,auto_labeled
0062600234216,1,skincare,body lotion,True,auto_labeled
8809863720054,1,skincare,body lotion,True,auto_labeled
14059506,1,skincare,body lotion,True,auto_labeled
8901248126373,1,skincare,body lotion,True,auto_labeled
0810021200286,1,skincare,body lotion,True,auto_labeled
0811966010923,2,skincare,body lotion,True,auto_labeled
0810333026581,1,skincare,body lotion,True,auto_labeled
0077043236406,1,skincare,body lotion,True,auto_labeled
7702031311218,3,skincare,body lotion,True,auto_labeled
0811068019312,2,skincare,body lotion,True,auto_labeled
0667551169091,1,skincare,body lotion,True,auto_labeled
8710198129248,1,skincare,body lotion,True,auto_labeled
8712561488297,1,haircare,shampoo,True,auto_labeled
8712561488280,1,haircare,shampoo,True,auto_labeled
3610340653827,1,haircare,shampoo,True,auto_labeled
8682232500965,1,haircare,shampoo,True,auto_labeled
0888711875205,1,makeup,eyeshadow,True,auto_labeled
8901030962653,1,haircare,shampoo,True,auto_labeled
5012583200741,1,skincare,deodorant,True,auto_labeled
5012583208785,1,skincare,hand soap,True,auto_labeled
5012583210764,1,haircare,hairspray,True,auto_labeled
0018787920046,1,skincare,lip balm,True,auto_labeled
0773602048717,1,makeup,rouge à lèvres,True,auto_labeled
3245678704400,1,skincare,nettoyant,True,auto_labeled
3245678704431,1,skincare,nettoyant,True,auto_labeled
3596710525690,3,skincare,shower gel,True,auto_labeled
3596710516872,1,skincare,savon,True,auto_labeled
3596710516896,1,skincare,savon,True,auto_labeled
3596710516889,1,skincare,savon,True,auto_labeled
3245678612583,1,haircare,gel coiffant,True,auto_labeled
3596710497553,7,skincare,savon,True,auto_labeled
4005900917744,1,haircare,shampoo,True,auto_labeled
8719189451184,1,skincare,body lotion,True,auto_labeled
0309976414508,1,makeup,lipstick,True,auto_labeled
5901887053507,1,skincare,shower gel,True,auto_labeled
3770026747056,1,skincare,gel douche,True,auto_labeled
3760194652948,1,skincare,gel douche,True,auto_labeled
5037156227376,1,haircare,shampoo,True,auto_labeled
9321299301007,1,skincare,sunscreen,True,auto_labeled
5902730835400,1,skincare,shower gel,True,auto_labeled
0079400189455,5,haircare,shampoo,True,auto_labeled
0041388000466,2,skincare,lip balm,True,auto_labeled
0070501060902,2,skincare,cleanser,True,auto_labeled
3600542371957,1,haircare,shampoo,True,auto_labeled
3600542289757,1,haircare,shampoo,True,auto_labeled
5011451104020,1,skincare,face wash,True,auto_labeled
8901644000147,1,haircare,shampoo,True,auto_labeled
3760209542530,1,skincare,lait corps,True,auto_labeled
8901030704307,1,haircare,shampoo,True,auto_labeled
7899706244107,1,haircare,shampoo,True,auto_labeled
8993137699549,1,skincare,clay mask,True,auto_labeled
4010355411266,2,makeup,gloss,True,auto_labeled
8809057518474,1,skincare,serum,True,auto_labeled
4006000048765,1,skincare,deodorant,True,auto_labeled
5028197850821,1,skincare,body butter,True,auto_labeled
5028197749170,1,skincare,body butter,True,auto_labeled
5028197590000,1,skincare,body butter,True,auto_labeled
5012254061190,2,haircare,shampoo,True,auto_labeled
3178041343619,2,haircare,shampoo,True,auto_labeled
4260198093703,1,skincare,lip balm,True,auto_labeled
8717163762011,1,skincare,body wash,True,auto_labeled
3600542430722,1,haircare,leave-in,True,auto_labeled
4800888210418,1,skincare,serum,True,auto_labeled
0079400588531,1,haircare,shampoo,True,auto_labeled
8999999025427,1,haircare,dandruff,True,auto_labeled
3600542137294,1,skincare,micellar,True,auto_labeled
3574661604732,2,skincare,body lotion,True,auto_labeled
5060391846743,1,skincare,serum,True,auto_labeled
0012044039847,2,skincare,deodorant,True,auto_labeled
3600522496038,1,haircare,shampoo,True,auto_labeled
8006540662335,1,haircare,hair mask,True,auto_labeled
3600541116382,1,makeup,bb cream,True,auto_labeled
3600542461429,1,haircare,shampoo,True,auto_labeled
3600524055332,1,haircare,conditioner,True,auto_labeled
8718114627007,1,haircare,conditioner,True,auto_labeled
8901030902628,1,haircare,shampoo,True,auto_labeled
8901030794599,1,haircare,shampoo,True,auto_labeled
8001090895981,1,haircare,shampoo,True,auto_labeled
8901277013125,1,haircare,shampoo,True,auto_labeled
4806515163737,1,skincare,deodorant,True,auto_labeled
4809010508898,1,skincare,deodorant,True,auto_labeled
3600551100722,6,skincare,lait corps,True,auto_labeled
20014261,1,haircare,shampoo,True,auto_labeled
8858994418385,1,makeup,eyeliner,True,auto_labeled
8710447224342,2,haircare,shampoo,True,auto_labeled
8710447304044,2,haircare,conditioner,True,auto_labeled
8435102552881,1,makeup,nail polish,True,auto_labeled
8435102551686,1,makeup,nail polish,True,auto_labeled
8710908769085,1,skincare,body lotion,True,auto_labeled
8858994430288,1,makeup,mascara,True,auto_labeled
0735745796221,1,skincare,gel douche,True,auto_labeled
0735745796207,1,skincare,gel douche,True,auto_labeled
0056719905044,1,skincare,savon,True,auto_labeled
3596710524112,4,skincare,masque visage,True,auto_labeled
3596710524105,10,skincare,serum,True,auto_labeled
3596710524150,9,skincare,serum,True,auto_labeled
7798111210762,1,skincare,serum,True,auto_labeled
7798111211226,1,skincare,serum,True,auto_labeled
0797715211134,1,skincare,serum,True,auto_labeled
4015100336702,1,haircare,shampoo,True,auto_labeled
7798216220390,1,skincare,serum,True,auto_labeled
4001638080040,1,skincare,serum,True,auto_labeled
6009695583847,1,skincare,body wash,True,auto_labeled
4743318139630,1,skincare,serum,True,auto_labeled
4743318140438,1,skincare,serum,True,auto_labeled
4743318148083,1,makeup,mascara,True,auto_labeled
8901138508159,1,skincare,body lotion,True,auto_labeled
7790740000332,1,haircare,shampoo,True,auto_labeled
4800888169709,3,haircare,shampoo,True,auto_labeled
0840821181942,2,haircare,shampoo,True,auto_labeled
4066447410822,1,haircare,shampoo,True,auto_labeled
3600523682768,1,haircare,shampoo,True,auto_labeled
8710908657979,1,haircare,shampoo,True,auto_labeled
4063367117251,1,haircare,shampoo,True,auto_labeled
3282779384117,1,haircare,shampoo,True,auto_labeled
0810333028660,1,haircare,shampoo,True,auto_labeled
3574661474915,1,haircare,shampoo,True,auto_labeled
4021457647620,1,haircare,shampoo,True,auto_labeled
4021457646586,1,makeup,eyebrow,True,auto_labeled
3574661596105,1,haircare,shampoo,True,auto_labeled
3574661561905,2,skincare,gel douche,True,auto_labeled
5998889516093,1,haircare,shampoo,True,auto_labeled
6009679063617,1,haircare,shampoo,True,auto_labeled
8470001638151,1,skincare,sunscreen,True,auto_labeled
3560071444112,1,skincare,gel douche,True,auto_labeled
3614222915744,1,makeup,bb cream,True,auto_labeled
9555250007312,1,makeup,foundation,True,auto_labeled
3701436908348,2,skincare,nettoyant,True,auto_labeled
0070330364370,1,makeup,highlighter,True,auto_labeled
0381371157648,1,skincare,face wash,True,auto_labeled
0079400244079,1,skincare,deodorant,True,auto_labeled
0022796972200,3,haircare,shampoo,True,auto_labeled
0011111014145,2,skincare,body wash,True,auto_labeled
0079400312792,3,haircare,conditioner,True,auto_labeled
0011111016538,3,skincare,face wash,True,auto_labeled
8961014248890,1,skincare,face wash,True,auto_labeled
8718951377103,1,haircare,shampoo,True,auto_labeled
8718951377073,1,haircare,shampoo,True,auto_labeled
3606000559950,1,skincare,cleanser,True,auto_labeled
4005800151514,1,skincare,shaving,True,auto_labeled
4063528071545,2,haircare,shampoo,True,auto_labeled
20179007,1,skincare,hand cream,True,auto_labeled
5060144648754,1,haircare,shampoo,True,auto_labeled
5060144646224,1,skincare,shower gel,True,auto_labeled
5060144647733,1,skincare,deodorant,True,auto_labeled
5060144644008,1,skincare,face wash,True,auto_labeled
5060144646217,1,skincare,shower gel,True,auto_labeled
5060144642240,1,skincare,face wash,True,auto_labeled
8852788061467,1,skincare,hand cream,True,auto_labeled
7613379432858,1,haircare,shampoo,True,auto_labeled
8906005274106,2,skincare,cleanser,True,auto_labeled
3700194708573,1,haircare,shampoo,True,auto_labeled
8886467020124,4,skincare,body cream,True,auto_labeled
3616826026086,2,skincare,creme mains,True,auto_labeled
3596710516971,4,skincare,gel douche,True,auto_labeled
3596710516964,9,skincare,gel douche,True,auto_labeled
3596710516940,1,skincare,gel douche,True,auto_labeled
3596710517015,4,skincare,gel douche,True,auto_labeled
3596710516926,5,skincare,gel douche,True,auto_labeled
3596710517039,6,skincare,shower gel,True,auto_labeled
3596710517008,1,skincare,gel douche,True,auto_labeled
3596710517046,5,skincare,gel douche,True,auto_labeled
3596710516995,5,skincare,gel douche,True,auto_labeled
3596710517183,10,haircare,shampoo,True,auto_labeled
3596710517213,4,skincare,gel douche,True,auto_labeled
3596710517190,4,skincare,gel douche,True,auto_labeled
3596710517220,5,skincare,shower gel,True,auto_labeled
3596710517343,8,skincare,gel douche,True,auto_labeled
3337875787222,1,haircare,shampoo,True,auto_labeled
3770005798031,3,skincare,savon,True,auto_labeled
6920523508026,1,makeup,eyebrow,True,auto_labeled
8830000025466,1,makeup,mascara,True,auto_labeled
8858910617441,1,makeup,mascara,True,auto_labeled
8830000024230,1,makeup,eyebrow,True,auto_labeled
8433295062576,1,skincare,serum,True,auto_labeled
4001638502481,1,skincare,serum,True,auto_labeled
5903991430854,1,skincare,serum,True,auto_labeled
8904263800105,1,skincare,lip balm,True,auto_labeled
3450601036552,3,skincare,lait corps,True,auto_labeled
0840797157613,1,skincare,deodorant,True,auto_labeled
4005900370983,1,skincare,deodorant,True,auto_labeled
4311501666203,1,skincare,deodorant,True,auto_labeled
0035000968425,1,skincare,deodorant,True,auto_labeled
8720181292118,1,skincare,deodorant,True,auto_labeled
96137130,1,skincare,deodorant,True,auto_labeled
4058172453687,1,skincare,deodorant,True,auto_labeled
8720181192043,1,skincare,deodorant,True,auto_labeled
87342512,1,skincare,deodorant,True,auto_labeled
8710847909542,1,skincare,deodorant,True,auto_labeled
3607343211413,3,skincare,deodorant,True,auto_labeled
0079400433879,2,skincare,deodorant,True,auto_labeled
96009598,1,skincare,deodorant,True,auto_labeled
0023400076864,1,skincare,deodorant,True,auto_labeled
0856650006172,1,skincare,deodorant,True,auto_labeled
0812154032130,1,skincare,deodorant,True,auto_labeled
5012008667203,1,skincare,deodorant,True,auto_labeled
42348634,1,skincare,deodorant,True,auto_labeled
18863341,1,skincare,deodorant,True,auto_labeled
0731177812102,1,skincare,deodorant,True,auto_labeled
0196566140004,1,skincare,deodorant,True,auto_labeled
0017000211299,1,skincare,deodorant,True,auto_labeled
06112714,1,skincare,deodorant,True,auto_labeled
0850696008923,1,skincare,deodorant,True,auto_labeled
0077326665251,1,skincare,deodorant,True,auto_labeled
8717163640937,1,skincare,deodorant,True,auto_labeled
05877100,1,skincare,deodorant,True,auto_labeled
50574483,1,skincare,deodorant,True,auto_labeled
5205962004096,1,skincare,deodorant,True,auto_labeled
0079400013439,1,skincare,deodorant,True,auto_labeled
0079400451743,1,skincare,deodorant,True,auto_labeled
0309975122299,1,skincare,deodorant,True,auto_labeled
0079400013422,1,skincare,deodorant,True,auto_labeled
0309975122091,1,skincare,deodorant,True,auto_labeled
0079400026743,1,skincare,deodorant,True,auto_labeled
0079400507402,2,skincare,deodorant,True,auto_labeled
0813424021168,1,skincare,deodorant,True,auto_labeled
0079400725080,1,haircare,shampoo,True,auto_labeled
0071249665671,1,haircare,shampoo,True,auto_labeled
0071249666203,1,haircare,shampoo,True,auto_labeled
0079400118028,1,skincare,deodorant,True,auto_labeled
3600524075712,1,skincare,serum,True,auto_labeled
3600530746507,1,makeup,foundation,True,auto_labeled
3600542227360,2,skincare,deodorant,True,auto_labeled
3600542050579,1,skincare,toner,True,auto_labeled
3600531401870,1,makeup,foundation,True,auto_labeled
3600542359146,2,haircare,hair mask,True,auto_labeled
3600542231572,1,haircare,hair mask,True,auto_labeled
3600542133487,1,haircare,conditioner,True,auto_labeled
3600542133678,1,haircare,conditioner,True,auto_labeled
3600542326698,2,skincare,micellar,True,auto_labeled
3600542342650,1,haircare,conditioner,True,auto_labeled
8720181336034,1,skincare,shower gel,True,auto_labeled
3662217006182,1,skincare,masque visage,True,auto_labeled
8712561405737,1,haircare,shampoo,True,auto_labeled
4056489688082,1,haircare,shampoo,True,auto_labeled
6291060704067,1,haircare,hair oil,True,auto_labeled
3350900001360,1,makeup,mascara,True,auto_labeled
3770011315048,2,skincare,booster,True,auto_labeled
3263855630397,3,haircare,shampoo,True,auto_labeled
3401329447748,1,skincare,essence,True,auto_labeled
4066447376715,1,haircare,hairspray,True,auto_labeled
4066447241198,2,haircare,hair oil,True,auto_labeled
5410091727734,1,skincare,shower gel,True,auto_labeled
3284410031077,1,haircare,shampoo,True,auto_labeled
0792850025004,1,skincare,lip balm,True,auto_labeled
0099482503178,3,haircare,shampoo,True,auto_labeled
0071249406922,5,haircare,conditioner,True,auto_labeled
3564700718469,2,haircare,shampoo,True,auto_labeled
2099970145833,3,haircare,shampoo,True,auto_labeled
3600542527118,3,haircare,shampoo,True,auto_labeled
3549169165382,1,skincare,savon,True,auto_labeled
5391510478737,1,skincare,cleanser,True,auto_labeled
3178041360951,1,haircare,shampoo,True,auto_labeled
3474630620926,1,haircare,shampoo,True,auto_labeled
3616302498567,1,skincare,shower gel,True,auto_labeled
8032274060734,1,haircare,shampoo,True,auto_labeled
3474637103545,1,haircare,conditioner,True,auto_labeled
3474637103576,1,haircare,shampoo,True,auto_labeled
8719033561571,1,skincare,hand soap,True,auto_labeled
4005900679178,1,skincare,deodorant,True,auto_labeled
8032274060871,2,haircare,pomade,True,auto_labeled
96081754,1,skincare,deodorant,True,auto_labeled
3600542011044,1,skincare,micellar,True,auto_labeled
3760100683097,1,haircare,masque cheveux,True,auto_labeled
4043662190166,1,skincare,serum,True,auto_labeled
8006540422083,1,skincare,essence,True,auto_labeled
80000000256654,1,skincare,sheet mask,True,auto_labeled
0071164301111,1,haircare,shampoo,True,auto_labeled
3760162122114,1,skincare,gel douche,True,auto_labeled
3283950924344,1,haircare,shampoo,True,auto_labeled
3337875829007,6,skincare,serum,True,auto_labeled
4005900917706,1,haircare,shampoo,True,auto_labeled
4005808247431,1,skincare,body lotion,True,auto_labeled
4005808588701,1,skincare,shaving,True,auto_labeled
4005808685844,1,skincare,body cream,True,auto_labeled
4005808713059,1,skincare,body lotion,True,auto_labeled
4005808713257,1,skincare,serum,True,auto_labeled
4005808776269,1,skincare,body lotion,True,auto_labeled
8720181157110,3,skincare,serum,True,auto_labeled
4001499943973,1,skincare,shower gel,True,auto_labeled
4005900022639,1,skincare,body lotion,True,auto_labeled
6001051003129,1,skincare,body lotion,True,auto_labeled
4005900378187,1,skincare,body cream,True,auto_labeled
4005900629937,1,skincare,body lotion,True,auto_labeled
4005900929044,1,skincare,serum,True,auto_labeled
42439233,1,skincare,antiperspirant,True,auto_labeled
42299837,2,skincare,deodorant,True,auto_labeled
0059323082101,2,skincare,hand cream,True,auto_labeled
2000228623058,1,skincare,hand cream,True,auto_labeled
0460006013037,1,skincare,body cream,True,auto_labeled
0840044700319,1,skincare,hand cream,True,auto_labeled
0070501194928,1,skincare,cleanser,True,auto_labeled
3574661199894,1,skincare,hand cream,True,auto_labeled
3574661288345,1,skincare,cleanser,True,auto_labeled
3574661292014,1,skincare,cleanser,True,auto_labeled
0070501051054,2,makeup,makeup remover,True,auto_labeled
9311679293268,1,skincare,lip balm,True,auto_labeled
5060391841410,1,skincare,lip balm,True,auto_labeled
0190430023998,1,skincare,lip balm,True,auto_labeled
0792850140998,3,skincare,lip balm,True,auto_labeled
8588006036978,2,skincare,lip balm,True,auto_labeled
0725364630464,1,skincare,lip balm,True,auto_labeled
0857866007151,1,skincare,lip balm,True,auto_labeled
3517360019711,2,skincare,lait corps,True,auto_labeled
3700599202041,1,skincare,savon,True,auto_labeled
8006540446485,1,skincare,serum,True,auto_labeled
0009531112855,1,skincare,serum,True,auto_labeled
0011111125186,1,skincare,body wash,True,auto_labeled
0019962085215,1,skincare,deodorant,True,auto_labeled
0022400393681,1,haircare,shampoo,True,auto_labeled
0022796936110,1,haircare,shampoo,True,auto_labeled
0037000733331,1,haircare,shampoo,True,auto_labeled
0037000748366,1,skincare,savon,True,auto_labeled
0037000878100,1,skincare,savon,True,auto_labeled
0037836092787,1,skincare,hand cream,True,auto_labeled
0041260010781,1,makeup,nail polish,True,auto_labeled
0054402510537,2,skincare,sunscreen,True,auto_labeled
0055086002516,1,skincare,bar soap,True,auto_labeled
0055451001021,2,haircare,shampoo,True,auto_labeled
00590471,1,skincare,body wash,True,auto_labeled
0065743322048,1,haircare,shampoo,True,auto_labeled
0070018112620,2,haircare,shampoo,True,auto_labeled
0072151169523,1,skincare,toning,True,auto_labeled
0075724251991,2,haircare,shampoo,True,auto_labeled
0079400052483,2,haircare,shampoo,True,auto_labeled
0079400588524,1,haircare,shampoo,True,auto_labeled
0079400599384,1,skincare,antiperspirant,True,auto_labeled
0079400720115,1,haircare,conditioner,True,auto_labeled
0080878040315,1,haircare,shampoo,True,auto_labeled
01277528,1,haircare,shampoo,True,auto_labeled
01627787,2,haircare,conditioner,True,auto_labeled
0190679000064,1,skincare,essence,True,auto_labeled
0190679004772,1,haircare,conditioner,True,auto_labeled
0190679004956,1,haircare,shampoo,True,auto_labeled
0381370036579,2,skincare,hand cream,True,auto_labeled
0381371161362,1,skincare,cleanser,True,auto_labeled
0381519186462,1,haircare,shampoo,True,auto_labeled
04467052,1,haircare,hair gel,True,auto_labeled
0603084491865,1,haircare,shampoo,True,auto_labeled
0603084547456,1,haircare,shampoo,True,auto_labeled
0615908427004,1,haircare,shampoo,True,auto_labeled
0667542532217,1,skincare,body lotion,True,auto_labeled
0667549315554,1,skincare,shower gel,True,auto_labeled
0667549315578,1,skincare,body cream,True,auto_labeled
0667552822094,1,skincare,hand cream,True,auto_labeled
0681131050937,1,skincare,body wash,True,auto_labeled
0685428010697,1,haircare,hair gel,True,auto_labeled
0708783603622,1,skincare,savon,True,auto_labeled
0717897059515,2,makeup,eye shadow,True,auto_labeled
0752754015242,1,skincare,mousse a raser,True,auto_labeled
0792850155008,1,skincare,lip balm,True,auto_labeled
0800897835439,2,makeup,blush,True,auto_labeled
0808124700468,2,skincare,hand soap,True,auto_labeled
0811068015994,1,skincare,body lotion,True,auto_labeled
0812729005019,1,haircare,shampoo,True,auto_labeled
0814513023865,1,haircare,conditioner,True,auto_labeled
0817939005187,2,skincare,hand soap,True,auto_labeled
08137395,1,haircare,conditioner,True,auto_labeled
0820645226067,2,haircare,shampoo,True,auto_labeled
0827553100052,1,skincare,hand cream,True,auto_labeled
0832630000057,1,skincare,nettoyant,True,auto_labeled
0850426006083,3,haircare,shampoo,True,auto_labeled
0878639000117,1,skincare,bar soap,True,auto_labeled
0883484333532,1,haircare,shampoo,True,auto_labeled
0884486225672,1,haircare,shampoo,True,auto_labeled
0884486331199,1,skincare,face wash,True,auto_labeled
0895697002075,1,skincare,hand soap,True,auto_labeled
0895697004833,1,skincare,body cream,True,auto_labeled
09497696,1,haircare,shampoo,True,auto_labeled
13436094,1,skincare,hand soap,True,auto_labeled
29023172,1,haircare,shampoo,True,auto_labeled
3140100251203,1,haircare,shampoo,True,auto_labeled
3140100355628,1,haircare,shampoo,True,auto_labeled
3140100405101,1,skincare,gel douche,True,auto_labeled
3222477321557,1,skincare,savon,True,auto_labeled
3250391571673,2,skincare,lait corps,True,auto_labeled
3323030000619,1,makeup,mascara,True,auto_labeled
3337875583657,1,skincare,serum,True,auto_labeled
3346029200296,1,skincare,savon,True,auto_labeled
3466762418915,1,skincare,serum,True,auto_labeled
3529311212201,1,skincare,nettoyant,True,auto_labeled
3538396131406,2,skincare,gel douche,True,auto_labeled
3538396150506,2,haircare,shampoo,True,auto_labeled
3560071014841,1,skincare,gel douche,True,auto_labeled
3574661549699,1,skincare,gel douche,True,auto_labeled
3600523823680,1,haircare,shampoo,True,auto_labeled
3600541938519,1,skincare,micellar,True,auto_labeled
3600542048699,1,skincare,cleanser,True,auto_labeled
3600542298346,1,makeup,bronzer,True,auto_labeled
3600551103693,3,haircare,shampoo,True,auto_labeled
3607349316723,1,makeup,eyeliner,True,auto_labeled
3614222812982,1,skincare,shower gel,True,auto_labeled
3661985083357,1,skincare,savon,True,auto_labeled
3760026040110,1,skincare,savon,True,auto_labeled
3760269130074,1,skincare,savon,True,auto_labeled
3760311950704,1,skincare,gel douche,True,auto_labeled
3770003173021,1,skincare,nettoyant,True,auto_labeled
4001638501989,1,skincare,lip balm,True,auto_labeled
4002554155324,1,makeup,eyeliner,True,auto_labeled
4005808700110,1,skincare,face mask,True,auto_labeled
4005900510006,1,skincare,deodorant,True,auto_labeled
4005900645814,2,skincare,hand cream,True,auto_labeled
4008666218384,2,haircare,shampoo,True,auto_labeled
4010355306456,1,haircare,shampoo,True,auto_labeled
4025089071143,1,makeup,eyeliner,True,auto_labeled
4744183010222,1,skincare,hand cream,True,auto_labeled
5012583206897,1,skincare,booster,True,auto_labeled
5060082259197,1,skincare,hand cream,True,auto_labeled
5060120165282,1,haircare,shampoo,True,auto_labeled
5060176671140,1,haircare,conditioner,True,auto_labeled
5280134963012,1,skincare,body wash,True,auto_labeled
5601227036954,1,haircare,shampoo,True,auto_labeled
5765228836149,1,haircare,hair oil,True,auto_labeled
5765228837443,1,haircare,shampoo,True,auto_labeled
6001051003723,1,skincare,body lotion,True,auto_labeled
6281006422100,3,haircare,shampoo,True,auto_labeled
7500435158015,2,haircare,shampoo,True,auto_labeled
7506306311145,1,haircare,shampoo,True,auto_labeled
7506339351316,1,haircare,shampoo,True,auto_labeled
7702111506893,1,haircare,shampoo,True,auto_labeled
7703582386618,1,haircare,shampoo,True,auto_labeled
7891150042261,1,haircare,shampoo,True,auto_labeled
8001841289007,1,haircare,shampoo,True,auto_labeled
8001841501871,1,skincare,essence,True,auto_labeled
8436576506615,1,skincare,face mask,True,auto_labeled
8480000442536,1,haircare,shampoo,True,auto_labeled
8480017096258,1,haircare,shampoo,True,auto_labeled
8480017166487,1,haircare,shampoo,True,auto_labeled
8690131106591,1,haircare,shampoo,True,auto_labeled
8696630139306,1,makeup,mascara,True,auto_labeled
8712561315975,2,skincare,deodorant,True,auto_labeled
8712561484398,5,skincare,body lotion,True,auto_labeled
8714100016800,1,skincare,gel douche,True,auto_labeled
8718692103955,1,skincare,toner,True,auto_labeled
8719179478221,2,makeup,eyeshadow,True,auto_labeled
8720254337098,1,haircare,shampoo,True,auto_labeled
8806179484687,1,makeup,blush,True,auto_labeled
8809581079946,1,skincare,cleanser,True,auto_labeled
8906064450206,1,haircare,shampoo,True,auto_labeled
9421008705604,1,skincare,deodorant,True,auto_labeled
8718375522622,1,skincare,serum,True,auto_labeled
11214991,1,skincare,savon,True,auto_labeled
4005808817405,2,skincare,shaving,True,auto_labeled
4005808817726,3,skincare,shaving,True,auto_labeled
4005808836178,2,skincare,face wash,True,auto_labeled
30049086,2,haircare,shampoo,True,auto_labeled
3700601100631,5,skincare,savon,True,auto_labeled
8436556086366,1,haircare,shampoo,True,auto_labeled
3600542376297,1,haircare,shampoo,True,auto_labeled
5410076896301,2,skincare,essence,True,auto_labeled
5410076230280,1,haircare,shampoo,True,auto_labeled
4005900447258,1,skincare,body oil,True,auto_labeled
4005900909466,1,haircare,shampoo,True,auto_labeled
4005900818119,2,skincare,face wash,True,auto_labeled
8001841768946,1,skincare,essence,True,auto_labeled
8001841659510,1,haircare,hair mask,True,auto_labeled
8001090326430,1,skincare,essence,True,auto_labeled
3245678044483,5,skincare,gel douche,True,auto_labeled
3245678599662,3,skincare,nettoyant,True,auto_labeled
3596710497454,2,skincare,savon,True,auto_labeled
8902979025843,1,haircare,shampoo,True,auto_labeled
8720289265953,1,makeup,maquillage,True,auto_labeled
8719668004740,1,makeup,maquillage,True,auto_labeled
3770036159047,2,skincare,serum,True,auto_labeled
8025272646741,1,makeup,mascara,True,auto_labeled
8025272980937,1,makeup,mascara,True,auto_labeled
7908132208437,1,haircare,shampoo,True,auto_labeled
3700601100891,3,skincare,savon,True,auto_labeled
0810425035958,3,skincare,body lotion,True,auto_labeled
0005900088413,1,skincare,deodorant,True,auto_labeled
00004054,1,skincare,savon,True,auto_labeled
0001000000410,1,skincare,body wash,True,auto_labeled
0011131399802,1,haircare,shampoo,True,auto_labeled
0001234567891,3,skincare,nettoyant,True,auto_labeled
00013199,2,haircare,shampoo,True,auto_labeled
0020714258511,1,skincare,cleansing oil,True,auto_labeled
0020714821234,1,skincare,cleansing balm,True,auto_labeled
0020714900267,1,skincare,cleanser,True,auto_labeled
0002203099321,1,haircare,shampoo,True,auto_labeled
02624236,1,skincare,savon,True,auto_labeled
0000306010102,2,haircare,shampoo,True,auto_labeled
0000308010101,6,skincare,body wash,True,auto_labeled
0003082112210,1,haircare,shampoo,True,auto_labeled
0030985004571,1,skincare,cleanser,True,auto_labeled
0030985004618,1,skincare,cleanser,True,auto_labeled
0030985004816,1,skincare,cleanser,True,auto_labeled
0041507070516,1,skincare,cleanser,True,auto_labeled
00443261,1,skincare,cleanser,True,auto_labeled
00528783,2,haircare,shampoo,True,auto_labeled
06244810,1,skincare,savon,True,auto_labeled
0628915642916,1,haircare,shampoo,True,auto_labeled
0070501061626,1,makeup,cleansing wipe,True,auto_labeled
0070501112601,1,skincare,cleanser,True,auto_labeled
0070501112618,1,skincare,cleanser,True,auto_labeled
0070501112625,1,skincare,cleanser,True,auto_labeled
0070501872956,1,skincare,cleanser,True,auto_labeled
0070501872963,1,skincare,cleanser,True,auto_labeled
0007124935553,1,skincare,clay mask,True,auto_labeled
00746140,4,skincare,gel douche,True,auto_labeled
0079400351746,1,skincare,deodorant,True,auto_labeled
0007940060068,1,skincare,deodorant,True,auto_labeled
0098132574032,1,skincare,cleanser,True,auto_labeled
0098132583539,1,skincare,cleansing oil,True,auto_labeled
0098132589357,1,skincare,cleanser,True,auto_labeled
4059729407870,1,makeup,gloss,True,auto_labeled
4305615861937,2,skincare,serum,True,auto_labeled
4005900038005,1,skincare,body lotion,True,auto_labeled
8595717708520,1,skincare,deodorant,True,auto_labeled
3256228115218,4,skincare,deodorant,True,auto_labeled
8436097095124,1,skincare,deodorant,True,auto_labeled
0000113391625,1,skincare,deodorant,True,auto_labeled
8717644012208,3,skincare,deodorant,True,auto_labeled
0812154030181,1,skincare,deodorant,True,auto_labeled
96032435,1,skincare,deodorant,True,auto_labeled
8717163994252,1,skincare,deodorant,True,auto_labeled
71833347,1,skincare,essence,True,auto_labeled
3450270016510,1,skincare,masque visage,True,auto_labeled
8700216200653,1,haircare,hair mask,True,auto_labeled
5607047016176,4,makeup,mascara,True,auto_labeled
4056489329725,1,skincare,shower gel,True,auto_labeled
8436097095735,4,skincare,gel douche,True,auto_labeled
3600524012601,3,skincare,serum,True,auto_labeled
8717163430026,1,skincare,gel douche,True,auto_labeled
8718114216478,1,skincare,antiperspirant,True,auto_labeled
6281006444270,1,haircare,conditioner,True,auto_labeled
8717163710234,1,skincare,body wash,True,auto_labeled
8710847929052,1,skincare,body wash,True,auto_labeled
8717644682944,2,skincare,body wash,True,auto_labeled
8715342045207,1,skincare,face mask,True,auto_labeled
8851932285476,1,skincare,body lotion,True,auto_labeled
7509552931143,1,makeup,gloss,True,auto_labeled
3600551055022,2,skincare,nettoyant,True,auto_labeled
3600551017914,1,skincare,savon,True,auto_labeled
3600551101224,2,skincare,lait corps,True,auto_labeled
3600551100784,1,skincare,lait corps,True,auto_labeled
4066447239515,1,skincare,shower gel,True,auto_labeled
0381371151035,4,skincare,body lotion,True,auto_labeled
0381371023905,3,haircare,shampoo,True,auto_labeled
8901030753992,1,skincare,body wash,True,auto_labeled
8904256009812,1,skincare,body lotion,True,auto_labeled
8901138509217,1,skincare,face wash,True,auto_labeled
8904256010139,1,skincare,body lotion,True,auto_labeled
8904417305258,1,skincare,sunscreen,True,auto_labeled
8901088200073,1,skincare,serum,True,auto_labeled
8901088051613,3,skincare,body lotion,True,auto_labeled
3600523351244,1,makeup,gloss,True,auto_labeled
8006540583319,1,skincare,serum,True,auto_labeled
5607047017302,1,haircare,shampoo,True,auto_labeled
3600542565820,1,skincare,nettoyant,True,auto_labeled
4005900660435,1,makeup,primer,True,auto_labeled
4005900924070,2,skincare,body lotion,True,auto_labeled
4006000043487,1,skincare,serum,True,auto_labeled
4005900674128,1,haircare,shampoo,True,auto_labeled
3660005086675,2,skincare,body lotion,True,auto_labeled
8904132918399,1,haircare,hair oil,True,auto_labeled
8902979025867,2,haircare,shampoo,True,auto_labeled
3583787131541,1,skincare,nettoyant,True,auto_labeled
8402001006029,4,haircare,shampoo,True,auto_labeled
5060120170217,2,haircare,shampoo,True,auto_labeled
4902430624534,1,haircare,conditioner,True,auto_labeled
4902430917896,3,skincare,serum,True,auto_labeled
3596710517206,1,haircare,shampoo,True,auto_labeled
6686303444631,1,skincare,shower gel,True,auto_labeled
3282779060134,1,skincare,shaving,True,auto_labeled
4005900567932,2,skincare,lip balm,True,auto_labeled
3337871311292,4,haircare,shampoo,True,auto_labeled
8690131102739,1,skincare,face wash,True,auto_labeled
3600523500284,1,makeup,concealer,True,auto_labeled
7310610024987,1,skincare,shower gel,True,auto_labeled
30143265,1,makeup,mascara,True,auto_labeled
3600521627426,1,makeup,blush,True,auto_labeled
3600542020695,1,haircare,shampoo,True,auto_labeled
4015600745882,1,haircare,shampoo,True,auto_labeled
6111263790127,2,skincare,savon,True,auto_labeled
4015000624206,1,skincare,shower gel,True,auto_labeled
4005808916511,1,skincare,shower gel,True,auto_labeled
4005900631701,1,skincare,sheet mask,True,auto_labeled
4005900639523,1,makeup,makeup remover,True,auto_labeled
3574661650357,1,haircare,shampoo,True,auto_labeled
4005900843418,1,skincare,deodorant,True,auto_labeled
4005900939777,1,skincare,shower gel,True,auto_labeled
4005900369581,5,skincare,body lotion,True,auto_labeled
8588006041835,1,haircare,shampoo,True,auto_labeled
3282770141252,1,haircare,shampoo,True,auto_labeled
3600524017729,1,skincare,eye cream,True,auto_labeled
3600524029593,1,haircare,shampoo,True,auto_labeled
3600524075453,1,skincare,serum,True,auto_labeled
3600524127954,5,makeup,gloss,True,auto_labeled
3600524128470,2,makeup,gloss,True,auto_labeled
3600523033942,1,makeup,mascara,True,auto_labeled
3600523234615,2,haircare,shampoo,True,auto_labeled
3600523279319,1,skincare,serum,True,auto_labeled
3600523289806,1,haircare,shampoo,True,auto_labeled
3600523310524,1,makeup,mascara,True,auto_labeled
3600523399796,1,makeup,lipstick,True,auto_labeled
3600523399888,1,makeup,lipstick,True,auto_labeled
3600523399932,1,makeup,lipstick,True,auto_labeled
3600523399956,1,makeup,lipstick,True,auto_labeled
3600523400010,1,makeup,lipstick,True,auto_labeled
3600523438112,1,makeup,mascara,True,auto_labeled
3600523463664,1,makeup,mascara,True,auto_labeled
3600523465262,1,makeup,lipstick,True,auto_labeled
3600523465309,1,makeup,lipstick,True,auto_labeled
3600523493524,2,haircare,shampoo,True,auto_labeled
3600523500185,1,makeup,concealer,True,auto_labeled
3600523500208,2,makeup,concealer,True,auto_labeled
3600523500222,1,makeup,concealer,True,auto_labeled
3600523500239,1,makeup,concealer,True,auto_labeled
3600523500253,1,makeup,concealer,True,auto_labeled
3600523518777,1,makeup,lipstick,True,auto_labeled
3600523528691,1,haircare,pomade,True,auto_labeled
3600523586363,1,haircare,shampoo,True,auto_labeled
3600523586424,1,haircare,shampoo,True,auto_labeled
3600523614400,1,makeup,foundation,True,auto_labeled
3600523614417,1,makeup,foundation,True,auto_labeled
3600523626267,1,haircare,shampoo,True,auto_labeled
3600523640195,1,makeup,foundation,True,auto_labeled
3600523655601,1,skincare,serum,True,auto_labeled
3600523682751,1,haircare,shampoo,True,auto_labeled
3600523687145,1,makeup,lipstick,True,auto_labeled
3600523700431,1,makeup,lipstick,True,auto_labeled
3600523718269,1,skincare,face wash,True,auto_labeled
3600523741090,1,makeup,setting spray,True,auto_labeled
3600523783755,1,makeup,foundation,True,auto_labeled
3600523783809,1,makeup,foundation,True,auto_labeled
3600523784394,1,makeup,foundation,True,auto_labeled
3600523784400,1,makeup,foundation,True,auto_labeled
3600523784448,1,makeup,foundation,True,auto_labeled
3600523794874,1,makeup,gloss,True,auto_labeled
3600523794881,1,makeup,gloss,True,auto_labeled
3600523806881,1,makeup,gloss,True,auto_labeled
3600523806904,1,makeup,gloss,True,auto_labeled
3600523864058,1,makeup,highlighter,True,auto_labeled
3600523882137,1,haircare,shampoo,True,auto_labeled
3600523924226,1,makeup,primer,True,auto_labeled
3600523968480,1,makeup,mascara,True,auto_labeled
3600523971305,1,makeup,gloss,True,auto_labeled
3600523971312,1,makeup,gloss,True,auto_labeled
3600523971336,1,makeup,gloss,True,auto_labeled
3600523971350,1,makeup,gloss,True,auto_labeled
3600523971367,1,makeup,gloss,True,auto_labeled
3600523975303,1,haircare,shampoo,True,auto_labeled
3600523975433,1,haircare,shampoo,True,auto_labeled
3596710524310,1,skincare,lait corps,True,auto_labeled
3600541367593,2,haircare,shampoo,True,auto_labeled
3600541979871,1,haircare,shampoo,True,auto_labeled
4056489526735,1,skincare,hand cream,True,auto_labeled
8480000733580,2,makeup,eyeliner,True,auto_labeled
8480000675842,2,makeup,eyeliner,True,auto_labeled
8402001021077,2,makeup,eyeliner,True,auto_labeled
8402001016585,2,makeup,eyeliner,True,auto_labeled
8402001021114,2,makeup,gloss,True,auto_labeled
8402001021121,2,makeup,gloss,True,auto_labeled
8402001016981,2,makeup,highlighter,True,auto_labeled
8402001021091,2,makeup,eyeshadow,True,auto_labeled
3574661680934,2,skincare,savon,True,auto_labeled
5045095406318,1,makeup,eyeliner,True,auto_labeled
8697420535742,2,skincare,micellar,True,auto_labeled
4034348111315,1,haircare,shampoo,True,auto_labeled
3606000560192,2,haircare,shampoo,True,auto_labeled
0083078001902,1,skincare,lip balm,True,auto_labeled
5000128869348,1,skincare,hand cream,True,auto_labeled
7630028628424,1,skincare,shower gel,True,auto_labeled
5000101082214,1,skincare,bar soap,True,auto_labeled
8480000507570,2,makeup,bb cream,True,auto_labeled
8480000443359,7,haircare,shampoo,True,auto_labeled
8480000442895,1,skincare,serum,True,auto_labeled
3596710497485,5,skincare,savon,True,auto_labeled
3760104701193,1,skincare,savon,True,auto_labeled
3616305448378,1,skincare,shower gel,True,auto_labeled
4987176234254,1,haircare,shampoo,True,auto_labeled
3574661391502,1,skincare,body lotion,True,auto_labeled
5060489792365,1,skincare,cleanser,True,auto_labeled
8480000677969,2,skincare,serum,True,auto_labeled
3596710523979,1,skincare,creme mains,True,auto_labeled
3596710520589,1,skincare,nettoyant,True,auto_labeled
3596710524365,1,skincare,creme mains,True,auto_labeled
3282770389883,1,skincare,cleansing oil,True,auto_labeled
3596710536610,9,skincare,lait corps,True,auto_labeled
3596710536689,1,haircare,shampoo,True,auto_labeled
9300607761436,1,skincare,body lotion,True,auto_labeled
5900273002358,1,skincare,deodorant,True,auto_labeled
3337875663076,3,skincare,cleanser,True,auto_labeled
3282770145373,1,haircare,shampoo,True,auto_labeled
5906071002705,1,skincare,serum,True,auto_labeled
5000174070354,3,makeup,primer,True,auto_labeled
4550512979524,2,skincare,cleansing balm,True,auto_labeled
4550512979517,2,skincare,cleansing balm,True,auto_labeled
7906100784464,1,skincare,serum,True,auto_labeled
3450970024440,1,skincare,nettoyant,True,auto_labeled
3600531363802,1,makeup,lipstick,True,auto_labeled
30173552,1,makeup,concealer,True,auto_labeled
7072463201044,1,haircare,shampoo,True,auto_labeled
30173576,1,makeup,concealer,True,auto_labeled
30173071,1,makeup,eyeshadow,True,auto_labeled
7310610024949,1,haircare,shampoo,True,auto_labeled
3600531629106,1,makeup,mascara,True,auto_labeled
3600522218791,1,makeup,mascara,True,auto_labeled
8710908689222,1,skincare,face wash,True,auto_labeled
3600521365939,1,makeup,gloss,True,auto_labeled
3600531543310,1,makeup,lipstick,True,auto_labeled
3600531516765,1,haircare,pomade,True,auto_labeled
3600531516758,1,haircare,pomade,True,auto_labeled
3600531589363,1,makeup,lipstick,True,auto_labeled
3054080007654,1,makeup,eyeliner,True,auto_labeled
4005900785862,1,makeup,cleansing wipe,True,auto_labeled
8001841004327,1,haircare,shampoo,True,auto_labeled
3600531632427,1,makeup,foundation,True,auto_labeled
8717163742815,3,skincare,shower gel,True,auto_labeled
8710447211052,2,haircare,shampoo,True,auto_labeled
8904109400773,1,skincare,shower gel,True,auto_labeled
60217318,1,haircare,conditioner,True,auto_labeled
3549620033090,1,skincare,lait corps,True,auto_labeled
3574660200775,2,skincare,body lotion,True,auto_labeled
3401575390447,1,skincare,micellar,True,auto_labeled
3574669907767,2,haircare,shampoo,True,auto_labeled
8714789762906,1,skincare,deodorant,True,auto_labeled
8693495033985,1,skincare,bar soap,True,auto_labeled
3256228666819,1,skincare,savon,True,auto_labeled
7610747900148,1,skincare,savon,True,auto_labeled
3600530941278,1,makeup,primer,True,auto_labeled
0030772011683,1,skincare,body wash,True,auto_labeled
0098132572243,1,skincare,face wash,True,auto_labeled
0667555453905,1,skincare,body wash,True,auto_labeled
4066447054538,1,haircare,shampoo,True,auto_labeled
9300663464227,1,haircare,shampoo,True,auto_labeled
5902751459630,1,haircare,conditioner,True,auto_labeled
3600522097303,1,makeup,mascara,True,auto_labeled
3600531363864,1,makeup,lipstick,True,auto_labeled
3600531589400,1,makeup,lipstick,True,auto_labeled
7046110048436,1,haircare,shampoo,True,auto_labeled
4005900784322,1,skincare,body lotion,True,auto_labeled
3600531589462,1,makeup,lipstick,True,auto_labeled
30178564,1,makeup,mascara,True,auto_labeled
3600531632410,1,makeup,foundation,True,auto_labeled
3600531537289,1,makeup,blush,True,auto_labeled
7340011315230,1,haircare,shampoo,True,auto_labeled
5410076514366,1,haircare,shampoo,True,auto_labeled
3600542196925,1,skincare,toner,True,auto_labeled
3600531369026,3,makeup,foundation,True,auto_labeled
4005900346476,1,skincare,shaving,True,auto_labeled
30173590,1,makeup,concealer,True,auto_labeled
3600522616252,1,makeup,mascara,True,auto_labeled
3600520986531,1,makeup,gloss,True,auto_labeled
3600531632540,1,makeup,foundation,True,auto_labeled
8710908789380,1,haircare,shampoo,True,auto_labeled
3660005966809,1,skincare,lait corps,True,auto_labeled
4005900100115,2,makeup,makeup remover,True,auto_labeled
7310610021207,1,skincare,body lotion,True,auto_labeled
3600520986371,1,makeup,gloss,True,auto_labeled
5710404934102,1,haircare,shampoo,True,auto_labeled
3600531537425,1,makeup,blush,True,auto_labeled
3600520986425,1,makeup,gloss,True,auto_labeled
3600531579050,1,makeup,lipstick,True,auto_labeled
3600522401032,1,haircare,shampoo,True,auto_labeled
30173613,1,makeup,concealer,True,auto_labeled
0072140633820,3,skincare,hand cream,True,auto_labeled
8410412100076,3,skincare,serum,True,auto_labeled
3760100682649,4,skincare,gel douche,True,auto_labeled
0190679000088,1,skincare,essence,True,auto_labeled
5028197868994,1,skincare,hand cream,True,auto_labeled
5060565101814,1,skincare,serum,True,auto_labeled
0893400002084,1,skincare,lip balm,True,auto_labeled
0086800870258,1,skincare,sunscreen,True,auto_labeled
20303693,2,haircare,shampoo,True,auto_labeled
7501199418346,1,haircare,shampoo,True,auto_labeled
30142442,3,makeup,eyeliner,True,auto_labeled
4025089080053,1,haircare,shampoo,True,auto_labeled
0792850136991,3,skincare,lip balm,True,auto_labeled
38154218,3,haircare,shampoo,True,auto_labeled
8588006036961,1,skincare,lip balm,True,auto_labeled
0074182473518,1,skincare,body wash,True,auto_labeled
0071249377512,4,skincare,serum,True,auto_labeled
8809479166444,2,skincare,sheet mask,True,auto_labeled
0011111634640,2,skincare,body wash,True,auto_labeled
8809479166499,2,skincare,essence,True,auto_labeled
5011321594388,1,haircare,conditioner,True,auto_labeled
06039307,1,skincare,essence,True,auto_labeled
3700281702415,1,skincare,nettoyant,True,auto_labeled
0381370012979,2,skincare,body wash,True,auto_labeled
3600522774570,1,makeup,blush,True,auto_labeled
3600522405115,1,makeup,gloss,True,auto_labeled
3600521987711,1,makeup,gloss,True,auto_labeled
3474636920204,1,haircare,shampoo,True,auto_labeled
30171336,1,makeup,concealer,True,auto_labeled
3600521846292,1,makeup,mascara,True,auto_labeled
30161955,1,makeup,mascara,True,auto_labeled
3600542081214,3,skincare,micellar,True,auto_labeled
30173378,1,makeup,eyeshadow,True,auto_labeled
3600522774525,1,makeup,blush,True,auto_labeled
3600530880034,1,makeup,foundation,True,auto_labeled
3600531609757,1,makeup,gloss,True,auto_labeled
3600530746514,1,makeup,foundation,True,auto_labeled
3600531543358,1,makeup,lipstick,True,auto_labeled
3600530958221,1,makeup,lipstick,True,auto_labeled
3600531609702,1,makeup,gloss,True,auto_labeled
3600531516734,1,haircare,pomade,True,auto_labeled
3600531632373,1,makeup,foundation,True,auto_labeled
3600531369361,1,makeup,foundation,True,auto_labeled
3600531609689,1,makeup,gloss,True,auto_labeled
3600531224516,1,makeup,lipstick,True,auto_labeled
3600531453435,1,makeup,foundation,True,auto_labeled
3600531589356,1,makeup,lipstick,True,auto_labeled
3600531589387,1,makeup,lipstick,True,auto_labeled
3600531589332,1,makeup,lipstick,True,auto_labeled
7046110069677,1,skincare,body lotion,True,auto_labeled
3600520986487,1,makeup,gloss,True,auto_labeled
3600531609740,1,makeup,gloss,True,auto_labeled
3600530803873,1,makeup,brow pencil,True,auto_labeled
3600521987704,1,makeup,gloss,True,auto_labeled
3600531369484,1,makeup,foundation,True,auto_labeled
3600521605936,1,skincare,shaving,True,auto_labeled
3600520986500,1,makeup,gloss,True,auto_labeled
3600521345863,1,makeup,mascara,True,auto_labeled
3600530746613,1,makeup,foundation,True,auto_labeled
0803954303292,1,haircare,shampoo,True,auto_labeled
8710908236143,1,skincare,shower gel,True,auto_labeled
3600530746620,1,makeup,foundation,True,auto_labeled
3600531561284,1,makeup,concealer,True,auto_labeled
30173323,1,makeup,eyeshadow,True,auto_labeled
0875010001756,1,haircare,shampoo,True,auto_labeled
3600530746538,1,makeup,foundation,True,auto_labeled
0621732300017,1,haircare,shampoo,True,auto_labeled
0605592105739,1,haircare,shampoo,True,auto_labeled
3600531589448,1,makeup,lipstick,True,auto_labeled
8030976025426,1,haircare,shampoo,True,auto_labeled
7310181582190,1,haircare,shampoo,True,auto_labeled
5291375000220,1,haircare,shampoo,True,auto_labeled
3600531605643,1,makeup,lipstick,True,auto_labeled
3600531632489,1,makeup,foundation,True,auto_labeled
3600531589349,1,makeup,lipstick,True,auto_labeled
3600531369477,1,makeup,foundation,True,auto_labeled
3600531324902,1,makeup,foundation,True,auto_labeled
3600530559329,1,makeup,lipstick,True,auto_labeled
3600521189269,1,makeup,gloss,True,auto_labeled
0803954302257,1,haircare,shampoo,True,auto_labeled
0764302015338,2,haircare,shampoo,True,auto_labeled
3600530746545,1,makeup,foundation,True,auto_labeled
0812154034721,1,haircare,shampoo,True,auto_labeled
0080878195251,1,haircare,shampoo,True,auto_labeled
3600530746583,1,makeup,foundation,True,auto_labeled
0022796910912,1,haircare,shampoo,True,auto_labeled
0085239930649,1,haircare,shampoo,True,auto_labeled
0041520864987,1,skincare,body wash,True,auto_labeled
0810021201177,2,skincare,toner,True,auto_labeled
0055451000970,2,haircare,conditioner,True,auto_labeled
8809565307119,1,skincare,sheet mask,True,auto_labeled
7340011321514,1,haircare,shampoo,True,auto_labeled
0079400835000,1,skincare,body wash,True,auto_labeled
3600530559497,1,makeup,lipstick,True,auto_labeled
0681131050029,1,skincare,body wash,True,auto_labeled
0810005282215,1,haircare,shampoo,True,auto_labeled
30173156,1,makeup,eyeshadow,True,auto_labeled
0688047131316,1,haircare,conditioner,True,auto_labeled
0190679005168,1,haircare,conditioner,True,auto_labeled
0764302016397,2,haircare,conditioner,True,auto_labeled
7046110048177,2,haircare,shampoo,True,auto_labeled
0840044707011,1,skincare,body lotion,True,auto_labeled
0083078005238,3,haircare,pomade,True,auto_labeled
8901526005208,2,skincare,face wash,True,auto_labeled
8001841410739,1,haircare,shampoo,True,auto_labeled
8001090719126,1,haircare,shampoo,True,auto_labeled
8964001078685,1,skincare,face wash,True,auto_labeled
0041520035585,1,skincare,body wash,True,auto_labeled
3600530559923,1,makeup,lipstick,True,auto_labeled
4005900283252,3,makeup,cleansing wipe,True,auto_labeled
3600542318297,1,haircare,shampoo,True,auto_labeled
0630606640432,1,haircare,shampoo,True,auto_labeled
0015228134109,1,haircare,conditioner,True,auto_labeled
4061463593023,2,haircare,shampoo,True,auto_labeled
0812459021242,1,makeup,gloss,True,auto_labeled
0884486452986,1,haircare,shampoo,True,auto_labeled
0041167043707,1,skincare,hand cream,True,auto_labeled
0667558549919,1,skincare,hand soap,True,auto_labeled
5060130443530,1,skincare,shower gel,True,auto_labeled
8001841004358,1,haircare,shampoo,True,auto_labeled
0096619042319,2,haircare,conditioner,True,auto_labeled
5391532522319,1,haircare,shampoo,True,auto_labeled
3760091902290,1,skincare,hand cream,True,auto_labeled
0022400393650,2,haircare,shampoo,True,auto_labeled
8437017753162,1,skincare,hand cream,True,auto_labeled
0811068011583,1,skincare,body wash,True,auto_labeled
0012044046081,1,haircare,shampoo,True,auto_labeled
0857843008720,1,skincare,face mask,True,auto_labeled
8714789913865,3,skincare,deodorant,True,auto_labeled
5045097777027,1,skincare,hand cream,True,auto_labeled
0041520867957,1,skincare,body wash,True,auto_labeled
988010630504861790,1,haircare,conditioner,True,auto_labeled
0803954302059,1,haircare,shampoo,True,auto_labeled
0036800339071,1,skincare,body wash,True,auto_labeled
7937378068536,1,skincare,face wash,True,auto_labeled
07940736,3,haircare,shampoo,True,auto_labeled
0190679004789,1,skincare,body wash,True,auto_labeled
0603084491254,2,haircare,shampoo,True,auto_labeled
8429421444118,2,haircare,shampoo,True,auto_labeled
0066400172815,2,haircare,conditioner,True,auto_labeled
0037000790907,1,haircare,conditioner,True,auto_labeled
0792850110007,1,skincare,lip balm,True,auto_labeled
0884486226761,2,haircare,shampoo,True,auto_labeled
5012874101627,2,makeup,bronzer,True,auto_labeled
8809479161999,2,skincare,sheet mask,True,auto_labeled
0667555509497,1,skincare,body cream,True,auto_labeled
0812154034943,1,skincare,body wash,True,auto_labeled
5397256349409,1,makeup,lipstick,True,auto_labeled
9346627000209,1,haircare,shampoo,True,auto_labeled
0079400488862,1,haircare,shampoo,True,auto_labeled
0071164343135,1,haircare,shampoo,True,auto_labeled
0792850164000,1,skincare,lip balm,True,auto_labeled
4021457634019,1,haircare,conditioner,True,auto_labeled
0079400485182,1,haircare,shampoo,True,auto_labeled
4064666036267,2,haircare,shampoo,True,auto_labeled
0855553005305,1,haircare,shampoo,True,auto_labeled
0886284901147,1,haircare,shampoo,True,auto_labeled
3797970110996,1,skincare,lip balm,True,auto_labeled
0681131412063,1,skincare,body wash,True,auto_labeled
0022796901217,2,haircare,conditioner,True,auto_labeled
0381519039300,2,skincare,essence,True,auto_labeled
7798317822837,2,makeup,blush,True,auto_labeled
7896018700307,3,haircare,shampoo,True,auto_labeled
5057172099047,2,skincare,cleanser,True,auto_labeled
0079400470874,2,haircare,shampoo,True,auto_labeled
0081555660147,3,makeup,lipstick,True,auto_labeled
0667555509459,1,skincare,shower gel,True,auto_labeled
8902979002035,1,haircare,shampoo,True,auto_labeled
0030772166598,1,haircare,shampoo,True,auto_labeled
00898311,1,makeup,foundation,True,auto_labeled
15217158,1,haircare,shampoo,True,auto_labeled
12777046,1,haircare,shampoo,True,auto_labeled
0022400639130,2,haircare,conditioner,True,auto_labeled
08228895,1,haircare,shampoo,True,auto_labeled
0021130746583,1,skincare,body wash,True,auto_labeled
8850006533000,1,skincare,shower gel,True,auto_labeled
8901138512187,1,skincare,face wash,True,auto_labeled
05771127,1,haircare,shampoo,True,auto_labeled
0079400468277,5,skincare,antiperspirant,True,auto_labeled
3560071421175,1,skincare,savon,True,auto_labeled
8809581074767,2,skincare,toner,True,auto_labeled
8001090662057,3,haircare,shampoo,True,auto_labeled
07484414,1,skincare,face mask,True,auto_labeled
0036800064478,1,skincare,body wash,True,auto_labeled
4005900512192,1,skincare,body lotion,True,auto_labeled
9005800352220,1,skincare,deodorant,True,auto_labeled
3574661684918,1,haircare,conditioner,True,auto_labeled
9005800273389,1,skincare,cleanser,True,auto_labeled
8904256000956,2,skincare,shower gel,True,auto_labeled
8998866108867,1,skincare,deodorant,True,auto_labeled
6281006534933,1,haircare,shampoo,True,auto_labeled
0080878195633,1,haircare,shampoo,True,auto_labeled
7340011315261,1,haircare,shampoo,True,auto_labeled
8901138508166,1,skincare,body lotion,True,auto_labeled
6291103988515,1,haircare,conditioner,True,auto_labeled
8904281900450,1,haircare,shampoo,True,auto_labeled
0079400002105,1,haircare,shampoo,True,auto_labeled
0603084545261,1,haircare,shampoo,True,auto_labeled
0792850660779,1,skincare,lip balm,True,auto_labeled
4897083800179,1,haircare,hair mask,True,auto_labeled
8834000024214,1,skincare,deodorant,True,auto_labeled
4008666750389,1,haircare,shampoo,True,auto_labeled
4311501795538,1,haircare,shampoo,True,auto_labeled
6010659994906,1,haircare,shampoo,True,auto_labeled
8436097096060,1,haircare,shampoo,True,auto_labeled
0884486453617,1,haircare,shampoo,True,auto_labeled
0815600029272,1,skincare,lip balm,True,auto_labeled
0041388007816,1,skincare,lip balm,True,auto_labeled
12094585,1,skincare,lip balm,True,auto_labeled
8001280049989,1,skincare,lip balm,True,auto_labeled
00813745,1,skincare,lip balm,True,auto_labeled
2200281138364,3,makeup,primer,True,auto_labeled
2000000151844,1,skincare,serum,True,auto_labeled
2000000151845,1,skincare,sunscreen,True,auto_labeled
2000000151846,1,makeup,mascara,True,auto_labeled
2000000151848,1,skincare,sunscreen,True,auto_labeled
2000000151850,1,skincare,sunscreen,True,auto_labeled
2000000151854,1,skincare,sunscreen,True,auto_labeled
2000000151855,1,skincare,sunscreen,True,auto_labeled
2000000151857,1,skincare,sunscreen,True,auto_labeled
8903105020473,1,skincare,body lotion,True,auto_labeled
4015100292152,1,haircare,shampoo,True,auto_labeled
7702277074663,1,haircare,shampoo,True,auto_labeled
8901030705847,1,haircare,shampoo,True,auto_labeled
6281006438804,1,haircare,shampoo,True,auto_labeled
6281006424647,2,haircare,shampoo,True,auto_labeled
3600542563895,2,haircare,shampoo,True,auto_labeled
7310181582138,1,haircare,shampoo,True,auto_labeled
8001090263070,1,haircare,shampoo,True,auto_labeled
8710447365489,1,haircare,shampoo,True,auto_labeled
30175570,1,makeup,concealer,True,auto_labeled
3600530746576,1,makeup,foundation,True,auto_labeled
3600531589325,1,makeup,lipstick,True,auto_labeled
70117073,1,haircare,shampoo,True,auto_labeled
8714789703015,2,skincare,bar soap,True,auto_labeled
6291069651034,4,haircare,hair oil,True,auto_labeled
4015100292091,1,haircare,shampoo,True,auto_labeled
6281006524170,1,haircare,shampoo,True,auto_labeled
3600542513241,2,skincare,serum,True,auto_labeled
8720181031632,1,skincare,deodorant,True,auto_labeled
8720181166389,1,haircare,shampoo,True,auto_labeled
8906118414215,4,skincare,toner,True,auto_labeled
3574661681108,1,skincare,savon,True,auto_labeled
3600542525879,4,haircare,shampoo,True,auto_labeled
0074182290948,5,skincare,hand soap,True,auto_labeled
8809733218223,1,skincare,toner,True,auto_labeled
3574661750644,1,skincare,savon,True,auto_labeled
5906439040066,1,skincare,lip balm,True,auto_labeled
0840191600890,3,haircare,conditioner,True,auto_labeled
3660005139654,1,makeup,correcteur,True,auto_labeled
9000101657593,2,haircare,shampoo,True,auto_labeled
42417286,4,skincare,creme mains,True,auto_labeled
6221155130792,1,skincare,body wash,True,auto_labeled
8997208072361,1,skincare,sunscreen,True,auto_labeled
0663234078650,1,makeup,nail polish,True,auto_labeled
5029066078520,1,haircare,conditioner,True,auto_labeled
5010724001455,1,haircare,shampoo,True,auto_labeled
4066447276787,1,haircare,shampoo,True,auto_labeled
5010724527399,1,haircare,shampoo,True,auto_labeled
5010724544099,1,haircare,shampoo,True,auto_labeled
4066447376470,2,haircare,shampoo,True,auto_labeled
4316268666008,1,haircare,shampoo,True,auto_labeled
4066447068917,1,haircare,shampoo,True,auto_labeled
3600542232616,1,haircare,shampoo,True,auto_labeled
6004077101015,1,skincare,serum,True,auto_labeled
4059729302892,1,makeup,lip gloss,True,auto_labeled
8700216437219,5,haircare,shampoo,True,auto_labeled
0609332833753,1,skincare,lip balm,True,auto_labeled
8436576500804,1,makeup,eyeliner,True,auto_labeled
0609332216518,1,makeup,eyeliner,True,auto_labeled
8436003655565,1,makeup,eyeliner,True,auto_labeled
0850035716038,1,makeup,eyeliner,True,auto_labeled
8480000410573,1,makeup,eyeliner,True,auto_labeled
0041554578607,1,makeup,eyeliner,True,auto_labeled
0609332813373,3,makeup,eyeliner,True,auto_labeled
3253581286128,3,skincare,hand cream,True,auto_labeled
6281031260425,1,haircare,shampoo,True,auto_labeled
8901030996146,1,haircare,shampoo,True,auto_labeled
3052503603124,1,makeup,primer,True,auto_labeled
0887167665781,1,makeup,lipstick,True,auto_labeled
3337875694469,1,skincare,serum,True,auto_labeled
0681131121293,1,skincare,body oil,True,auto_labeled
8700216200905,5,haircare,shampoo,True,auto_labeled
8250722207016,2,skincare,sunblock,True,auto_labeled
8414227659491,2,haircare,shampoo,True,auto_labeled
5901887042006,2,haircare,shampoo,True,auto_labeled
0883140023418,1,skincare,sunscreen,True,auto_labeled
3337875674997,2,skincare,micellar,True,auto_labeled
3337875762908,2,skincare,serum,True,auto_labeled
3337875795456,3,skincare,cleanser,True,auto_labeled
3337875787192,1,haircare,shampoo,True,auto_labeled
3337875660570,1,skincare,serum,True,auto_labeled
8901088054973,1,haircare,hair oil,True,auto_labeled
8901088069724,1,haircare,hair gel,True,auto_labeled
8901088064576,3,skincare,body lotion,True,auto_labeled
8901088022514,1,haircare,hair cream,True,auto_labeled
8901088076104,4,haircare,hair oil,True,auto_labeled
8901088064644,1,skincare,body lotion,True,auto_labeled
0062600316646,2,skincare,body wash,True,auto_labeled
8700216155991,1,haircare,shampoo,True,auto_labeled
3378872187981,3,skincare,lait corps,True,auto_labeled
0639277319289,1,makeup,nail polish,True,auto_labeled
7909189190478,1,skincare,serum,True,auto_labeled
3600551154985,1,skincare,deodorant,True,auto_labeled
3600551033242,1,skincare,body lotion,True,auto_labeled
3600551053707,1,skincare,gel douche,True,auto_labeled
3600521230435,1,makeup,gloss,True,auto_labeled
0850533003654,1,makeup,gloss,True,auto_labeled
8994452390289,1,makeup,gloss,True,auto_labeled
0850006928040,1,makeup,lip gloss,True,auto_labeled
0818324024950,1,makeup,gloss,True,auto_labeled
6970802592123,1,makeup,lip gloss,True,auto_labeled
4066447365641,1,haircare,shampoo,True,auto_labeled
4005800098833,1,skincare,body lotion,True,auto_labeled
4005800238963,3,skincare,sunscreen,True,auto_labeled
3264680034534,2,makeup,correcteur,True,auto_labeled
20009922,2,makeup,eyebrow,True,auto_labeled
0056594014169,1,skincare,cleanser,True,auto_labeled
5045098681170,1,skincare,serum,True,auto_labeled
4005900786470,5,skincare,serum,True,auto_labeled
4005900973924,1,skincare,serum,True,auto_labeled
4005900583116,1,makeup,lipstick,True,auto_labeled
4005900583079,1,makeup,lipstick,True,auto_labeled
4005900522023,1,skincare,shower gel,True,auto_labeled
4005900195708,1,skincare,face wash,True,auto_labeled
8809913830177,1,skincare,eye cream,True,auto_labeled
3401360148222,2,skincare,gel douche,True,auto_labeled
3250391571642,1,skincare,lait corps,True,auto_labeled
21728242,1,haircare,shampoo,True,auto_labeled
4305615651453,1,skincare,booster,True,auto_labeled
8001841208770,1,haircare,shampoo,True,auto_labeled
8001090263032,1,haircare,shampoo,True,auto_labeled
8001090429827,1,haircare,shampoo,True,auto_labeled
8001090639738,1,haircare,shampoo,True,auto_labeled
8001090195852,1,haircare,shampoo,True,auto_labeled
8001090639585,2,haircare,shampoo,True,auto_labeled
8001090384034,1,haircare,shampoo,True,auto_labeled
3661467000704,1,skincare,nettoyant,True,auto_labeled
4056489128274,1,haircare,shampoo,True,auto_labeled
3600551100791,3,skincare,lait corps,True,auto_labeled
8411135008755,5,skincare,lait corps,True,auto_labeled
3474636505654,2,haircare,shampoo,True,auto_labeled
50991303,1,haircare,hairspray,True,auto_labeled
3610340662775,1,skincare,serum,True,auto_labeled
3760100685145,1,haircare,shampoo,True,auto_labeled
3760157090558,1,skincare,savon,True,auto_labeled
3760061222984,1,skincare,savon,True,auto_labeled
3517360019681,2,skincare,lait corps,True,auto_labeled
6978534101088,1,makeup,setting spray,True,auto_labeled
3600542461870,5,haircare,shampoo,True,auto_labeled
0764302231547,4,haircare,conditioner,True,auto_labeled
42219439,1,skincare,lip balm,True,auto_labeled
0010181000089,1,skincare,lip balm,True,auto_labeled
0792850900936,2,skincare,lip balm,True,auto_labeled
0079656046625,1,skincare,sunscreen,True,auto_labeled
5045273864220,1,skincare,lip balm,True,auto_labeled
0724742008369,1,skincare,lip balm,True,auto_labeled
0888761000138,1,skincare,lip balm,True,auto_labeled
0792850892293,1,skincare,lip balm,True,auto_labeled
0840044700845,1,skincare,lip balm,True,auto_labeled
3616305448422,2,skincare,shower gel,True,auto_labeled
9000101658309,1,haircare,conditioner,True,auto_labeled
0615908429824,1,haircare,shampoo,True,auto_labeled
8719134163582,1,haircare,shampoo,True,auto_labeled
3560070922178,1,skincare,gel douche,True,auto_labeled
8906087772491,2,haircare,hair oil,True,auto_labeled
0022400623924,3,haircare,hairspray,True,auto_labeled
8411061056769,1,makeup,blush,True,auto_labeled
6928609066156,1,makeup,primer,True,auto_labeled
0681131224000,1,haircare,laque,True,auto_labeled
4066447107357,1,haircare,shampoo,True,auto_labeled
4005900014771,1,skincare,body lotion,True,auto_labeled
4005900011817,1,skincare,body lotion,True,auto_labeled
8719134171952,1,skincare,body lotion,True,auto_labeled
8719134171617,1,skincare,body lotion,True,auto_labeled
8719134160826,1,skincare,shower gel,True,auto_labeled
8719134162844,1,haircare,hair mask,True,auto_labeled
8719134152883,1,skincare,body lotion,True,auto_labeled
8719134161120,1,skincare,shower gel,True,auto_labeled
7897515655411,2,haircare,shampoo,True,auto_labeled
4335619057920,1,skincare,hand soap,True,auto_labeled
0024131482719,1,haircare,shampoo,True,auto_labeled
8680801502907,1,haircare,shampoo,True,auto_labeled
6111079005095,1,haircare,shampoo,True,auto_labeled
1005025151057,1,skincare,face wash,True,auto_labeled
8906012844903,1,skincare,sunblock,True,auto_labeled
8906012844958,1,makeup,foundation,True,auto_labeled
8906155510345,1,haircare,shampoo,True,auto_labeled
8809541199950,1,skincare,serum,True,auto_labeled
0667537860530,1,skincare,body lotion,True,auto_labeled
8902979027724,1,haircare,shampoo,True,auto_labeled
5060489794161,1,skincare,toner,True,auto_labeled
6942349737398,1,skincare,eye cream,True,auto_labeled
3532663067061,1,makeup,rouge à lèvres,True,auto_labeled
8906110132636,1,skincare,toner,True,auto_labeled
3600524135690,1,makeup,gloss,True,auto_labeled
8714789880556,3,haircare,shampoo,True,auto_labeled
0840044706915,1,skincare,hand cream,True,auto_labeled
0890650593542,1,skincare,body wash,True,auto_labeled
3760100682786,1,skincare,gel douche,True,auto_labeled
6529620373836,1,makeup,lipstick,True,auto_labeled
3596710552542,5,skincare,gel douche,True,auto_labeled
3250391444175,3,haircare,shampoo,True,auto_labeled
4006000091990,1,skincare,lait corps,True,auto_labeled
3600542462983,1,haircare,conditioner,True,auto_labeled
5045098750029,1,makeup,cleansing wipe,True,auto_labeled
4005808278268,1,skincare,body lotion,True,auto_labeled
3574661527925,2,skincare,hand cream,True,auto_labeled
7707232173764,1,skincare,body wash,True,auto_labeled
3600550944365,1,haircare,laque,True,auto_labeled
3574661678368,1,skincare,savon,True,auto_labeled
8714100019801,1,skincare,deodorant,True,auto_labeled
8719238028244,1,haircare,conditioner,True,auto_labeled
6976623802281,1,skincare,eye cream,True,auto_labeled
8904256009966,1,skincare,body lotion,True,auto_labeled
8809624507009,1,skincare,sheet mask,True,auto_labeled
8714319236198,1,skincare,body butter,True,auto_labeled
3519590214393,3,skincare,savon,True,auto_labeled
5060489796189,2,skincare,toner,True,auto_labeled
8904417307269,1,skincare,sunscreen,True,auto_labeled
4103040895530,1,skincare,face wash,True,auto_labeled
8901088064590,2,skincare,body lotion,True,auto_labeled
8436097096299,1,skincare,deodorant,True,auto_labeled
3517360027761,1,makeup,correcteur,True,auto_labeled
4059729446794,2,makeup,blush,True,auto_labeled
3666057216503,1,skincare,cleanser,True,auto_labeled
0850001316736,2,skincare,toner,True,auto_labeled
8540661537436,1,haircare,shampoo,True,auto_labeled
0088010393077,1,makeup,correcteur,True,auto_labeled
5901887002123,2,skincare,hand cream,True,auto_labeled
9000101207453,1,haircare,shampoo,True,auto_labeled
5901887028949,1,skincare,hand cream,True,auto_labeled
4015100190465,1,haircare,hairspray,True,auto_labeled
3616303185855,1,makeup,lip liner,True,auto_labeled
4059729447036,1,makeup,concealer,True,auto_labeled
8809115021793,1,skincare,serum,True,auto_labeled
9310692429241,1,haircare,conditioner,True,auto_labeled
2000004089221,1,skincare,serum,True,auto_labeled
3474636628902,1,haircare,shampoo,True,auto_labeled
8001841208701,1,haircare,shampoo,True,auto_labeled
4059729302915,3,makeup,lip gloss,True,auto_labeled
3760100203783,3,haircare,shampoo,True,auto_labeled
3701129807835,3,skincare,cleansing oil,True,auto_labeled
3346029995048,3,skincare,savon,True,auto_labeled
3600551142210,1,haircare,shampoo,True,auto_labeled
3560071421625,1,haircare,shampoo,True,auto_labeled
3250392602840,1,haircare,shampoo,True,auto_labeled
8714789733012,2,haircare,shampoo,True,auto_labeled
8001841636160,1,haircare,shampoo,True,auto_labeled
8904035422092,1,skincare,body lotion,True,auto_labeled
3141389983038,5,haircare,shampoo,True,auto_labeled
8057093533559,1,skincare,lip balm,True,auto_labeled
3600542536837,2,skincare,serum,True,auto_labeled
6928001840170,1,skincare,face mask,True,auto_labeled
8720181448171,1,haircare,conditioner,True,auto_labeled
4056489456940,2,haircare,shampoo,True,auto_labeled
3600530121120,1,makeup,vernis à ongles,True,auto_labeled
5999566330247,1,skincare,toner,True,auto_labeled
3253581758724,1,skincare,savon,True,auto_labeled
4064666847894,1,haircare,laque,True,auto_labeled
3700593604377,6,skincare,savon,True,auto_labeled
8809239800441,1,skincare,essence,True,auto_labeled
5060176673076,1,skincare,toner,True,auto_labeled
5059018274120,2,skincare,hand cream,True,auto_labeled
3337871330262,1,haircare,shampoo,True,auto_labeled
8906105614109,2,skincare,face wash,True,auto_labeled
06555115,1,skincare,serum,True,auto_labeled
6136908000324,2,skincare,mousse a raser,True,auto_labeled
3770005798543,1,skincare,nettoyant,True,auto_labeled
8904256005166,2,skincare,face wash,True,auto_labeled
3517360024425,1,skincare,gel douche,True,auto_labeled
8904330604384,1,skincare,face wash,True,auto_labeled
8058664138425,2,haircare,shampoo,True,auto_labeled
8032738385366,1,haircare,shampoo,True,auto_labeled
0850056288248,2,haircare,shampoo,True,auto_labeled
3600551113784,1,skincare,mousse à raser,True,auto_labeled
8700216307567,2,haircare,shampoo,True,auto_labeled
8886467000911,2,skincare,gel douche,True,auto_labeled
0800171017117,1,skincare,hand cream,True,auto_labeled
4006000079080,1,skincare,body lotion,True,auto_labeled
6438160094746,1,skincare,hand cream,True,auto_labeled
5028197345181,1,skincare,body lotion,True,auto_labeled
4335619081048,1,skincare,body lotion,True,auto_labeled
8886467020155,1,skincare,body cream,True,auto_labeled
3474637121549,1,haircare,shampoo,True,auto_labeled
0309970121075,1,skincare,deodorant,True,auto_labeled
0302990110258,1,skincare,cleanser,True,auto_labeled
0756848467702,1,skincare,sunscreen,True,auto_labeled
0689304188890,1,makeup,eyeshadow,True,auto_labeled
8470001569714,1,skincare,sunscreen,True,auto_labeled
0079656026078,1,skincare,sunscreen,True,auto_labeled
4902806125887,1,skincare,shaving,True,auto_labeled
6281006485334,1,skincare,hand soap,True,auto_labeled
2596807208766,1,haircare,conditioner,True,auto_labeled
3615370003444,1,skincare,gel douche,True,auto_labeled
0041388003399,1,skincare,hand cream,True,auto_labeled
3600541533226,1,haircare,shampoo,True,auto_labeled
8720181607752,2,skincare,gel douche,True,auto_labeled
8606032020546,1,skincare,hand cream,True,auto_labeled
4061458203470,1,skincare,hand cream,True,auto_labeled
0792850025011,1,skincare,lip balm,True,auto_labeled
8720182512208,1,skincare,cleanser,True,auto_labeled
3600542522298,1,skincare,micellar,True,auto_labeled
9368739240007,1,skincare,hand cream,True,auto_labeled
0750007299081,1,haircare,hairspray,True,auto_labeled
8809636284400,1,skincare,hand cream,True,auto_labeled
4260372930978,1,haircare,shampoo,True,auto_labeled
4066447763782,1,haircare,shampoo,True,auto_labeled
8901526209620,2,skincare,face wash,True,auto_labeled
8001841267050,1,haircare,shampoo,True,auto_labeled
4008666203663,1,haircare,shampoo,True,auto_labeled
4015100332025,1,haircare,shampoo,True,auto_labeled
5701058010281,1,haircare,shampoo,True,auto_labeled
0736990040114,1,haircare,shampoo,True,auto_labeled
0736990013200,1,haircare,shampoo,True,auto_labeled
3700526007671,1,skincare,savon,True,auto_labeled
3600523975457,1,haircare,shampoo,True,auto_labeled
04138860,1,skincare,lip balm,True,auto_labeled
0840044713562,2,skincare,lip balm,True,auto_labeled
0626232171556,1,skincare,savon,True,auto_labeled
42246282,1,skincare,body cream,True,auto_labeled
0634084331646,1,skincare,lip balm,True,auto_labeled
4305615616100,1,skincare,body oil,True,auto_labeled
0736990040312,1,haircare,shampoo,True,auto_labeled
0634084225099,1,skincare,lip balm,True,auto_labeled
3600524139674,1,haircare,shampoo,True,auto_labeled
3701209200167,1,skincare,savon,True,auto_labeled
4015100812435,1,haircare,shampoo,True,auto_labeled
3574661652702,1,skincare,serum,True,auto_labeled
0736990013002,2,haircare,shampoo,True,auto_labeled
4063528071361,1,haircare,shampoo,True,auto_labeled
0022796916808,1,haircare,conditioner,True,auto_labeled
6130548017230,1,skincare,savon,True,auto_labeled
8700216165563,1,haircare,shampoo,True,auto_labeled
4687201879923,1,haircare,shampoo,True,auto_labeled
3474637068370,1,haircare,shampoo,True,auto_labeled
3700526004267,1,skincare,savon,True,auto_labeled
4743318148922,1,haircare,shampoo,True,auto_labeled
8901030977084,1,skincare,body wash,True,auto_labeled
8901207040986,1,haircare,shampoo,True,auto_labeled
4072600703502,1,haircare,shampoo,True,auto_labeled
4063528009753,1,haircare,shampoo,True,auto_labeled
0827854013761,1,haircare,laque,True,auto_labeled
3600524138776,1,haircare,shampoo,True,auto_labeled
0808829115659,1,skincare,body lotion,True,auto_labeled
3701209200129,1,skincare,savon,True,auto_labeled
3700526004243,1,skincare,savon,True,auto_labeled
0736990013309,1,haircare,shampoo,True,auto_labeled
8851932332262,1,skincare,body wash,True,auto_labeled
7613269344384,1,haircare,shampoo,True,auto_labeled
6281006606104,2,skincare,serum,True,auto_labeled
3701209200105,1,skincare,savon,True,auto_labeled
41388600,1,skincare,lip balm,True,auto_labeled
3700526004274,1,skincare,savon,True,auto_labeled
3700526007688,1,skincare,savon,True,auto_labeled
0736990040213,1,haircare,shampoo,True,auto_labeled
4064666321523,1,haircare,conditioner,True,auto_labeled
8901248295048,1,skincare,face wash,True,auto_labeled
7621500209040,1,haircare,shampoo,True,auto_labeled
3612875116204,1,skincare,savon,True,auto_labeled
0803954304435,1,haircare,shampoo,True,auto_labeled
3560071325107,1,skincare,nettoyant,True,auto_labeled
7350001701486,1,haircare,shampoo,True,auto_labeled
0736990040015,1,haircare,shampoo,True,auto_labeled
3701209200150,3,skincare,savon,True,auto_labeled
4005808817603,2,skincare,shaving,True,auto_labeled
3701209200136,1,skincare,savon,True,auto_labeled
0850036696773,1,skincare,lip balm,True,auto_labeled
0694606110265,1,haircare,shampoo,True,auto_labeled
7898970341659,1,skincare,serum,True,auto_labeled
0842101105396,1,haircare,shampoo,True,auto_labeled
4066447216059,1,skincare,cleansing balm,True,auto_labeled
8901030945670,1,skincare,face wash,True,auto_labeled
8719134181166,1,haircare,shampoo,True,auto_labeled
8719134173031,1,skincare,body oil,True,auto_labeled
0667557985145,1,skincare,body cream,True,auto_labeled
8809874682747,1,skincare,body lotion,True,auto_labeled
0718117907395,1,skincare,cleanser,True,auto_labeled
3700194718503,1,haircare,shampoo,True,auto_labeled
3660005111476,1,haircare,shampoo,True,auto_labeled
0813424022653,1,haircare,conditioner,True,auto_labeled
0037000948797,1,skincare,deodorant,True,auto_labeled
4006000083773,1,skincare,body lotion,True,auto_labeled
5201410220834,1,skincare,hand cream,True,auto_labeled
4006000068435,1,skincare,micellar,True,auto_labeled
4056489309055,1,skincare,body lotion,True,auto_labeled
4005900388537,1,skincare,deodorant,True,auto_labeled
5060120169280,1,haircare,shampoo,True,auto_labeled
0022600003014,1,skincare,body cream,True,auto_labeled
0065743321140,1,skincare,hand soap,True,auto_labeled
4005808310715,1,skincare,shaving,True,auto_labeled
3600542444019,1,skincare,micellar,True,auto_labeled
0795094025823,1,skincare,deodorant,True,auto_labeled
3616301273226,1,makeup,concealer,True,auto_labeled
5901887049180,1,skincare,serum,True,auto_labeled
8029041122368,1,skincare,deodorant,True,auto_labeled
0062600430120,1,skincare,cleanser,True,auto_labeled
3574661774428,1,skincare,savon,True,auto_labeled
8006540124758,1,haircare,hair oil,True,auto_labeled
0840155603677,1,skincare,body lotion,True,auto_labeled
5060523017157,1,haircare,conditioner,True,auto_labeled
9358437000447,1,skincare,body wash,True,auto_labeled
3612623383452,1,haircare,shampoo,True,auto_labeled
8480000232779,3,skincare,shaving,True,auto_labeled
8720181210792,1,skincare,body wash,True,auto_labeled
5201279077822,1,haircare,shampoo,True,auto_labeled
5000477955082,1,haircare,laque,True,auto_labeled
5400606992740,1,skincare,body lotion,True,auto_labeled
4047196057247,1,haircare,shampoo,True,auto_labeled
4059729403667,1,makeup,nail polish,True,auto_labeled
8720665000079,1,haircare,conditioner,True,auto_labeled
5901638427298,1,skincare,body butter,True,auto_labeled
8720181213083,1,haircare,shampoo,True,auto_labeled
6150837045072,1,skincare,deodorant,True,auto_labeled
8720181195662,1,skincare,body lotion,True,auto_labeled
0558044581622,1,skincare,antiperspirant,True,auto_labeled
4000196014313,1,skincare,hand cream,True,auto_labeled
3600551142227,1,haircare,shampoo,True,auto_labeled
8410757102131,1,skincare,lip balm,True,auto_labeled
3600542575867,1,haircare,shampoo,True,auto_labeled
8711600456877,1,skincare,body lotion,True,auto_labeled
3616305703231,1,makeup,bb cream,True,auto_labeled
4066447704945,3,skincare,liquid soap,True,auto_labeled
4006000017402,1,skincare,serum,True,auto_labeled
42390077,1,skincare,hand cream,True,auto_labeled
3616302463909,1,makeup,eyeshadow,True,auto_labeled
9300607375008,1,haircare,shampoo,True,auto_labeled
9000101266443,1,haircare,laque,True,auto_labeled
00008992,1,makeup,primer,True,auto_labeled
4005800294327,1,skincare,serum,True,auto_labeled
4066447330915,1,haircare,shampoo,True,auto_labeled
4066447080810,1,makeup,lip gloss,True,auto_labeled
4066447564761,1,makeup,highlighter,True,auto_labeled
4066447519358,1,makeup,lip liner,True,auto_labeled
4010355890573,1,makeup,eyeliner,True,auto_labeled
4058172101816,1,makeup,lipstick,True,auto_labeled
5704947002787,1,skincare,hand cream,True,auto_labeled
0019100251090,1,skincare,body lotion,True,auto_labeled
5902751446838,1,makeup,nail polish,True,auto_labeled
59095798,1,skincare,deodorant,True,auto_labeled
8720181079177,1,skincare,body wash,True,auto_labeled
5028197252564,1,skincare,body butter,True,auto_labeled
4065331003683,1,haircare,shampoo,True,auto_labeled
8430055004807,2,skincare,deodorant,True,auto_labeled
9000101246124,1,skincare,hand cream,True,auto_labeled
4005900861702,1,skincare,hand cream,True,auto_labeled
8720181336058,1,skincare,shower gel,True,auto_labeled
3574661352527,1,skincare,eye cream,True,auto_labeled
4305615700373,1,makeup,nail polish,True,auto_labeled
3760277823272,1,skincare,nettoyant,True,auto_labeled
3796181429675,1,haircare,shampoo,True,auto_labeled
8008970011622,1,haircare,shampoo,True,auto_labeled
7898606741433,1,haircare,shampoo,True,auto_labeled
0012044047187,1,skincare,deodorant,True,auto_labeled
8429979472595,1,skincare,serum,True,auto_labeled
5203411053619,1,skincare,body lotion,True,auto_labeled
9346630099924,1,skincare,sunscreen,True,auto_labeled
8721073618474,1,skincare,body oil,True,auto_labeled
9343643012568,1,makeup,nail polish,True,auto_labeled
3342010030088,1,skincare,savon,True,auto_labeled
8693495050692,1,skincare,savon,True,auto_labeled
4005900900593,1,skincare,body lotion,True,auto_labeled
6937945156452,1,skincare,savon,True,auto_labeled
6186000195244,1,skincare,savon,True,auto_labeled
6176000003908,1,skincare,savon,True,auto_labeled
6130024165288,2,skincare,nettoyant,True,auto_labeled
7630028601533,1,skincare,nettoyant,True,auto_labeled
3172350000201,1,skincare,nettoyant,True,auto_labeled
6922655791758,1,skincare,cleanser,True,auto_labeled
6111242970533,7,skincare,savon,True,auto_labeled
0629283001308,1,skincare,savon,True,auto_labeled
6131645000040,1,skincare,savon,True,auto_labeled
3760309700335,1,skincare,savon,True,auto_labeled
8719134163322,1,skincare,shower gel,True,auto_labeled
4260665551316,1,haircare,shampoo,True,auto_labeled
8436568711614,1,skincare,eye cream,True,auto_labeled
0764302901419,1,haircare,shampoo,True,auto_labeled
8906050591869,1,skincare,face wash,True,auto_labeled
5028197555085,1,skincare,body butter,True,auto_labeled
5000167365078,1,makeup,loose powder,True,auto_labeled
0792850908468,1,skincare,lip balm,True,auto_labeled
3600520977737,1,makeup,gloss,True,auto_labeled
3600551146263,1,skincare,deodorant,True,auto_labeled
3600542525671,2,haircare,shampoo,True,auto_labeled
4084500488465,1,skincare,deodorant,True,auto_labeled
3661434002960,4,skincare,nettoyant,True,auto_labeled
3574661701370,1,skincare,gel douche,True,auto_labeled
3574661574035,3,haircare,shampoo,True,auto_labeled
3282770148275,2,haircare,shampoo,True,auto_labeled
6111024010075,2,skincare,gel douche,True,auto_labeled
3015810589284,2,skincare,savon,True,auto_labeled
8999999562199,1,skincare,serum,True,auto_labeled
8690506473648,3,skincare,deodorant,True,auto_labeled
3574661574042,1,haircare,shampoo,True,auto_labeled
42390091,2,skincare,creme mains,True,auto_labeled
0859139006618,4,skincare,deodorant,True,auto_labeled
3574661646992,1,skincare,body oil,True,auto_labeled
3574660135794,1,skincare,cleanser,True,auto_labeled
0002697807054,1,skincare,toner,True,auto_labeled
8901138512811,5,skincare,face wash,True,auto_labeled
0302993927341,4,skincare,cleanser,True,auto_labeled
5060565106215,1,skincare,serum,True,auto_labeled
8402001013607,1,haircare,shampoo,True,auto_labeled
3327520004347,1,haircare,leave-in,True,auto_labeled
0309971370281,1,makeup,nail polish,True,auto_labeled
0096619140138,1,skincare,bar soap,True,auto_labeled
35647898,1,haircare,hair oil,True,auto_labeled
0022796901200,1,haircare,shampoo,True,auto_labeled
0037000823384,1,haircare,shampoo,True,auto_labeled
0667550549023,2,skincare,body lotion,True,auto_labeled
3574669909853,1,haircare,conditioner,True,auto_labeled
0041554541403,4,makeup,foundation,True,auto_labeled
5020465201687,1,skincare,body cream,True,auto_labeled
8480000787323,1,skincare,serum,True,auto_labeled
3661467000643,1,skincare,cleanser,True,auto_labeled
0010181033131,1,haircare,conditioner,True,auto_labeled
0074182268008,3,skincare,hand soap,True,auto_labeled
3660005089072,1,skincare,body wash,True,auto_labeled
8719134149586,2,skincare,body cream,True,auto_labeled
0041554238761,2,makeup,foundation,True,auto_labeled
8901030937507,1,skincare,face wash,True,auto_labeled
8901526593705,1,skincare,face wash,True,auto_labeled
8906014201308,3,haircare,hair oil,True,auto_labeled
3410280099200,1,haircare,shampoo,True,auto_labeled
3401360094697,1,skincare,savon,True,auto_labeled
0381370033875,2,skincare,cleanser,True,auto_labeled
0819156020240,2,haircare,laque,True,auto_labeled
0792850110991,2,skincare,lip balm,True,auto_labeled
00614139,2,skincare,hand soap,True,auto_labeled
0041554217964,2,makeup,mascara,True,auto_labeled
5060420331134,3,skincare,micellar,True,auto_labeled
0050428290057,1,skincare,hand soap,True,auto_labeled
3660005880044,2,makeup,fond de teint,True,auto_labeled
8720289263850,1,skincare,sheet mask,True,auto_labeled
8901138508142,2,skincare,body lotion,True,auto_labeled
00560931,1,skincare,hand soap,True,auto_labeled
0042887700543,1,skincare,hand soap,True,auto_labeled
3701429822507,1,skincare,lait corps,True,auto_labeled
0870173002220,1,skincare,body cream,True,auto_labeled
8712561467636,2,skincare,cleanser,True,auto_labeled
8719134001792,1,skincare,body cream,True,auto_labeled
4056489017295,1,haircare,pomade,True,auto_labeled
3401360156456,2,skincare,essence,True,auto_labeled
0667555435338,1,skincare,hand soap,True,auto_labeled
0764302271239,1,skincare,bar soap,True,auto_labeled
8809658121349,1,skincare,serum,True,auto_labeled
0858958006038,1,skincare,bar soap,True,auto_labeled
0636874120140,1,skincare,hand soap,True,auto_labeled
0017000121581,1,skincare,hand soap,True,auto_labeled
0018787785058,1,skincare,bar soap,True,auto_labeled
0096619042326,1,haircare,shampoo,True,auto_labeled
5060060211773,1,skincare,hand soap,True,auto_labeled
7702018572342,1,skincare,serum,True,auto_labeled
7640140383286,1,skincare,face wash,True,auto_labeled
3660005280066,1,skincare,lait corps,True,auto_labeled
8901012185292,2,skincare,sunblock,True,auto_labeled
0086800066507,1,skincare,serum,True,auto_labeled
8904245706579,1,skincare,body lotion,True,auto_labeled
8901138513627,1,skincare,face wash,True,auto_labeled
0819156022442,1,skincare,deodorant,True,auto_labeled
0817939018576,1,skincare,body wash,True,auto_labeled
0077043647509,1,skincare,body lotion,True,auto_labeled
8904006303290,1,skincare,deodorant,True,auto_labeled
0020714744762,1,skincare,face wash,True,auto_labeled
8906087773511,1,skincare,sheet mask,True,auto_labeled
0074182260125,6,skincare,hand soap,True,auto_labeled
0051009009662,1,skincare,shaving,True,auto_labeled
0096619165131,1,skincare,body wash,True,auto_labeled
0072151452229,1,skincare,clay mask,True,auto_labeled
8720701033696,1,skincare,sheet mask,True,auto_labeled
5037156202007,1,skincare,serum,True,auto_labeled
3660005571874,1,skincare,serum,True,auto_labeled
5037156246872,2,haircare,conditioner,True,auto_labeled
8431938010663,6,skincare,micellar,True,auto_labeled
8480017243898,1,skincare,hand soap,True,auto_labeled
8057017220060,1,haircare,shampoo,True,auto_labeled
00992008,4,skincare,sunscreen,True,auto_labeled
8410412100069,1,skincare,serum,True,auto_labeled
7630028609560,1,skincare,savon,True,auto_labeled
0381519019593,2,skincare,essence,True,auto_labeled
20344962,1,skincare,shower gel,True,auto_labeled
0687735301017,1,skincare,face wash,True,auto_labeled
0190679007117,2,skincare,essence,True,auto_labeled
0043834734390,1,skincare,hand soap,True,auto_labeled
0810058743848,1,haircare,conditioner,True,auto_labeled
8681554610925,1,skincare,shower gel,True,auto_labeled
7501029930109,1,makeup,primer,True,auto_labeled
7702018464692,1,skincare,shaving,True,auto_labeled
0028367837770,1,haircare,conditioner,True,auto_labeled
8904100018816,7,skincare,cleanser,True,auto_labeled
8410412100083,1,skincare,serum,True,auto_labeled
0030772017098,1,skincare,antiperspirant,True,auto_labeled
0809219000487,1,skincare,body wash,True,auto_labeled
0811170039581,1,skincare,hand soap,True,auto_labeled
0815601026904,2,makeup,gloss,True,auto_labeled
0041554433425,1,makeup,foundation,True,auto_labeled
0303162012059,1,skincare,sunscreen,True,auto_labeled
00030722,1,skincare,hand soap,True,auto_labeled
4806530870542,1,skincare,face mask,True,auto_labeled
6162400124190,1,haircare,hair cream,True,auto_labeled
8437015932620,4,skincare,serum,True,auto_labeled
8901138821784,1,haircare,hair cream,True,auto_labeled
0812154030334,1,skincare,body wash,True,auto_labeled
0681131403009,1,skincare,hand soap,True,auto_labeled
0019045288663,1,skincare,cleanser,True,auto_labeled
3574661612003,1,skincare,body cream,True,auto_labeled
0667558516881,1,skincare,hand soap,True,auto_labeled
6161106611584,1,skincare,bar soap,True,auto_labeled
0850008811821,2,skincare,hand soap,True,auto_labeled
8961014249019,1,skincare,face wash,True,auto_labeled
6161106610174,1,skincare,bar soap,True,auto_labeled
6161106610716,1,skincare,bar soap,True,auto_labeled
0810021201566,1,skincare,body wash,True,auto_labeled
6161106612567,1,skincare,bar soap,True,auto_labeled
0194506610723,1,skincare,bar soap,True,auto_labeled
6161106611959,1,skincare,bar soap,True,auto_labeled
0771313159555,1,skincare,savon,True,auto_labeled
0667558530665,1,skincare,hand soap,True,auto_labeled
8901526005178,1,skincare,serum,True,auto_labeled
8901138831059,1,skincare,face wash,True,auto_labeled
6281006409880,1,skincare,body lotion,True,auto_labeled
8901138835330,1,skincare,face wash,True,auto_labeled
0041260380594,1,skincare,hand soap,True,auto_labeled
8858854601254,1,skincare,sunblock,True,auto_labeled
0018787786055,1,skincare,bar soap,True,auto_labeled
4809012175555,1,makeup,nail polish,True,auto_labeled
0891317002906,1,skincare,liquid soap,True,auto_labeled
5060328891235,1,skincare,serum,True,auto_labeled
0850016678928,1,skincare,body wash,True,auto_labeled
0019045288632,1,skincare,body lotion,True,auto_labeled
0817252010905,1,skincare,bar soap,True,auto_labeled
0858293002955,1,skincare,bar soap,True,auto_labeled
12733232,1,skincare,hand soap,True,auto_labeled
0041260375521,1,skincare,hand soap,True,auto_labeled
0663204210257,1,skincare,bar soap,True,auto_labeled
0637792601001,1,skincare,bar soap,True,auto_labeled
0030772001691,1,skincare,hand soap,True,auto_labeled
0100000121245,1,skincare,hand soap,True,auto_labeled
8906087777762,1,skincare,face wash,True,auto_labeled
0859139006236,1,skincare,bar soap,True,auto_labeled
6223001386476,1,haircare,hair cream,True,auto_labeled
0816459022582,1,skincare,eye cream,True,auto_labeled
0344883712743,1,skincare,body wash,True,auto_labeled
0037000481843,1,skincare,body wash,True,auto_labeled
0371661829607,1,skincare,sunscreen,True,auto_labeled
0080878195336,1,haircare,conditioner,True,auto_labeled
8435624501121,1,skincare,sunscreen,True,auto_labeled
0850014765422,1,skincare,hand soap,True,auto_labeled
7072463113224,1,skincare,face mask,True,auto_labeled
8994993014675,1,skincare,serum,True,auto_labeled
30168121,1,makeup,mascara,True,auto_labeled
30173637,1,makeup,concealer,True,auto_labeled
3466762248444,1,makeup,primer,True,auto_labeled
8901207038457,2,haircare,hair oil,True,auto_labeled
8905110007784,1,skincare,shower gel,True,auto_labeled
8901548146873,1,skincare,face wash,True,auto_labeled
0492611854156,1,skincare,sheet mask,True,auto_labeled
7072463113200,1,skincare,face mask,True,auto_labeled
30171435,1,makeup,mascara,True,auto_labeled
30141681,1,makeup,eyeshadow,True,auto_labeled
3600530403622,1,makeup,foundation,True,auto_labeled
8906118411658,1,skincare,face mask,True,auto_labeled
8906044994980,1,skincare,body wash,True,auto_labeled
0737534800829,1,skincare,face mask,True,auto_labeled
0190577055975,1,skincare,liquid soap,True,auto_labeled
8901030890796,1,skincare,body lotion,True,auto_labeled
8901030869105,1,skincare,sunscreen,True,auto_labeled
8904035416411,2,skincare,face wash,True,auto_labeled
5060224370117,1,skincare,hand soap,True,auto_labeled
30143272,1,makeup,mascara,True,auto_labeled
0079625427721,1,skincare,face mask,True,auto_labeled
3574661412672,1,skincare,body wash,True,auto_labeled
4056489017332,1,makeup,eyebrow,True,auto_labeled
0810027130518,1,skincare,sheet mask,True,auto_labeled
8994993014699,1,skincare,serum,True,auto_labeled
30141544,1,makeup,eyeshadow,True,auto_labeled
30137301,1,makeup,blush,True,auto_labeled
02419787,1,skincare,shower gel,True,auto_labeled
3574661651682,1,skincare,eye cream,True,auto_labeled
8026678001967,1,skincare,micellar,True,auto_labeled
8904132918320,1,skincare,shower gel,True,auto_labeled
8904132918283,1,skincare,face wash,True,auto_labeled
8901030877070,1,skincare,serum,True,auto_labeled
3538893334010,1,skincare,mousse à raser,True,auto_labeled
6281006548558,1,haircare,conditioner,True,auto_labeled
5060151640086,1,skincare,face mask,True,auto_labeled
0057800897309,1,skincare,sheet mask,True,auto_labeled
0041520111951,1,skincare,hand soap,True,auto_labeled
0839977005028,1,skincare,face wash,True,auto_labeled
4792054000315,1,skincare,face wash,True,auto_labeled
5060391844190,1,skincare,face mask,True,auto_labeled
6941349313977,2,skincare,face mask,True,auto_labeled
3574661482378,3,skincare,body cream,True,auto_labeled
3600531320065,1,makeup,mascara,True,auto_labeled
7046110070758,1,skincare,body lotion,True,auto_labeled
8994993014651,1,skincare,serum,True,auto_labeled
0850010950013,2,skincare,face mask,True,auto_labeled
7310610021153,1,skincare,body lotion,True,auto_labeled
30141636,1,makeup,eyeshadow,True,auto_labeled
30167681,1,makeup,mascara,True,auto_labeled
3574661352541,1,skincare,eye cream,True,auto_labeled
3574661591599,1,skincare,serum,True,auto_labeled
3600531225919,1,makeup,foundation,True,auto_labeled
1210000800237,1,skincare,serum,True,auto_labeled
0071661829507,1,skincare,sunscreen,True,auto_labeled
8436025304779,1,skincare,face mask,True,auto_labeled
7319470058385,3,skincare,shower gel,True,auto_labeled
8801051478280,1,makeup,primer,True,auto_labeled
8904132918313,2,skincare,shower gel,True,auto_labeled
0841320101202,1,skincare,cleanser,True,auto_labeled
0302993921165,1,skincare,shower gel,True,auto_labeled
6281006598393,1,skincare,face wash,True,auto_labeled
0037000974680,1,skincare,body wash,True,auto_labeled
8901207096662,1,haircare,hair oil,True,auto_labeled
5397204189972,3,makeup,setting spray,True,auto_labeled
6291103988454,1,skincare,body lotion,True,auto_labeled
9327693006913,2,haircare,conditioner,True,auto_labeled
0011111722590,2,skincare,body wash,True,auto_labeled
30176911,1,makeup,mascara,True,auto_labeled
0041554238709,1,makeup,foundation,True,auto_labeled
4099100235418,1,skincare,hand soap,True,auto_labeled
0667557122793,1,skincare,hand soap,True,auto_labeled
5045098964495,1,skincare,body butter,True,auto_labeled
5011451105782,1,skincare,bar soap,True,auto_labeled
0819978026987,1,skincare,hand soap,True,auto_labeled
5060060211247,1,skincare,hand soap,True,auto_labeled
0180969000829,1,skincare,hand soap,True,auto_labeled
6973665941701,1,skincare,serum,True,auto_labeled
4800888207111,1,skincare,serum,True,auto_labeled
6001374079344,1,skincare,body cream,True,auto_labeled
9321299102222,1,skincare,sunscreen,True,auto_labeled
0767519549023,1,skincare,body lotion,True,auto_labeled
4800888207128,1,skincare,serum,True,auto_labeled
8904109463082,1,haircare,hair oil,True,auto_labeled
0850029599074,1,skincare,body wash,True,auto_labeled
0834576005653,1,skincare,body lotion,True,auto_labeled
0079400083913,1,haircare,conditioner,True,auto_labeled
4809014506616,1,makeup,gloss,True,auto_labeled
6251007003158,1,skincare,body wash,True,auto_labeled
0607203023814,1,skincare,sheet mask,True,auto_labeled
0354301002462,1,skincare,sunscreen,True,auto_labeled
0605923510706,1,skincare,facial mist,True,auto_labeled
05619016,1,skincare,face mask,True,auto_labeled
7350075690723,1,skincare,face mask,True,auto_labeled
07398773,1,skincare,face mask,True,auto_labeled
8851932404105,1,skincare,serum,True,auto_labeled
8906087771326,1,skincare,face mask,True,auto_labeled
0058000308732,1,skincare,hand soap,True,auto_labeled
0190679004604,2,skincare,essence,True,auto_labeled
0082121800257,1,skincare,face mask,True,auto_labeled
0011111004535,1,skincare,body wash,True,auto_labeled
0841956055450,1,skincare,shaving,True,auto_labeled
0810026290091,2,skincare,body wash,True,auto_labeled
8051016107346,1,skincare,clay mask,True,auto_labeled
73987488000699,1,skincare,body wash,True,auto_labeled
8699954702058,1,skincare,face mask,True,auto_labeled
0819265008016,2,skincare,serum,True,auto_labeled
0017000170732,1,skincare,body wash,True,auto_labeled
0812154033304,1,skincare,body wash,True,auto_labeled
8809429951502,2,skincare,serum,True,auto_labeled
8904109451881,1,skincare,cleanser,True,auto_labeled
8901023000034,2,skincare,deodorant,True,auto_labeled
0793573150042,2,skincare,body wash,True,auto_labeled
0817513019074,1,haircare,conditioner,True,auto_labeled
0017000161839,1,skincare,body wash,True,auto_labeled
8906118413218,1,skincare,body wash,True,auto_labeled
5037156227383,1,haircare,conditioner,True,auto_labeled
0066400013088,1,skincare,essence,True,auto_labeled
5037156237627,1,haircare,conditioner,True,auto_labeled
0190679004581,3,haircare,hair mask,True,auto_labeled
8712561625760,1,skincare,body wash,True,auto_labeled
0603084550050,4,haircare,hair mask,True,auto_labeled
0309971370267,1,makeup,nail polish,True,auto_labeled
5410076390519,1,haircare,conditioner,True,auto_labeled
0381519186837,1,haircare,conditioner,True,auto_labeled
5410076518500,1,haircare,conditioner,True,auto_labeled
5012874104376,1,makeup,nail polish,True,auto_labeled
0071249363249,1,skincare,clay mask,True,auto_labeled
5011408043204,1,haircare,hairspray,True,auto_labeled
7640144130312,1,skincare,serum,True,auto_labeled
5410076518456,1,haircare,conditioner,True,auto_labeled
8904277700026,1,makeup,foundation,True,auto_labeled
5901018016180,1,makeup,eyebrow,True,auto_labeled
0810083680354,1,skincare,body wash,True,auto_labeled
4800888141194,1,haircare,dandruff,True,auto_labeled
0381370039556,2,skincare,body wash,True,auto_labeled
4796005667695,1,skincare,face wash,True,auto_labeled
0071249651018,2,haircare,conditioner,True,auto_labeled
8999999556693,1,skincare,body wash,True,auto_labeled
8901030861482,1,skincare,face wash,True,auto_labeled
8480000787347,1,skincare,serum,True,auto_labeled
8902269511506,1,skincare,face wash,True,auto_labeled
0017000092645,2,skincare,hand soap,True,auto_labeled
0765573949292,1,haircare,hair oil,True,auto_labeled
8906118416486,2,skincare,serum,True,auto_labeled
0381519019654,2,skincare,essence,True,auto_labeled
0078522090076,1,skincare,deodorant,True,auto_labeled
3660005129822,1,skincare,lait corps,True,auto_labeled
8720181438691,1,skincare,antiperspirant,True,auto_labeled
0667659326211,1,skincare,hand soap,True,auto_labeled
3468080150874,3,skincare,gel douche,True,auto_labeled
8721008778006,1,skincare,deodorant,True,auto_labeled
5028197129439,1,skincare,body butter,True,auto_labeled
3574661774435,1,skincare,savon,True,auto_labeled
5203069074813,1,skincare,body cream,True,auto_labeled
3660005680163,1,haircare,shampoo,True,auto_labeled
0309971370182,1,makeup,nail polish,True,auto_labeled
8720182523877,1,skincare,body wash,True,auto_labeled
8693495051125,1,skincare,hand soap,True,auto_labeled
3616304240423,1,skincare,shower gel,True,auto_labeled
9319944022520,1,skincare,cleanser,True,auto_labeled
7310610029784,1,haircare,shampoo,True,auto_labeled
59095736,1,skincare,deodorant,True,auto_labeled
5000119700018,1,makeup,nail polish,True,auto_labeled
5060677254118,1,skincare,hand cream,True,auto_labeled
42449737,1,skincare,deodorant,True,auto_labeled
4064666583723,1,haircare,shampoo,True,auto_labeled
3760100682137,1,haircare,hair spray,True,auto_labeled
8700216509015,1,haircare,conditioner,True,auto_labeled
3600551125763,3,skincare,savon,True,auto_labeled
3574661657820,1,skincare,savon,True,auto_labeled
0605923471083,1,skincare,body lotion,True,auto_labeled
4987176043405,1,haircare,hair oil,True,auto_labeled
4036221610793,1,skincare,toner,True,auto_labeled
6215000201355,1,skincare,shaving,True,auto_labeled
3596710525683,1,skincare,gel douche,True,auto_labeled
0058000140271,1,skincare,hand soap,True,auto_labeled
0305210042230,1,skincare,body lotion,True,auto_labeled
5045098644212,1,makeup,cleansing wipe,True,auto_labeled
8850006493502,1,skincare,body wash,True,auto_labeled
0664563630540,1,haircare,shampoo,True,auto_labeled
3600551138916,1,haircare,shampoo,True,auto_labeled
4088600561509,1,skincare,body wash,True,auto_labeled
4208862772000400,1,haircare,shampoo,True,auto_labeled
3574664652938,1,skincare,gel douche,True,auto_labeled
4005900036469,3,skincare,deodorant,True,auto_labeled
3252550620116,1,skincare,savon,True,auto_labeled
73201663,1,makeup,nail polish,True,auto_labeled
9327693004339,1,skincare,body lotion,True,auto_labeled
42417774,1,skincare,hand cream,True,auto_labeled
0667559300953,1,haircare,conditioner,True,auto_labeled
3574661711218,1,skincare,shower gel,True,auto_labeled
0743690086199,1,haircare,conditioner,True,auto_labeled
0083078004897,1,skincare,lip balm,True,auto_labeled
3052505100102,1,skincare,lip balm,True,auto_labeled
3178041354516,1,skincare,gel douche,True,auto_labeled
4006000083810,1,skincare,body lotion,True,auto_labeled
0688047138087,1,haircare,shampoo,True,auto_labeled
0625336003497,1,haircare,hair spray,True,auto_labeled
3251241035208,1,skincare,gel douche,True,auto_labeled
0851228005618,1,skincare,lip balm,True,auto_labeled
0792850006638,1,skincare,body lotion,True,auto_labeled
4820216920581,1,haircare,shampoo,True,auto_labeled
0037000919858,1,skincare,body wash,True,auto_labeled
0603084490943,1,skincare,micellar,True,auto_labeled
50082728,1,skincare,deodorant,True,auto_labeled
4006000078946,3,skincare,lait corps,True,auto_labeled
3600542318877,1,haircare,shampoo,True,auto_labeled
0818625024338,1,skincare,serum,True,auto_labeled
0927943205425,1,haircare,shampoo,True,auto_labeled
5901887008460,1,skincare,hand cream,True,auto_labeled
00673488,1,skincare,body cream,True,auto_labeled
4049775555229,1,makeup,lip gloss,True,auto_labeled
8422410420841,1,skincare,deodorant,True,auto_labeled
0888761587783,1,skincare,lip balm,True,auto_labeled
4067796169737,1,skincare,hand cream,True,auto_labeled
4987176234292,1,haircare,hair oil,True,auto_labeled
8718481351864,1,skincare,savon,True,auto_labeled
5425021838107,1,skincare,savon,True,auto_labeled
3760062889957,1,skincare,nettoyant,True,auto_labeled
3522930004141,1,haircare,shampoo,True,auto_labeled
3574660066227,1,skincare,hand cream,True,auto_labeled
5901887054887,1,skincare,serum,True,auto_labeled
5203069098321,1,skincare,sunscreen,True,auto_labeled
42217428,1,skincare,deodorant,True,auto_labeled
5410091775353,1,haircare,shampoo,True,auto_labeled
8720181537851,2,haircare,shampoo,True,auto_labeled
8908016247100,1,haircare,shampoo,True,auto_labeled
10795847750078,1,skincare,face mask,True,auto_labeled
4005800310102,1,skincare,booster,True,auto_labeled
8719134163063,1,haircare,shampoo,True,auto_labeled
5051389044937,1,skincare,deodorant,True,auto_labeled
8719134161076,1,haircare,shampoo,True,auto_labeled
7310610026752,1,skincare,face wash,True,auto_labeled
0946499095410,1,haircare,shampoo,True,auto_labeled
0075486091897,1,skincare,sunscreen,True,auto_labeled
0769915234411,1,skincare,serum,True,auto_labeled
4015100816563,1,makeup,gloss,True,auto_labeled
9102453113625,5,skincare,face wash,True,auto_labeled
3264680044922,1,skincare,serum,True,auto_labeled
59002185,1,skincare,deodorant,True,auto_labeled
8700216208680,1,haircare,shampoo,True,auto_labeled
4066447577341,1,skincare,serum,True,auto_labeled
4311501678572,1,haircare,shampoo,True,auto_labeled
8402001020810,3,skincare,serum,True,auto_labeled
0713708723323,1,haircare,conditioner,True,auto_labeled
3770000717624,1,skincare,nettoyant,True,auto_labeled
0030772196533,3,haircare,conditioner,True,auto_labeled
9005800307510,1,skincare,shower gel,True,auto_labeled
8901138815721,1,haircare,hair cream,True,auto_labeled
8595196902808,1,makeup,nail polish,True,auto_labeled
8720181299902,1,skincare,deodorant,True,auto_labeled
6412600843323,1,skincare,toner,True,auto_labeled
8004395133703,1,skincare,hand cream,True,auto_labeled
8002410012071,1,skincare,deodorant,True,auto_labeled
3760100681765,1,skincare,lait corps,True,auto_labeled
8001090967558,1,haircare,shampoo,True,auto_labeled
4005900105097,1,skincare,sunscreen,True,auto_labeled
3506770001034,1,skincare,sunscreen,True,auto_labeled
6291069701272,1,haircare,shampoo,True,auto_labeled
8906081291424,2,skincare,sunscreen,True,auto_labeled
3574661353562,1,skincare,shower gel,True,auto_labeled
3600551124353,1,skincare,mousse à raser,True,auto_labeled
8004395001118,1,skincare,shaving,True,auto_labeled
4056489017448,1,skincare,face mask,True,auto_labeled
0030772062814,1,haircare,shampoo,True,auto_labeled
0071249364840,1,haircare,conditioner,True,auto_labeled
9310714225141,1,haircare,conditioner,True,auto_labeled
8901526102655,1,haircare,shampoo,True,auto_labeled
7640183490224,1,skincare,serum,True,auto_labeled
7392173043421,1,skincare,hand cream,True,auto_labeled
7702018601899,1,skincare,shaving,True,auto_labeled
0035000996749,2,skincare,body wash,True,auto_labeled
5012874299430,1,makeup,nail polish,True,auto_labeled
3600542525701,1,haircare,shampoo,True,auto_labeled
3574661602691,1,skincare,hand cream,True,auto_labeled
8720181286902,1,skincare,deodorant,True,auto_labeled
0041520164513,1,makeup,nail polish,True,auto_labeled
4015100190199,1,haircare,hairspray,True,auto_labeled
4066447348477,1,makeup,concealer,True,auto_labeled
4065331001306,1,haircare,shampoo,True,auto_labeled
3600542572194,1,haircare,shampoo,True,auto_labeled
4005900771209,2,skincare,body oil,True,auto_labeled
8700216318273,1,haircare,shampoo,True,auto_labeled
4006000100999,1,skincare,mousse à raser,True,auto_labeled
3600542643191,1,haircare,shampoo,True,auto_labeled
8809563065448,1,skincare,serum,True,auto_labeled
0062600060488,1,skincare,body wash,True,auto_labeled
0717226271854,1,haircare,shampoo,True,auto_labeled
6221155052841,1,haircare,shampoo,True,auto_labeled
6001051004744,1,skincare,body cream,True,auto_labeled
8904256005319,1,skincare,face wash,True,auto_labeled
4005808246014,1,skincare,body lotion,True,auto_labeled
8436097095384,3,skincare,gel douche,True,auto_labeled
0711221983866,1,skincare,deodorant,True,auto_labeled
4340043891170,2,haircare,soin cheveux,True,auto_labeled
5410091728618,5,skincare,deodorant,True,auto_labeled
6111260730713,1,skincare,body lotion,True,auto_labeled
4902430789318,1,skincare,shaving,True,auto_labeled
3614220954011,1,makeup,foundation,True,auto_labeled
0769915194791,1,skincare,cleanser,True,auto_labeled
0080878187065,1,makeup,primer,True,auto_labeled
0010181041235,1,skincare,body oil,True,auto_labeled
0012044037539,6,skincare,deodorant,True,auto_labeled
3499320014519,1,skincare,cleanser,True,auto_labeled
6281006534988,1,haircare,conditioner,True,auto_labeled
0819156023432,1,haircare,laque,True,auto_labeled
4015100864915,1,haircare,shampoo,True,auto_labeled
9120130822868,1,haircare,shampoo,True,auto_labeled
8901030996153,1,haircare,shampoo,True,auto_labeled
8718951577039,1,haircare,shampoo,True,auto_labeled
4067796179712,1,haircare,shampoo,True,auto_labeled
7702354957643,1,haircare,shampoo,True,auto_labeled
7702354957636,1,haircare,shampoo,True,auto_labeled
4058172313158,1,haircare,shampoo,True,auto_labeled
5397208184072,1,haircare,shampoo,True,auto_labeled
4056489481676,1,haircare,shampoo,True,auto_labeled
8904319400914,1,haircare,shampoo,True,auto_labeled
7790740001377,1,haircare,shampoo,True,auto_labeled
4005900179968,1,haircare,shampoo,True,auto_labeled
4902430396554,1,haircare,shampoo,True,auto_labeled
10467630,1,haircare,shampoo,True,auto_labeled
0736990012104,1,haircare,shampoo,True,auto_labeled
0736990040701,1,haircare,shampoo,True,auto_labeled
3600523966042,1,haircare,shampoo,True,auto_labeled
0736990013156,1,haircare,shampoo,True,auto_labeled
0736990013552,1,haircare,shampoo,True,auto_labeled
5281019900412,1,haircare,shampoo,True,auto_labeled
0037000733140,1,haircare,shampoo,True,auto_labeled
0094000144727,1,haircare,shampoo,True,auto_labeled
8690529513932,1,skincare,bar soap,True,auto_labeled
0018787782057,2,skincare,bar soap,True,auto_labeled
6295120060193,1,skincare,bar soap,True,auto_labeled
6001067004318,1,skincare,bar soap,True,auto_labeled
6001106110697,1,skincare,bar soap,True,auto_labeled
6295120060186,1,skincare,bar soap,True,auto_labeled
6295120046876,1,skincare,bar soap,True,auto_labeled
3596710553112,1,haircare,shampoo,True,auto_labeled
3275179350592,1,makeup,rouge a levres,True,auto_labeled
8435477906432,1,makeup,rouge à lèvres,True,auto_labeled
3700843521256,1,makeup,rouge à lèvres,True,auto_labeled
6111246360514,1,skincare,savon,True,auto_labeled
6111246360507,1,skincare,savon,True,auto_labeled
6111246360545,1,skincare,savon,True,auto_labeled
8719325558869,1,skincare,hand soap,True,auto_labeled
8058664138388,1,haircare,shampoo,True,auto_labeled
3600530733644,1,makeup,concealer,True,auto_labeled
3760100193718,1,skincare,gel douche,True,auto_labeled
8719134163155,1,skincare,body oil,True,auto_labeled
6973469672030,1,haircare,shampoo,True,auto_labeled
0022796910066,1,haircare,conditioner,True,auto_labeled
0079400637635,1,skincare,body wash,True,auto_labeled
3655418377632,1,haircare,shampoo,True,auto_labeled
4305615704791,4,makeup,setting spray,True,auto_labeled
8720964893532,4,skincare,sheet mask,True,auto_labeled
3052503745220,1,makeup,foundation,True,auto_labeled
0699838224322,2,skincare,body cream,True,auto_labeled
4006000083476,1,skincare,body lotion,True,auto_labeled
3474393045974,1,makeup,vernis à ongles,True,auto_labeled
5051089988227,1,skincare,savon,True,auto_labeled
3600542551205,1,haircare,shampoo,True,auto_labeled
5904730627627,1,skincare,face wash,True,auto_labeled
8809738600214,1,skincare,toner,True,auto_labeled
3574661213187,1,haircare,shampoo,True,auto_labeled
7310617312780,1,skincare,hand soap,True,auto_labeled
3701159001869,1,skincare,savon,True,auto_labeled
4066447591668,1,skincare,gel douche,True,auto_labeled
3660005593258,1,makeup,fard à paupières,True,auto_labeled
4056489970873,1,skincare,gel douche,True,auto_labeled
6281722056276,1,haircare,shampoo,True,auto_labeled
40060729,2,skincare,hand cream,True,auto_labeled
30173620,4,makeup,concealer,True,auto_labeled
5202663195955,1,skincare,hand cream,True,auto_labeled
00619059,1,skincare,toner,True,auto_labeled
3250392472986,5,haircare,crème décolorante,True,auto_labeled
7073231001699,1,haircare,conditioner,True,auto_labeled
0840191602917,1,skincare,body lotion,True,auto_labeled
0074469513951,1,haircare,shampoo,True,auto_labeled
0074469513906,1,haircare,conditioner,True,auto_labeled
0074469523981,1,haircare,shampoo,True,auto_labeled
0074469523950,1,haircare,conditioner,True,auto_labeled
7290011521202,1,haircare,conditioner,True,auto_labeled
7290011521141,1,haircare,hair mask,True,auto_labeled
3474636974214,1,haircare,shampoo,True,auto_labeled
8437020545075,1,haircare,shampoo,True,auto_labeled
7506306246317,1,haircare,shampoo,True,auto_labeled
0744109218965,1,skincare,serum,True,auto_labeled
4800888158932,1,skincare,deodorant,True,auto_labeled
8004608236597,1,haircare,shampoo,True,auto_labeled
8006540289945,1,skincare,deodorant,True,auto_labeled
0345334200123,1,haircare,shampoo,True,auto_labeled
3178040672826,1,haircare,laque,True,auto_labeled
4791111143866,1,haircare,shampoo,True,auto_labeled
0840191600937,1,skincare,gel douche,True,auto_labeled
3600551054308,1,skincare,gel douche,True,auto_labeled
7613107300046,1,skincare,savon,True,auto_labeled
7613107300114,3,skincare,savon,True,auto_labeled
4005900644077,1,skincare,mousse à raser,True,auto_labeled
6291108734940,2,skincare,deodorant,True,auto_labeled
4260421981814,6,skincare,deodorant,True,auto_labeled
8001841271880,1,haircare,shampoo,True,auto_labeled
8718951320239,1,skincare,gel douche,True,auto_labeled
8710447381038,2,skincare,gel douche,True,auto_labeled
3701436910556,1,skincare,savon,True,auto_labeled
8050507530489,1,haircare,shampoo,True,auto_labeled
4047247997898,1,haircare,shampoo,True,auto_labeled
3600522249634,1,skincare,serum,True,auto_labeled
4066447745443,1,haircare,shampoo,True,auto_labeled
0603084560707,4,haircare,conditioner,True,auto_labeled
0808124111042,1,skincare,hand soap,True,auto_labeled
3256225719037,1,skincare,mousse à raser,True,auto_labeled
0037000944393,2,haircare,conditioner,True,auto_labeled
5060571721150,2,skincare,eye cream,True,auto_labeled
05025605,1,skincare,serum,True,auto_labeled
8017990007690,2,skincare,face mask,True,auto_labeled
0035000269218,3,skincare,body wash,True,auto_labeled
4103040019400,1,haircare,shampoo,True,auto_labeled
4823109408173,1,haircare,pomade,True,auto_labeled
8001841266848,1,haircare,conditioner,True,auto_labeled
6931978115738,1,haircare,hair treatment,True,auto_labeled
6224010337428,1,haircare,hair cream,True,auto_labeled
4894532923489,3,skincare,micellar,True,auto_labeled
8719238021139,1,haircare,hair mask,True,auto_labeled
8001841214566,2,haircare,shampoo,True,auto_labeled
8001841012094,1,haircare,shampoo,True,auto_labeled
8001841267111,1,haircare,shampoo,True,auto_labeled
8001090222541,1,haircare,shampoo,True,auto_labeled
8001841267029,1,haircare,shampoo,True,auto_labeled
8001841500645,1,haircare,shampoo,True,auto_labeled
0862287000407,1,skincare,body wash,True,auto_labeled
8006540810675,1,haircare,shampoo,True,auto_labeled
8901030924200,1,haircare,shampoo,True,auto_labeled
8001090667038,1,haircare,shampoo,True,auto_labeled
8001090633354,1,haircare,shampoo,True,auto_labeled
8001090222787,1,haircare,shampoo,True,auto_labeled
0720212570626,2,haircare,shampoo,True,auto_labeled
8001090094025,1,haircare,shampoo,True,auto_labeled
8001841413563,1,haircare,shampoo,True,auto_labeled
8001841389486,1,haircare,shampoo,True,auto_labeled
4987176072993,1,haircare,shampoo,True,auto_labeled
0037000971375,1,haircare,shampoo,True,auto_labeled
0037000786535,1,haircare,shampoo,True,auto_labeled
0037000011965,1,haircare,shampoo,True,auto_labeled
4051089815029,4,haircare,shampoo,True,auto_labeled
4063367117190,1,haircare,shampoo,True,auto_labeled
4017645027770,1,haircare,shampoo,True,auto_labeled
4048882267162,1,haircare,shampoo,True,auto_labeled
7630028604077,1,haircare,shampoo,True,auto_labeled
3700593604308,2,skincare,savon,True,auto_labeled
3600542427548,1,skincare,sheet mask,True,auto_labeled
4335619070042,1,haircare,gel coiffant,True,auto_labeled
3760100203981,2,haircare,shampoo,True,auto_labeled
4305615307718,1,haircare,shampoo,True,auto_labeled
3600551172279,2,haircare,shampoo,True,auto_labeled
8402001013614,2,haircare,conditioner,True,auto_labeled
3337875917940,1,skincare,serum,True,auto_labeled
3696000556523,1,skincare,cleanser,True,auto_labeled
3701129809082,1,skincare,micellar,True,auto_labeled
3600523755714,4,haircare,shampoo,True,auto_labeled
4059729394330,1,makeup,foundation,True,auto_labeled
6291069700572,1,haircare,hair oil,True,auto_labeled
6224008073932,1,haircare,conditioner,True,auto_labeled
8720256109105,1,haircare,shampoo,True,auto_labeled
3282770207774,1,skincare,nettoyant,True,auto_labeled
3600542518383,8,skincare,serum,True,auto_labeled
5902539700657,7,haircare,hair mask,True,auto_labeled
8001090374417,1,skincare,serum,True,auto_labeled
8006540903346,1,skincare,serum,True,auto_labeled
00001060,2,makeup,nail polish,True,auto_labeled
8809576260601,1,skincare,ampoule,True,auto_labeled
3660005313764,1,skincare,nettoyant,True,auto_labeled
5060120174345,1,haircare,shampoo,True,auto_labeled
5060120174369,1,haircare,conditioner,True,auto_labeled
6132502980536,1,haircare,shampoo,True,auto_labeled
0717334255012,2,skincare,eye cream,True,auto_labeled
5900117095232,1,haircare,shampoo,True,auto_labeled
0737052354996,1,skincare,deodorant,True,auto_labeled
3700376300434,1,skincare,savon,True,auto_labeled
6281031284797,1,haircare,shampoo,True,auto_labeled
0810095594649,3,skincare,deodorant,True,auto_labeled
8719134155617,1,skincare,shower gel,True,auto_labeled
8720181360602,1,skincare,shower gel,True,auto_labeled
8480000678010,1,haircare,conditioner,True,auto_labeled
8700216652896,1,haircare,shampoo,True,auto_labeled
0400452624500,1,makeup,concealer,True,auto_labeled
0877917005271,1,skincare,savon,True,auto_labeled
4335619207820,3,skincare,savon,True,auto_labeled
3474393030086,1,makeup,vernis à ongles,True,auto_labeled
3660005713663,2,skincare,shower gel,True,auto_labeled
3282770208689,1,haircare,shampoo,True,auto_labeled
3348901563635,1,skincare,serum,True,auto_labeled
8402001021138,5,makeup,highlighter,True,auto_labeled
3614273074469,1,makeup,concealer,True,auto_labeled
8402001006449,3,makeup,gloss,True,auto_labeled
8402001006456,2,makeup,gloss,True,auto_labeled
8402001006487,2,makeup,gloss,True,auto_labeled
8402001006494,2,makeup,gloss,True,auto_labeled
8402001010576,2,makeup,gloss,True,auto_labeled
8402001020315,2,makeup,gloss,True,auto_labeled
8402001020322,2,makeup,gloss,True,auto_labeled
3337875845489,1,skincare,sunscreen,True,auto_labeled
0027131963332,1,makeup,concealer,True,auto_labeled
8809925170896,1,skincare,serum,True,auto_labeled
8901526589678,1,makeup,foundation,True,auto_labeled
5045096968693,1,skincare,shower gel,True,auto_labeled
8712561828628,1,skincare,shower gel,True,auto_labeled
5028197104498,1,skincare,shower gel,True,auto_labeled
0667553517869,1,skincare,shower gel,True,auto_labeled
5060307390148,1,skincare,shower gel,True,auto_labeled
0636874090740,1,skincare,shower gel,True,auto_labeled
3600542525688,1,haircare,shampoo,True,auto_labeled
3770033200360,1,skincare,body oil,True,auto_labeled
3517360022797,3,skincare,gel douche,True,auto_labeled
0823638083029,1,skincare,cleanser,True,auto_labeled
9316542150808,1,skincare,serum,True,auto_labeled
2000451184753,1,skincare,face mask,True,auto_labeled
4027800081158,1,makeup,eyebrow,True,auto_labeled
4064941117254,1,makeup,concealer,True,auto_labeled
4010355111425,1,makeup,concealer,True,auto_labeled
5054805021451,1,makeup,concealer,True,auto_labeled
0773602421732,1,makeup,concealer,True,auto_labeled
6956784104011,1,makeup,concealer,True,auto_labeled
6953743340404,1,makeup,concealer,True,auto_labeled
6902395685845,1,makeup,concealer,True,auto_labeled
4064941049104,1,makeup,concealer,True,auto_labeled
4067796007855,1,makeup,concealer,True,auto_labeled
4066447094497,1,makeup,concealer,True,auto_labeled
3614226917157,1,makeup,concealer,True,auto_labeled
4049775614629,2,makeup,concealer,True,auto_labeled
30172814,2,makeup,nail polish,True,auto_labeled
7840508031471,1,makeup,nail polish,True,auto_labeled
5045096745867,1,makeup,nail polish,True,auto_labeled
0072785117082,2,makeup,nail polish,True,auto_labeled
0074170346466,1,makeup,nail polish,True,auto_labeled
0074170346244,1,makeup,nail polish,True,auto_labeled
02191461,1,makeup,nail polish,True,auto_labeled
5060120173287,1,makeup,nail polish,True,auto_labeled
7707178030244,2,makeup,nail polish,True,auto_labeled
4809012175029,1,makeup,nail polish,True,auto_labeled
9345151004462,1,haircare,conditioner,True,auto_labeled
5200136090028,1,haircare,conditioner,True,auto_labeled
0812729006016,1,haircare,conditioner,True,auto_labeled
0654749361276,2,haircare,conditioner,True,auto_labeled
8700216885737,1,haircare,shampoo,True,auto_labeled
0843536108266,3,skincare,body wash,True,auto_labeled
3349668583485,1,skincare,deodorant,True,auto_labeled
8710537042900,1,skincare,lip balm,True,auto_labeled
3596710514410,1,skincare,mousse à raser,True,auto_labeled
6191311500076,1,skincare,savon,True,auto_labeled
0810095595059,1,skincare,lip balm,True,auto_labeled
0811131034228,1,haircare,shampoo,True,auto_labeled
8402001005671,3,haircare,shampoo,True,auto_labeled
8700216200622,1,haircare,hair mask,True,auto_labeled
8052462906552,1,haircare,shampoo,True,auto_labeled
7310610027179,1,skincare,shower gel,True,auto_labeled
5057172107575,1,skincare,shower gel,True,auto_labeled
3256228930811,1,skincare,gel douche,True,auto_labeled
3256229526778,1,skincare,gel douche,True,auto_labeled
8001090518606,1,haircare,hair oil,True,auto_labeled
3378872193524,1,makeup,blush,True,auto_labeled
5410076390458,1,haircare,shampoo,True,auto_labeled
4068706085123,5,skincare,lotion corporelle,True,auto_labeled
8809566991676,1,skincare,essence,True,auto_labeled
3298651717041,1,skincare,savon,True,auto_labeled
8901207050466,2,haircare,hair oil,True,auto_labeled
8901030937194,1,haircare,shampoo,True,auto_labeled
3286011000278,1,skincare,cleanser,True,auto_labeled
8901030937187,1,haircare,shampoo,True,auto_labeled
8014214865876,1,haircare,shampoo,True,auto_labeled
8717524072445,3,makeup,lipstick,True,auto_labeled
6959222300099,1,haircare,shampoo,True,auto_labeled
6281056501398,1,haircare,hair spray,True,auto_labeled
6181056502008,1,haircare,hair spray,True,auto_labeled
5016889123483,1,haircare,hair cream,True,auto_labeled
6224008677475,1,skincare,shower gel,True,auto_labeled
6281053210026,1,haircare,shampoo,True,auto_labeled
8901030989834,2,skincare,face wash,True,auto_labeled
8718951719408,1,skincare,body wash,True,auto_labeled
6001087009928,1,skincare,body lotion,True,auto_labeled
8964003015565,1,skincare,body lotion,True,auto_labeled
8907367001867,1,skincare,face wash,True,auto_labeled
3286011000186,1,haircare,shampoo,True,auto_labeled
3466762520205,1,skincare,creme mains,True,auto_labeled
4792054001855,1,skincare,face wash,True,auto_labeled
7756719020268,1,haircare,shampoo,True,auto_labeled
0001283055002,1,makeup,lip gloss,True,auto_labeled
3574661708096,2,haircare,shampoo,True,auto_labeled
7500435231244,2,haircare,shampoo,True,auto_labeled
8901030999192,2,skincare,face wash,True,auto_labeled
8901248478267,1,haircare,shampoo,True,auto_labeled
8901030989872,2,skincare,face wash,True,auto_labeled
3600524139636,1,haircare,shampoo,True,auto_labeled
8908009516220,1,skincare,deodorant,True,auto_labeled
0020714382742,2,skincare,eye cream,True,auto_labeled
4800118366359,1,haircare,shampoo,True,auto_labeled
8907122002641,2,skincare,face wash,True,auto_labeled
8801046869598,1,haircare,shampoo,True,auto_labeled
6001087373791,1,skincare,body lotion,True,auto_labeled
3522930004035,1,skincare,gel douche,True,auto_labeled
0850018802772,2,haircare,shampoo,True,auto_labeled
3600542430289,1,haircare,shampoo,True,auto_labeled
8414227057907,1,skincare,savon,True,auto_labeled
8809635721579,1,haircare,shampoo,True,auto_labeled
8700216977395,1,haircare,shampoo,True,auto_labeled
0605069064774,1,haircare,laque,True,auto_labeled
0810006945171,1,makeup,gloss,True,auto_labeled
8901030927980,1,skincare,deodorant,True,auto_labeled
93530811,1,skincare,lip balm,True,auto_labeled
0020714209407,1,skincare,deodorant,True,auto_labeled
8849300633448,1,haircare,shampoo,True,auto_labeled
8901030999895,2,skincare,face wash,True,auto_labeled
4099200059709,1,haircare,shampoo,True,auto_labeled
9319359310144,1,skincare,essence,True,auto_labeled
3596710551958,2,skincare,gel douche,True,auto_labeled
9347108012322,1,skincare,deodorant,True,auto_labeled
0677276100057,1,haircare,shampoo,True,auto_labeled
8809843678719,1,skincare,clay mask,True,auto_labeled
0009531119755,1,haircare,shampoo,True,auto_labeled
6223002230501,1,haircare,shampoo,True,auto_labeled
8700216978446,1,haircare,shampoo,True,auto_labeled
8901030993787,2,skincare,serum,True,auto_labeled
3574661709369,1,haircare,shampoo,True,auto_labeled
8901138505547,2,skincare,face wash,True,auto_labeled
7290011116224,1,makeup,lipstick,True,auto_labeled
6925845632879,1,skincare,savon,True,auto_labeled
8898499071067,1,skincare,face wash,True,auto_labeled
8720847371379,1,skincare,sheet mask,True,auto_labeled
8909106005532,1,haircare,shampoo,True,auto_labeled
4987176234315,1,haircare,shampoo,True,auto_labeled
0020714672096,1,skincare,face wash,True,auto_labeled
4069826000201,1,skincare,body oil,True,auto_labeled
9314807067540,1,skincare,body lotion,True,auto_labeled
3596710551941,2,skincare,gel douche,True,auto_labeled
3606000514959,1,skincare,sunscreen,True,auto_labeled
0086800078517,1,skincare,sunscreen,True,auto_labeled
3253581768655,1,skincare,hand cream,True,auto_labeled
4025089085171,1,makeup,concealer,True,auto_labeled
7611916153600,1,skincare,shower gel,True,auto_labeled
8906005274069,1,skincare,cleanser,True,auto_labeled
0889628231634,1,skincare,lip balm,True,auto_labeled
5012251013383,1,skincare,serum,True,auto_labeled
3770005062354,1,skincare,savon,True,auto_labeled
6923700970449,1,skincare,serum,True,auto_labeled
6971864100325,1,skincare,shaving,True,auto_labeled
3250393448218,2,skincare,savon,True,auto_labeled
5028197376895,1,skincare,body butter,True,auto_labeled
7500435184748,2,skincare,essence,True,auto_labeled
3574661750736,1,skincare,savon,True,auto_labeled
4008666106308,1,haircare,shampoo,True,auto_labeled
0808829117035,1,skincare,micellar,True,auto_labeled
0573001574646,1,haircare,shampoo,True,auto_labeled
8909106025011,1,skincare,face wash,True,auto_labeled
0628942555749,1,makeup,makeup remover,True,auto_labeled
9300607762075,2,skincare,body lotion,True,auto_labeled
8009518141580,1,makeup,eyeliner,True,auto_labeled
3250393448225,1,skincare,savon,True,auto_labeled
3700390875062,1,skincare,masque visage,True,auto_labeled
3600551055619,1,haircare,shampoo,True,auto_labeled
8718951655362,1,skincare,nettoyant,True,auto_labeled
8700216208444,1,haircare,shampoo,True,auto_labeled
3245678126394,35,skincare,nettoyant,True,auto_labeled
8720181652943,1,skincare,body wash,True,auto_labeled
4260554491976,1,haircare,shampoo,True,auto_labeled
8904207503161,1,makeup,concealer,True,auto_labeled
8901030978036,1,makeup,cc cream,True,auto_labeled
6902395677383,1,makeup,concealer,True,auto_labeled
3600524190552,1,makeup,foundation,True,auto_labeled
8901526589548,1,makeup,foundation,True,auto_labeled
8809625248833,1,makeup,gloss,True,auto_labeled
9300830087907,1,skincare,deodorant,True,auto_labeled
8809576261417,1,skincare,ampoule,True,auto_labeled
2272105224539,1,skincare,face wash,True,auto_labeled
8003510037964,1,skincare,deodorant,True,auto_labeled
8809561820117,1,skincare,cleanser,True,auto_labeled
8719587160169,1,skincare,hand soap,True,auto_labeled
07961755,1,skincare,hand cream,True,auto_labeled
4987176229700,2,haircare,shampoo,True,auto_labeled
3616303444136,1,skincare,shower gel,True,auto_labeled
3616303842420,1,skincare,booster,True,auto_labeled
8905452213249,1,skincare,serum,True,auto_labeled
0074182270933,3,skincare,hand soap,True,auto_labeled
8003170094789,1,haircare,shampoo,True,auto_labeled
4550516493583,5,haircare,hair mask,True,auto_labeled
3600524076078,1,skincare,cleanser,True,auto_labeled
3661985107978,1,skincare,savon,True,auto_labeled
5031550002393,1,skincare,body butter,True,auto_labeled
4006000123257,3,skincare,serum,True,auto_labeled
5028197269623,1,skincare,toner,True,auto_labeled
4005900789389,1,skincare,serum,True,auto_labeled
3760019129204,1,skincare,nettoyant,True,auto_labeled
3372290123026,1,haircare,shampoo,True,auto_labeled
4059729375612,3,makeup,mascara,True,auto_labeled
3253581661857,1,skincare,savon,True,auto_labeled
8720181284892,1,skincare,deodorant,True,auto_labeled
4006000012278,1,skincare,deodorant,True,auto_labeled
5400141788723,1,skincare,hand soap,True,auto_labeled
5050456007486,1,skincare,deodorant,True,auto_labeled
5060486268856,1,haircare,shampoo,True,auto_labeled
4088600303390,1,skincare,hand cream,True,auto_labeled
4001638589567,1,skincare,face wash,True,auto_labeled
8006530047340,1,skincare,body lotion,True,auto_labeled
8718951729896,1,skincare,deodorant,True,auto_labeled
3800221235901,1,skincare,serum,True,auto_labeled
8718951076600,1,skincare,deodorant,True,auto_labeled
0817939015100,1,skincare,hand soap,True,auto_labeled
9344960000993,1,skincare,hand cream,True,auto_labeled
5018389031367,1,makeup,blush,True,auto_labeled
4056489596837,1,skincare,body cream,True,auto_labeled
8719238055905,1,skincare,face wash,True,auto_labeled
8700216318402,1,haircare,shampoo,True,auto_labeled
0056594012288,1,skincare,body lotion,True,auto_labeled
8700216481069,1,haircare,conditioner,True,auto_labeled
8700216318358,1,haircare,shampoo,True,auto_labeled
0190679008305,1,haircare,hair gel,True,auto_labeled
9005800341644,1,skincare,shower gel,True,auto_labeled
8411732001326,1,haircare,laque,True,auto_labeled
8411732156101,2,haircare,laque,True,auto_labeled
3600542098076,1,skincare,micellar,True,auto_labeled
5060879820685,1,skincare,serum,True,auto_labeled
8720181334849,1,skincare,antiperspirant,True,auto_labeled
3600551071664,1,skincare,deodorant,True,auto_labeled
3600551154411,1,skincare,deodorant,True,auto_labeled
4001638590600,1,skincare,serum,True,auto_labeled
3600542166195,1,haircare,conditioner,True,auto_labeled
8436591924579,2,makeup,gloss,True,auto_labeled
5902539703344,5,haircare,conditioner,True,auto_labeled
7627536613844,1,skincare,savon,True,auto_labeled
07925436,2,haircare,shampoo,True,auto_labeled
5061030630594,1,makeup,eyebrow,True,auto_labeled
5000101517785,1,skincare,body butter,True,auto_labeled
5059018124173,1,skincare,face wash,True,auto_labeled
7322540545401,1,skincare,body cream,True,auto_labeled
4061463064103,1,skincare,body cream,True,auto_labeled
3600551171548,1,skincare,gel douche,True,auto_labeled
8719324667494,1,skincare,shower gel,True,auto_labeled
8719134190298,1,skincare,body cream,True,auto_labeled
0098400023910,1,skincare,hand cream,True,auto_labeled
0869542000127,1,skincare,serum,True,auto_labeled
5060524087517,1,skincare,cleanser,True,auto_labeled
3600523873845,1,skincare,serum,True,auto_labeled
3574661768823,1,skincare,gel douche,True,auto_labeled
3600524197315,1,haircare,shampoo,True,auto_labeled
8700216165846,1,haircare,shampoo,True,auto_labeled
5031550000979,1,skincare,body lotion,True,auto_labeled
9421008705611,1,skincare,deodorant,True,auto_labeled
5020465203964,1,skincare,cleanser,True,auto_labeled
6418414034834,1,haircare,conditioner,True,auto_labeled
4001638590501,1,skincare,serum,True,auto_labeled
3616302989669,1,makeup,concealer,True,auto_labeled
0878639000216,3,skincare,deodorant,True,auto_labeled
8700216907903,1,haircare,shampoo,True,auto_labeled
3600524075583,1,skincare,serum,True,auto_labeled
7350105200472,1,skincare,lip balm,True,auto_labeled
8429979208040,1,skincare,serum,True,auto_labeled
3499320011686,1,skincare,serum,True,auto_labeled
3499320011389,1,skincare,serum,True,auto_labeled
9321299300055,1,skincare,sunscreen,True,auto_labeled
5020379128841,1,skincare,hand soap,True,auto_labeled
3600551174716,1,skincare,gel douche,True,auto_labeled
4005808817306,1,skincare,shaving,True,auto_labeled
3517360027778,5,skincare,booster,True,auto_labeled
8700216165914,1,skincare,essence,True,auto_labeled
9300607760033,1,skincare,hand cream,True,auto_labeled
3600524062545,1,haircare,shampoo,True,auto_labeled
3549620005097,1,skincare,savon,True,auto_labeled
0744430276207,1,haircare,shampoo,True,auto_labeled
3662361001828,1,makeup,mascara,True,auto_labeled
5011309107012,1,haircare,shampoo,True,auto_labeled
7612472243019,1,makeup,foundation,True,auto_labeled
93036052,1,skincare,sunscreen,True,auto_labeled
4006000092072,1,skincare,lait corps,True,auto_labeled
7506306248144,5,skincare,serum,True,auto_labeled
3282770108330,1,haircare,shampoo,True,auto_labeled
3770001492971,1,skincare,savon,True,auto_labeled
8022328115077,1,haircare,shampoo,True,auto_labeled
7599055001801,1,makeup,loose powder,True,auto_labeled
4025089078142,1,haircare,styling mousse,True,auto_labeled
9505119958330,1,skincare,body wash,True,auto_labeled
7611916160752,1,skincare,shower gel,True,auto_labeled
8717624992032,1,skincare,deodorant,True,auto_labeled
0197689018362,1,makeup,setting powder,True,auto_labeled
8720181482748,1,skincare,deodorant,True,auto_labeled
8001990020254,1,haircare,shampoo,True,auto_labeled
5713125004598,1,skincare,masque visage,True,auto_labeled
3600551174709,1,skincare,gel douche,True,auto_labeled
7290118802884,1,haircare,shampoo,True,auto_labeled
9589590006056,1,skincare,savon,True,auto_labeled
3574661783338,1,haircare,shampoo,True,auto_labeled
5017634283551,1,skincare,nettoyant,True,auto_labeled
8051770520948,1,skincare,cleanser,True,auto_labeled
8700216684583,3,haircare,shampoo,True,auto_labeled
6132502983049,1,skincare,creme mains,True,auto_labeled
5031413947533,1,skincare,lip balm,True,auto_labeled
8717163703533,1,skincare,deodorant,True,auto_labeled
0099482536411,2,skincare,deodorant,True,auto_labeled
8717163762059,2,skincare,shower gel,True,auto_labeled
2000000156993,1,makeup,primer,True,auto_labeled
8436097095681,4,skincare,gel douche,True,auto_labeled
3760359080586,5,haircare,shampoo,True,auto_labeled
3760359080845,1,skincare,gel douche,True,auto_labeled
5410036311226,1,skincare,hand soap,True,auto_labeled
9310714225271,1,haircare,shampoo,True,auto_labeled
8809647392668,1,skincare,serum,True,auto_labeled
3537090019478,1,haircare,shampoo,True,auto_labeled
3700593604339,1,skincare,savon,True,auto_labeled
3800048556340,1,skincare,body butter,True,auto_labeled
0840044712411,1,skincare,body lotion,True,auto_labeled
0667526952291,1,skincare,body lotion,True,auto_labeled
8909106067264,1,skincare,sunscreen,True,auto_labeled
3574660520286,1,haircare,shampoo,True,auto_labeled
3574661684901,1,haircare,shampoo,True,auto_labeled
3600542069182,1,haircare,shampoo,True,auto_labeled
3600542222525,1,haircare,shampoo,True,auto_labeled
3660005342719,1,haircare,shampoo,True,auto_labeled
4006000034201,1,haircare,shampoo,True,auto_labeled
4010355417114,1,haircare,shampoo,True,auto_labeled
4015100336580,1,haircare,shampoo,True,auto_labeled
4015100337167,1,haircare,conditioner,True,auto_labeled
4015100404289,1,haircare,shampoo,True,auto_labeled
4015100431186,1,haircare,shampoo,True,auto_labeled
4015100738100,1,makeup,gloss,True,auto_labeled
4015100812374,2,haircare,shampoo,True,auto_labeled
4015100813135,1,haircare,shampoo,True,auto_labeled
4016187062867,1,haircare,shampoo,True,auto_labeled
4045787723090,1,haircare,shampoo,True,auto_labeled
4055297221283,1,haircare,shampoo,True,auto_labeled
4058172830846,1,haircare,shampoo,True,auto_labeled
4058172920981,1,haircare,shampoo,True,auto_labeled
4061462830259,1,haircare,shampoo,True,auto_labeled
4065331000064,2,haircare,shampoo,True,auto_labeled
4066447104998,1,haircare,shampoo,True,auto_labeled
4066447240849,1,haircare,shampoo,True,auto_labeled
4260285389658,1,haircare,conditioner,True,auto_labeled
4260372933740,2,skincare,hand soap,True,auto_labeled
4260524941975,1,skincare,hand cream,True,auto_labeled
4305615348391,1,haircare,shampoo,True,auto_labeled
4820168434990,1,haircare,hair mask,True,auto_labeled
4823107605000,1,haircare,shampoo,True,auto_labeled
5037156285239,1,haircare,shampoo,True,auto_labeled
71996001521000000100,1,skincare,lip balm,True,auto_labeled
8588006041323,1,haircare,shampoo,True,auto_labeled
8588006041446,1,haircare,shampoo,True,auto_labeled
8588006041507,1,haircare,shampoo,True,auto_labeled
8588006042740,1,haircare,shampoo,True,auto_labeled
8710908789120,1,haircare,shampoo,True,auto_labeled
8710908789922,1,haircare,shampoo,True,auto_labeled
8719134098006,1,skincare,shower gel,True,auto_labeled
7792640003383,1,haircare,shampoo,True,auto_labeled
9314807045197,1,skincare,hand cream,True,auto_labeled
4066447934434,1,skincare,cleanser,True,auto_labeled
00504751,1,haircare,shampoo,True,auto_labeled
8850006531105,2,skincare,body wash,True,auto_labeled
3574661655611,1,skincare,cleanser,True,auto_labeled
4056489632788,1,haircare,shampoo,True,auto_labeled
3574661783345,2,haircare,shampoo,True,auto_labeled
6181100323894,3,skincare,gel douche,True,auto_labeled
8673958567837,1,skincare,body lotion,True,auto_labeled
4006000083971,1,skincare,body lotion,True,auto_labeled
3383482307926,1,skincare,savon,True,auto_labeled
0850017974630,1,skincare,hand soap,True,auto_labeled
3350900002640,1,makeup,correcteur,True,auto_labeled
8901277015228,1,haircare,shampoo,True,auto_labeled
3264680034497,1,skincare,serum,True,auto_labeled
4260602120858,1,haircare,conditioner,True,auto_labeled
5028197941666,1,skincare,body butter,True,auto_labeled
0859776000208,1,haircare,conditioner,True,auto_labeled
0813481020579,1,haircare,shampoo,True,auto_labeled
0366869350282,1,haircare,shampoo,True,auto_labeled
0885674094643,1,skincare,cleanser,True,auto_labeled
0765591003105,1,haircare,shampoo,True,auto_labeled
0798411439075,1,haircare,shampoo,True,auto_labeled
0716237184801,1,haircare,shampoo,True,auto_labeled
0764467737458,1,haircare,shampoo,True,auto_labeled
0716237185570,1,haircare,shampoo,True,auto_labeled
0078522100300,1,haircare,shampoo,True,auto_labeled
0078522800781,1,haircare,shampoo,True,auto_labeled
0851543001708,1,haircare,shampoo,True,auto_labeled
0689076195188,1,haircare,shampoo,True,auto_labeled
9339341000372,1,haircare,shampoo,True,auto_labeled
9339341000754,1,haircare,shampoo,True,auto_labeled
0071249341346,2,haircare,shampoo,True,auto_labeled
0071249341407,1,haircare,shampoo,True,auto_labeled
0071249267615,1,haircare,shampoo,True,auto_labeled
0078347011812,1,haircare,shampoo,True,auto_labeled
0688047140059,1,haircare,shampoo,True,auto_labeled
0022796918918,1,haircare,shampoo,True,auto_labeled
0022796916716,1,haircare,conditioner,True,auto_labeled
0022796918925,1,haircare,conditioner,True,auto_labeled
0814591013062,1,haircare,shampoo,True,auto_labeled
0892532001712,1,haircare,shampoo,True,auto_labeled
0814591011501,1,haircare,shampoo,True,auto_labeled
0814591012393,1,haircare,shampoo,True,auto_labeled
0884486095084,1,haircare,shampoo,True,auto_labeled
0764302270201,1,haircare,shampoo,True,auto_labeled
0764302205029,1,haircare,shampoo,True,auto_labeled
0088301000066,1,haircare,shampoo,True,auto_labeled
0764302215509,1,haircare,shampoo,True,auto_labeled
0840117807334,1,haircare,shampoo,True,auto_labeled
0810015150009,1,haircare,shampoo,True,auto_labeled
0850035298503,1,skincare,cleanser,True,auto_labeled
8004608232292,1,haircare,shampoo,True,auto_labeled
0688047131378,1,haircare,shampoo,True,auto_labeled
0688047131385,1,haircare,conditioner,True,auto_labeled
0013121303684,1,haircare,shampoo,True,auto_labeled
0850013026067,1,haircare,shampoo,True,auto_labeled
0860000320313,1,haircare,shampoo,True,auto_labeled
0022796180018,1,haircare,shampoo,True,auto_labeled
0022796180025,1,haircare,conditioner,True,auto_labeled
0603084491896,1,haircare,shampoo,True,auto_labeled
0603084491902,1,haircare,conditioner,True,auto_labeled
0812595002525,1,haircare,shampoo,True,auto_labeled
0524302231042,1,haircare,shampoo,True,auto_labeled
0764302230205,1,haircare,shampoo,True,auto_labeled
0712201725193,1,haircare,shampoo,True,auto_labeled
0817023024483,1,haircare,shampoo,True,auto_labeled
0850007187255,1,haircare,shampoo,True,auto_labeled
0810083680637,1,haircare,shampoo,True,auto_labeled
0687735641595,1,haircare,shampoo,True,auto_labeled
0381519186752,1,haircare,shampoo,True,auto_labeled
0381519186820,1,haircare,shampoo,True,auto_labeled
0884486041807,1,haircare,shampoo,True,auto_labeled
0884486041869,1,haircare,conditioner,True,auto_labeled
0080878042289,1,haircare,shampoo,True,auto_labeled
0080878042166,1,haircare,shampoo,True,auto_labeled
0080878002184,1,haircare,shampoo,True,auto_labeled
0300450895073,1,haircare,shampoo,True,auto_labeled
0381519186769,1,haircare,conditioner,True,auto_labeled
0079400495945,1,haircare,shampoo,True,auto_labeled
0816559011066,1,haircare,shampoo,True,auto_labeled
0816559010984,1,haircare,conditioner,True,auto_labeled
0079400492487,1,haircare,shampoo,True,auto_labeled
0079400492524,1,haircare,conditioner,True,auto_labeled
4067796161229,2,skincare,serum,True,auto_labeled
4335619124745,1,skincare,cleanser,True,auto_labeled
0079400458148,1,skincare,deodorant,True,auto_labeled
0542990006070,1,skincare,savon,True,auto_labeled
3284410053017,1,skincare,deodorant,True,auto_labeled
3596200069055,1,skincare,deodorant,True,auto_labeled
3596200069048,1,skincare,deodorant,True,auto_labeled
5600829361099,1,skincare,serum,True,auto_labeled
3350033527041,1,skincare,nettoyant,True,auto_labeled
4005900017543,1,skincare,deodorant,True,auto_labeled
3600522373254,2,skincare,deodorant,True,auto_labeled
8001841590868,1,haircare,shampoo,True,auto_labeled
8001841918785,1,skincare,serum,True,auto_labeled
3468080155053,1,haircare,shampoo,True,auto_labeled
0350410034290,1,skincare,cleansing oil,True,auto_labeled
4262351040333,1,skincare,face wash,True,auto_labeled
21877698,1,haircare,shampoo,True,auto_labeled
6001051004195,1,skincare,hand cream,True,auto_labeled
80780458,1,skincare,deodorant,True,auto_labeled
00002020,1,skincare,savon,True,auto_labeled
10406179,4,haircare,shampoo,True,auto_labeled
20012984,1,skincare,shower gel,True,auto_labeled
20667986,1,makeup,fond de teint,True,auto_labeled
20797928,1,makeup,cc cream,True,auto_labeled
30061392,1,skincare,antiperspirant,True,auto_labeled
42241317,4,haircare,shampoo,True,auto_labeled
42419440,1,skincare,deodorant,True,auto_labeled
50096190,2,skincare,antiperspirant,True,auto_labeled
50096954,4,skincare,deodorant,True,auto_labeled
50097425,2,skincare,deodorant,True,auto_labeled
80803591,1,skincare,deodorant,True,auto_labeled
0010181032806,4,skincare,body lotion,True,auto_labeled
0011111016545,5,skincare,face wash,True,auto_labeled
0017854100213,2,skincare,body wash,True,auto_labeled
0022200930086,1,skincare,deodorant,True,auto_labeled
0022796916709,1,haircare,shampoo,True,auto_labeled
0022796976123,2,haircare,conditioner,True,auto_labeled
0030772063378,1,haircare,shampoo,True,auto_labeled
0041520120724,1,skincare,body wash,True,auto_labeled
0077326835593,1,skincare,deodorant,True,auto_labeled
0079400075550,4,haircare,shampoo,True,auto_labeled
0079400122643,4,skincare,antiperspirant,True,auto_labeled
0079400122674,3,skincare,deodorant,True,auto_labeled
0085805071387,1,skincare,body cream,True,auto_labeled
0190679004758,2,skincare,essence,True,auto_labeled
0302993927167,2,skincare,cleanser,True,auto_labeled
0381370036005,4,skincare,body lotion,True,auto_labeled
0381370036029,5,skincare,body lotion,True,auto_labeled
0381519180736,1,skincare,essence,True,auto_labeled
0381519180743,2,haircare,shampoo,True,auto_labeled
0722510027000,1,skincare,hand cream,True,auto_labeled
0753950001633,1,skincare,deodorant,True,auto_labeled
0764302023111,1,haircare,shampoo,True,auto_labeled
0769915190977,7,skincare,toning,True,auto_labeled
0772618072006,8,skincare,cleanser,True,auto_labeled
0810021200019,1,skincare,deodorant,True,auto_labeled
0834576006254,2,skincare,body wash,True,auto_labeled
0860236001703,1,skincare,deodorant,True,auto_labeled
0884118299231,2,skincare,body lotion,True,auto_labeled
2000000051969,3,skincare,nettoyant,True,auto_labeled
2000000094641,1,skincare,savon,True,auto_labeled
2000000099285,1,skincare,cleanser,True,auto_labeled
2000000107541,1,skincare,savon,True,auto_labeled
2000000120071,1,skincare,serum,True,auto_labeled
3140100330069,1,haircare,shampoo,True,auto_labeled
3140100366396,5,haircare,shampoo,True,auto_labeled
3140100403763,2,haircare,shampoo,True,auto_labeled
3178040696464,1,makeup,gloss,True,auto_labeled
3181730117767,9,skincare,mousse à raser,True,auto_labeled
3181730134696,3,skincare,savon,True,auto_labeled
3181730201398,2,skincare,savon,True,auto_labeled
3182611351058,1,skincare,savon,True,auto_labeled
3250391151943,1,haircare,shampoo,True,auto_labeled
3251241034669,1,skincare,savon,True,auto_labeled
3253581471838,2,skincare,hand cream,True,auto_labeled
3273818840138,3,skincare,savon,True,auto_labeled
3282770100259,3,skincare,nettoyant,True,auto_labeled
3282779328241,1,haircare,shampoo,True,auto_labeled
3282779420648,2,skincare,nettoyant,True,auto_labeled
3298652000234,1,skincare,savon,True,auto_labeled
3337871322595,1,skincare,deodorant,True,auto_labeled
3337873401922,1,skincare,essence,True,auto_labeled
3337875597180,5,skincare,cleanser,True,auto_labeled
3337875597197,8,skincare,cleanser,True,auto_labeled
3337875597319,3,skincare,hand cream,True,auto_labeled
3337875597357,5,skincare,cleanser,True,auto_labeled
3337875656764,1,skincare,cleansing oil,True,auto_labeled
3337875773430,5,skincare,cleanser,True,auto_labeled
3337875784054,6,skincare,cleanser,True,auto_labeled
3355312146319,1,haircare,shampoo,True,auto_labeled
3400930375129,1,skincare,essence,True,auto_labeled
3433422406599,1,skincare,cleanser,True,auto_labeled
3450601036576,4,skincare,lait corps,True,auto_labeled
3468080409736,2,haircare,shampoo,True,auto_labeled
3549621033167,1,skincare,lait corps,True,auto_labeled
3560070881703,2,skincare,lait corps,True,auto_labeled
3560070886388,2,skincare,deodorant,True,auto_labeled
3560070911554,4,skincare,lait corps,True,auto_labeled
3560071116545,5,skincare,gel douche,True,auto_labeled
3571940001619,2,skincare,nettoyant,True,auto_labeled
3574661098531,1,skincare,body lotion,True,auto_labeled
3574661355290,5,skincare,savon,True,auto_labeled
3574661539126,1,haircare,shampoo,True,auto_labeled
3574661629889,1,haircare,shampoo,True,auto_labeled
3600541126022,2,skincare,hand cream,True,auto_labeled
3600541358461,1,skincare,micellar,True,auto_labeled
3600541744530,1,skincare,micellar,True,auto_labeled
3600542075107,2,haircare,shampoo,True,auto_labeled
3600542117920,2,haircare,shampoo,True,auto_labeled
3600550115550,1,haircare,gel coiffant,True,auto_labeled
3600550160567,1,skincare,lait corps,True,auto_labeled
3600550166781,1,haircare,shampoo,True,auto_labeled
3600550286144,4,skincare,lait corps,True,auto_labeled
3600550538120,3,skincare,lait corps,True,auto_labeled
3600550812435,8,skincare,lait corps,True,auto_labeled
3600550817560,1,haircare,shampoo,True,auto_labeled
3600550928051,1,haircare,shampoo,True,auto_labeled
3600550937367,1,haircare,shampoo,True,auto_labeled
3600551053752,2,haircare,shampoo,True,auto_labeled
3605971463365,1,skincare,cleanser,True,auto_labeled
3606000512238,1,skincare,cleanser,True,auto_labeled
3606000537675,1,skincare,cleanser,True,auto_labeled
3660005298344,3,skincare,lait corps,True,auto_labeled
3660005318325,7,skincare,lait corps,True,auto_labeled
3660005382876,1,skincare,nettoyant,True,auto_labeled
3660005548791,1,skincare,lait corps,True,auto_labeled
3660005563626,1,skincare,body lotion,True,auto_labeled
3700479109712,2,skincare,savon,True,auto_labeled
3701129807323,1,skincare,gel douche,True,auto_labeled
3760016580237,1,haircare,shampoo,True,auto_labeled
3760030494862,1,skincare,gel douche,True,auto_labeled
3760077612984,1,skincare,savon,True,auto_labeled
3760100203806,1,haircare,masque cheveux,True,auto_labeled
3760100681192,5,skincare,lait corps,True,auto_labeled
3760172446590,1,skincare,gel douche,True,auto_labeled
3760207114876,1,haircare,shampoo,True,auto_labeled
3770002220283,4,skincare,savon,True,auto_labeled
3770002220542,1,skincare,savon,True,auto_labeled
3770005798093,2,skincare,deodorant,True,auto_labeled
3770006344060,1,skincare,nettoyant,True,auto_labeled
4000388563803,1,skincare,body lotion,True,auto_labeled
4001638075114,2,haircare,shampoo,True,auto_labeled
4001638095624,3,haircare,shampoo,True,auto_labeled
4001638096515,1,haircare,shampoo,True,auto_labeled
4001638096539,2,skincare,body lotion,True,auto_labeled
4001638097079,7,skincare,deodorant,True,auto_labeled
4005808183029,2,skincare,cleanser,True,auto_labeled
4005808224845,1,skincare,face wash,True,auto_labeled
4005808280797,2,skincare,body lotion,True,auto_labeled
4005808669646,5,skincare,face wash,True,auto_labeled
4005808726240,1,skincare,deodorant,True,auto_labeled
4005900519719,4,makeup,mascara,True,auto_labeled
4005900555540,2,skincare,lip balm,True,auto_labeled
4005900655745,3,skincare,body lotion,True,auto_labeled
4005900655783,4,skincare,body lotion,True,auto_labeled
4005900669988,1,skincare,body lotion,True,auto_labeled
4005900839855,1,skincare,nettoyant,True,auto_labeled
4005900917669,1,haircare,shampoo,True,auto_labeled
4005900943873,2,skincare,deodorant,True,auto_labeled
4008666213921,1,haircare,shampoo,True,auto_labeled
4015100812510,1,haircare,shampoo,True,auto_labeled
4017645008014,3,haircare,shampoo,True,auto_labeled
4021457647132,1,skincare,mousse à raser,True,auto_labeled
4028841143744,4,haircare,shampoo,True,auto_labeled
4056489031918,1,skincare,hand cream,True,auto_labeled
4056489565086,3,skincare,savon,True,auto_labeled
4056489671817,2,haircare,shampoo,True,auto_labeled
4058172009006,5,haircare,shampoo,True,auto_labeled
4058172585135,1,skincare,deodorant,True,auto_labeled
4058172739095,3,skincare,deodorant,True,auto_labeled
4058172786716,1,haircare,shampoo,True,auto_labeled
4066447237689,1,haircare,shampoo,True,auto_labeled
4084500015012,2,haircare,shampoo,True,auto_labeled
4088600126531,1,skincare,face wash,True,auto_labeled
4104260041714,4,haircare,shampoo,True,auto_labeled
4316268612326,1,skincare,body lotion,True,auto_labeled
3760223250145,1,skincare,nettoyant,True,auto_labeled
9421908519059,1,skincare,body wash,True,auto_labeled
8700216203883,1,skincare,deodorant,True,auto_labeled
5010724527382,2,haircare,shampoo,True,auto_labeled
5010724527450,2,haircare,shampoo,True,auto_labeled
5010724527511,1,haircare,shampoo,True,auto_labeled
5011321360945,2,haircare,shampoo,True,auto_labeled
5014697055934,1,skincare,deodorant,True,auto_labeled
5022496103466,2,haircare,shampoo,True,auto_labeled
5028197194024,2,skincare,body butter,True,auto_labeled
5028197786762,1,haircare,shampoo,True,auto_labeled
5028197943417,2,skincare,nettoyant,True,auto_labeled
5037156246865,1,haircare,shampoo,True,auto_labeled
5037741980013,1,makeup,nail polish,True,auto_labeled
5060120163424,5,skincare,face wash,True,auto_labeled
5060120164063,2,haircare,shampoo,True,auto_labeled
5060542728331,2,skincare,serum,True,auto_labeled
5201279049584,1,haircare,shampoo,True,auto_labeled
5410076390427,1,haircare,shampoo,True,auto_labeled
5410076390809,1,haircare,conditioner,True,auto_labeled
5410076519781,1,haircare,shampoo,True,auto_labeled
6111024004661,1,skincare,savon,True,auto_labeled
6111246360194,3,skincare,savon,True,auto_labeled
6134598000044,1,skincare,savon,True,auto_labeled
7509552455557,2,skincare,micellar,True,auto_labeled
7630028604121,1,haircare,conditioner,True,auto_labeled
4987176279439,1,haircare,shampoo,True,auto_labeled
8001090222848,1,haircare,shampoo,True,auto_labeled
8001090662293,2,skincare,essence,True,auto_labeled
8002110383709,6,skincare,hand cream,True,auto_labeled
8004608256557,1,haircare,shampoo,True,auto_labeled
8006540424575,1,skincare,deodorant,True,auto_labeled
8480000443212,2,haircare,conditioner,True,auto_labeled
8480000443373,1,haircare,shampoo,True,auto_labeled
8480000467942,4,skincare,deodorant,True,auto_labeled
8697926007439,2,haircare,hair wax,True,auto_labeled
8710444212502,1,skincare,savon,True,auto_labeled
8710444250313,2,skincare,savon,True,auto_labeled
8710447174692,5,haircare,shampoo,True,auto_labeled
8710447204290,1,skincare,gel douche,True,auto_labeled
8710447275313,5,skincare,hand cream,True,auto_labeled
8710447280003,3,skincare,gel douche,True,auto_labeled
8710447284094,6,skincare,gel douche,True,auto_labeled
8710447381021,5,skincare,gel douche,True,auto_labeled
8710447437261,3,skincare,lait corps,True,auto_labeled
8710447442371,9,skincare,lait corps,True,auto_labeled
8710447446027,2,skincare,gel douche,True,auto_labeled
8710447446034,1,skincare,gel douche,True,auto_labeled
8710447495704,1,skincare,body lotion,True,auto_labeled
8710522368541,7,skincare,deodorant,True,auto_labeled
8710522724880,1,haircare,apres-shampoing,True,auto_labeled
8710847935893,7,haircare,shampoo,True,auto_labeled
8711600453975,5,skincare,body lotion,True,auto_labeled
8711700550963,13,haircare,laque,True,auto_labeled
8711700841252,1,skincare,lait corps,True,auto_labeled
8712561384841,2,haircare,shampoo,True,auto_labeled
8712561609647,4,skincare,body wash,True,auto_labeled
8712561743792,6,haircare,shampoo,True,auto_labeled
8712561829137,1,skincare,shower gel,True,auto_labeled
8714789999937,1,skincare,lait corps,True,auto_labeled
8717163742839,1,skincare,body wash,True,auto_labeled
8718114216324,3,skincare,deodorant,True,auto_labeled
8718924874134,2,skincare,savon,True,auto_labeled
8718951624764,2,haircare,shampoo,True,auto_labeled
8719134161311,1,skincare,body cream,True,auto_labeled
8719238011321,1,skincare,toner,True,auto_labeled
8720289263829,2,skincare,sheet mask,True,auto_labeled
8720604317978,1,skincare,body cream,True,auto_labeled
8720604317985,6,skincare,body cream,True,auto_labeled
8809089366913,1,skincare,ampoule,True,auto_labeled
8858977099235,1,skincare,cleanser,True,auto_labeled
8901012185209,1,skincare,sunscreen,True,auto_labeled
8901030898464,1,haircare,shampoo,True,auto_labeled
8901088023573,1,haircare,hair cream,True,auto_labeled
8904018300249,1,skincare,savon,True,auto_labeled
8904109450426,1,skincare,face wash,True,auto_labeled
8906014765985,3,haircare,hair oil,True,auto_labeled
8906087771333,3,skincare,sunscreen,True,auto_labeled
8906087771883,5,haircare,hair oil,True,auto_labeled
8991111101279,1,haircare,shampoo,True,auto_labeled
9000101053111,1,skincare,deodorant,True,auto_labeled
9318637043293,1,haircare,shampoo,True,auto_labeled
9318637069637,1,skincare,cleanser,True,auto_labeled
9501101375710,1,skincare,savon,True,auto_labeled
4068706886584,1,skincare,cleanser,True,auto_labeled
3350033830851,1,haircare,shampoo,True,auto_labeled
8809964171311,1,skincare,serum,True,auto_labeled
0680569529657,1,skincare,lip balm,True,auto_labeled
3770035346172,1,skincare,serum,True,auto_labeled
3574661700557,1,skincare,gel douche,True,auto_labeled
4260380014134,1,haircare,shampoo,True,auto_labeled
3245678589816,5,haircare,shampoo,True,auto_labeled
4006000032238,1,skincare,shower gel,True,auto_labeled
4005808802555,3,skincare,body lotion,True,auto_labeled
8001090580122,1,haircare,shampoo,True,auto_labeled
8901088205634,1,skincare,body lotion,True,auto_labeled
8906028129537,1,skincare,body wash,True,auto_labeled
8901030989827,1,skincare,face wash,True,auto_labeled
8809652582900,1,makeup,gloss,True,auto_labeled
8809652582856,1,makeup,gloss,True,auto_labeled
8906045486859,1,skincare,essence,True,auto_labeled
8906045488112,1,skincare,essence,True,auto_labeled
8904026643864,1,skincare,sunscreen,True,auto_labeled
4751037904149,1,skincare,hand cream,True,auto_labeled
8719587159583,1,haircare,styling mousse,True,auto_labeled
3660005588711,1,haircare,shampoo,True,auto_labeled
8031377022557,1,haircare,shampoo,True,auto_labeled
8800312063319,1,skincare,lip balm,True,auto_labeled
4262395460012,1,haircare,shampoo,True,auto_labeled
3661434009990,1,skincare,nettoyant,True,auto_labeled
8992796011204,1,skincare,cleanser,True,auto_labeled
3600542020572,1,haircare,shampoo,True,auto_labeled
8700216156233,1,haircare,shampoo,True,auto_labeled
8700216467391,1,haircare,conditioner,True,auto_labeled
8436097093212,3,haircare,shampoo,True,auto_labeled
5060176670488,1,skincare,body lotion,True,auto_labeled
8700216508513,1,haircare,shampoo,True,auto_labeled
8906118410644,1,skincare,shower gel,True,auto_labeled
8001841283944,1,skincare,deodorant,True,auto_labeled
0079400529886,1,skincare,deodorant,True,auto_labeled
3596710521326,2,skincare,savon,True,auto_labeled
0670841000165,1,skincare,savon,True,auto_labeled
3245678041314,4,skincare,nettoyant,True,auto_labeled
0851242092014,1,skincare,savon,True,auto_labeled
0708002400537,1,skincare,body wash,True,auto_labeled
0030772235638,1,skincare,sunscreen,True,auto_labeled
0079656045123,1,skincare,sunscreen,True,auto_labeled
0840191606397,1,haircare,shampoo,True,auto_labeled
0840191609459,1,skincare,body wash,True,auto_labeled
9310692468479,1,skincare,body wash,True,auto_labeled
9310692887270,1,skincare,body wash,True,auto_labeled
9342746006313,1,skincare,body wash,True,auto_labeled
4902430931137,1,haircare,shampoo,True,auto_labeled
9327693006975,2,haircare,conditioner,True,auto_labeled
8720181658013,1,skincare,deodorant,True,auto_labeled
9300830087808,1,skincare,deodorant,True,auto_labeled
6200000000015,2,skincare,body lotion,True,auto_labeled
6200000000039,1,skincare,body lotion,True,auto_labeled
6200000000022,1,skincare,body lotion,True,auto_labeled
6200000000046,1,skincare,body lotion,True,auto_labeled
0840797146273,1,skincare,toning,True,auto_labeled
5054781868279,1,skincare,face wash,True,auto_labeled
0773602040605,3,makeup,lipstick,True,auto_labeled
4005808237470,1,skincare,body lotion,True,auto_labeled
3574661831664,1,haircare,shampoo,True,auto_labeled
8700216666824,1,haircare,laque,True,auto_labeled
8906087773924,1,skincare,face wash,True,auto_labeled
8901526005161,1,skincare,serum,True,auto_labeled
0838810030777,1,skincare,hand soap,True,auto_labeled
9309000532049,1,skincare,deodorant,True,auto_labeled
0811068017776,1,skincare,deodorant,True,auto_labeled
0810106616315,1,skincare,deodorant,True,auto_labeled
8904458200031,1,makeup,blush,True,auto_labeled
0099482462987,1,skincare,hand soap,True,auto_labeled
0772618080704,1,haircare,shampoo,True,auto_labeled
7350067640538,1,skincare,serum,True,auto_labeled
8699943553975,5,skincare,serum,True,auto_labeled
59092605,1,skincare,deodorant,True,auto_labeled
0827854027317,1,haircare,laque,True,auto_labeled
0030772245439,1,skincare,deodorant,True,auto_labeled
3245678709825,8,skincare,nettoyant,True,auto_labeled
0860014244759,1,skincare,body lotion,True,auto_labeled
8901277013057,1,haircare,shampoo,True,auto_labeled
0903246304706,1,haircare,shampoo,True,auto_labeled
0037000801009,2,skincare,deodorant,True,auto_labeled
8712561669825,1,skincare,micellar,True,auto_labeled
8004395007509,3,haircare,shampoo,True,auto_labeled
4068134115355,1,skincare,toner,True,auto_labeled
3245678689493,4,skincare,nettoyant,True,auto_labeled
3245678042212,3,haircare,shampoo,True,auto_labeled
3858892293744,1,skincare,micellar,True,auto_labeled
8901138819668,1,skincare,face wash,True,auto_labeled
2050001520715,1,skincare,deodorant,True,auto_labeled
2050001520722,1,skincare,deodorant,True,auto_labeled
2050001520708,1,skincare,deodorant,True,auto_labeled
2050001520739,1,skincare,deodorant,True,auto_labeled
2050001520746,1,skincare,deodorant,True,auto_labeled
8690587001952,1,skincare,deodorant,True,auto_labeled
4660120528899,1,makeup,gloss,True,auto_labeled
4660120528875,1,makeup,gloss,True,auto_labeled
4660120528882,1,makeup,gloss,True,auto_labeled
4056489440826,5,haircare,shampoo,True,auto_labeled
8720181641282,1,haircare,shampoo,True,auto_labeled
2050002945364,1,makeup,gloss,True,auto_labeled
4602006348443,1,makeup,lipstick,True,auto_labeled
4602006348498,1,makeup,lipstick,True,auto_labeled
8684659155216,1,haircare,hair spray,True,auto_labeled
3616305488633,1,skincare,essence,True,auto_labeled
3245678090497,9,skincare,lait corps,True,auto_labeled
3250392210069,2,skincare,nettoyant,True,auto_labeled
8901138011062,1,skincare,face wash,True,auto_labeled
0810129413601,1,makeup,lipstick,True,auto_labeled
0037000303992,2,skincare,body wash,True,auto_labeled
3600542427531,3,skincare,serum,True,auto_labeled
3600524150006,1,haircare,shampoo,True,auto_labeled
3600524149840,1,haircare,conditioner,True,auto_labeled
8691190570217,1,makeup,lipstick,True,auto_labeled
3760420013482,1,makeup,highlighter,True,auto_labeled
3701365758489,1,makeup,highlighter,True,auto_labeled
8690587201000,1,skincare,deodorant,True,auto_labeled
6978931646014,1,makeup,foundation,True,auto_labeled
2050002983106,1,makeup,bronzer,True,auto_labeled
3701365798638,1,makeup,primer,True,auto_labeled
6978931643013,1,makeup,concealer,True,auto_labeled
8681529833649,1,skincare,serum,True,auto_labeled
5412533030051,4,skincare,hand soap,True,auto_labeled
0717489000086,1,makeup,lipstick,True,auto_labeled
8710908778322,1,skincare,lait corps,True,auto_labeled
4015100890655,2,haircare,shampoo,True,auto_labeled
8710447485323,4,haircare,conditioner,True,auto_labeled
3760100173185,8,skincare,gel douche,True,auto_labeled
0688086100649,1,makeup,cleansing wipe,True,auto_labeled
4005900871824,1,skincare,deodorant,True,auto_labeled
4015100892901,1,skincare,serum,True,auto_labeled
8681701017096,1,skincare,serum,True,auto_labeled
0044386120150,1,makeup,blush,True,auto_labeled
8683130036679,1,skincare,deodorant,True,auto_labeled
3600524055059,1,skincare,serum,True,auto_labeled
8682287370117,1,skincare,serum,True,auto_labeled
8859064605537,1,skincare,booster,True,auto_labeled
4005900634627,1,haircare,shampoo,True,auto_labeled
9005800321240,1,haircare,shampoo,True,auto_labeled
4005900840851,1,skincare,deodorant,True,auto_labeled
4005900490643,1,skincare,body lotion,True,auto_labeled
4005808781874,1,skincare,shower gel,True,auto_labeled
4005900598363,1,skincare,shower gel,True,auto_labeled
4006000166070,1,haircare,shampoo,True,auto_labeled
4006000249230,1,makeup,gloss,True,auto_labeled
4005900777997,1,makeup,mascara,True,auto_labeled
4005900457332,1,skincare,deodorant,True,auto_labeled
4005900457608,1,skincare,deodorant,True,auto_labeled
4005900457646,1,skincare,deodorant,True,auto_labeled
4005900174116,1,haircare,styling mousse,True,auto_labeled
4005900456144,1,skincare,deodorant,True,auto_labeled
4005900457431,1,skincare,deodorant,True,auto_labeled
4006000111445,1,haircare,hairspray,True,auto_labeled
4005900175908,1,haircare,shampoo,True,auto_labeled
4005900176028,1,haircare,shampoo,True,auto_labeled
4005900457684,1,skincare,deodorant,True,auto_labeled
4005900457707,1,skincare,deodorant,True,auto_labeled
42345077,1,skincare,deodorant,True,auto_labeled
4005900972217,1,skincare,serum,True,auto_labeled
4006000011332,1,skincare,deodorant,True,auto_labeled
4006000011431,1,skincare,deodorant,True,auto_labeled
4006000015163,1,skincare,deodorant,True,auto_labeled
4006000011868,1,skincare,serum,True,auto_labeled
4006000016498,1,skincare,serum,True,auto_labeled
4006000068183,1,skincare,serum,True,auto_labeled
4006000069630,1,skincare,serum,True,auto_labeled
4006000155968,1,skincare,serum,True,auto_labeled
4006000157030,1,skincare,serum,True,auto_labeled
4006000069593,1,skincare,serum,True,auto_labeled
4006000153674,1,skincare,serum,True,auto_labeled
4006000172224,1,skincare,serum,True,auto_labeled
4006000173955,1,skincare,serum,True,auto_labeled
30166967,1,makeup,mascara,True,auto_labeled
30096622,1,makeup,concealer,True,auto_labeled
30144651,1,makeup,gloss,True,auto_labeled
3600530695768,1,makeup,lipstick,True,auto_labeled
3600530695782,1,makeup,lipstick,True,auto_labeled
3600531324896,1,makeup,foundation,True,auto_labeled
3600530733866,1,makeup,concealer,True,auto_labeled
3600531411183,1,makeup,lipstick,True,auto_labeled
30096615,1,makeup,concealer,True,auto_labeled
30155831,1,makeup,concealer,True,auto_labeled
30171565,1,makeup,concealer,True,auto_labeled
3600531396848,1,makeup,concealer,True,auto_labeled
3600531716707,1,makeup,setting powder,True,auto_labeled
3600531662226,1,makeup,concealer,True,auto_labeled
3600531658113,1,makeup,concealer,True,auto_labeled
3600531638900,1,makeup,concealer,True,auto_labeled
3600531672393,1,makeup,foundation,True,auto_labeled
3600531672416,1,makeup,foundation,True,auto_labeled
30098756,1,makeup,mascara,True,auto_labeled
30144552,1,makeup,mascara,True,auto_labeled
30145436,1,makeup,mascara,True,auto_labeled
30147119,1,makeup,mascara,True,auto_labeled
30147317,1,makeup,mascara,True,auto_labeled
8809657114960,3,skincare,serum,True,auto_labeled
8809738312728,1,skincare,serum,True,auto_labeled
4250947501245,3,makeup,mascara,True,auto_labeled
8809504741653,1,skincare,serum,True,auto_labeled
4059729447371,2,makeup,blush,True,auto_labeled
4059729393876,1,makeup,mascara,True,auto_labeled
3600521821152,1,makeup,mascara,True,auto_labeled
3401347869775,1,skincare,serum,True,auto_labeled
8809647390114,2,skincare,serum,True,auto_labeled
4066447245028,1,skincare,serum,True,auto_labeled
0079400649485,2,haircare,conditioner,True,auto_labeled
8901030890772,1,skincare,sunscreen,True,auto_labeled
8904352004049,1,skincare,face wash,True,auto_labeled
8901030989810,2,skincare,face wash,True,auto_labeled
8901030978609,1,skincare,sunscreen,True,auto_labeled
8901138511449,1,haircare,shampoo,True,auto_labeled
3499320015875,1,skincare,cleanser,True,auto_labeled
4059729381941,1,makeup,mascara,True,auto_labeled
3560070871964,1,skincare,deodorant,True,auto_labeled
0011111012158,2,skincare,bar soap,True,auto_labeled
0079400597328,1,skincare,antiperspirant,True,auto_labeled
8717163762141,1,skincare,shower gel,True,auto_labeled
10522766,1,haircare,shampoo,True,auto_labeled
6949331516283,1,skincare,serum,True,auto_labeled
6949331516313,1,skincare,serum,True,auto_labeled
4987176164223,2,haircare,shampoo,True,auto_labeled
8901012116920,1,haircare,shampoo,True,auto_labeled
8901138837563,1,skincare,face wash,True,auto_labeled
6903072446469,1,skincare,sunscreen,True,auto_labeled
8809670680848,1,skincare,serum,True,auto_labeled
8720181284274,1,skincare,deodorant,True,auto_labeled
6281006617667,1,haircare,conditioner,True,auto_labeled
8700216557870,1,haircare,shampoo,True,auto_labeled
4056489827184,1,haircare,shampoo,True,auto_labeled
8998866106399,1,haircare,shampoo,True,auto_labeled
3282770390759,1,haircare,shampoo,True,auto_labeled
0381371175666,1,haircare,shampoo,True,auto_labeled
0603084571239,1,haircare,shampoo,True,auto_labeled
3600542463379,1,haircare,shampoo,True,auto_labeled
5410091767976,1,haircare,shampoo,True,auto_labeled
8901030996177,1,haircare,shampoo,True,auto_labeled
2948149006560,1,haircare,shampoo,True,auto_labeled
3574669907316,1,haircare,shampoo,True,auto_labeled
01089971,1,haircare,shampoo,True,auto_labeled
01134162,1,haircare,shampoo,True,auto_labeled
5410091767914,1,haircare,shampoo,True,auto_labeled
5410091767877,1,haircare,shampoo,True,auto_labeled
02167327,1,haircare,shampoo,True,auto_labeled
3600524149970,1,haircare,shampoo,True,auto_labeled
8710447276587,1,haircare,shampoo,True,auto_labeled
4103040117977,1,haircare,shampoo,True,auto_labeled
8700216442251,1,haircare,shampoo,True,auto_labeled
8700216442350,1,haircare,shampoo,True,auto_labeled
3600524148805,1,haircare,shampoo,True,auto_labeled
3600524149550,1,haircare,shampoo,True,auto_labeled
5410091767853,1,haircare,shampoo,True,auto_labeled
8717931604819,1,haircare,shampoo,True,auto_labeled
8717931608909,1,skincare,body lotion,True,auto_labeled
8717931607285,1,haircare,hair oil,True,auto_labeled
8717931607674,1,haircare,shampoo,True,auto_labeled
8717931607681,1,haircare,conditioner,True,auto_labeled
8717931604826,1,haircare,conditioner,True,auto_labeled
8717931606059,1,haircare,shampoo,True,auto_labeled
8717931606066,1,haircare,conditioner,True,auto_labeled
8717931607704,1,haircare,conditioner,True,auto_labeled
8717931608480,1,haircare,conditioner,True,auto_labeled
8717931608473,1,haircare,hair mask,True,auto_labeled
8717931608459,1,haircare,shampoo,True,auto_labeled
0878971000004,2,haircare,hair gel,True,auto_labeled
1200198002988,2,skincare,hand soap,True,auto_labeled
8809783321225,1,skincare,toner,True,auto_labeled
0041507070233,1,skincare,facial mist,True,auto_labeled
8720181563270,1,skincare,cleanser,True,auto_labeled
8901248126489,1,skincare,body lotion,True,auto_labeled
8850006955529,1,skincare,shower gel,True,auto_labeled
8999999033224,1,haircare,dandruff,True,auto_labeled
8435743102087,1,skincare,deodorant,True,auto_labeled
4058172703096,1,haircare,shampoo,True,auto_labeled
8711600368804,4,skincare,body lotion,True,auto_labeled
4056489817635,1,skincare,micellar,True,auto_labeled
8904134007404,1,haircare,hair oil,True,auto_labeled
0776288678728,1,skincare,hand soap,True,auto_labeled
8904352000683,1,haircare,shampoo,True,auto_labeled
5022496103411,1,haircare,hair oil,True,auto_labeled
8003510030064,1,skincare,deodorant,True,auto_labeled
0634084475562,1,skincare,sunscreen,True,auto_labeled
0190679007100,2,haircare,shampoo,True,auto_labeled
3337875945769,1,skincare,sunscreen,True,auto_labeled
3600542661614,1,makeup,gloss,True,auto_labeled
4021457654253,1,makeup,rouge à lèvres,True,auto_labeled
8714319267017,1,skincare,deodorant,True,auto_labeled
3600542661591,1,makeup,gloss,True,auto_labeled
8718951792814,1,skincare,deodorant,True,auto_labeled
8761200040570,1,haircare,conditioner,True,auto_labeled
3600523966974,1,haircare,shampoo,True,auto_labeled
4008233165202,1,haircare,shampoo,True,auto_labeled
0034285638153,1,haircare,conditioner,True,auto_labeled
7896013563365,1,haircare,hair mask,True,auto_labeled
3600524099770,1,haircare,leave-in,True,auto_labeled
5410091778606,1,haircare,shampoo,True,auto_labeled
8720181851445,1,skincare,deodorant,True,auto_labeled
0021959059291,1,haircare,hair oil,True,auto_labeled
4005900457219,1,skincare,deodorant,True,auto_labeled
3600523709816,1,haircare,conditioner,True,auto_labeled
3574669907958,1,haircare,shampoo,True,auto_labeled
8901248230025,1,haircare,shampoo,True,auto_labeled
8720181851384,1,skincare,deodorant,True,auto_labeled
5410091729745,1,skincare,deodorant,True,auto_labeled
8720674499338,1,haircare,shampoo,True,auto_labeled
4005900457660,1,skincare,deodorant,True,auto_labeled
8901396368502,1,skincare,shower gel,True,auto_labeled
0067545065888,1,haircare,shampoo,True,auto_labeled
4305615648354,1,skincare,booster,True,auto_labeled
0840315303331,1,haircare,shampoo,True,auto_labeled
8906051436923,1,skincare,booster,True,auto_labeled
0621732008586,1,haircare,conditioner,True,auto_labeled
4059729541581,1,makeup,nail polish,True,auto_labeled
3760162121391,1,skincare,savon,True,auto_labeled
8901088210577,1,haircare,hair oil,True,auto_labeled
3666057288104,1,skincare,sunscreen,True,auto_labeled
8433751180226,2,makeup,eyeshadow,True,auto_labeled
0840044714101,1,skincare,body wash,True,auto_labeled
4061464500006,1,skincare,shower gel,True,auto_labeled
0061483007009,1,skincare,hand cream,True,auto_labeled
0667558513187,1,skincare,body cream,True,auto_labeled
8006530030007,1,skincare,antiperspirant,True,auto_labeled
7332531117890,1,haircare,shampoo,True,auto_labeled
0012044067062,1,skincare,face wash,True,auto_labeled
8719179414533,1,haircare,hairspray,True,auto_labeled
3666057350085,1,skincare,serum,True,auto_labeled
7506306254930,1,haircare,shampoo,True,auto_labeled
3506772008307,1,haircare,shampoo,True,auto_labeled
4015100328585,1,haircare,shampoo,True,auto_labeled
8717163762028,3,skincare,body wash,True,auto_labeled
8712561571333,1,haircare,conditioner,True,auto_labeled
6295120059982,1,skincare,body wash,True,auto_labeled
6295120054123,1,skincare,body wash,True,auto_labeled
10406180,2,haircare,shampoo,True,auto_labeled
10522767,1,haircare,shampoo,True,auto_labeled
8901030997112,1,skincare,serum,True,auto_labeled
8901030997105,1,skincare,serum,True,auto_labeled
8904352004193,1,skincare,face wash,True,auto_labeled
8904352004070,1,skincare,face wash,True,auto_labeled
8901138505530,1,skincare,face wash,True,auto_labeled
5028197999674,2,skincare,clay mask,True,auto_labeled
5028197978907,1,haircare,conditioner,True,auto_labeled
8718951724150,1,skincare,serum,True,auto_labeled
8718951594470,1,skincare,serum,True,auto_labeled
4006000250342,1,skincare,deodorant,True,auto_labeled
0086800687900,1,skincare,sunscreen,True,auto_labeled
3574661812960,1,skincare,toner,True,auto_labeled
3574661813882,1,skincare,serum,True,auto_labeled
3574661774602,1,skincare,serum,True,auto_labeled
3574661724607,1,skincare,cleanser,True,auto_labeled
4902430698146,1,haircare,shampoo,True,auto_labeled
4902430698085,1,haircare,shampoo,True,auto_labeled
0080878194698,1,haircare,conditioner,True,auto_labeled
59789482,1,haircare,shampoo,True,auto_labeled
8700216420099,1,haircare,conditioner,True,auto_labeled
8700216442688,1,haircare,conditioner,True,auto_labeled
8700216447874,1,haircare,conditioner,True,auto_labeled
8700216419888,1,haircare,shampoo,True,auto_labeled
8700216442459,1,haircare,shampoo,True,auto_labeled
8700216052948,1,haircare,shampoo,True,auto_labeled
8700216052917,1,haircare,shampoo,True,auto_labeled
8700216442145,1,haircare,shampoo,True,auto_labeled
3666057216718,1,skincare,toning,True,auto_labeled
3264680022098,1,skincare,toning,True,auto_labeled
8001090222725,1,skincare,essence,True,auto_labeled
7506295302223,1,skincare,essence,True,auto_labeled
8500445139522,1,skincare,essence,True,auto_labeled
5011321609341,1,skincare,essence,True,auto_labeled
4891811365725,1,skincare,essence,True,auto_labeled
4006000220376,1,skincare,serum,True,auto_labeled
8720181698972,2,skincare,serum,True,auto_labeled
8999999606886,1,skincare,serum,True,auto_labeled
8851932439756,1,skincare,serum,True,auto_labeled
4006000183268,1,skincare,serum,True,auto_labeled
5900017095615,1,skincare,deodorant,True,auto_labeled
4006000197906,1,skincare,serum,True,auto_labeled
4005900175939,1,haircare,shampoo,True,auto_labeled
4005900456236,1,skincare,deodorant,True,auto_labeled
8720181183782,1,skincare,deodorant,True,auto_labeled
8720181446191,1,skincare,deodorant,True,auto_labeled
8720181196140,1,skincare,deodorant,True,auto_labeled
8720181309656,1,skincare,deodorant,True,auto_labeled
59095545,1,skincare,deodorant,True,auto_labeled
8720181437731,1,skincare,deodorant,True,auto_labeled
3282770145311,1,haircare,conditioner,True,auto_labeled
3282770394535,1,haircare,shampoo,True,auto_labeled
3282770394580,1,haircare,conditioner,True,auto_labeled
3282770149609,1,haircare,shampoo,True,auto_labeled
3282770145076,1,haircare,shampoo,True,auto_labeled
3600531638894,1,makeup,concealer,True,auto_labeled
3600531691820,1,makeup,foundation,True,auto_labeled
3600531691813,1,makeup,foundation,True,auto_labeled
3600531691899,1,makeup,foundation,True,auto_labeled
3600531691912,1,makeup,foundation,True,auto_labeled
3600531700386,1,makeup,primer,True,auto_labeled
3600531691882,1,makeup,foundation,True,auto_labeled
3600531691950,1,makeup,foundation,True,auto_labeled
3600531700379,1,skincare,serum,True,auto_labeled
30167223,1,makeup,mascara,True,auto_labeled
3600531716387,1,makeup,foundation,True,auto_labeled
3600531716257,1,makeup,foundation,True,auto_labeled
3600531712624,1,makeup,concealer,True,auto_labeled
3600531718398,1,makeup,eyeliner,True,auto_labeled
3600531712594,1,makeup,concealer,True,auto_labeled
30190122,1,makeup,lipstick,True,auto_labeled
30190153,1,makeup,lipstick,True,auto_labeled
3600531699758,1,makeup,eyeliner,True,auto_labeled
3600531697402,1,makeup,highlighter,True,auto_labeled
3600531702304,1,makeup,mascara,True,auto_labeled
3600531697426,1,makeup,highlighter,True,auto_labeled
3600531691875,1,makeup,foundation,True,auto_labeled
4005800182020,1,skincare,toner,True,auto_labeled
3701129809280,1,skincare,serum,True,auto_labeled
3701129809273,1,skincare,cleanser,True,auto_labeled
3596710555925,2,haircare,laque,True,auto_labeled
3596710524327,1,skincare,nettoyant,True,auto_labeled
3596710544219,1,skincare,gel douche,True,auto_labeled
3596710544226,1,skincare,shower gel,True,auto_labeled
3596710544233,1,skincare,gel douche,True,auto_labeled
3596710555932,1,haircare,laque,True,auto_labeled
3596710534418,4,makeup,maquillage,True,auto_labeled
3596710555949,1,haircare,laque,True,auto_labeled
3282770152555,1,skincare,cleanser,True,auto_labeled
3282770152463,1,skincare,micellar,True,auto_labeled
3282770153071,2,skincare,serum,True,auto_labeled
4005900632630,1,skincare,deodorant,True,auto_labeled
4005900495532,1,skincare,deodorant,True,auto_labeled
4005900457721,1,skincare,deodorant,True,auto_labeled
4005900486646,1,skincare,deodorant,True,auto_labeled
3661434009365,2,skincare,micellar,True,auto_labeled
0858380002011,2,haircare,conditioner,True,auto_labeled
0070382005320,1,haircare,conditioner,True,auto_labeled
0070382002343,1,haircare,conditioner,True,auto_labeled
5901018020873,1,haircare,conditioner,True,auto_labeled
5901018020859,1,haircare,conditioner,True,auto_labeled
3600524149574,1,haircare,conditioner,True,auto_labeled
8720181649196,1,haircare,conditioner,True,auto_labeled
5410091775605,1,haircare,conditioner,True,auto_labeled
8006530035026,1,haircare,shampoo,True,auto_labeled
4005900190475,1,haircare,conditioner,True,auto_labeled
8720181766213,1,haircare,conditioner,True,auto_labeled
3600542462174,1,haircare,conditioner,True,auto_labeled
3600542572163,1,haircare,conditioner,True,auto_labeled
3600524128418,1,makeup,gloss,True,auto_labeled
3600524149581,1,haircare,conditioner,True,auto_labeled
3600523683284,1,haircare,conditioner,True,auto_labeled
4072600227084,1,haircare,conditioner,True,auto_labeled
5410091767938,1,haircare,conditioner,True,auto_labeled
5410091771768,1,haircare,conditioner,True,auto_labeled
0840455505923,1,haircare,shampoo,True,auto_labeled
0017000118567,1,skincare,body wash,True,auto_labeled
0850010792903,1,skincare,body wash,True,auto_labeled
0810077123249,1,skincare,body wash,True,auto_labeled
0052800681279,1,haircare,shampoo,True,auto_labeled
3178041363112,1,haircare,soin cheveux,True,auto_labeled
0012044062678,1,skincare,face wash,True,auto_labeled
4005900777973,1,makeup,mascara,True,auto_labeled
42345190,1,skincare,deodorant,True,auto_labeled
4005900457745,1,skincare,deodorant,True,auto_labeled
4006000229010,1,skincare,serum,True,auto_labeled
42345299,1,skincare,deodorant,True,auto_labeled
4005900174147,1,makeup,gloss,True,auto_labeled
5410091767952,1,makeup,gloss,True,auto_labeled
4015000719438,1,makeup,highlighter,True,auto_labeled
3600542541435,1,skincare,serum,True,auto_labeled
3600542461320,1,haircare,conditioner,True,auto_labeled
3600542461092,1,haircare,conditioner,True,auto_labeled
3600542512480,1,haircare,shampoo,True,auto_labeled
3600542658867,1,skincare,serum,True,auto_labeled
3600542656597,1,haircare,shampoo,True,auto_labeled
3600542635592,1,haircare,shampoo,True,auto_labeled
3600542567398,1,skincare,serum,True,auto_labeled
3600542528153,1,haircare,shampoo,True,auto_labeled
3600542460439,1,haircare,shampoo,True,auto_labeled
3600542050531,1,skincare,toner,True,auto_labeled
0603084078028,1,skincare,micellar,True,auto_labeled
30188556,1,makeup,blush,True,auto_labeled
3600523723492,1,makeup,bb cream,True,auto_labeled
30188501,1,makeup,blush,True,auto_labeled
30188211,1,makeup,concealer,True,auto_labeled
3600524175610,1,skincare,serum,True,auto_labeled
30188532,1,makeup,blush,True,auto_labeled
30188563,1,makeup,blush,True,auto_labeled
3600524228156,1,makeup,bronzer,True,auto_labeled
3600524119874,1,skincare,serum,True,auto_labeled
3600524101404,1,skincare,serum,True,auto_labeled
3600524254339,1,skincare,serum,True,auto_labeled
3600524197704,1,skincare,serum,True,auto_labeled
3600523971992,1,skincare,serum,True,auto_labeled
3600523793051,1,haircare,hairspray,True,auto_labeled
3600523793068,1,haircare,hairspray,True,auto_labeled
3600524230623,1,haircare,shampoo,True,auto_labeled
3600524228903,1,skincare,serum,True,auto_labeled
3600524228132,1,makeup,bronzer,True,auto_labeled
3600524242800,1,skincare,serum,True,auto_labeled
30189362,1,makeup,mascara,True,auto_labeled
3600524242794,1,skincare,serum,True,auto_labeled
30189225,1,makeup,mascara,True,auto_labeled
3600524251291,1,haircare,conditioner,True,auto_labeled
3600524196806,1,haircare,laque,True,auto_labeled
3600524196844,1,haircare,laque,True,auto_labeled
3600524188467,1,makeup,foundation,True,auto_labeled
3600524192792,1,makeup,lipstick,True,auto_labeled
3600524196615,1,makeup,mascara,True,auto_labeled
3600524190293,1,makeup,concealer,True,auto_labeled
3600524190248,1,makeup,concealer,True,auto_labeled
3600524190286,1,makeup,concealer,True,auto_labeled
3600524192570,1,makeup,highlighter,True,auto_labeled
3600524190255,1,makeup,concealer,True,auto_labeled
3600524192556,1,makeup,highlighter,True,auto_labeled
3600524167196,1,makeup,eyeliner,True,auto_labeled
30188358,1,makeup,mascara,True,auto_labeled
30188273,1,makeup,concealer,True,auto_labeled
30188440,1,makeup,concealer,True,auto_labeled
30188266,1,makeup,concealer,True,auto_labeled
30188228,1,makeup,concealer,True,auto_labeled
30149502,1,makeup,lipstick,True,auto_labeled
30144491,1,makeup,lipstick,True,auto_labeled
30152045,1,makeup,lipstick,True,auto_labeled
30152038,1,makeup,lipstick,True,auto_labeled
3600524104856,1,makeup,eyeliner,True,auto_labeled
3600523897308,1,makeup,mascara,True,auto_labeled
3600524074852,1,haircare,conditioner,True,auto_labeled
3600524074715,1,haircare,shampoo,True,auto_labeled
3600524074579,1,haircare,shampoo,True,auto_labeled
3600522337072,1,makeup,lipstick,True,auto_labeled
3600523635689,1,makeup,foundation,True,auto_labeled
3600523635719,1,makeup,foundation,True,auto_labeled
3600523635658,1,makeup,foundation,True,auto_labeled
3600523635672,1,makeup,foundation,True,auto_labeled
3600524057442,1,makeup,foundation,True,auto_labeled
3600523989942,1,skincare,serum,True,auto_labeled
3600523999934,1,makeup,lipstick,True,auto_labeled
3600523999965,1,makeup,lipstick,True,auto_labeled
3600523989904,1,skincare,serum,True,auto_labeled
3600523989928,1,skincare,serum,True,auto_labeled
3600523989959,1,skincare,serum,True,auto_labeled
3600523951949,1,makeup,foundation,True,auto_labeled
3600523800964,1,skincare,serum,True,auto_labeled
30175228,1,makeup,eyeliner,True,auto_labeled
3600523635634,1,makeup,foundation,True,auto_labeled
3600523611904,1,makeup,foundation,True,auto_labeled
3600522862437,1,makeup,foundation,True,auto_labeled
3600521627419,1,makeup,blush,True,auto_labeled
3600521615386,1,makeup,gloss,True,auto_labeled
3600521615379,1,makeup,gloss,True,auto_labeled
3600520985206,1,makeup,gloss,True,auto_labeled
3600524250355,1,makeup,loose powder,True,auto_labeled
01693791,1,makeup,gloss,True,auto_labeled
8886467060854,1,skincare,bar soap,True,auto_labeled
8720181698934,1,skincare,serum,True,auto_labeled
8999999581930,2,skincare,serum,True,auto_labeled
3282770145700,1,haircare,conditioner,True,auto_labeled
3282770397598,1,haircare,conditioner,True,auto_labeled
3499320018333,1,skincare,serum,True,auto_labeled
3499320017640,1,skincare,cleanser,True,auto_labeled
3499320018340,1,skincare,serum,True,auto_labeled
3499320011921,1,skincare,cleanser,True,auto_labeled
9318637044009,1,haircare,shampoo,True,auto_labeled
8700216545723,1,haircare,conditioner,True,auto_labeled
8700216500739,1,haircare,conditioner,True,auto_labeled
4902430634007,1,haircare,conditioner,True,auto_labeled
0080878192724,1,haircare,conditioner,True,auto_labeled
3574661632919,1,skincare,serum,True,auto_labeled
3574661651699,1,skincare,serum,True,auto_labeled
8700216607421,1,skincare,deodorant,True,auto_labeled
8700216903868,1,skincare,deodorant,True,auto_labeled
8720674421582,1,skincare,toner,True,auto_labeled
3600542638289,1,skincare,booster,True,auto_labeled
4021457654208,1,makeup,rouge à lèvres,True,auto_labeled
8904023008673,3,haircare,shampoo,True,auto_labeled
8720674126074,3,haircare,shampoo,True,auto_labeled
4800888151704,1,haircare,shampoo,True,auto_labeled
8700216928823,1,haircare,shampoo,True,auto_labeled
4056489826965,1,haircare,shampoo,True,auto_labeled
10522769,1,haircare,shampoo,True,auto_labeled
8720182568182,1,haircare,shampoo,True,auto_labeled
8901138851248,1,skincare,face wash,True,auto_labeled
8901030978753,1,skincare,sunscreen,True,auto_labeled
8901207004094,1,skincare,cleanser,True,auto_labeled
8901012189504,1,skincare,face wash,True,auto_labeled
8906008452846,1,skincare,eye cream,True,auto_labeled
0381371177561,1,skincare,body wash,True,auto_labeled
0079400053121,1,haircare,conditioner,True,auto_labeled
3600551054490,2,skincare,gel douche,True,auto_labeled
0803954305104,1,haircare,conditioner,True,auto_labeled
0071164343555,1,haircare,conditioner,True,auto_labeled
0708002400520,1,haircare,conditioner,True,auto_labeled
4987205000140,1,haircare,conditioner,True,auto_labeled
6281006617636,1,haircare,conditioner,True,auto_labeled
6281006534742,1,haircare,conditioner,True,auto_labeled
3474636920280,1,haircare,conditioner,True,auto_labeled
6281006443617,1,haircare,conditioner,True,auto_labeled
6291069701661,1,haircare,conditioner,True,auto_labeled
6294019000005,1,haircare,conditioner,True,auto_labeled
8588006041279,1,haircare,conditioner,True,auto_labeled
0754604190451,1,haircare,conditioner,True,auto_labeled
0754604190314,1,skincare,serum,True,auto_labeled
0754604190604,1,haircare,conditioner,True,auto_labeled
0754604190444,1,haircare,conditioner,True,auto_labeled
8201382877804,1,haircare,conditioner,True,auto_labeled
88126800000999,1,haircare,conditioner,True,auto_labeled
0195893279944,2,haircare,conditioner,True,auto_labeled
6281006535039,1,haircare,conditioner,True,auto_labeled
6281006444218,2,haircare,conditioner,True,auto_labeled
6281006534971,1,haircare,conditioner,True,auto_labeled
0802535479173,1,haircare,conditioner,True,auto_labeled
0603084548590,1,skincare,micellar,True,auto_labeled
0020714711979,1,makeup,concealer,True,auto_labeled
0086800102748,1,skincare,sunscreen,True,auto_labeled
4005900543561,1,skincare,deodorant,True,auto_labeled
5900017084473,1,skincare,deodorant,True,auto_labeled
8718951730700,1,skincare,deodorant,True,auto_labeled
8718951730151,1,skincare,deodorant,True,auto_labeled
8718951727656,1,skincare,deodorant,True,auto_labeled
8718951791602,1,skincare,deodorant,True,auto_labeled
30197244,1,makeup,lipstick,True,auto_labeled
3600531712686,1,makeup,concealer,True,auto_labeled
3600531712709,1,makeup,concealer,True,auto_labeled
3600531716332,1,makeup,foundation,True,auto_labeled
3600531716981,1,makeup,mascara,True,auto_labeled
3600531702281,1,makeup,eyeliner,True,auto_labeled
3600531698638,1,makeup,concealer,True,auto_labeled
3600531691868,1,makeup,foundation,True,auto_labeled
3600531691851,1,makeup,foundation,True,auto_labeled
3600531698614,1,makeup,concealer,True,auto_labeled
30189355,1,makeup,mascara,True,auto_labeled
3600531702083,1,makeup,foundation,True,auto_labeled
30161146,1,makeup,lipstick,True,auto_labeled
30152434,1,makeup,primer,True,auto_labeled
5021044013455,1,makeup,mascara,True,auto_labeled
5021044013332,1,makeup,mascara,True,auto_labeled
30152830,1,makeup,mascara,True,auto_labeled
30166387,1,makeup,gloss,True,auto_labeled
30152618,1,makeup,lipstick,True,auto_labeled
3600531672379,1,makeup,foundation,True,auto_labeled
30163799,1,makeup,mascara,True,auto_labeled
3600531666613,1,makeup,foundation,True,auto_labeled
30153226,1,makeup,lipstick,True,auto_labeled
3600531631116,1,makeup,lipstick,True,auto_labeled
3600531549381,1,makeup,foundation,True,auto_labeled
3600530695966,1,makeup,lipstick,True,auto_labeled
3600530695904,1,makeup,lipstick,True,auto_labeled
3600530695881,1,makeup,lipstick,True,auto_labeled
3600531721015,1,makeup,gloss,True,auto_labeled
3600531720995,1,makeup,gloss,True,auto_labeled
3600531721008,1,makeup,gloss,True,auto_labeled
3600531720988,1,makeup,gloss,True,auto_labeled
3600531721046,1,makeup,gloss,True,auto_labeled
3600531721022,1,makeup,gloss,True,auto_labeled
3600531716349,1,makeup,foundation,True,auto_labeled
3600531716363,1,makeup,foundation,True,auto_labeled
3600531716431,1,makeup,foundation,True,auto_labeled
3600531716219,1,makeup,foundation,True,auto_labeled
3600531716288,1,makeup,foundation,True,auto_labeled
30197237,1,makeup,lipstick,True,auto_labeled
30197176,1,makeup,lipstick,True,auto_labeled
3600531712822,1,makeup,bb cream,True,auto_labeled
4580632110354,1,haircare,shampoo,True,auto_labeled
5905397014522,1,haircare,shampoo,True,auto_labeled
5901742001247,1,haircare,shampoo,True,auto_labeled
4806515161566,1,haircare,shampoo,True,auto_labeled
0037000808053,2,skincare,deodorant,True,auto_labeled
4056489746713,1,skincare,serum,True,auto_labeled
3474636858002,1,skincare,serum,True,auto_labeled
5060472671417,2,haircare,conditioner,True,auto_labeled
8700216533072,1,haircare,shampoo,True,auto_labeled
8006530035644,1,haircare,shampoo,True,auto_labeled
8006530034562,1,haircare,shampoo,True,auto_labeled
8006530035477,1,haircare,shampoo,True,auto_labeled
8006530035330,1,haircare,shampoo,True,auto_labeled
8006530004626,1,haircare,shampoo,True,auto_labeled
8006530004107,1,haircare,shampoo,True,auto_labeled
8006530004480,1,haircare,shampoo,True,auto_labeled
8700216532440,1,haircare,shampoo,True,auto_labeled
8006530174077,1,haircare,shampoo,True,auto_labeled
8006530034319,1,haircare,shampoo,True,auto_labeled
8006530035514,1,haircare,shampoo,True,auto_labeled
8006530035316,1,haircare,shampoo,True,auto_labeled
8006530035385,1,haircare,shampoo,True,auto_labeled
4335619267565,1,haircare,shampoo,True,auto_labeled
4056489827207,1,haircare,shampoo,True,auto_labeled
4056489994145,1,haircare,shampoo,True,auto_labeled
4335619063440,1,skincare,deodorant,True,auto_labeled
4335619124769,1,skincare,hand cream,True,auto_labeled
8712561536684,1,skincare,deodorant,True,auto_labeled
01333151,1,skincare,deodorant,True,auto_labeled
01307083,1,skincare,deodorant,True,auto_labeled
6920354838996,1,haircare,laque,True,auto_labeled
6902395501992,1,skincare,micellar,True,auto_labeled
3600542315340,1,haircare,shampoo,True,auto_labeled
3600542315395,1,haircare,conditioner,True,auto_labeled
3600542461689,3,haircare,shampoo,True,auto_labeled
3600542315357,1,haircare,shampoo,True,auto_labeled
3600542315388,1,haircare,shampoo,True,auto_labeled
3600542528146,1,haircare,conditioner,True,auto_labeled
5037156298444,1,haircare,shampoo,True,auto_labeled
3600524148881,1,haircare,shampoo,True,auto_labeled
4008666211637,1,haircare,shampoo,True,auto_labeled
8720181766237,1,haircare,shampoo,True,auto_labeled
3600524149567,1,haircare,shampoo,True,auto_labeled
4072600221556,1,haircare,shampoo,True,auto_labeled
4072600221600,1,haircare,shampoo,True,auto_labeled
4072600221617,1,haircare,shampoo,True,auto_labeled
4072600221624,1,haircare,shampoo,True,auto_labeled
4072600221648,1,haircare,shampoo,True,auto_labeled
4072600421574,1,haircare,shampoo,True,auto_labeled
5037156097603,1,haircare,shampoo,True,auto_labeled
3600524149949,1,haircare,shampoo,True,auto_labeled
3600523683277,1,haircare,shampoo,True,auto_labeled
3600542460743,1,haircare,shampoo,True,auto_labeled
3600542462259,1,haircare,shampoo,True,auto_labeled
3600524149918,1,haircare,shampoo,True,auto_labeled
5037156297690,1,haircare,shampoo,True,auto_labeled
5410091775568,1,haircare,shampoo,True,auto_labeled
8720182568144,1,haircare,shampoo,True,auto_labeled
8720182568199,1,haircare,shampoo,True,auto_labeled
3600524149871,1,haircare,shampoo,True,auto_labeled
4008666224910,1,haircare,shampoo,True,auto_labeled
4072600703564,1,haircare,shampoo,True,auto_labeled
8720181576683,1,haircare,shampoo,True,auto_labeled
8720181576621,1,haircare,shampoo,True,auto_labeled
8720181576669,1,haircare,shampoo,True,auto_labeled
8720181576645,1,haircare,shampoo,True,auto_labeled
8720181576690,1,haircare,shampoo,True,auto_labeled
8720181576713,1,haircare,shampoo,True,auto_labeled
8720181576720,1,haircare,shampoo,True,auto_labeled
3331300062632,1,makeup,blush,True,auto_labeled
3600524149857,2,haircare,conditioner,True,auto_labeled
4072600121405,1,haircare,conditioner,True,auto_labeled
5037156298512,1,haircare,conditioner,True,auto_labeled
8710847951022,1,haircare,shampoo,True,auto_labeled
8710847951039,1,haircare,shampoo,True,auto_labeled
3600524150013,1,haircare,conditioner,True,auto_labeled
8710908887796,1,haircare,shampoo,True,auto_labeled
3600524149932,1,haircare,conditioner,True,auto_labeled
3600542461894,1,haircare,conditioner,True,auto_labeled
8710847951008,1,haircare,shampoo,True,auto_labeled
3600524149901,1,haircare,conditioner,True,auto_labeled
8710847938627,1,haircare,shampoo,True,auto_labeled
3600523965984,1,haircare,conditioner,True,auto_labeled
3600524149598,1,haircare,shampoo,True,auto_labeled
3600524196479,1,skincare,booster,True,auto_labeled
8720181576706,1,haircare,shampoo,True,auto_labeled
8720181576614,1,haircare,shampoo,True,auto_labeled
8720181576652,1,haircare,shampoo,True,auto_labeled
8720181576676,1,haircare,shampoo,True,auto_labeled
8720181645358,1,skincare,serum,True,auto_labeled
8720181619397,1,haircare,conditioner,True,auto_labeled
8720181619359,1,haircare,conditioner,True,auto_labeled
8720181619373,1,haircare,conditioner,True,auto_labeled
8720181619304,1,haircare,conditioner,True,auto_labeled
8720181619403,1,haircare,conditioner,True,auto_labeled
8720181619335,1,haircare,conditioner,True,auto_labeled
8720181619380,1,haircare,conditioner,True,auto_labeled
3600524149604,1,haircare,conditioner,True,auto_labeled
8700216532556,1,haircare,conditioner,True,auto_labeled
4072600266441,1,haircare,shampoo,True,auto_labeled
5037156299267,1,haircare,shampoo,True,auto_labeled
8720182568151,1,haircare,conditioner,True,auto_labeled
8720182568205,1,haircare,conditioner,True,auto_labeled
3600524127916,1,haircare,shampoo,True,auto_labeled
3600524189877,1,skincare,serum,True,auto_labeled
8720181619342,1,haircare,conditioner,True,auto_labeled
8720181701382,1,haircare,shampoo,True,auto_labeled
8720182568168,1,haircare,shampoo,True,auto_labeled
8720182568175,1,haircare,conditioner,True,auto_labeled
8720674231181,1,haircare,shampoo,True,auto_labeled
3600524190033,1,skincare,booster,True,auto_labeled
8720181619366,1,haircare,conditioner,True,auto_labeled
8720181576744,1,haircare,shampoo,True,auto_labeled
8720181576638,1,haircare,shampoo,True,auto_labeled
8720181027758,1,skincare,deodorant,True,auto_labeled
8720181418402,2,skincare,deodorant,True,auto_labeled
8720181296635,1,skincare,deodorant,True,auto_labeled
8720181029325,1,skincare,deodorant,True,auto_labeled
8720181058004,1,skincare,deodorant,True,auto_labeled
8719325558272,1,skincare,shower gel,True,auto_labeled
8720181284885,1,skincare,deodorant,True,auto_labeled
8710447279779,1,skincare,body wash,True,auto_labeled
8716539000306,1,skincare,deodorant,True,auto_labeled
8720181546495,1,skincare,deodorant,True,auto_labeled
8718951591950,1,skincare,essence,True,auto_labeled
8720181291791,1,skincare,deodorant,True,auto_labeled
5410091719470,1,skincare,deodorant,True,auto_labeled
8714319235870,1,skincare,deodorant,True,auto_labeled
8720181564734,1,skincare,deodorant,True,auto_labeled
8720181291609,1,skincare,deodorant,True,auto_labeled
8710919116410,1,haircare,hairspray,True,auto_labeled
4005900901170,1,makeup,foundation,True,auto_labeled
8720181836190,1,skincare,deodorant,True,auto_labeled
8712172864084,1,skincare,deodorant,True,auto_labeled
8714319260513,1,skincare,deodorant,True,auto_labeled
8714319260414,1,skincare,deodorant,True,auto_labeled
8714319235818,1,skincare,deodorant,True,auto_labeled
8718951730267,1,skincare,deodorant,True,auto_labeled
8718951729476,1,skincare,deodorant,True,auto_labeled
8720181443572,1,skincare,deodorant,True,auto_labeled
8720181057960,1,skincare,deodorant,True,auto_labeled
8714319235832,1,skincare,deodorant,True,auto_labeled
4021457637454,1,skincare,body lotion,True,auto_labeled
8993002010981,1,skincare,body lotion,True,auto_labeled
8904109400049,1,skincare,body lotion,True,auto_labeled
5704947017613,1,skincare,body lotion,True,auto_labeled
8888202057532,1,skincare,body lotion,True,auto_labeled
7888247026808,1,skincare,body lotion,True,auto_labeled
0019100219304,1,skincare,body lotion,True,auto_labeled
0019100219298,1,skincare,body lotion,True,auto_labeled
8901088769402,1,skincare,body lotion,True,auto_labeled
8901248126359,1,skincare,body lotion,True,auto_labeled
8906008458817,1,skincare,body lotion,True,auto_labeled
6858475411470,1,skincare,body lotion,True,auto_labeled
8904293723566,1,skincare,body lotion,True,auto_labeled
6296023171313,1,skincare,body lotion,True,auto_labeled
0667557112541,2,skincare,body lotion,True,auto_labeled
8718951729285,1,skincare,deodorant,True,auto_labeled
0055742549133,1,skincare,body lotion,True,auto_labeled
6281006506596,1,skincare,body lotion,True,auto_labeled
8720181645365,1,haircare,leave-in,True,auto_labeled
8720181645372,1,haircare,leave-in,True,auto_labeled
8720181645396,1,haircare,leave-in,True,auto_labeled
8720181645402,1,haircare,leave-in,True,auto_labeled
8718951728615,1,skincare,deodorant,True,auto_labeled
8718951727564,1,skincare,deodorant,True,auto_labeled
8720181594823,1,skincare,deodorant,True,auto_labeled
8720181596513,1,skincare,deodorant,True,auto_labeled
3600541116467,1,makeup,bb cream,True,auto_labeled
3600541116474,1,makeup,bb cream,True,auto_labeled
3600542572040,1,haircare,shampoo,True,auto_labeled
3600542651134,1,skincare,booster,True,auto_labeled
3600542449618,1,skincare,serum,True,auto_labeled
3600542661621,1,makeup,gloss,True,auto_labeled
59095958,1,skincare,deodorant,True,auto_labeled
8720674238678,1,skincare,serum,True,auto_labeled
3600524135683,1,haircare,conditioner,True,auto_labeled
5410091771744,1,haircare,shampoo,True,auto_labeled
3600524149956,1,haircare,conditioner,True,auto_labeled
01850073,1,skincare,deodorant,True,auto_labeled
3600523527854,1,makeup,foundation,True,auto_labeled
3054080055815,1,makeup,lipstick,True,auto_labeled
3600522862550,1,makeup,foundation,True,auto_labeled
3600523614424,1,makeup,foundation,True,auto_labeled
3600522862383,1,makeup,foundation,True,auto_labeled
3600522862574,1,makeup,foundation,True,auto_labeled
3600524013530,1,skincare,serum,True,auto_labeled
3600524019648,1,skincare,toner,True,auto_labeled
3600524026639,1,makeup,eyeliner,True,auto_labeled
3600524026653,1,makeup,eyeliner,True,auto_labeled
3600524026677,1,makeup,eyeliner,True,auto_labeled
3600524030919,1,skincare,serum,True,auto_labeled
3600522862482,1,makeup,foundation,True,auto_labeled
3600523611898,1,makeup,foundation,True,auto_labeled
3600523635627,1,makeup,foundation,True,auto_labeled
3600523635641,1,makeup,foundation,True,auto_labeled
3600523635696,1,makeup,foundation,True,auto_labeled
3600523635702,1,makeup,foundation,True,auto_labeled
3600523674541,1,makeup,foundation,True,auto_labeled
3600524079505,1,makeup,lipstick,True,auto_labeled
3600524079536,1,makeup,lipstick,True,auto_labeled
30144361,1,makeup,lipstick,True,auto_labeled
3600524128036,1,makeup,foundation,True,auto_labeled
30149298,1,makeup,mascara,True,auto_labeled
30149311,1,makeup,mascara,True,auto_labeled
30161443,1,makeup,mascara,True,auto_labeled
30164635,1,makeup,mascara,True,auto_labeled
30188174,1,makeup,concealer,True,auto_labeled
30188181,1,makeup,concealer,True,auto_labeled
30188204,1,makeup,concealer,True,auto_labeled
30188235,1,makeup,concealer,True,auto_labeled
3600524128869,1,skincare,toner,True,auto_labeled
3600524128876,1,skincare,toner,True,auto_labeled
3600524148966,1,makeup,gloss,True,auto_labeled
3600524162511,1,skincare,serum,True,auto_labeled
3600524229085,1,makeup,mascara,True,auto_labeled
3600524238667,1,makeup,eyeliner,True,auto_labeled
3600524242763,1,skincare,serum,True,auto_labeled
3600520985077,1,makeup,gloss,True,auto_labeled
3600520985251,1,makeup,gloss,True,auto_labeled
3600520985145,1,makeup,gloss,True,auto_labeled
3489940049220,1,haircare,shampoo,True,auto_labeled
3600524229955,1,haircare,conditioner,True,auto_labeled
3600524246877,1,makeup,gloss,True,auto_labeled
3600524250317,1,skincare,deodorant,True,auto_labeled
3600523596065,1,skincare,deodorant,True,auto_labeled
3600523438099,1,skincare,deodorant,True,auto_labeled
3600524264628,1,skincare,deodorant,True,auto_labeled
3600524266868,1,skincare,serum,True,auto_labeled
3600524247799,1,skincare,serum,True,auto_labeled
3600524242770,1,skincare,serum,True,auto_labeled
3600524050863,1,makeup,eyeliner,True,auto_labeled
3600524242824,1,skincare,serum,True,auto_labeled
3600524241803,1,makeup,lipstick,True,auto_labeled
3600524242831,1,skincare,serum,True,auto_labeled
3600524242787,1,skincare,serum,True,auto_labeled
3600524241773,1,makeup,lipstick,True,auto_labeled
3600524251147,1,haircare,shampoo,True,auto_labeled
3600524250331,1,makeup,loose powder,True,auto_labeled
3600524050856,1,makeup,eyeliner,True,auto_labeled
3600524238674,1,makeup,eyeliner,True,auto_labeled
3600524241766,1,makeup,lipstick,True,auto_labeled
30190160,1,makeup,mascara,True,auto_labeled
3600524241780,1,makeup,lipstick,True,auto_labeled
3600524242817,1,skincare,serum,True,auto_labeled
0037000800910,1,skincare,deodorant,True,auto_labeled
0021959051165,1,haircare,hair oil,True,auto_labeled
5056369152770,1,makeup,mascara,True,auto_labeled
3600523873869,1,skincare,serum,True,auto_labeled
3600524070212,1,skincare,serum,True,auto_labeled
3600524012595,1,skincare,serum,True,auto_labeled
3600524025595,1,skincare,serum,True,auto_labeled
3600524192037,1,skincare,toner,True,auto_labeled
3600524175603,1,skincare,serum,True,auto_labeled
3600524202637,1,skincare,cleanser,True,auto_labeled
3600523723539,1,makeup,bb cream,True,auto_labeled
30189096,1,makeup,mascara,True,auto_labeled
30188419,1,makeup,concealer,True,auto_labeled
30188242,1,makeup,concealer,True,auto_labeled
30188471,1,makeup,concealer,True,auto_labeled
30188662,1,makeup,lipstick,True,auto_labeled
30158672,1,makeup,mascara,True,auto_labeled
30146938,1,makeup,lipstick,True,auto_labeled
3600524070021,1,makeup,primer,True,auto_labeled
3600524069766,1,skincare,serum,True,auto_labeled
3600523611911,1,makeup,foundation,True,auto_labeled
3600524057473,1,makeup,foundation,True,auto_labeled
3600524057565,1,makeup,foundation,True,auto_labeled
3600524057459,1,makeup,foundation,True,auto_labeled
3600523611959,1,makeup,foundation,True,auto_labeled
3600523635665,1,makeup,foundation,True,auto_labeled
3600523527885,1,makeup,foundation,True,auto_labeled
3600522634034,1,makeup,lipstick,True,auto_labeled
3600523614530,1,makeup,foundation,True,auto_labeled
3600523614479,1,makeup,foundation,True,auto_labeled
3600522337133,1,makeup,lipstick,True,auto_labeled
3600522337119,1,makeup,lipstick,True,auto_labeled
3600521988169,1,makeup,gloss,True,auto_labeled
3600521831021,1,makeup,gloss,True,auto_labeled
3600520985114,1,makeup,gloss,True,auto_labeled
3600523755288,1,makeup,mascara,True,auto_labeled
4006000249322,1,haircare,styling mousse,True,auto_labeled
4005900573070,1,makeup,mascara,True,auto_labeled
3600542514101,1,skincare,eye cream,True,auto_labeled
3600542524346,1,skincare,serum,True,auto_labeled
3600542500449,1,skincare,serum,True,auto_labeled
3600542658096,1,skincare,serum,True,auto_labeled
3600542660372,1,haircare,leave-in,True,auto_labeled
3600542661607,1,makeup,gloss,True,auto_labeled
3600542635967,1,haircare,conditioner,True,auto_labeled
3600542628259,1,skincare,serum,True,auto_labeled
3600542462396,1,haircare,shampoo,True,auto_labeled
3600531716301,1,makeup,foundation,True,auto_labeled
3600531712655,1,makeup,concealer,True,auto_labeled
30197268,1,makeup,lipstick,True,auto_labeled
3600531718381,1,makeup,eyeliner,True,auto_labeled
3600531718350,1,makeup,eyeliner,True,auto_labeled
3600531718404,1,makeup,eyeliner,True,auto_labeled
30197299,1,makeup,mascara,True,auto_labeled
3600531699727,1,makeup,eyeliner,True,auto_labeled
3600531691752,1,makeup,foundation,True,auto_labeled
3600531698621,1,makeup,concealer,True,auto_labeled
3600531691806,1,makeup,foundation,True,auto_labeled
3600531697419,1,makeup,highlighter,True,auto_labeled
3600531691905,1,makeup,foundation,True,auto_labeled
3600531691776,1,makeup,foundation,True,auto_labeled
3600531702038,1,makeup,foundation,True,auto_labeled
3600531702120,1,makeup,foundation,True,auto_labeled
3600531668495,1,makeup,blush,True,auto_labeled
3600531668440,1,makeup,blush,True,auto_labeled
8006530041263,1,haircare,shampoo,True,auto_labeled
8700216533140,1,haircare,conditioner,True,auto_labeled
8700216532662,1,haircare,conditioner,True,auto_labeled
8700216532365,1,haircare,shampoo,True,auto_labeled
8006530034906,1,haircare,shampoo,True,auto_labeled
8006530035231,1,haircare,shampoo,True,auto_labeled
8006530034180,1,haircare,shampoo,True,auto_labeled
4902430634014,1,haircare,conditioner,True,auto_labeled
5410091774936,1,haircare,hairspray,True,auto_labeled
5410091778019,1,haircare,shampoo,True,auto_labeled
5410091778040,1,haircare,conditioner,True,auto_labeled
5410091778101,1,skincare,serum,True,auto_labeled
5410091777814,1,makeup,primer,True,auto_labeled
5410091777999,1,skincare,toner,True,auto_labeled
5410091777975,1,skincare,toner,True,auto_labeled
5410091777913,1,skincare,toner,True,auto_labeled
5410091775629,1,haircare,conditioner,True,auto_labeled
4067971088570,1,haircare,conditioner,True,auto_labeled
5201143758635,1,haircare,hair mask,True,auto_labeled
3600524188450,1,makeup,foundation,True,auto_labeled
3600524196813,1,haircare,laque,True,auto_labeled
3600524196875,1,haircare,laque,True,auto_labeled
3600524202651,1,skincare,serum,True,auto_labeled
3600524190323,1,makeup,concealer,True,auto_labeled
3600524190187,1,makeup,concealer,True,auto_labeled
3600524196790,1,haircare,laque,True,auto_labeled
3600524196820,1,haircare,laque,True,auto_labeled
3600524196783,1,haircare,laque,True,auto_labeled
3600524190262,1,makeup,concealer,True,auto_labeled
3600524188474,1,makeup,foundation,True,auto_labeled
3600524196851,1,haircare,laque,True,auto_labeled
30188280,1,makeup,concealer,True,auto_labeled
30188457,1,makeup,concealer,True,auto_labeled
30188464,1,makeup,concealer,True,auto_labeled
30188617,1,makeup,lipstick,True,auto_labeled
30188655,1,makeup,lipstick,True,auto_labeled
30188259,1,makeup,concealer,True,auto_labeled
3600523951291,1,makeup,foundation,True,auto_labeled
3600523966066,1,haircare,shampoo,True,auto_labeled
3600523966103,1,haircare,conditioner,True,auto_labeled
3600523709786,1,haircare,conditioner,True,auto_labeled
3600523873876,1,skincare,serum,True,auto_labeled
3600523793075,1,haircare,hairspray,True,auto_labeled
3600521230329,1,makeup,gloss,True,auto_labeled
01070042,1,makeup,gloss,True,auto_labeled
01070049,1,makeup,gloss,True,auto_labeled
3600520985091,1,makeup,gloss,True,auto_labeled
3600521849248,1,skincare,deodorant,True,auto_labeled
3600521189115,1,makeup,gloss,True,auto_labeled
3600521847961,2,skincare,deodorant,True,auto_labeled
3600523611935,1,makeup,foundation,True,auto_labeled
30152540,1,makeup,mascara,True,auto_labeled
3600522066798,1,makeup,mascara,True,auto_labeled
3600523611942,1,makeup,foundation,True,auto_labeled
3600524057428,1,makeup,foundation,True,auto_labeled
3600524057466,1,makeup,foundation,True,auto_labeled
3600524192785,1,makeup,lipstick,True,auto_labeled
3600524192808,1,makeup,lipstick,True,auto_labeled
3600524190170,1,makeup,concealer,True,auto_labeled
3600524190200,1,makeup,concealer,True,auto_labeled
3600524190224,1,makeup,concealer,True,auto_labeled
3600524190163,1,makeup,concealer,True,auto_labeled
3600524190309,1,makeup,concealer,True,auto_labeled
3760100203813,1,haircare,shampoo,True,auto_labeled
3760100682540,1,haircare,shampoo,True,auto_labeled
8414227031815,1,haircare,shampoo,True,auto_labeled
8436097095421,1,haircare,shampoo,True,auto_labeled
3760100683288,1,haircare,shampoo,True,auto_labeled
3760100173000,1,skincare,gel douche,True,auto_labeled
3760100683851,1,skincare,gel douche,True,auto_labeled
3760100685176,1,skincare,gel douche,True,auto_labeled
8436097095728,1,skincare,gel douche,True,auto_labeled
8710908371509,1,skincare,micellar,True,auto_labeled
8697420539221,1,skincare,micellar,True,auto_labeled
8710908711619,1,skincare,micellar,True,auto_labeled
8809640732829,1,skincare,cleansing oil,True,auto_labeled
3574661724935,1,makeup,cleansing wipe,True,auto_labeled
3574661725024,1,makeup,cleansing wipe,True,auto_labeled
8690506346584,1,skincare,mousse a raser,True,auto_labeled
3600531712679,1,makeup,concealer,True,auto_labeled
3600531712587,1,makeup,concealer,True,auto_labeled
3600531712600,1,makeup,concealer,True,auto_labeled
3600531712617,1,makeup,concealer,True,auto_labeled
30190139,1,makeup,lipstick,True,auto_labeled
30189782,1,makeup,lipstick,True,auto_labeled
3600531712815,1,makeup,bb cream,True,auto_labeled
3600531712808,1,makeup,bb cream,True,auto_labeled
3600531712761,1,makeup,bb cream,True,auto_labeled
3600531651213,1,makeup,gloss,True,auto_labeled
3600531668419,1,makeup,blush,True,auto_labeled
3600531672324,1,makeup,foundation,True,auto_labeled
3600531672461,1,makeup,foundation,True,auto_labeled
30152625,1,makeup,lipstick,True,auto_labeled
3600531672478,1,makeup,foundation,True,auto_labeled
3600531672447,1,makeup,foundation,True,auto_labeled
3600531666637,1,makeup,foundation,True,auto_labeled
3600531666699,1,makeup,foundation,True,auto_labeled
30161467,1,makeup,mascara,True,auto_labeled
3600531583385,1,makeup,foundation,True,auto_labeled
30145535,1,makeup,lipstick,True,auto_labeled
0768614222828,1,skincare,eye cream,True,auto_labeled
8809657114632,1,skincare,eye cream,True,auto_labeled
3600531513474,1,makeup,lipstick,True,auto_labeled
3600531513412,1,makeup,lipstick,True,auto_labeled
8809657116544,1,skincare,cleanser,True,auto_labeled
8809657114731,1,skincare,toner,True,auto_labeled
8720674509907,1,skincare,serum,True,auto_labeled
3337875945622,1,skincare,sunscreen,True,auto_labeled
8800289474989,1,skincare,serum,True,auto_labeled
8710537045215,1,skincare,serum,True,auto_labeled
4059729542038,1,makeup,concealer,True,auto_labeled
3600531411114,1,makeup,lipstick,True,auto_labeled
8809640739019,1,skincare,serum,True,auto_labeled
8809640735790,1,skincare,cleansing oil,True,auto_labeled
8720674341989,1,skincare,booster,True,auto_labeled
4059729542359,1,skincare,essence,True,auto_labeled
4059729540621,1,makeup,setting powder,True,auto_labeled
9331880040635,1,makeup,pressed powder,True,auto_labeled
9331880040628,1,makeup,pressed powder,True,auto_labeled
9331880040123,1,makeup,blush,True,auto_labeled
9331880040604,1,makeup,pressed powder,True,auto_labeled
8800290362572,1,skincare,serum,True,auto_labeled
8809968130239,1,skincare,toner,True,auto_labeled
8809738316412,1,skincare,serum,True,auto_labeled
4059729521354,1,makeup,bronzer,True,auto_labeled
4059729447142,1,skincare,essence,True,auto_labeled
4059729521347,1,makeup,bronzer,True,auto_labeled
4059729514998,1,makeup,highlighter,True,auto_labeled
4059729515094,1,makeup,bronzer,True,auto_labeled
8809576261059,1,skincare,serum,True,auto_labeled
8809598455399,1,skincare,toner,True,auto_labeled
8809598455658,1,skincare,serum,True,auto_labeled
8809738316139,1,skincare,serum,True,auto_labeled
8710537044829,1,skincare,serum,True,auto_labeled
8720674244273,1,skincare,serum,True,auto_labeled
8720674230177,1,skincare,serum,True,auto_labeled
0887167485495,1,skincare,serum,True,auto_labeled
8717591561866,1,haircare,conditioner,True,auto_labeled
8436568905150,1,skincare,body lotion,True,auto_labeled
0032522906614,1,skincare,body lotion,True,auto_labeled
4008268017477,1,skincare,body lotion,True,auto_labeled
3614274076776,1,skincare,body lotion,True,auto_labeled
3614272324329,1,skincare,body lotion,True,auto_labeled
6924832249380,1,skincare,body lotion,True,auto_labeled
8858831008120,1,skincare,booster,True,auto_labeled
6932511226201,1,skincare,body lotion,True,auto_labeled
5061027980183,1,skincare,body lotion,True,auto_labeled
4003583200931,1,skincare,body lotion,True,auto_labeled
6297000442600,1,skincare,body lotion,True,auto_labeled
8856153345718,1,skincare,body lotion,True,auto_labeled
0754604150080,1,skincare,body lotion,True,auto_labeled
6294007505215,1,skincare,body lotion,True,auto_labeled
0636874040783,1,skincare,body lotion,True,auto_labeled
0636874040233,1,skincare,body lotion,True,auto_labeled
0480650783108,1,skincare,bar soap,True,auto_labeled
0480901074021,1,skincare,bar soap,True,auto_labeled
8721082986649,1,skincare,shower gel,True,auto_labeled
8721008228983,1,haircare,shampoo,True,auto_labeled
8720254337272,1,skincare,shower gel,True,auto_labeled
8719587176733,1,skincare,hand soap,True,auto_labeled
8719587176757,1,skincare,hand soap,True,auto_labeled
8719587176641,1,skincare,hand soap,True,auto_labeled
8719325558319,1,haircare,shampoo,True,auto_labeled
8719587176726,1,skincare,hand soap,True,auto_labeled
8720254337258,1,skincare,shower gel,True,auto_labeled
5000167311105,1,skincare,cleanser,True,auto_labeled
5412533001068,1,skincare,hand soap,True,auto_labeled
0194346056217,2,skincare,hand soap,True,auto_labeled
0074182292669,1,skincare,hand soap,True,auto_labeled
5015833307818,1,haircare,conditioner,True,auto_labeled
5900168906600,1,skincare,liquid soap,True,auto_labeled
8698898466057,1,skincare,liquid soap,True,auto_labeled
0057800994268,1,skincare,hand soap,True,auto_labeled
0800897005269,1,makeup,primer,True,auto_labeled
8720674244303,1,skincare,sheet mask,True,auto_labeled
8720674244259,1,skincare,clay mask,True,auto_labeled
8720674230191,1,skincare,serum,True,auto_labeled
4059729393807,1,makeup,foundation,True,auto_labeled
8710537044010,1,skincare,serum,True,auto_labeled
4251232219883,1,skincare,essence,True,auto_labeled
4250947593899,1,makeup,mascara,True,auto_labeled
3600531605681,1,makeup,lipstick,True,auto_labeled
3600531605650,1,makeup,lipstick,True,auto_labeled
3600531549374,1,makeup,foundation,True,auto_labeled
3600531513382,1,makeup,lipstick,True,auto_labeled
3600531513450,1,makeup,lipstick,True,auto_labeled
3600531469412,1,makeup,lipstick,True,auto_labeled
3600531465254,1,makeup,concealer,True,auto_labeled
3600531465209,1,makeup,concealer,True,auto_labeled
3600531469481,1,makeup,lipstick,True,auto_labeled
3600531469436,1,makeup,lipstick,True,auto_labeled
3600531300357,1,makeup,lipstick,True,auto_labeled
8720674509884,1,skincare,serum,True,auto_labeled
3596200056116,1,skincare,serum,True,auto_labeled
6978931645796,1,makeup,eyeliner,True,auto_labeled
8809640734717,1,skincare,ampoule,True,auto_labeled
4059729583734,1,makeup,foundation,True,auto_labeled
4059729583970,1,makeup,foundation,True,auto_labeled
4059729542199,1,makeup,concealer,True,auto_labeled
4059729542175,1,makeup,concealer,True,auto_labeled
4059729583987,1,makeup,foundation,True,auto_labeled
4059729540447,1,skincare,serum,True,auto_labeled
4059729587282,1,makeup,blush,True,auto_labeled
4059729587244,1,makeup,blush,True,auto_labeled
8809738605714,1,skincare,toner,True,auto_labeled
0020714426774,1,skincare,serum,True,auto_labeled
3600542656351,1,haircare,conditioner,True,auto_labeled
5037156298895,1,skincare,serum,True,auto_labeled
8720674511351,1,skincare,micellar,True,auto_labeled
5060486262205,1,skincare,cleanser,True,auto_labeled
5060677250226,1,skincare,face wash,True,auto_labeled
8720181819407,1,skincare,deodorant,True,auto_labeled
4059729446916,1,skincare,essence,True,auto_labeled
4059729517166,1,skincare,serum,True,auto_labeled
4059729393784,1,makeup,foundation,True,auto_labeled
0640466164078,1,skincare,toner,True,auto_labeled
8720674069449,1,skincare,eye cream,True,auto_labeled
8720674069456,1,skincare,serum,True,auto_labeled
8718951705906,1,skincare,essence,True,auto_labeled
8411114093338,1,haircare,shampoo,True,auto_labeled
0017854112230,1,skincare,body wash,True,auto_labeled
0017854112223,1,skincare,body wash,True,auto_labeled
0017854112254,1,skincare,body wash,True,auto_labeled
8718951427471,1,skincare,essence,True,auto_labeled
8718951588943,1,skincare,gel douche,True,auto_labeled
8714319236617,1,skincare,shower gel,True,auto_labeled
8719325558258,1,skincare,shower gel,True,auto_labeled
4008233088563,1,skincare,hand cream,True,auto_labeled
4008233162065,1,skincare,body cream,True,auto_labeled
8809640738616,1,skincare,serum,True,auto_labeled
8809640736025,1,skincare,toner,True,auto_labeled
8720674341996,1,skincare,booster,True,auto_labeled
4059729587626,1,makeup,primer,True,auto_labeled
4059729540614,1,makeup,setting powder,True,auto_labeled
0609332576155,1,skincare,serum,True,auto_labeled
9331880041168,1,makeup,setting spray,True,auto_labeled
9331880041120,1,makeup,primer,True,auto_labeled
9331880040611,1,makeup,pressed powder,True,auto_labeled
8720674342283,1,skincare,toner,True,auto_labeled
0609332833920,1,makeup,setting powder,True,auto_labeled
0609332848276,1,makeup,concealer,True,auto_labeled
0609332848368,1,makeup,concealer,True,auto_labeled
0609332848238,1,makeup,concealer,True,auto_labeled
8495388008854,1,skincare,hand soap,True,auto_labeled
8719325558234,1,skincare,shower gel,True,auto_labeled
4059729585509,2,skincare,essence,True,auto_labeled
4059729541994,1,makeup,concealer,True,auto_labeled
4059729542113,1,makeup,concealer,True,auto_labeled
4059729583680,1,makeup,foundation,True,auto_labeled
4059729542076,1,makeup,concealer,True,auto_labeled
4059729542052,1,makeup,concealer,True,auto_labeled
4059729583710,1,makeup,foundation,True,auto_labeled
4059729542151,1,makeup,concealer,True,auto_labeled
4059729587268,1,makeup,blush,True,auto_labeled
4059729587329,1,makeup,blush,True,auto_labeled
4059729587343,1,makeup,blush,True,auto_labeled
9331880039813,1,makeup,blush,True,auto_labeled
0609332848245,1,makeup,concealer,True,auto_labeled
8700216421980,1,skincare,serum,True,auto_labeled
8006540328668,1,skincare,serum,True,auto_labeled
8719179677792,1,skincare,serum,True,auto_labeled
3600523614509,1,makeup,foundation,True,auto_labeled
30146921,1,makeup,lipstick,True,auto_labeled
3600524057558,1,makeup,foundation,True,auto_labeled
3600523614486,1,makeup,foundation,True,auto_labeled
6291107190099,1,skincare,body lotion,True,auto_labeled
8006530034999,1,haircare,shampoo,True,auto_labeled
4987176074928,1,haircare,dandruff,True,auto_labeled
3596710568000,1,skincare,savon,True,auto_labeled
3760194655437,1,skincare,nettoyant,True,auto_labeled
9310158111567,1,haircare,hair spray,True,auto_labeled
8909106006553,2,makeup,gloss,True,auto_labeled
0022400393759,2,haircare,conditioner,True,auto_labeled
6281006534902,1,haircare,conditioner,True,auto_labeled
0022400393735,1,haircare,conditioner,True,auto_labeled
6281006535022,1,haircare,conditioner,True,auto_labeled
02240800,1,haircare,conditioner,True,auto_labeled
5410091777951,1,skincare,toner,True,auto_labeled
5410091777937,1,skincare,toner,True,auto_labeled
5410091775520,1,haircare,shampoo,True,auto_labeled
5410091775643,1,haircare,conditioner,True,auto_labeled
5410091775469,1,haircare,shampoo,True,auto_labeled
5410091719180,1,skincare,booster,True,auto_labeled
5410091702755,1,skincare,booster,True,auto_labeled
5410091702786,1,skincare,booster,True,auto_labeled
7506306249219,1,haircare,shampoo,True,auto_labeled
0381370014188,1,skincare,body wash,True,auto_labeled
0667659320615,1,skincare,body cream,True,auto_labeled
3574661427706,1,haircare,shampoo,True,auto_labeled
8713769602041,1,makeup,bronzer,True,auto_labeled
8999999719081,1,skincare,sunblock,True,auto_labeled
0871760003095,3,skincare,sunscreen,True,auto_labeled
0419041673546,1,skincare,sunscreen,True,auto_labeled
0075486087470,1,skincare,sunscreen,True,auto_labeled
0054402250624,1,makeup,bronzer,True,auto_labeled
3800225479608,1,skincare,sunscreen,True,auto_labeled
0724742003821,2,skincare,sunscreen,True,auto_labeled
0810084872031,1,skincare,sunscreen,True,auto_labeled
8997208072590,1,skincare,sunscreen,True,auto_labeled
8720674386355,1,skincare,serum,True,auto_labeled
8718951741225,1,skincare,deodorant,True,auto_labeled
8713769500286,1,haircare,shampoo,True,auto_labeled
8713769500729,1,haircare,shampoo,True,auto_labeled
8718951792845,1,skincare,deodorant,True,auto_labeled
8718951791572,1,skincare,deodorant,True,auto_labeled
3337875903738,1,skincare,serum,True,auto_labeled
3606000560833,1,skincare,serum,True,auto_labeled
8720674342306,1,skincare,cleansing oil,True,auto_labeled
0609332852457,1,makeup,primer,True,auto_labeled
0609332848399,1,makeup,concealer,True,auto_labeled
0609332848252,1,makeup,concealer,True,auto_labeled
0609332848337,1,makeup,concealer,True,auto_labeled
0609332848221,1,makeup,concealer,True,auto_labeled
8719179677808,1,skincare,eye cream,True,auto_labeled
8720674232751,1,haircare,shampoo,True,auto_labeled
8720674367729,1,makeup,primer,True,auto_labeled
4059729034397,1,makeup,foundation,True,auto_labeled
8710537043990,1,skincare,serum,True,auto_labeled
8710537044003,1,skincare,serum,True,auto_labeled
4059729332714,1,makeup,bronzer,True,auto_labeled
5410091778620,1,haircare,shampoo,True,auto_labeled
5410091778507,1,haircare,shampoo,True,auto_labeled
5410091778668,1,haircare,shampoo,True,auto_labeled
5410091778484,1,haircare,shampoo,True,auto_labeled
3600542512237,1,haircare,conditioner,True,auto_labeled
3600542462846,1,haircare,conditioner,True,auto_labeled
3600542130158,1,haircare,leave-in,True,auto_labeled
5037156302790,1,skincare,serum,True,auto_labeled
5037156301687,1,makeup,primer,True,auto_labeled
5037156298338,1,haircare,shampoo,True,auto_labeled
5037156298383,1,haircare,conditioner,True,auto_labeled
5037156296075,1,skincare,serum,True,auto_labeled
5037156299052,1,haircare,conditioner,True,auto_labeled
5037156299038,1,haircare,shampoo,True,auto_labeled
5037156287899,1,haircare,shampoo,True,auto_labeled
5037156299274,1,haircare,conditioner,True,auto_labeled
5037156297713,1,skincare,toning,True,auto_labeled
5037156298611,1,haircare,shampoo,True,auto_labeled
5037156299090,1,haircare,shampoo,True,auto_labeled
5037156263978,1,haircare,conditioner,True,auto_labeled
8720964842233,1,makeup,blush,True,auto_labeled
0603084491834,1,haircare,shampoo,True,auto_labeled
0603084459339,1,haircare,shampoo,True,auto_labeled
0079400475510,1,haircare,shampoo,True,auto_labeled
8719325558296,1,haircare,shampoo,True,auto_labeled
3600524173562,1,haircare,shampoo,True,auto_labeled
5060120165787,2,haircare,shampoo,True,auto_labeled
8719134212440,4,haircare,shampoo,True,auto_labeled
6291069208238,1,haircare,shampoo,True,auto_labeled
0037000823445,1,haircare,shampoo,True,auto_labeled
4072600255285,1,haircare,shampoo,True,auto_labeled
6291069756357,2,haircare,shampoo,True,auto_labeled
7753572006262,1,haircare,shampoo,True,auto_labeled
7791293046983,1,haircare,shampoo,True,auto_labeled
7891033534623,1,haircare,shampoo,True,auto_labeled
4064700214200,1,haircare,shampoo,True,auto_labeled
8025796000074,1,haircare,shampoo,True,auto_labeled
4800888169716,1,haircare,shampoo,True,auto_labeled
8002410009644,1,haircare,shampoo,True,auto_labeled
8414152411027,1,haircare,shampoo,True,auto_labeled
8713713063850,1,haircare,shampoo,True,auto_labeled
4251232284300,1,makeup,concealer,True,auto_labeled
96099315,1,makeup,blush,True,auto_labeled
4250947543214,1,makeup,mascara,True,auto_labeled
0192333164587,1,makeup,mascara,True,auto_labeled
3605972252005,1,makeup,setting spray,True,auto_labeled
0800897266004,1,makeup,primer,True,auto_labeled
4059729277114,1,makeup,concealer,True,auto_labeled
4059729490681,2,skincare,essence,True,auto_labeled
4059729376282,1,makeup,primer,True,auto_labeled
4250947544686,1,makeup,concealer,True,auto_labeled
0800897257576,1,makeup,blush,True,auto_labeled
4059729445377,1,skincare,lip balm,True,auto_labeled
4059729445551,1,skincare,lip balm,True,auto_labeled
0810171577481,1,skincare,deodorant,True,auto_labeled
4250035200715,1,skincare,essence,True,auto_labeled
4250587771855,2,makeup,eyebrow,True,auto_labeled
3574661724966,1,makeup,cleansing wipe,True,auto_labeled
8436551470184,1,skincare,body lotion,True,auto_labeled
5901742000806,1,haircare,shampoo,True,auto_labeled
4067796182101,1,haircare,shampoo,True,auto_labeled
4066447711448,1,haircare,shampoo,True,auto_labeled
9556258002767,1,haircare,shampoo,True,auto_labeled
9557892104480,1,haircare,shampoo,True,auto_labeled
7804920005816,2,haircare,shampoo,True,auto_labeled
2000063559758,1,haircare,shampoo,True,auto_labeled
2000063559574,1,haircare,shampoo,True,auto_labeled
4897110032016,1,haircare,shampoo,True,auto_labeled
4897110031989,1,haircare,shampoo,True,auto_labeled
4897077947583,1,haircare,shampoo,True,auto_labeled
8720254710556,1,haircare,shampoo,True,auto_labeled
8720254710594,1,haircare,shampoo,True,auto_labeled
4511413524039,1,haircare,shampoo,True,auto_labeled
4987046700322,1,haircare,shampoo,True,auto_labeled
7896150023616,1,haircare,shampoo,True,auto_labeled
3574661470573,1,haircare,shampoo,True,auto_labeled
3574669907965,1,haircare,shampoo,True,auto_labeled
4800888156280,1,haircare,shampoo,True,auto_labeled
8999999612344,1,haircare,shampoo,True,auto_labeled
4061461122843,1,haircare,shampoo,True,auto_labeled
6223005992376,3,skincare,sunscreen,True,auto_labeled
3499320018265,1,skincare,cleanser,True,auto_labeled
5020465202578,1,skincare,cleanser,True,auto_labeled
2000053629126,1,haircare,shampoo,True,auto_labeled
29939381,1,skincare,body wash,True,auto_labeled
3337875549622,1,skincare,cleanser,True,auto_labeled
3606000552876,1,skincare,face wash,True,auto_labeled
3337875945790,1,skincare,sunscreen,True,auto_labeled
3337875945660,1,skincare,sunscreen,True,auto_labeled
3337875904353,1,skincare,serum,True,auto_labeled
3606000608382,1,skincare,cleanser,True,auto_labeled
3337875945820,1,skincare,sunscreen,True,auto_labeled
3606000619838,1,skincare,eye cream,True,auto_labeled
0371782005454,1,haircare,shampoo,True,auto_labeled
8720181079160,1,skincare,body wash,True,auto_labeled
0708002405778,1,skincare,body wash,True,auto_labeled
8961014249033,1,skincare,face wash,True,auto_labeled
4088600292526,1,skincare,body wash,True,auto_labeled
0077043002117,1,skincare,body wash,True,auto_labeled
8720181462962,1,skincare,body wash,True,auto_labeled
7290107421348,1,skincare,body wash,True,auto_labeled
8961014263060,1,skincare,face wash,True,auto_labeled
8906064451012,1,skincare,face wash,True,auto_labeled
0708002401671,1,skincare,body wash,True,auto_labeled
8002340017542,3,skincare,deodorant,True,auto_labeled
0817939018569,1,skincare,body wash,True,auto_labeled
4800888139672,1,skincare,toner,True,auto_labeled
8717163762066,1,skincare,body wash,True,auto_labeled
0708002400377,1,skincare,body wash,True,auto_labeled
8710919103212,1,skincare,deodorant,True,auto_labeled
8800280695840,1,skincare,booster,True,auto_labeled
3574661823065,1,skincare,lait corps,True,auto_labeled
8800375070019,1,skincare,serum,True,auto_labeled
8800312062824,1,skincare,toner,True,auto_labeled
0840797128507,1,haircare,shampoo,True,auto_labeled
6976068950738,1,makeup,concealer,True,auto_labeled
9347774002450,1,skincare,bar soap,True,auto_labeled
3800200962606,1,skincare,shower gel,True,auto_labeled
3616305449986,1,skincare,shower gel,True,auto_labeled
4066447972504,1,haircare,shampoo,True,auto_labeled
4066447384116,1,haircare,shampoo,True,auto_labeled
4066447365689,1,makeup,gloss,True,auto_labeled
4066447467932,1,haircare,shampoo,True,auto_labeled
2000000161108,1,skincare,sunscreen,True,auto_labeled
5902357008683,1,skincare,liquid soap,True,auto_labeled
8901030846212,1,skincare,body wash,True,auto_labeled
4067796195477,1,makeup,blush,True,auto_labeled
8006540895832,1,skincare,gel douche,True,auto_labeled
0850048197183,1,haircare,shampoo,True,auto_labeled
0049056102016,1,haircare,shampoo,True,auto_labeled
0603084491551,1,haircare,shampoo,True,auto_labeled
0017000169859,1,skincare,hand soap,True,auto_labeled
0667659413713,1,skincare,hand soap,True,auto_labeled
5011451602045,1,makeup,cleansing wipe,True,auto_labeled
0850042058794,1,skincare,deodorant,True,auto_labeled
8700216158459,1,haircare,shampoo,True,auto_labeled
8021694330374,1,haircare,shampoo,True,auto_labeled
4740060011085,1,skincare,hand soap,True,auto_labeled
6009523601811,1,haircare,shampoo,True,auto_labeled
0811346020269,1,skincare,body wash,True,auto_labeled
0811346020313,1,skincare,face wash,True,auto_labeled
1230000304061,1,skincare,serum,True,auto_labeled
0190679010445,1,haircare,shampoo,True,auto_labeled
0079625013115,1,haircare,shampoo,True,auto_labeled
0086449300031,1,skincare,deodorant,True,auto_labeled
0812154036923,1,skincare,body wash,True,auto_labeled
0041507051614,1,skincare,cleanser,True,auto_labeled
8800289474897,1,skincare,toner,True,auto_labeled
3600541978034,1,haircare,shampoo,True,auto_labeled
3600524149864,1,haircare,conditioner,True,auto_labeled
3600524142599,1,haircare,conditioner,True,auto_labeled
3606000577213,1,skincare,cleanser,True,auto_labeled
8904417314755,2,skincare,face wash,True,auto_labeled
4064666036908,2,haircare,conditioner,True,auto_labeled
3760162124767,1,skincare,gel douche,True,auto_labeled
3245678709122,2,skincare,nettoyant,True,auto_labeled
3245678709078,4,skincare,nettoyant,True,auto_labeled
80006657,1,skincare,deodorant,True,auto_labeled
4052917068440,1,skincare,nettoyant,True,auto_labeled
3373361000123,1,skincare,savon,True,auto_labeled
8901030994777,1,skincare,serum,True,auto_labeled
0815402023119,1,haircare,conditioner,True,auto_labeled
8809820696545,1,skincare,cleanser,True,auto_labeled
0381519493379,1,haircare,shampoo,True,auto_labeled
0810095594625,1,skincare,deodorant,True,auto_labeled
0843536107160,1,skincare,body wash,True,auto_labeled
0062600621757,2,skincare,serum,True,auto_labeled
6294019000166,1,skincare,shower gel,True,auto_labeled
4006000017396,1,skincare,serum,True,auto_labeled
3560070885190,9,haircare,laque,True,auto_labeled
3515777495302,1,haircare,laque,True,auto_labeled
3596710555956,1,haircare,laque,True,auto_labeled
0009531113265,1,haircare,shampoo,True,auto_labeled
3600523749188,1,haircare,hair oil,True,auto_labeled
3245678703892,1,skincare,lait corps,True,auto_labeled
3560071186357,1,haircare,gel coiffant,True,auto_labeled
8033148530414,1,skincare,cleanser,True,auto_labeled
14082337,1,skincare,gel douche,True,auto_labeled
3596710567997,1,skincare,gel douche,True,auto_labeled
4056489649373,1,haircare,dandruff,True,auto_labeled
0846733030125,1,makeup,concealer,True,auto_labeled
0192608259536,1,makeup,concealer,True,auto_labeled
0030772251782,1,skincare,body lotion,True,auto_labeled
3430750037303,1,skincare,savon,True,auto_labeled
0840074307625,1,skincare,body wash,True,auto_labeled
4058172178313,1,makeup,mascara,True,auto_labeled
4068134104335,1,makeup,mascara,True,auto_labeled
